,,,,,,,,,,,,,,,,,,,,,,,,,,,,,,,,,,,,,,,,,,,,,,,,
,,,, ,,,,,,,,,,,,,,,,,,,,,,,,,,,,,,,,,,,,,,,,,,,,
,Resultado dos Leilões de Energia Elétrica - Resumo Vendedor,,,,,,,,,,,,,,,,,,,,,,,,,,,,,,,,,,,,,,,,,,,,,,,
,,,,,,,,,,,,,,,,,,,,,,,,,,,,,,,,,,,,,,,,,,,,,,,,
,"Importante: O conteúdo desta publicação foi produzido pela CCEE com base em dados e informações de conhecimento público. É de responsabilidade exclusiva dos agentes e demais interessados a obtenção de outros dados e informações, a realização de análises, estudos e avaliações para fins de tomada de decisões, definição de estratégias de atuação, assunção de compromissos e obrigações e quaisquer outras finalidades, em qualquer tempo e sob qualquer condição. É proibida a reprodução ou utilização total ou parcial do presente sem a identificação da fonte. ",,,,,,,,,,,,,,,,,,,,,,,,,,,,,,,,,,,,,,,,,,,,,,,
,,Colunas referentes aos resultados originais dos leilões.,,,,,,,,,,,,,,,,,,,,,,,,,,,,,,,,,,,,,,,,,,,,,,
,,"Colunas referentes às informações passíveis de alteração ou atualização, conforme regulamentação, que podem ser diferentes dos resultados originais dos leilões.",,,,,,,,,,,,,,,,,,,,,,,,,,,,,,,,,,,,,,,,,,,,,,
,#REF!,,,#REF!,,,,,,,,,,,,,,,,,,,,,,,,,,,,,,,,,,,,,,,,,,,,
,"OBS.: NÃO UTILIZAR OS DADOS ANTES DE VERIFICAR A COLUNA ""SITUAÇÃO"" E AS PLANILHAS ""GLOSSÁRIO"" E ""NOTAS EXPLICATIVAS"".",,,,,,,,,,,,,,,,,,,,,,,,,,,,,,,,,,,,,,,,,,,,,,,
,ID Resultado Vendedor,Ano do Leilão,Tipo Leilão,Leilão,Denominação do Leilão,Edital do Leilão ANEEL,Sigla Vendedor,CNPJ,Produto,CEG,Nome da Usina,Situação,UF,Fonte,Rio/Combustível,Submercado,Investimento na Data do Leilão (R$),Investimento Atualizado (R$),"Potência
(MW)",Potência Injetada (MW),Disponibilidade de Potência (MW),"Potência C.C
(MWp)","Garantia Física
(MW médio)",Fator Lote,"Lotes
Contratados
no ano A","Lotes
Contratados
no ano A+1","Lotes
Contratados
nos demais anos","Energia
Contratada no ano A
(MW médio)","Energia
Contratada no ano A+1
(MW médio)","Energia
Contratada no ano A+2
(MW médio)","Energia
Contratada no ano A+3
(MW médio)","Energia Contratada 
nos demais anos
(MW médio)","Total de energia contratada
(MWh)","Preço de
Venda na Data do Leilão
(R$/MWh)",Unidade de Preço,"ICE
(R$/MWh)","CVU
(R$/MWh)",Montante Financeiro Data Leilão (R$),"Preço de
Venda Atualizado
(R$/MWh)",Montante Financeiro Atualizado (R$),"Receita Fixa
no ano A
(R$/ano)","Receita Fixa
no ano A+1
(R$/ano)","Receita Fixa 
nos demais anos
(R$/ano)",Início Suprimento,Fim Suprimento,Entrega Escalonada,IPCA na Data do leilão,IPCA do mês anterior
,1,2004,LEE,01ºLEE,Leilão de Energia Existente,001/2004,ELETRONORTE,00.357.038/0001-16,2007-08,-,-,Sem Pendências,-,-,-,N,0.00,#REF!,0.000,,,0.000,0.000,1.0,550,550,550,550.000,550.000,550.000,550.000,550.000,"38,570,400.000",77.00,R$/MWh,0.00,0.00,"2,969,920,800.00",#REF!,#REF!,0.00,0.00,0.00,1/1/2007,12/31/2014,Não,"2,378.47",#REF!
,2,2004,LEE,01ºLEE,Leilão de Energia Existente,001/2004,EMAE,02.302.101/0001-42,2006-08,-,-,Sem Pendências,-,-,-,SE,0.00,#REF!,0.000,,,0.000,0.000,1.0,33,33,33,33.000,33.000,33.000,33.000,33.000,"2,314,224.000",69.21,R$/MWh,0.00,0.00,"160,167,443.04",#REF!,#REF!,0.00,0.00,0.00,1/1/2006,12/31/2013,Não,"2,378.47",#REF!
,3,2004,LEE,01ºLEE,Leilão de Energia Existente,001/2004,ENERGEST,04.029.601/0001-88,2006-08,-,-,Sem Pendências,-,-,-,SE,0.00,#REF!,0.000,,,0.000,0.000,1.0,27,27,27,27.000,27.000,27.000,27.000,27.000,"1,893,456.000",64.00,R$/MWh,0.00,0.00,"121,181,184.00",#REF!,#REF!,0.00,0.00,0.00,1/1/2006,12/31/2013,Não,"2,378.47",#REF!
,4,2004,LEE,01ºLEE,Leilão de Energia Existente,001/2004,ELETRONORTE,00.357.038/0001-16,2006-08,-,-,Sem Pendências,-,-,-,N,0.00,#REF!,0.000,,,0.000,0.000,1.0,328,328,328,328.000,328.000,328.000,328.000,328.000,"23,001,984.000",63.90,R$/MWh,0.00,0.00,"1,469,826,777.60",#REF!,#REF!,0.00,0.00,0.00,1/1/2006,12/31/2013,Não,"2,378.47",#REF!
,5,2004,LEE,01ºLEE,Leilão de Energia Existente,001/2004,FURNAS,23.274.194/0001-19,2006-08,-,-,Sem Pendências,-,-,-,SE,0.00,#REF!,0.000,,,0.000,0.000,1.0,"2,350","2,350","2,350","2,350.110","2,350.110","2,350.110","2,350.110","2,350.110","164,808,514.080",69.58,R$/MWh,0.00,0.00,"11,467,376,409.69",#REF!,#REF!,0.00,0.00,0.00,1/1/2006,12/31/2013,Não,"2,378.47",#REF!
,6,2004,LEE,01ºLEE,Leilão de Energia Existente,001/2004,FURNAS,23.274.194/0001-19,2006-08,-,-,Sem Pendências,-,-,-,S,0.00,#REF!,0.000,,,0.000,0.000,1.0,177,177,177,176.890,176.890,176.890,176.890,176.890,"12,404,941.920",69.58,R$/MWh,0.00,0.00,"863,135,858.81",#REF!,#REF!,0.00,0.00,0.00,1/1/2006,12/31/2013,Não,"2,378.47",#REF!
,7,2004,LEE,01ºLEE,Leilão de Energia Existente,001/2004,COPEL GET,04.370.282/0001-70,2006-08,-,-,Sem Pendências,-,-,-,S,0.00,#REF!,0.000,,,0.000,0.000,1.0,368,368,368,368.000,368.000,368.000,368.000,368.000,"25,807,104.000",67.62,R$/MWh,0.00,0.00,"1,745,076,372.48",#REF!,#REF!,0.00,0.00,0.00,1/1/2006,12/31/2013,Não,"2,378.47",#REF!
,8,2004,LEE,01ºLEE,Leilão de Energia Existente,001/2004,RIO PARANAPAN,02.998.301/0001-81,2006-08,-,-,Sem Pendências,-,-,-,SE,0.00,#REF!,0.000,,,0.000,0.000,1.0,58,58,58,58.000,58.000,58.000,58.000,58.000,"4,067,424.000",69.98,R$/MWh,0.00,0.00,"284,638,331.52",#REF!,#REF!,0.00,0.00,0.00,1/1/2006,12/31/2013,Não,"2,378.47",#REF!
,9,2004,LEE,01ºLEE,Leilão de Energia Existente,001/2004,CHESF,33.541.368/0001-16,2006-08,-,-,Sem Pendências,-,-,-,NE,0.00,#REF!,0.000,,,0.000,0.000,1.0,"1,054","1,054","1,054","1,054.000","1,054.000","1,054.000","1,054.000","1,054.000","73,914,912.000",60.35,R$/MWh,0.00,0.00,"4,460,764,939.20",#REF!,#REF!,0.00,0.00,0.00,1/1/2006,12/31/2013,Não,"2,378.47",#REF!
,10,2004,LEE,01ºLEE,Leilão de Energia Existente,001/2004,COPEL GET,04.370.282/0001-70,2007-08,-,-,Sem Pendências,-,-,-,S,0.00,#REF!,0.000,,,0.000,0.000,1.0,81,81,81,81.000,81.000,81.000,81.000,81.000,"5,680,368.000",75.44,R$/MWh,0.00,0.00,"428,526,961.92",#REF!,#REF!,0.00,0.00,0.00,1/1/2007,12/31/2014,Não,"2,378.47",#REF!
,11,2004,LEE,01ºLEE,Leilão de Energia Existente,001/2004,RIO PARANAPAN,02.998.301/0001-81,2007-08,-,-,Sem Pendências,-,-,-,SE,0.00,#REF!,0.000,,,0.000,0.000,1.0,218,218,218,218.000,218.000,218.000,218.000,218.000,"15,287,904.000",75.98,R$/MWh,0.00,0.00,"1,161,574,945.92",#REF!,#REF!,0.00,0.00,0.00,1/1/2007,12/31/2014,Não,"2,378.47",#REF!
,12,2004,LEE,01ºLEE,Leilão de Energia Existente,001/2004,CHESF,33.541.368/0001-16,2007-08,-,-,Sem Pendências,-,-,-,NE,0.00,#REF!,0.000,,,0.000,0.000,1.0,138,138,138,138.000,138.000,138.000,138.000,138.000,"9,677,664.000",66.05,R$/MWh,0.00,0.00,"639,209,707.20",#REF!,#REF!,0.00,0.00,0.00,1/1/2007,12/31/2014,Não,"2,378.47",#REF!
,13,2004,LEE,01ºLEE,Leilão de Energia Existente,001/2004,CEEE,92.715.812/0001-31,2005-08,-,-,Sem Pendências,-,-,-,S,0.00,#REF!,0.000,,,0.000,0.000,1.0,260,260,260,260.000,260.000,260.000,260.000,260.000,"18,233,280.000",57.47,R$/MWh,0.00,0.00,"1,047,866,601.60",#REF!,#REF!,0.00,0.00,0.00,1/1/2005,12/31/2012,Não,"2,378.47",#REF!
,14,2004,LEE,01ºLEE,Leilão de Energia Existente,001/2004,LIGHT,01.917.818/0001-36,2006-08,-,-,Sem Pendências,-,-,-,SE,0.00,#REF!,0.000,,,0.000,0.000,1.0,130,130,130,130.000,130.000,130.000,130.000,130.000,"9,116,640.000",61.12,R$/MWh,0.00,0.00,"557,209,036.80",#REF!,#REF!,0.00,0.00,0.00,1/1/2006,12/31/2013,Não,"2,378.47",#REF!
,15,2004,LEE,01ºLEE,Leilão de Energia Existente,001/2004,CESP,60.933.603/0001-78,2007-08,-,-,Sem Pendências,-,-,-,SE,0.00,#REF!,0.000,,,0.000,0.000,1.0,20,20,20,20.000,20.000,20.000,20.000,20.000,"1,402,560.000",77.70,R$/MWh,0.00,0.00,"108,978,912.00",#REF!,#REF!,0.00,0.00,0.00,1/1/2007,12/31/2014,Não,"2,378.47",#REF!
,16,2004,LEE,01ºLEE,Leilão de Energia Existente,001/2004,ELETRONORTE,00.357.038/0001-16,2005-08,-,-,Sem Pendências,-,-,-,N,0.00,#REF!,0.000,,,0.000,0.000,1.0,672,672,672,672.000,672.000,672.000,672.000,672.000,"47,126,016.000",56.00,R$/MWh,0.00,0.00,"2,639,056,896.00",#REF!,#REF!,0.00,0.00,0.00,1/1/2005,12/31/2012,Não,"2,378.47",#REF!
,17,2004,LEE,01ºLEE,Leilão de Energia Existente,001/2004,RIO PARANAPAN,02.998.301/0001-81,2005-08,-,-,Sem Pendências,-,-,-,SE,0.00,#REF!,0.000,,,0.000,0.000,1.0,214,214,214,214.000,214.000,214.000,214.000,214.000,"15,007,392.000",59.98,R$/MWh,0.00,0.00,"900,143,372.16",#REF!,#REF!,0.00,0.00,0.00,1/1/2005,12/31/2012,Não,"2,378.47",#REF!
,18,2004,LEE,01ºLEE,Leilão de Energia Existente,001/2004,COPEL GET,04.370.282/0001-70,2005-08,-,-,Sem Pendências,-,-,-,S,0.00,#REF!,0.000,,,0.000,0.000,1.0,980,980,980,980.000,980.000,980.000,980.000,980.000,"68,725,440.000",57.50,R$/MWh,0.00,0.00,"3,951,712,800.00",#REF!,#REF!,0.00,0.00,0.00,1/1/2005,12/31/2012,Não,"2,378.47",#REF!
,19,2004,LEE,01ºLEE,Leilão de Energia Existente,001/2004,ENERGEST,04.029.601/0001-88,2005-08,-,-,Sem Pendências,-,-,-,SE,0.00,#REF!,0.000,,,0.000,0.000,1.0,87,87,87,87.000,87.000,87.000,87.000,87.000,"6,101,136.000",57.00,R$/MWh,0.00,0.00,"347,764,752.00",#REF!,#REF!,0.00,0.00,0.00,1/1/2005,12/31/2012,Não,"2,378.47",#REF!
,20,2004,LEE,01ºLEE,Leilão de Energia Existente,001/2004,EMAE,02.302.101/0001-42,2005-08,-,-,Sem Pendências,-,-,-,SE,0.00,#REF!,0.000,,,0.000,0.000,1.0,85,85,85,85.000,85.000,85.000,85.000,85.000,"5,960,880.000",60.84,R$/MWh,0.00,0.00,"362,659,939.20",#REF!,#REF!,0.00,0.00,0.00,1/1/2005,12/31/2012,Não,"2,378.47",#REF!
,21,2004,LEE,01ºLEE,Leilão de Energia Existente,001/2004,CESP,60.933.603/0001-78,2005-08,-,-,Sem Pendências,-,-,-,SE,0.00,#REF!,0.000,,,0.000,0.000,1.0,800,800,800,800.000,800.000,800.000,800.000,800.000,"56,102,400.000",62.10,R$/MWh,0.00,0.00,"3,483,959,040.00",#REF!,#REF!,0.00,0.00,0.00,1/1/2005,12/31/2012,Não,"2,378.47",#REF!
,22,2004,LEE,01ºLEE,Leilão de Energia Existente,001/2004,CHESF,33.541.368/0001-16,2005-08,-,-,Sem Pendências,-,-,-,NE,0.00,#REF!,0.000,,,0.000,0.000,1.0,"2,500","2,500","2,500","2,500.000","2,500.000","2,500.000","2,500.000","2,500.000","175,320,000.000",52.79,R$/MWh,0.00,0.00,"9,255,142,800.00",#REF!,#REF!,0.00,0.00,0.00,1/1/2005,12/31/2012,Não,"2,378.47",#REF!
,23,2004,LEE,01ºLEE,Leilão de Energia Existente,001/2004,CEMIG GERACAO,06.981.176/0001-58,2006-08,-,-,Sem Pendências,-,-,-,SE,0.00,#REF!,0.000,,,0.000,0.000,1.0,927,927,927,927.000,927.000,927.000,927.000,927.000,"65,008,656.000",69.58,R$/MWh,0.00,0.00,"4,523,302,284.48",#REF!,#REF!,0.00,0.00,0.00,1/1/2006,12/31/2013,Não,"2,378.47",#REF!
,24,2004,LEE,01ºLEE,Leilão de Energia Existente,001/2004,CEEE,92.715.812/0001-31,2006-08,-,-,Sem Pendências,-,-,-,S,0.00,#REF!,0.000,,,0.000,0.000,1.0,152,152,152,152.000,152.000,152.000,152.000,152.000,"10,659,456.000",67.87,R$/MWh,0.00,0.00,"723,457,278.72",#REF!,#REF!,0.00,0.00,0.00,1/1/2006,12/31/2013,Não,"2,378.47",#REF!
,25,2004,LEE,01ºLEE,Leilão de Energia Existente,001/2004,CESP,60.933.603/0001-78,2006-08,-,-,Sem Pendências,-,-,-,SE,0.00,#REF!,0.000,,,0.000,0.000,1.0,"1,178","1,178","1,178","1,178.000","1,178.000","1,178.000","1,178.000","1,178.000","82,610,784.000",68.37,R$/MWh,0.00,0.00,"5,648,099,302.08",#REF!,#REF!,0.00,0.00,0.00,1/1/2006,12/31/2013,Não,"2,378.47",#REF!
,26,2004,LEE,01ºLEE,Leilão de Energia Existente,001/2004,FURNAS,23.274.194/0001-19,2005-08,-,-,Sem Pendências,-,-,-,SE,0.00,#REF!,0.000,,,0.000,0.000,1.0,"2,861","2,861","2,861","2,860.680","2,860.680","2,860.680","2,860.680","2,860.680","200,613,767.040",60.94,R$/MWh,0.00,0.00,"12,225,402,963.42",#REF!,#REF!,0.00,0.00,0.00,1/1/2005,12/31/2012,Não,"2,378.47",#REF!
,27,2004,LEE,01ºLEE,Leilão de Energia Existente,001/2004,FURNAS,23.274.194/0001-19,2005-08,-,-,Sem Pendências,-,-,-,S,0.00,#REF!,0.000,,,0.000,0.000,1.0,215,215,215,215.320,215.320,215.320,215.320,215.320,"15,099,960.960",60.94,R$/MWh,0.00,0.00,"920,191,620.90",#REF!,#REF!,0.00,0.00,0.00,1/1/2005,12/31/2012,Não,"2,378.47",#REF!
,28,2004,LEE,01ºLEE,Leilão de Energia Existente,001/2004,LIGHT,01.917.818/0001-36,2005-08,-,-,Sem Pendências,-,-,-,SE,0.00,#REF!,0.000,,,0.000,0.000,1.0,380,380,380,380.000,380.000,380.000,380.000,380.000,"26,648,640.000",51.73,R$/MWh,0.00,0.00,"1,378,534,147.20",#REF!,#REF!,0.00,0.00,0.00,1/1/2005,12/31/2012,Não,"2,378.47",#REF!
,29,2004,LEE,01ºLEE,Leilão de Energia Existente,001/2004,FURNAS,23.274.194/0001-19,2007-08,-,-,Sem Pendências,-,-,-,S,0.00,#REF!,0.000,,,0.000,0.000,1.0,11,11,11,10.500,10.500,10.500,10.500,10.500,"736,344.000",77.70,R$/MWh,0.00,0.00,"57,213,928.80",#REF!,#REF!,0.00,0.00,0.00,1/1/2007,12/31/2014,Não,"2,378.47",#REF!
,30,2004,LEE,01ºLEE,Leilão de Energia Existente,001/2004,FURNAS,23.274.194/0001-19,2007-08,-,-,Sem Pendências,-,-,-,SE,0.00,#REF!,0.000,,,0.000,0.000,1.0,140,140,140,139.500,139.500,139.500,139.500,139.500,"9,782,856.000",77.70,R$/MWh,0.00,0.00,"760,127,911.20",#REF!,#REF!,0.00,0.00,0.00,1/1/2007,12/31/2014,Não,"2,378.47",#REF!
,31,2004,LEE,01ºLEE,Leilão de Energia Existente,001/2004,ENGIE BR GER,02.474.103/0001-19,2007-08,-,-,Sem Pendências,-,-,-,S,0.00,#REF!,0.000,,,0.000,0.000,1.0,10,10,10,10.000,10.000,10.000,10.000,10.000,"701,280.000",70.89,R$/MWh,0.00,0.00,"49,713,739.20",#REF!,#REF!,0.00,0.00,0.00,1/1/2007,12/31/2014,Não,"2,378.47",#REF!
,32,2004,LEE,01ºLEE,Leilão de Energia Existente,001/2004,EMAE,02.302.101/0001-42,2007-08,-,-,Sem Pendências,-,-,-,SE,0.00,#REF!,0.000,,,0.000,0.000,1.0,5,5,5,5.000,5.000,5.000,5.000,5.000,"350,640.000",75.75,R$/MWh,0.00,0.00,"26,560,980.00",#REF!,#REF!,0.00,0.00,0.00,1/1/2007,12/31/2014,Não,"2,378.47",#REF!
,33,2005,LEE,02ºLEE,Leilão de Energia Existente,001/2005,ELETRONORTE,00.357.038/0001-16,2008-08,-,-,Sem Pendências,-,-,-,N,0.00,#REF!,0.000,,,0.000,0.000,1.0,90,90,90,90.000,90.000,90.000,90.000,90.000,"6,311,520.000",83.47,R$/MWh,0.00,0.00,"526,822,574.40",#REF!,#REF!,0.00,0.00,0.00,1/1/2008,12/31/2015,Não,"2,441.87",#REF!
,34,2005,LEE,02ºLEE,Leilão de Energia Existente,001/2005,CELPA,04.895.728/0001-80,2008-08,-,-,Sem Pendências,-,-,-,N,0.00,#REF!,0.000,,,0.000,0.000,1.0,23,23,23,23.000,23.000,23.000,23.000,23.000,"1,612,944.000",83.50,R$/MWh,0.00,0.00,"134,680,824.00",#REF!,#REF!,0.00,0.00,0.00,1/1/2008,12/31/2015,Não,"2,441.87",#REF!
,35,2005,LEE,02ºLEE,Leilão de Energia Existente,001/2005,COPEL GET,04.370.282/0001-70,2008-08,-,-,Sem Pendências,-,-,-,S,0.00,#REF!,0.000,,,0.000,0.000,1.0,80,80,80,80.000,80.000,80.000,80.000,80.000,"5,610,240.000",82.32,R$/MWh,0.00,0.00,"461,834,956.80",#REF!,#REF!,0.00,0.00,0.00,1/1/2008,12/31/2015,Não,"2,441.87",#REF!
,36,2005,LEE,02ºLEE,Leilão de Energia Existente,001/2005,ENGIE BR COM,04.100.556/0001-00,2008-08,-,-,Sem Pendências,-,-,-,S,0.00,#REF!,0.000,,,0.000,0.000,1.0,150,150,150,150.000,150.000,150.000,150.000,150.000,"10,519,200.000",81.55,R$/MWh,0.00,0.00,"857,840,760.00",#REF!,#REF!,0.00,0.00,0.00,1/1/2008,12/31/2015,Não,"2,441.87",#REF!
,37,2005,LEE,02ºLEE,Leilão de Energia Existente,001/2005,ENERGEST,04.029.601/0001-88,2008-08,-,-,Sem Pendências,-,-,-,SE,0.00,#REF!,0.000,,,0.000,0.000,1.0,20,20,20,20.000,20.000,20.000,20.000,20.000,"1,402,560.000",78.50,R$/MWh,0.00,0.00,"110,100,960.00",#REF!,#REF!,0.00,0.00,0.00,1/1/2008,12/31/2015,Não,"2,441.87",#REF!
,38,2005,LEE,02ºLEE,Leilão de Energia Existente,001/2005,CEMIG GERACAO,06.981.176/0001-58,2008-08,-,-,Sem Pendências,-,-,-,SE,0.00,#REF!,0.000,,,0.000,0.000,1.0,105,105,105,105.000,105.000,105.000,105.000,105.000,"7,363,440.000",83.50,R$/MWh,0.00,0.00,"614,847,240.00",#REF!,#REF!,0.00,0.00,0.00,1/1/2008,12/31/2015,Não,"2,441.87",#REF!
,39,2005,LEE,02ºLEE,Leilão de Energia Existente,001/2005,CESP,60.933.603/0001-78,2008-08,-,-,Sem Pendências,-,-,-,SE,0.00,#REF!,0.000,,,0.000,0.000,1.0,170,170,170,170.000,170.000,170.000,170.000,170.000,"11,921,760.000",83.50,R$/MWh,0.00,0.00,"995,466,960.00",#REF!,#REF!,0.00,0.00,0.00,1/1/2008,12/31/2015,Não,"2,441.87",#REF!
,40,2005,LEE,02ºLEE,Leilão de Energia Existente,001/2005,CDSA,01.672.223/0001-68,2008-08,-,-,Sem Pendências,-,-,-,SE,0.00,#REF!,0.000,,,0.000,0.000,1.0,133,133,133,133.000,133.000,133.000,133.000,133.000,"9,327,024.000",83.48,R$/MWh,0.00,0.00,"778,619,963.52",#REF!,#REF!,0.00,0.00,0.00,1/1/2008,12/31/2015,Não,"2,441.87",#REF!
,41,2005,LEE,02ºLEE,Leilão de Energia Existente,001/2005,CHESF,33.541.368/0001-16,2008-08,-,-,Sem Pendências,-,-,-,NE,0.00,#REF!,0.000,,,0.000,0.000,1.0,450,450,450,450.000,450.000,450.000,450.000,450.000,"31,557,600.000",83.50,R$/MWh,0.00,0.00,"2,635,059,600.00",#REF!,#REF!,0.00,0.00,0.00,1/1/2008,12/31/2015,Não,"2,441.87",#REF!
,42,2005,LEE,02ºLEE,Leilão de Energia Existente,001/2005,CGTEE,02.016.507/0001-69,2008-08,-,-,Sem Pendências,-,-,-,S,0.00,#REF!,0.000,,,0.000,0.000,1.0,104,104,104,104.000,104.000,104.000,104.000,104.000,"7,293,312.000",83.50,R$/MWh,0.00,0.00,"608,991,552.00",#REF!,#REF!,0.00,0.00,0.00,1/1/2008,12/31/2015,Não,"2,441.87",#REF!
,43,2005,LEE,04ºLEE,Leilão de Energia Existente,003/2005,EMAE,02.302.101/0001-42,2009-08,-,-,Sem Pendências,-,-,-,SE,0.00,#REF!,0.000,,,0.000,0.000,1.0,3,3,3,3.000,3.000,3.000,3.000,3.000,"210,384.000",96.00,R$/MWh,0.00,0.00,"20,196,864.00",#REF!,#REF!,0.00,0.00,0.00,1/1/2009,12/31/2016,Não,"2,493.79",#REF!
,44,2005,LEE,04ºLEE,Leilão de Energia Existente,003/2005,FURNAS,23.274.194/0001-19,2009-08,-,-,Sem Pendências,-,-,-,SE,0.00,#REF!,0.000,,,0.000,0.000,1.0,281,281,281,281.000,281.000,281.000,281.000,281.000,"19,705,968.000",96.00,R$/MWh,0.00,0.00,"1,891,772,928.00",#REF!,#REF!,0.00,0.00,0.00,1/1/2009,12/31/2016,Não,"2,493.79",#REF!
,45,2005,LEE,04ºLEE,Leilão de Energia Existente,003/2005,COPEL GET,04.370.282/0001-70,2009-08,-,-,Sem Pendências,-,-,-,S,0.00,#REF!,0.000,,,0.000,0.000,1.0,245,245,245,245.000,245.000,245.000,245.000,245.000,"17,181,360.000",95.95,R$/MWh,0.00,0.00,"1,648,551,492.00",#REF!,#REF!,0.00,0.00,0.00,1/1/2009,12/31/2016,Não,"2,493.79",#REF!
,46,2005,LEE,04ºLEE,Leilão de Energia Existente,003/2005,CHESF,33.541.368/0001-16,2009-08,-,-,Sem Pendências,-,-,-,NE,0.00,#REF!,0.000,,,0.000,0.000,1.0,80,80,80,80.000,80.000,80.000,80.000,80.000,"5,610,240.000",96.00,R$/MWh,0.00,0.00,"538,583,040.00",#REF!,#REF!,0.00,0.00,0.00,1/1/2009,12/31/2016,Não,"2,493.79",#REF!
,47,2005,LEE,04ºLEE,Leilão de Energia Existente,003/2005,ENGIE BR GER,02.474.103/0001-19,2009-08,-,-,Sem Pendências,-,-,-,S,0.00,#REF!,0.000,,,0.000,0.000,1.0,191,191,191,191.000,191.000,191.000,191.000,191.000,"13,394,448.000",93.03,R$/MWh,0.00,0.00,"1,246,085,497.44",#REF!,#REF!,0.00,0.00,0.00,1/1/2009,12/31/2016,Não,"2,493.79",#REF!
,48,2005,LEE,04ºLEE,Leilão de Energia Existente,003/2005,ENGIE BR COM,04.100.556/0001-00,2009-08,-,-,Sem Pendências,-,-,-,S,0.00,#REF!,0.000,,,0.000,0.000,1.0,190,190,190,190.000,190.000,190.000,190.000,190.000,"13,324,320.000",94.96,R$/MWh,0.00,0.00,"1,265,277,427.20",#REF!,#REF!,0.00,0.00,0.00,1/1/2009,12/31/2016,Não,"2,493.79",#REF!
,49,2005,LEE,04ºLEE,Leilão de Energia Existente,003/2005,CGTEE,02.016.507/0001-69,2009-08,-,-,Sem Pendências,-,-,-,S,0.00,#REF!,0.000,,,0.000,0.000,1.0,35,35,35,35.000,35.000,35.000,35.000,35.000,"2,454,480.000",91.80,R$/MWh,0.00,0.00,"225,321,264.00",#REF!,#REF!,0.00,0.00,0.00,1/1/2009,12/31/2016,Não,"2,493.79",#REF!
,50,2005,LEE,04ºLEE,Leilão de Energia Existente,003/2005,CEEE,92.715.812/0001-31,2009-08,-,-,Sem Pendências,-,-,-,S,0.00,#REF!,0.000,,,0.000,0.000,1.0,9,9,9,9.000,9.000,9.000,9.000,9.000,"631,152.000",94.28,R$/MWh,0.00,0.00,"59,505,010.56",#REF!,#REF!,0.00,0.00,0.00,1/1/2009,12/31/2016,Não,"2,493.79",#REF!
,51,2005,LEE,04ºLEE,Leilão de Energia Existente,003/2005,CEB,04.232.314/0001-70,2009-08,-,-,Sem Pendências,-,-,-,SE,0.00,#REF!,0.000,,,0.000,0.000,1.0,12,12,12,12.000,12.000,12.000,12.000,12.000,"841,536.000",94.49,R$/MWh,0.00,0.00,"79,516,736.64",#REF!,#REF!,0.00,0.00,0.00,1/1/2009,12/31/2016,Não,"2,493.79",#REF!
,52,2005,LEE,03ºLEE,Leilão de Energia Existente,003/2005,EMAE,02.302.101/0001-42,2006-03,-,-,Sem Pendências,-,-,-,SE,0.00,#REF!,0.000,,,0.000,0.000,1.0,3,3,3,3.000,3.000,3.000,0.000,3.000,"78,912.000",63.24,R$/MWh,0.00,0.00,"4,990,394.88",#REF!,#REF!,0.00,0.00,0.00,1/1/2006,12/31/2008,Não,"2,493.79",#REF!
,53,2005,LEE,03ºLEE,Leilão de Energia Existente,003/2005,RIO PARANAPAN,02.998.301/0001-81,2006-03,-,-,Sem Pendências,-,-,-,SE,0.00,#REF!,0.000,,,0.000,0.000,1.0,66,66,66,66.000,66.000,66.000,0.000,66.000,"1,736,064.000",62.76,R$/MWh,0.00,0.00,"108,955,376.64",#REF!,#REF!,0.00,0.00,0.00,1/1/2006,12/31/2008,Não,"2,493.79",#REF!
,54,2005,LEE,03ºLEE,Leilão de Energia Existente,003/2005,CEEE,92.715.812/0001-31,2006-03,-,-,Sem Pendências,-,-,-,S,0.00,#REF!,0.000,,,0.000,0.000,1.0,9,9,9,9.000,9.000,9.000,0.000,9.000,"236,736.000",63.00,R$/MWh,0.00,0.00,"14,914,368.00",#REF!,#REF!,0.00,0.00,0.00,1/1/2006,12/31/2008,Não,"2,493.79",#REF!
,55,2005,LEE,03ºLEE,Leilão de Energia Existente,003/2005,LIGHT,01.917.818/0001-36,2006-03,-,-,Sem Pendências,-,-,-,SE,0.00,#REF!,0.000,,,0.000,0.000,1.0,12,12,12,12.000,12.000,12.000,0.000,12.000,"315,648.000",63.89,R$/MWh,0.00,0.00,"20,166,750.72",#REF!,#REF!,0.00,0.00,0.00,1/1/2006,12/31/2008,Não,"2,493.79",#REF!
,56,2005,LEE,03ºLEE,Leilão de Energia Existente,003/2005,CEB,03.682.014/0001-20,2006-03,-,-,Sem Pendências,-,-,-,SE,0.00,#REF!,0.000,,,0.000,0.000,1.0,12,12,12,12.000,12.000,12.000,0.000,12.000,"315,648.000",62.98,R$/MWh,0.00,0.00,"19,879,511.04",#REF!,#REF!,0.00,0.00,0.00,1/1/2006,12/31/2008,Não,"2,493.79",#REF!
,57,2005,LEE,04ºLEE,Leilão de Energia Existente,003/2005,CESP,60.933.603/0001-78,2009-08,-,-,Sem Pendências,-,-,-,SE,0.00,#REF!,0.000,,,0.000,0.000,1.0,120,120,120,120.000,120.000,120.000,120.000,120.000,"8,415,360.000",93.43,R$/MWh,0.00,0.00,"786,247,084.80",#REF!,#REF!,0.00,0.00,0.00,1/1/2009,12/31/2016,Não,"2,493.79",#REF!
,58,2005,LEN,01ºLEN,Leilão de Energia Nova,002/2005,ARUANÃ ENERGIA,08.435.796/0001-17,2009-T15,UTE.PE.GO.028654-0.01,XAVANTE ARUANÃ,Sem Pendências,GO,Óleo Combustível,Óleo Diesel,SE,0.00,#REF!,53.576,,,0.000,22.200,1.0,1,1,1,1.000,1.000,1.000,1.000,1.000,"131,472.000",139.00,R$/MWh,0.00,0.00,"18,274,608.00",#REF!,#REF!,"241,520.98","241,520.98","241,520.98",1/1/2009,12/31/2023,Não,"2,526.31",#REF!
,59,2005,LEN,01ºLEN,Leilão de Energia Nova,002/2005,ARUANÃ ENERGIA,08.435.796/0001-17,2008-T15,UTE.PE.GO.028654-0.01,XAVANTE ARUANÃ,Sem Pendências,GO,Óleo Combustível,Óleo Diesel,SE,0.00,#REF!,53.576,,,0.000,22.200,1.0,21,21,21,21.000,21.000,21.000,21.000,21.000,"2,761,416.000",139.00,R$/MWh,0.00,0.00,"383,836,824.00",#REF!,#REF!,"5,071,949.00","5,071,949.00","5,071,949.00",1/1/2008,12/31/2022,Não,"2,526.31",#REF!
,60,2005,LEN,01ºLEN,Leilão de Energia Nova,002/2005,ORTENG,07.783.055/0001-64,2009-H30,UHE.PH.MG.029457-8.01,UHE RETIRO BAIXO,Sem Pendências,MG,Hidrelétrica (UHE),-,SE,0.00,#REF!,82.000,,,0.000,38.500,1.0,36,36,36,36.000,36.000,36.000,36.000,36.000,"9,466,848.000",115.36,R$/MWh,0.00,0.00,"1,092,095,585.28",#REF!,#REF!,0.00,0.00,0.00,1/1/2009,12/31/2038,Não,"2,526.31",#REF!
,61,2005,LEN,01ºLEN,Leilão de Energia Nova,002/2005,FURNAS,23.274.194/0001-19,2010-H30,UHE.PH.MG.029454-3.01,UHE PAULISTAS/BATALHA,Sem Pendências,MG,Hidrelétrica (UHE),-,SE,0.00,#REF!,52.500,,,0.000,48.800,1.0,47,47,47,47.000,47.000,47.000,47.000,47.000,"12,359,496.000",114.70,R$/MWh,0.00,0.00,"1,417,634,191.20",#REF!,#REF!,0.00,0.00,0.00,1/1/2010,12/31/2039,Não,"2,526.31",#REF!
,62,2005,LEN,01ºLEN,Leilão de Energia Nova,002/2005,ELETROSUL,00.073.957/0001-68,2010-H30,UHE.PH.RS.029456-0.01,UHE PASSO SÃO JOÃO,Sem Pendências,RS,Hidrelétrica (UHE),-,S,0.00,#REF!,77.100,,,0.000,39.000,1.0,37,37,37,37.000,37.000,37.000,37.000,37.000,"9,729,816.000",113.22,R$/MWh,0.00,0.00,"1,101,609,767.52",#REF!,#REF!,0.00,0.00,0.00,1/1/2010,12/31/2039,Não,"2,526.31",#REF!
,63,2005,LEN,01ºLEN,Leilão de Energia Nova,002/2005,FURNAS,23.274.194/0001-19,2010-H30,UHE.PH.MG.029458-6.01,UHE SIMPLÍCIO,Sem Pendências,MG,Hidrelétrica (UHE),-,SE,0.00,#REF!,333.700,,,0.000,191.300,1.0,47,47,47,185.000,185.000,185.000,185.000,185.000,"48,649,080.000",115.88,R$/MWh,0.00,0.00,"5,637,455,390.40",#REF!,#REF!,0.00,0.00,0.00,1/1/2010,12/31/2039,Não,"2,526.31",#REF!
,64,2005,LEN,01ºLEN,Leilão de Energia Nova,002/2005,ALUSA,07.823.304/0001-06,2010-H30,UHE.PH.RS.029459-4.01,UHE SÃO JOSÉ,Sem Pendências,RS,Hidrelétrica (UHE),-,S,0.00,#REF!,51.000,,,0.000,30.400,1.0,30,30,30,30.000,30.000,30.000,30.000,30.000,"7,889,040.000",115.80,R$/MWh,0.00,0.00,"913,550,832.00",#REF!,#REF!,0.00,0.00,0.00,1/1/2010,12/31/2039,Não,"2,526.31",#REF!
,65,2005,LEN,01ºLEN,Leilão de Energia Nova,002/2005,CGTEE,02.016.507/0001-69,2010-T15,UTE.CM.RS.029767-4.01,UTE CANDIOTA III (FASE C DA USINA TERMELÉTRICA PRESIDENTE MÉDICI),Sem Pendências,RS,Carvão,Carvão,S,0.00,#REF!,350.000,,,0.000,303.500,1.0,292,292,292,292.000,292.000,292.000,292.000,292.000,"38,396,832.000",124.67,R$/MWh,0.00,0.00,"4,786,933,045.44",#REF!,#REF!,"331,250,639.99","331,250,639.99","331,250,639.99",1/1/2010,12/31/2024,Não,"2,526.31",#REF!
,66,2005,LEN,01ºLEN,Leilão de Energia Nova,002/2005,COSAN,07.362.852/0001-78,2009-T15,UTE.AI.SP.002903-3.01,RAFARD,Sem Pendências,SP,Biomassa,Bagaço de Cana de Açúcar,SE,0.00,#REF!,43.000,,,0.000,14.500,1.0,12,12,12,12.000,12.000,12.000,12.000,12.000,"1,577,664.000",137.17,R$/MWh,0.00,0.00,"216,408,170.88",#REF!,#REF!,"16,819,200.02","16,819,200.02","16,819,200.02",1/1/2009,12/31/2023,Não,"2,526.31",#REF!
,67,2005,LEN,01ºLEN,Leilão de Energia Nova,002/2005,CEB,03.682.014/0001-20,2008-H30,UHE.PH.MG.002176-8.01,QUEIMADO COTA CEB,Sem Pendências,MG,Hidrelétrica (UHE),-,SE,0.00,#REF!,105.000,,,0.000,10.200,1.0,9,9,9,9.000,9.000,9.000,9.000,9.000,"2,366,928.000",115.98,R$/MWh,0.00,0.00,"274,516,309.44",#REF!,#REF!,0.00,0.00,0.00,1/1/2008,12/31/2037,Não,"2,526.31",#REF!
,68,2005,LEN,01ºLEN,Leilão de Energia Nova,002/2005,UTE QUIRINOPÓLIS,44.209.336/0003-04,2008-T15,UTE.AI.GO.029268-0.01,QUIRINÓPOLIS,Sem Pendências,GO,Biomassa,Bagaço de Cana de Açúcar,SE,0.00,#REF!,40.000,,,0.000,11.600,1.0,6,6,6,6.000,6.000,6.000,6.000,6.000,"788,976.000",104.00,R$/MWh,0.00,0.00,"82,053,504.00",#REF!,#REF!,"6,684,757.76","6,684,757.76","6,684,757.76",1/1/2008,12/31/2022,Não,"2,526.31",#REF!
,69,2005,LEN,01ºLEN,Leilão de Energia Nova,002/2005,FURNAS,23.274.194/0001-19,2010-H30,UHE.PH.MG.029453-5.01,UHE BAGUARI COTA FURNAS,Sem Pendências,MG,Hidrelétrica (UHE),-,SE,0.00,#REF!,140.000,,,0.000,80.020,1.0,47,47,47,11.550,11.550,11.550,11.550,11.550,"3,037,280.026",115.68,R$/MWh,0.00,0.00,"351,352,553.41",#REF!,#REF!,0.00,0.00,0.00,1/1/2010,12/31/2039,Não,"2,526.31",#REF!
,70,2005,LEN,01ºLEN,Leilão de Energia Nova,002/2005,CEMIG GERACAO,06.981.176/0001-58,2010-H30,UHE.PH.MG.029453-5.01,UHE BAGUARI COTA CEMIG G,Sem Pendências,MG,Hidrelétrica (UHE),-,SE,0.00,#REF!,140.000,,,0.000,80.200,1.0,26,26,26,26.180,26.180,26.180,26.180,26.180,"6,884,501.767",115.68,R$/MWh,0.00,0.00,"796,399,164.41",#REF!,#REF!,0.00,0.00,0.00,1/1/2010,12/31/2039,Não,"2,526.31",#REF!
,71,2005,LEN,01ºLEN,Leilão de Energia Nova,002/2005,PETROBRAS PIE,33.000.167/0001-01,2009-T15,UTE.GN.MS.027975-7.01,TRÊS LAGOAS (EXPANSÃO),Sem Pendências,MS,Gás Natural,Gás Natural,SE,0.00,#REF!,350.000,,,0.000,335.800,1.0,127,127,127,127.000,127.000,127.000,127.000,127.000,"16,696,944.000",119.99,R$/MWh,0.00,0.00,"2,003,466,310.56",#REF!,#REF!,"56,938,773.62","56,938,773.62","56,938,773.62",1/1/2009,12/31/2023,Não,"2,526.31",#REF!
,72,2005,LEN,01ºLEN,Leilão de Energia Nova,002/2005,ALUSA,07.823.262/0001-03,2010-H30,UHE.PH.GO.029455-1.01,UHE FOZ DO RIO CLARO,Sem Pendências,GO,Hidrelétrica (UHE),-,SE,0.00,#REF!,68.400,,,0.000,41.000,1.0,39,39,39,39.000,39.000,39.000,39.000,39.000,"10,255,752.000",108.04,R$/MWh,0.00,0.00,"1,108,031,446.08",#REF!,#REF!,0.00,0.00,0.00,1/1/2010,12/31/2039,Não,"2,526.31",#REF!
,73,2005,LEN,01ºLEN,Leilão de Energia Nova,002/2005,NEOENERGIA,07.799.995/0001-41,2010-H30,UHE.PH.MG.029453-5.01,UHE BAGUARI COTA NEOENERGIA,Sem Pendências,MG,Hidrelétrica (UHE),-,SE,0.00,#REF!,140.000,,,0.000,80.020,1.0,39,39,39,39.270,39.270,39.270,39.270,39.270,"10,326,754.207",115.68,R$/MWh,0.00,0.00,"1,194,598,926.67",#REF!,#REF!,0.00,0.00,0.00,1/1/2010,12/31/2039,Não,"2,526.31",#REF!
,74,2005,LEN,01ºLEN,Leilão de Energia Nova,002/2005,TERMOCEARA,33.000.167/0001-01,2010-T15,UTE.GN.CE.028358-4.01,TERMOCEARÁ,Contrato Rescindido,CE,Gás Natural,Gás Natural,NE,0.00,#REF!,242.000,,,0.000,205.800,1.0,77,77,77,77.000,77.000,77.000,77.000,77.000,"10,125,192.000",124.66,R$/MWh,0.00,0.00,"1,262,206,434.72",#REF!,#REF!,"26,623,304.42","26,623,304.42","26,623,304.42",1/1/2010,12/31/2024,Não,"2,526.31",#REF!
,75,2005,LEN,01ºLEN,Leilão de Energia Nova,002/2005,TERMORIO,33.000.167/0001-01,2008-T15,UTE.GN.RJ.027888-2.01,TERMORIO,Sem Pendências,RJ,Gás Natural,Gás Natural,SE,0.00,#REF!,"1,058.300",,,0.000,986.600,1.0,352,352,352,352.000,352.000,352.000,352.000,352.000,"46,286,592.000",131.00,R$/MWh,0.00,0.00,"6,063,543,552.00",#REF!,#REF!,"199,842,931.22","199,842,931.22","199,842,931.22",1/1/2008,12/31/2022,Não,"2,526.31",#REF!
,76,2005,LEN,01ºLEN,Leilão de Energia Nova,002/2005,TERMOCEARA,33.000.167/0001-01,2009-T15,UTE.GN.CE.028358-4.01,TERMOCEARÁ,Contrato Rescindido,CE,Gás Natural,Gás Natural,NE,0.00,#REF!,242.000,,,0.000,205.800,1.0,64,64,64,64.000,64.000,64.000,64.000,64.000,"8,414,208.000",129.81,R$/MWh,0.00,0.00,"1,092,248,340.48",#REF!,#REF!,"25,015,757.81","25,015,757.81","25,015,757.81",1/1/2009,12/31/2023,Não,"2,526.31",#REF!
,77,2005,LEN,01ºLEN,Leilão de Energia Nova,002/2005,TERMORIO,33.000.167/0001-01,2010-T15,UTE.GN.RJ.027888-2.01,TERMORIO,Sem Pendências,RJ,Gás Natural,Gás Natural,SE,0.00,#REF!,"1,058.300",,,0.000,986.600,1.0,352,352,352,352.000,352.000,352.000,352.000,352.000,"46,286,592.000",119.99,R$/MWh,0.00,0.00,"5,553,928,174.08",#REF!,#REF!,"165,893,376.00","165,893,376.00","165,893,376.00",1/1/2010,12/31/2024,Não,"2,526.31",#REF!
,78,2005,LEN,01ºLEN,Leilão de Energia Nova,002/2005,ENGUIA GEN CE,04.735.629/0001-30,2008-T15,UTE.PE.CE.028530-7.01,CRATO,Contrato Rescindido,CE,Óleo Combustível,Óleo Diesel,NE,0.00,#REF!,13.120,,,0.000,7.900,1.0,7,7,7,7.000,7.000,7.000,7.000,7.000,"920,472.000",138.50,R$/MWh,0.00,0.00,"127,485,372.00",#REF!,#REF!,"2,057,276.97","2,057,276.97","2,057,276.97",1/1/2008,12/31/2022,Não,"2,526.31",#REF!
,79,2005,LEN,01ºLEN,Leilão de Energia Nova,002/2005,COSAN,07.362.852/0001-78,2009-T15,UTE.AI.SP.028221-9.01,COSTA PINTO,Sem Pendências,SP,Biomassa,Bagaço de Cana de Açúcar,SE,0.00,#REF!,65.500,,,0.000,22.000,1.0,12,12,12,19.000,19.000,19.000,19.000,19.000,"2,497,968.000",138.99,R$/MWh,0.00,0.00,"347,192,572.32",#REF!,#REF!,"26,929,609.19","26,929,609.19","26,929,609.19",1/1/2009,12/31/2023,Não,"2,526.31",#REF!
,80,2005,LEN,01ºLEN,Leilão de Energia Nova,002/2005,ENGEBRA,05.250.358/0001-96,2008-T15,UTE.PE.GO.028612-5.01,DAIA,Sem Pendências,GO,Óleo Combustível,Óleo Diesel,SE,0.00,#REF!,44.100,,,0.000,19.700,1.0,19,19,19,19.000,19.000,19.000,19.000,19.000,"2,498,424.000",137.74,R$/MWh,0.00,0.00,"344,132,921.76",#REF!,#REF!,"6,817,080.83","6,817,080.83","6,817,080.83",1/1/2008,12/31/2022,Não,"2,526.31",#REF!
,81,2005,LEN,01ºLEN,Leilão de Energia Nova,002/2005,CERAN,04.237.975/0001-99,2010-H30,UHE.PH.RS.000718-8.01,CASTRO ALVES,Sem Pendências,RS,Hidrelétrica (UHE),-,S,0.00,#REF!,130.000,,,0.000,64.000,1.0,13,13,13,13.000,13.000,13.000,13.000,13.000,"3,418,584.000",117.68,R$/MWh,0.00,0.00,"402,298,965.12",#REF!,#REF!,0.00,0.00,0.00,1/1/2010,12/31/2039,Não,"2,526.31",#REF!
,82,2005,LEN,01ºLEN,Leilão de Energia Nova,002/2005,ENGUIA GEN PI,04.735.623/0001-63,2008-T15,UTE.PE.PI.028537-4.01,CAMPO MAIOR,Contrato Rescindido,PI,Óleo Combustível,Óleo Diesel,NE,0.00,#REF!,13.120,,,0.000,7.900,1.0,7,7,7,7.000,7.000,7.000,7.000,7.000,"920,472.000",138.50,R$/MWh,0.00,0.00,"127,485,372.00",#REF!,#REF!,"2,057,276.97","2,057,276.97","2,057,276.97",1/1/2008,12/31/2022,Não,"2,526.31",#REF!
,83,2005,LEN,01ºLEN,Leilão de Energia Nova,002/2005,ENGUIA GEN CE,04.735.629/0001-30,2008-T15,UTE.PE.CE.028528-5.01,CAUCAIA,Contrato Rescindido,CE,Óleo Combustível,Óleo Diesel,NE,0.00,#REF!,14.760,,,0.000,8.500,1.0,7,7,7,8.000,8.000,8.000,8.000,8.000,"1,051,968.000",138.50,R$/MWh,0.00,0.00,"145,697,568.00",#REF!,#REF!,"2,735,517.99","2,735,517.99","2,735,517.99",1/1/2008,12/31/2022,Não,"2,526.31",#REF!
,84,2005,LEN,01ºLEN,Leilão de Energia Nova,002/2005,SANTISTA,33.000.167/0001-01,2010-T15,UTE.GN.SP.028014-3.01,CUBATÃO,Sem Pendências,SP,Gás Natural,Gás Natural,SE,0.00,#REF!,249.900,,,0.000,205.600,1.0,141,141,141,141.000,141.000,141.000,141.000,141.000,"18,540,936.000",118.90,R$/MWh,0.00,0.00,"2,204,517,290.40",#REF!,#REF!,"85,411,314.01","85,411,314.01","85,411,314.01",1/1/2010,12/31/2024,Não,"2,526.31",#REF!
,85,2005,LEN,01ºLEN,Leilão de Energia Nova,002/2005,UTE COCAL,04.813.138/0001-60,2009-T15,UTE.AI.SP.027974-9.01,COCAL,Sem Pendências,SP,Biomassa,Bagaço de Cana de Açúcar,SE,0.00,#REF!,28.200,,,0.000,19.300,1.0,9,9,9,9.000,9.000,9.000,9.000,9.000,"1,183,248.000",129.87,R$/MWh,0.00,0.00,"153,668,417.76",#REF!,#REF!,"4,810,500.02","4,810,500.02","4,810,500.02",1/1/2009,12/31/2023,Não,"2,526.31",#REF!
,86,2005,LEN,01ºLEN,Leilão de Energia Nova,002/2005,SFE,33.000.167/0001-01,2009-T15,UTE.GN.RJ.027952-8.01,ELETROBOLT,Sem Pendências,RJ,Gás Natural,Gás Natural,SE,0.00,#REF!,379.000,,,0.000,343.000,1.0,278,278,278,278.000,278.000,278.000,278.000,278.000,"36,549,216.000",129.80,R$/MWh,0.00,0.00,"4,744,088,236.80",#REF!,#REF!,"128,923,723.22","128,923,723.22","128,923,723.22",1/1/2009,12/31/2023,Não,"2,526.31",#REF!
,87,2005,LEN,01ºLEN,Leilão de Energia Nova,002/2005,UTE COCAL,04.813.138/0001-60,2008-T15,UTE.AI.SP.027974-9.01,COCAL,Sem Pendências,SP,Biomassa,Bagaço de Cana de Açúcar,SE,0.00,#REF!,28.200,,,0.000,19.300,1.0,10,10,10,10.000,10.000,10.000,10.000,10.000,"1,314,960.000",115.19,R$/MWh,0.00,0.00,"151,470,242.40",#REF!,#REF!,"4,058,999.96","4,058,999.96","4,058,999.96",1/1/2008,12/31/2022,Não,"2,526.31",#REF!
,88,2005,LEN,01ºLEN,Leilão de Energia Nova,002/2005,ENGUIA GEN CE,04.735.629/0001-30,2008-T15,UTE.PE.CE.028533-1.01,PECEM,Contrato Rescindido,CE,Óleo Combustível,Óleo Diesel,NE,0.00,#REF!,14.760,,,0.000,8.500,1.0,7,7,7,8.000,8.000,8.000,8.000,8.000,"1,051,968.000",138.50,R$/MWh,0.00,0.00,"145,697,568.00",#REF!,#REF!,"2,735,517.99","2,735,517.99","2,735,517.99",1/1/2008,12/31/2022,Não,"2,526.31",#REF!
,89,2005,LEN,01ºLEN,Leilão de Energia Nova,002/2005,EMAE,02.302.101/0001-42,2008-H30,UHE.PH.SP.002123-7.01,PORTO GÓES,Contrato Rescindido,SP,Hidrelétrica (UHE),-,SE,0.00,#REF!,24.800,,,0.000,19.900,1.0,1,1,1,1.000,1.000,1.000,1.000,1.000,"262,992.000",116.00,R$/MWh,0.00,0.00,"30,507,072.00",#REF!,#REF!,0.00,0.00,0.00,1/1/2008,12/31/2037,Não,"2,526.31",#REF!
,90,2005,LEN,01ºLEN,Leilão de Energia Nova,002/2005,PIE-RP TERMELÉTRICA,04.810.290/0001-90,2008-T15,UTE.FL.SP.028592-7.01,PIE - RP,Contrato Rescindido,SP,Biomassa,Bagaço de Cana de Açúcar,SE,0.00,#REF!,27.800,,,0.000,19.100,1.0,9,9,9,9.000,9.000,9.000,9.000,9.000,"1,183,464.000",115.18,R$/MWh,0.00,0.00,"136,311,383.52",#REF!,#REF!,"3,685,500.01","3,685,500.01","3,685,500.01",1/1/2008,12/31/2022,Não,"2,526.31",#REF!
,91,2005,LEN,01ºLEN,Leilão de Energia Nova,002/2005,ENGUIA GEN PI,04.735.623/0001-63,2008-T15,UTE.PE.PI.028536-6.01,NAZÁRIA,Contrato Rescindido,PI,Óleo Combustível,Óleo Diesel,NE,0.00,#REF!,13.120,,,0.000,7.900,1.0,7,7,7,7.000,7.000,7.000,7.000,7.000,"920,472.000",138.50,R$/MWh,0.00,0.00,"127,485,372.00",#REF!,#REF!,"2,057,276.97","2,057,276.97","2,057,276.97",1/1/2008,12/31/2022,Não,"2,526.31",#REF!
,92,2005,LEN,01ºLEN,Leilão de Energia Nova,002/2005,PERFORMANCE,07.836.421/0001-04,2010-H30,PCH.PH.GO.029066-1.01,NOVA AURORA,Sem Pendências,GO,Hidrelétrica (PCH),-,SE,0.00,#REF!,21.000,,,0.000,12.400,1.0,12,12,12,12.000,12.000,12.000,12.000,12.000,"3,155,616.000",99.95,R$/MWh,0.00,0.00,"315,403,819.20",#REF!,#REF!,0.00,0.00,0.00,1/1/2010,12/31/2039,Não,"2,526.31",#REF!
,93,2005,LEN,01ºLEN,Leilão de Energia Nova,002/2005,CERAN,04.237.975/0001-99,2010-H30,UHE.PH.RS.027968-4.01,MONTE CLARO,Sem Pendências,RS,Hidrelétrica (UHE),-,S,0.00,#REF!,130.000,,,0.000,59.000,1.0,13,13,13,12.000,12.000,12.000,12.000,12.000,"3,155,616.000",117.67,R$/MWh,0.00,0.00,"371,321,334.72",#REF!,#REF!,0.00,0.00,0.00,1/1/2010,12/31/2039,Não,"2,526.31",#REF!
,94,2005,LEN,01ºLEN,Leilão de Energia Nova,002/2005,PIE-RP TERMELÉTRICA,04.810.290/0001-90,2009-T15,UTE.FL.SP.028592-7.01,PIE - RP,Contrato Rescindido,SP,Biomassa,Bagaço de Cana de Açúcar,SE,0.00,#REF!,27.800,,,0.000,19.100,1.0,10,10,10,10.000,10.000,10.000,10.000,10.000,"1,314,720.000",124.94,R$/MWh,0.00,0.00,"164,261,116.80",#REF!,#REF!,"4,950,000.01","4,950,000.01","4,950,000.01",1/1/2009,12/31/2023,Não,"2,526.31",#REF!
,95,2005,LEN,01ºLEN,Leilão de Energia Nova,002/2005,CESP,60.933.603/0001-78,2010-H30,UHE.PH.SP.002127-0.01,PORTO PRIMAVERA,Sem Pendências,SP,Hidrelétrica (UHE),-,SE,0.00,#REF!,"1,540.000",,,0.000,"1,017.000",1.0,148,148,148,148.000,148.000,148.000,148.000,148.000,"38,919,264.000",116.00,R$/MWh,0.00,0.00,"4,514,634,624.00",#REF!,#REF!,0.00,0.00,0.00,1/1/2010,12/31/2039,Não,"2,526.31",#REF!
,96,2005,LEN,01ºLEN,Leilão de Energia Nova,002/2005,EMAE,02.302.101/0001-42,2010-H30,UHE.PH.SP.002123-7.01,PORTO GÓES,Contrato Rescindido,SP,Hidrelétrica (UHE),-,SE,0.00,#REF!,24.800,,,0.000,19.900,1.0,8,8,8,8.000,8.000,8.000,8.000,8.000,"2,103,744.000",115.99,R$/MWh,0.00,0.00,"244,013,266.56",#REF!,#REF!,0.00,0.00,0.00,1/1/2010,12/31/2039,Não,"2,526.31",#REF!
,97,2005,LEN,01ºLEN,Leilão de Energia Nova,002/2005,EMAE,02.302.101/0001-42,2009-H30,UHE.PH.SP.002123-7.01,PORTO GÓES,Contrato Rescindido,SP,Hidrelétrica (UHE),-,SE,0.00,#REF!,24.800,,,0.000,19.900,1.0,1,1,1,1.000,1.000,1.000,1.000,1.000,"262,968.000",116.00,R$/MWh,0.00,0.00,"30,504,288.00",#REF!,#REF!,0.00,0.00,0.00,1/1/2009,12/31/2038,Não,"2,526.31",#REF!
,98,2005,LEN,01ºLEN,Leilão de Energia Nova,002/2005,ENGUIA GEN CE,04.735.629/0001-30,2008-T15,UTE.PE.CE.028529-3.01,BATURITÉ,Contrato Rescindido,CE,Óleo Combustível,Óleo Diesel,NE,0.00,#REF!,11.480,,,0.000,6.700,1.0,7,7,7,6.000,6.000,6.000,6.000,6.000,"788,976.000",138.50,R$/MWh,0.00,0.00,"109,273,176.00",#REF!,#REF!,"1,962,554.00","1,962,554.00","1,962,554.00",1/1/2008,12/31/2022,Não,"2,526.31",#REF!
,99,2005,LEN,01ºLEN,Leilão de Energia Nova,002/2005,USINA INTERLAGOS,50.376.938/0009-36,2009-T15,UTE.AI.SP.029461-6.01,INTERLAGOS,Sem Pendências,SP,Biomassa,Bagaço de Cana de Açúcar,SE,0.00,#REF!,40.000,,,0.000,20.700,1.0,2,2,2,2.000,2.000,2.000,2.000,2.000,"262,944.000",114.96,R$/MWh,0.00,0.00,"30,228,042.24",#REF!,#REF!,"2,369,400.05","2,369,400.05","2,369,400.05",1/1/2009,12/31/2023,Não,"2,526.31",#REF!
,100,2005,LEN,01ºLEN,Leilão de Energia Nova,002/2005,TRACTEBEL,02.474.103/0001-19,2010-H30,UHE.PH.RS.001152-5.01,ITÁ,Sem Pendências,RS,Hidrelétrica (UHE),-,S,0.00,#REF!,"1,450.000",,,0.000,359.200,1.0,116,116,116,116.000,116.000,116.000,116.000,116.000,"30,504,288.000",115.90,R$/MWh,0.00,0.00,"3,535,446,979.20",#REF!,#REF!,0.00,0.00,0.00,1/1/2010,12/31/2039,Não,"2,526.31",#REF!
,101,2005,LEN,01ºLEN,Leilão de Energia Nova,002/2005,PERFORMANCE,07.836.421/0001-04,2010-H30,PCH.PH.GO.028803-9.01,GOIANDIRA,Sem Pendências,GO,Hidrelétrica (PCH),-,SE,0.00,#REF!,27.000,,,0.000,17.100,1.0,12,12,12,16.000,16.000,16.000,16.000,16.000,"4,207,488.000",99.95,R$/MWh,0.00,0.00,"420,538,425.60",#REF!,#REF!,0.00,0.00,0.00,1/1/2010,12/31/2039,Não,"2,526.31",#REF!
,102,2005,LEN,01ºLEN,Leilão de Energia Nova,002/2005,USINA INTERLAGOS,50.376.938/0009-36,2008-T15,UTE.AI.SP.029461-6.01,INTERLAGOS,Sem Pendências,SP,Biomassa,Bagaço de Cana de Açúcar,SE,0.00,#REF!,40.000,,,0.000,20.700,1.0,6,6,6,6.000,6.000,6.000,6.000,6.000,"788,976.000",104.96,R$/MWh,0.00,0.00,"82,810,920.96",#REF!,#REF!,"6,582,600.19","6,582,600.19","6,582,600.19",1/1/2008,12/31/2022,Não,"2,526.31",#REF!
,103,2005,LEN,01ºLEN,Leilão de Energia Nova,002/2005,ENGUIA GEN CE,04.735.629/0001-30,2008-T15,UTE.PE.CE.028532-3.01,IGUATU,Contrato Rescindido,CE,Óleo Combustível,Óleo Diesel,NE,0.00,#REF!,14.760,,,0.000,8.500,1.0,7,7,7,8.000,8.000,8.000,8.000,8.000,"1,051,968.000",138.50,R$/MWh,0.00,0.00,"145,697,568.00",#REF!,#REF!,"2,735,517.99","2,735,517.99","2,735,517.99",1/1/2008,12/31/2022,Não,"2,526.31",#REF!
,104,2005,LEN,01ºLEN,Leilão de Energia Nova,002/2005,BENCO ENGENHARIA,07.921.085/0001-90,2009-T15,UTE.PE.GO.029460-8.01,GOIÂNIA II - COTA BENCO ENGENHARIA,Sem Pendências,GO,Óleo Combustível,Óleo Diesel,SE,0.00,#REF!,140.000,,,0.000,65.300,1.0,59,59,59,58.500,58.500,58.500,58.500,58.500,"7,691,112.000",138.94,R$/MWh,0.00,0.00,"1,068,603,101.28",#REF!,#REF!,"23,084,999.99","23,084,999.99","23,084,999.99",1/1/2009,12/31/2023,Não,"2,526.31",#REF!
,105,2005,LEN,01ºLEN,Leilão de Energia Nova,002/2005,PETROBRAS DISTRIB (4),07.921.085/0001-90,2009-T15,UTE.PE.GO.029460-8.01,GOIÂNIA II - COTA PETROBRÁS D,Sem Pendências,GO,Óleo Combustível,Óleo Diesel,SE,0.00,#REF!,140.000,,,0.000,65.300,1.0,7,7,7,6.500,6.500,6.500,6.500,6.500,"854,568.000",138.94,R$/MWh,0.00,0.00,"118,733,677.92",#REF!,#REF!,"2,565,000.02","2,565,000.02","2,565,000.02",1/1/2009,12/31/2023,Não,"2,526.31",#REF!
,106,2005,LEN,01ºLEN,Leilão de Energia Nova,002/2005,ELEJA,06.027.579/0001-62,2009-T15,UTE.CM.RS.028484-0.01,JACUÍ,Outorga Revogada,RS,Carvão,Carvão,S,0.00,#REF!,350.200,,,0.000,254.600,1.0,254,254,254,254.000,254.000,254.000,254.000,254.000,"33,393,888.000",129.28,R$/MWh,0.00,0.00,"4,317,161,840.64",#REF!,#REF!,"289,295,149.09","289,295,149.09","289,295,149.09",1/1/2009,12/31/2023,Não,"2,526.31",#REF!
,107,2005,LEN,01ºLEN,Leilão de Energia Nova,002/2005,ENGUIA GEN BA,04.735.625/0001-52,2008-T15,UTE.PE.BA.028527-7.01,JAGUARARI,Outorga Revogada,BA,Óleo Combustível,Óleo Diesel,NE,0.00,#REF!,101.540,,,0.000,59.300,1.0,59,59,59,59.000,59.000,59.000,59.000,59.000,"7,758,264.000",138.40,R$/MWh,0.00,0.00,"1,073,743,737.60",#REF!,#REF!,"19,104,794.02","19,104,794.02","19,104,794.02",1/1/2008,12/31/2022,Não,"2,526.31",#REF!
,108,2005,LEN,01ºLEN,Leilão de Energia Nova,002/2005,ENGUIA GEN PI,04.735.623/0001-63,2008-T15,UTE.PE.PI.028535-8.01,MARAMBAIA,Contrato Rescindido,PI,Óleo Combustível,Óleo Diesel,NE,0.00,#REF!,13.120,,,0.000,7.900,1.0,7,7,7,7.000,7.000,7.000,7.000,7.000,"920,472.000",138.50,R$/MWh,0.00,0.00,"127,485,372.00",#REF!,#REF!,"2,057,276.97","2,057,276.97","2,057,276.97",1/1/2008,12/31/2022,Não,"2,526.31",#REF!
,109,2005,LEN,01ºLEN,Leilão de Energia Nova,002/2005,ENERGEST,04.029.601/0001-88,2008-H30,UHE.PH.MG.002038-9.01,MASCARENHAS,Sem Pendências,MG,Hidrelétrica (UHE),-,SE,0.00,#REF!,180.500,,,0.000,23.900,1.0,23,23,23,23.000,23.000,23.000,23.000,23.000,"6,048,816.000",115.98,R$/MWh,0.00,0.00,"701,541,679.68",#REF!,#REF!,0.00,0.00,0.00,1/1/2008,12/31/2037,Não,"2,526.31",#REF!
,110,2005,LEN,01ºLEN,Leilão de Energia Nova,002/2005,TRACTEBEL,02.474.103/0001-19,2010-H30,UHE.PH.SC.001356-0.01,MACHADINHO,Sem Pendências,SC,Hidrelétrica (UHE),-,S,0.00,#REF!,"1,140.000",,,0.000,89.600,1.0,116,116,116,84.000,84.000,84.000,84.000,84.000,"22,089,312.000",114.00,R$/MWh,0.00,0.00,"2,518,181,568.00",#REF!,#REF!,0.00,0.00,0.00,1/1/2010,12/31/2039,Não,"2,526.31",#REF!
,111,2005,LEN,01ºLEN,Leilão de Energia Nova,002/2005,FURNAS,23.274.194/0001-19,2010-H30,UHE.PH.MT.001401-0.01,MANSO,Sem Pendências,MT,Hidrelétrica (UHE),-,SE,0.00,#REF!,210.900,,,0.000,64.400,1.0,47,47,47,55.000,55.000,55.000,55.000,55.000,"14,463,240.000",112.89,R$/MWh,0.00,0.00,"1,632,755,163.60",#REF!,#REF!,0.00,0.00,0.00,1/1/2010,12/31/2039,Não,"2,526.31",#REF!
,112,2005,LEN,01ºLEN,Leilão de Energia Nova,002/2005,LASA,11.427.572/0001-78,2009-T15,UTE.AI.ES.029107-2.01,LASA,Contrato não Adjudicado,ES,Biomassa,Bagaço de Cana de Açúcar,SE,0.00,#REF!,22.575,,,0.000,15.300,1.0,14,14,14,14.000,14.000,14.000,14.000,14.000,"1,840,608.000",138.99,R$/MWh,0.00,0.00,"255,826,105.92",#REF!,#REF!,"15,086,882.39","15,086,882.39","15,086,882.39",1/1/2009,12/31/2023,Não,"2,526.31",#REF!
,113,2005,LEN,01ºLEN,Leilão de Energia Nova,002/2005,FURNAS,23.274.194/0001-19,2008-H30,UHE.PH.MT.001401-0.01,MANSO,Sem Pendências,MT,Hidrelétrica (UHE),-,SE,0.00,#REF!,210.900,,,0.000,64.400,1.0,35,35,35,35.000,35.000,35.000,35.000,35.000,"9,204,720.000",97.89,R$/MWh,0.00,0.00,"901,050,040.80",#REF!,#REF!,0.00,0.00,0.00,1/1/2008,12/31/2037,Não,"2,526.31",#REF!
,114,2005,LEN,01ºLEN,Leilão de Energia Nova,002/2005,REDE LAJEADO,03.460.864/0001-84,2009-H30,UHE.PH.TO.001304-8.01,LAJEADO II,Sem Pendências,TO,Hidrelétrica (UHE),-,SE,0.00,#REF!,902.500,,,0.000,526.600,1.0,7,7,7,7.000,7.000,7.000,7.000,7.000,"1,840,776.000",108.00,R$/MWh,0.00,0.00,"198,803,808.00",#REF!,#REF!,0.00,0.00,0.00,1/1/2009,12/31/2038,Não,"2,526.31",#REF!
,115,2005,LEN,01ºLEN,Leilão de Energia Nova,002/2005,PTA LAJEADO,03.491.603/0001-21,2008-H30,UHE.PH.TO.001304-8.01,LAJEADO I,Sem Pendências,TO,Hidrelétrica (UHE),-,SE,0.00,#REF!,902.500,,,0.000,526.600,1.0,1,1,1,1.000,1.000,1.000,1.000,1.000,"262,992.000",110.00,R$/MWh,0.00,0.00,"28,929,120.00",#REF!,#REF!,0.00,0.00,0.00,1/1/2008,12/31/2037,Não,"2,526.31",#REF!
,116,2005,LEN,01ºLEN,Leilão de Energia Nova,002/2005,EDP LAJEADO,03.460.864/0001-84,2008-H30,UHE.PH.TO.001304-8.01,LAJEADO III,Sem Pendências,TO,Hidrelétrica (UHE),-,SE,0.00,#REF!,902.500,,,0.000,144.300,1.0,2,2,2,2.000,2.000,2.000,2.000,2.000,"525,984.000",114.98,R$/MWh,0.00,0.00,"60,477,640.32",#REF!,#REF!,0.00,0.00,0.00,1/1/2008,12/31/2037,Não,"2,526.31",#REF!
,117,2005,LEN,01ºLEN,Leilão de Energia Nova,002/2005,ENGUIA GEN CE,04.735.629/0001-30,2008-T15,UTE.PE.CE.028534-0.01,JUAZEIRO DO NORTE,Contrato Rescindido,CE,Óleo Combustível,Óleo Diesel,NE,0.00,#REF!,14.760,,,0.000,8.500,1.0,7,7,7,8.000,8.000,8.000,8.000,8.000,"1,051,968.000",138.50,R$/MWh,0.00,0.00,"145,697,568.00",#REF!,#REF!,"2,735,517.99","2,735,517.99","2,735,517.99",1/1/2008,12/31/2022,Não,"2,526.31",#REF!
,118,2005,LEN,01ºLEN,Leilão de Energia Nova,002/2005,EDP LAJEADO,03.460.864/0001-84,2009-H30,UHE.PH.TO.001304-8.01,LAJEADO III,Sem Pendências,TO,Hidrelétrica (UHE),-,SE,0.00,#REF!,902.500,,,0.000,144.300,1.0,2,2,2,2.000,2.000,2.000,2.000,2.000,"525,936.000",115.98,R$/MWh,0.00,0.00,"60,998,057.28",#REF!,#REF!,0.00,0.00,0.00,1/1/2009,12/31/2038,Não,"2,526.31",#REF!
,119,2005,LEN,01ºLEN,Leilão de Energia Nova,002/2005,ENGUIA GEN PI,04.735.623/0001-63,2008-T15,UTE.PE.PI.028538-2.01,ALTOS,Contrato Rescindido,PI,Óleo Combustível,Óleo Diesel,NE,0.00,#REF!,13.120,,,0.000,7.900,1.0,7,7,7,7.000,7.000,7.000,7.000,7.000,"920,472.000",138.50,R$/MWh,0.00,0.00,"127,485,372.00",#REF!,#REF!,"2,057,276.97","2,057,276.97","2,057,276.97",1/1/2008,12/31/2022,Não,"2,526.31",#REF!
,120,2005,LEN,01ºLEN,Leilão de Energia Nova,002/2005,ENGUIA GEN CE,04.735.629/0001-30,2008-T15,UTE.PE.CE.028531-5.01,ARACATI,Contrato Rescindido,CE,Óleo Combustível,Óleo Diesel,NE,0.00,#REF!,11.480,,,0.000,6.700,1.0,7,7,7,6.000,6.000,6.000,6.000,6.000,"788,976.000",138.50,R$/MWh,0.00,0.00,"109,273,176.00",#REF!,#REF!,"1,962,554.00","1,962,554.00","1,962,554.00",1/1/2008,12/31/2022,Não,"2,526.31",#REF!
,121,2005,LEN,01ºLEN,Leilão de Energia Nova,002/2005,CERAN,04.237.975/0001-99,2010-H30,UHE.PH.RS.000012-4.01,14 DE JULHO,Sem Pendências,RS,Hidrelétrica (UHE),-,S,0.00,#REF!,100.000,,,0.000,50.000,1.0,13,13,13,10.000,10.000,10.000,10.000,10.000,"2,629,680.000",117.68,R$/MWh,0.00,0.00,"309,460,742.40",#REF!,#REF!,0.00,0.00,0.00,1/1/2010,12/31/2039,Não,"2,526.31",#REF!
,122,2006,LAJ,02ºLAJ,Leilão de Ajuste,001/2006,CESP,60.933.603/0001-78,SAE0630NE,-,-,Sem Pendências,-,-,-,NE,0.00,#REF!,0.000,,,0.000,0.000,0.5,2,0,2,1.000,0.000,0.000,0.000,1.000,"4,415.000",34.39,R$/MWh,0.00,0.00,"151,831.85",#REF!,#REF!,0.00,0.00,0.00,7/1/2005,12/31/2005,Não,"2,579.81",#REF!
,123,2006,LAJ,02ºLAJ,Leilão de Ajuste,001/2006,União Energia,04.407.774/0001-92,CPA0630N,-,-,Sem Pendências,-,-,-,N,0.00,#REF!,0.000,,,0.000,0.000,0.5,20,0,20,10.000,0.000,0.000,0.000,10.000,"44,150.000",45.63,R$/MWh,0.00,0.00,"2,014,564.50",#REF!,#REF!,0.00,0.00,0.00,7/1/2005,12/31/2005,Não,"2,579.81",#REF!
,124,2006,LAJ,02ºLAJ,Leilão de Ajuste,001/2006,CEEE,92.715.812/0001-31,CPA0630N,-,-,Sem Pendências,-,-,-,N,0.00,#REF!,0.000,,,0.000,0.000,0.5,7,0,7,3.500,0.000,0.000,0.000,3.500,"15,452.500",45.63,R$/MWh,0.00,0.00,"705,097.58",#REF!,#REF!,0.00,0.00,0.00,7/1/2005,12/31/2005,Não,"2,579.81",#REF!
,125,2006,LAJ,02ºLAJ,Leilão de Ajuste,001/2006,CESP,60.933.603/0001-78,CEL0330NE,-,-,Sem Pendências,-,-,-,NE,0.00,#REF!,0.000,,,0.000,0.000,0.5,5,0,5,2.500,0.000,0.000,0.000,2.500,"5,520.000",29.12,R$/MWh,0.00,0.00,"160,742.40",#REF!,#REF!,0.00,0.00,0.00,7/1/2005,9/30/2005,Não,"2,579.81",#REF!
,126,2006,LAJ,02ºLAJ,Leilão de Ajuste,001/2006,União Energia,04.407.774/0001-92,SAE0630NE,-,-,Sem Pendências,-,-,-,NE,0.00,#REF!,0.000,,,0.000,0.000,0.5,1,0,1,0.500,0.000,0.000,0.000,0.500,"2,207.500",34.39,R$/MWh,0.00,0.00,"75,915.93",#REF!,#REF!,0.00,0.00,0.00,7/1/2005,12/31/2005,Não,"2,579.81",#REF!
,127,2006,LEN,02ºLEN,Leilão de Energia Nova,002/2006,SJEABIOGAS,06.215.456/0001-55,2009-T15,UTE.RU.SP.028648-6.01,SÃO JOÃO BIOGÁS,Sem Pendências,SP,Biomassa,Biogás,SE,0.00,#REF!,20.000,,,0.000,19.500,1.0,10,10,10,10.000,10.000,10.000,10.000,10.000,"1,314,720.000",132.02,R$/MWh,0.00,0.00,"173,569,334.40",#REF!,#REF!,"11,564,999.99","11,564,999.99","11,564,999.99",1/1/2009,12/31/2023,Não,"2,579.81",#REF!
,128,2006,LEN,02ºLEN,Leilão de Energia Nova,002/2006,SANTA CRUZ POWER,02.150.533/0001-85,2009-H30,PCH.PH.GO.028388-6.01,SÃO DOMINGOS II,Sem Pendências,GO,Hidrelétrica (PCH),-,SE,0.00,#REF!,24.300,,,0.000,21.000,1.0,21,21,21,21.000,21.000,21.000,21.000,21.000,"5,522,328.000",124.00,R$/MWh,0.00,0.00,"684,768,672.00",#REF!,#REF!,0.00,0.00,0.00,1/1/2009,12/31/2038,Não,"2,579.81",#REF!
,129,2006,LEN,02ºLEN,Leilão de Energia Nova,002/2006,USJ - UTE QUIRI,44.209.336/0003-04,2009-T15,UTE.AI.GO.029268-0.01,QUIRINÓPOLIS,Sem Pendências,GO,Biomassa,Bagaço de Cana de Açúcar,SE,0.00,#REF!,40.000,,,0.000,11.600,1.0,11,11,11,11.000,11.000,11.000,11.000,11.000,"1,446,192.000",134.12,R$/MWh,0.00,0.00,"193,963,271.04",#REF!,#REF!,"13,189,999.98","13,189,999.98","13,189,999.98",1/1/2009,12/31/2023,Não,"2,579.81",#REF!
,130,2006,LEN,02ºLEN,Leilão de Energia Nova,002/2006,CESA,08.944.243/0001-90,2009-H30,PCH.PH.ES.028380-0.01,SANTA FE,Sem Pendências,ES,Hidrelétrica (PCH),-,SE,0.00,#REF!,29.000,,,0.000,16.400,1.0,16,16,16,16.000,16.000,16.000,16.000,16.000,"4,207,488.000",124.99,R$/MWh,0.00,0.00,"525,893,925.12",#REF!,#REF!,0.00,0.00,0.00,1/1/2009,12/31/2038,Não,"2,579.81",#REF!
,131,2006,LEN,02ºLEN,Leilão de Energia Nova,002/2006,SANTA ISABEL,47.524.632/0001-18,2009-T15,UTE.AI.SP.028401-7.01,SANTA ISABEL,Sem Pendências,SP,Biomassa,Bagaço de Cana de Açúcar,SE,0.00,#REF!,40.000,,,0.000,11.300,1.0,11,11,11,11.000,11.000,11.000,11.000,11.000,"1,446,192.000",134.25,R$/MWh,0.00,0.00,"194,151,276.00",#REF!,#REF!,"13,216,474.92","13,216,474.92","13,216,474.92",1/1/2009,12/31/2023,Não,"2,579.81",#REF!
,132,2006,LEN,02ºLEN,Leilão de Energia Nova,002/2006,CEMIG GERACAO,06.981.176/0001-58,2009-H30,UHE.PH.MG.002176-8.01,QUEIMADO,Sem Pendências,MG,Hidrelétrica (UHE),-,SE,0.00,#REF!,105.000,,,0.000,47.900,1.0,47,47,47,47.000,47.000,47.000,47.000,47.000,"12,359,496.000",125.00,R$/MWh,0.00,0.00,"1,544,937,000.00",#REF!,#REF!,0.00,0.00,0.00,1/1/2009,12/31/2038,Não,"2,579.81",#REF!
,133,2006,LEN,02ºLEN,Leilão de Energia Nova,002/2006,ACUCAREIRA ZILLO,51.422.988/0001-18,2009-T15,UTE.AI.SP.026847-0.01,SAO JOSE,Sem Pendências,SP,Biomassa,Bagaço de Cana de Açúcar,SE,0.00,#REF!,50.000,,,0.000,28.300,1.0,28,28,28,28.000,28.000,28.000,28.000,28.000,"3,681,216.000",134.20,R$/MWh,0.00,0.00,"494,019,187.20",#REF!,#REF!,"32,993,000.00","32,993,000.00","32,993,000.00",1/1/2009,12/31/2023,Não,"2,579.81",#REF!
,134,2006,LEN,02ºLEN,Leilão de Energia Nova,002/2006,TEP,09.439.128/0001-20,2009-T15,UTE.PE.RN.028655-9.01,POTIGUAR,Sem Pendências,RN,Óleo Combustível,Óleo Diesel,NE,0.00,#REF!,52.800,,,0.000,27.800,1.0,27,27,27,27.000,27.000,27.000,27.000,27.000,"3,549,744.000",134.25,R$/MWh,0.00,0.00,"476,553,132.00",#REF!,#REF!,"14,603,536.02","14,603,536.02","14,603,536.02",1/1/2009,12/31/2023,Não,"2,579.81",#REF!
,135,2006,LEN,02ºLEN,Leilão de Energia Nova,002/2006,TEP,09.439.128/0001-20,2009-T15,UTE.PE.RN.029556-6.01,POTIGUAR III,Sem Pendências,RN,Óleo Combustível,Óleo Diesel,NE,0.00,#REF!,66.000,,,0.000,29.500,1.0,27,27,27,29.000,29.000,29.000,29.000,29.000,"3,812,688.000",134.25,R$/MWh,0.00,0.00,"511,853,364.00",#REF!,#REF!,"15,788,124.00","15,788,124.00","15,788,124.00",1/1/2009,12/31/2023,Não,"2,579.81",#REF!
,136,2006,LEN,02ºLEN,Leilão de Energia Nova,002/2006,TERMOPERNAMBUCO,03.795.050/0001-09,2009-T15,UTE.GN.PE.028031-3.01,TERMOPERNAMBUCO,Contrato não Adjudicado,PE,Gás Natural,Gás Natural,NE,0.00,#REF!,601.800,,,0.000,491.100,1.0,10,10,10,10.000,10.000,10.000,10.000,10.000,"1,314,720.000",12.83,R$/MWh,0.00,0.00,"16,867,857.60",#REF!,#REF!,"110,487.01","110,487.01","110,487.01",1/1/2009,12/31/2023,Não,"2,579.81",#REF!
,137,2006,LEN,02ºLEN,Leilão de Energia Nova,002/2006,TERMOMANAUS,06.212.748/0001-34,2009-T15,UTE.PE.PE.029562-0.01,TERMOMANAUS,Sem Pendências,PE,Óleo Combustível,Óleo Diesel,NE,0.00,#REF!,142.200,,,0.000,70.400,1.0,70,70,70,70.000,70.000,70.000,70.000,70.000,"9,203,040.000",134.31,R$/MWh,0.00,0.00,"1,236,060,302.40",#REF!,#REF!,"38,200,000.01","38,200,000.01","38,200,000.01",1/1/2009,12/31/2023,Não,"2,579.81",#REF!
,138,2006,LEN,02ºLEN,Leilão de Energia Nova,002/2006,CISFRAMA,10.432.020/0001-95,2009-T15,UTE.FL.SC.027978-1.01,CISFRAMA,Outorga Revogada,SC,Biomassa,Cavaco/ Resíduo de Madeira,S,0.00,#REF!,4.000,,,0.000,2.300,1.0,2,2,2,2.000,2.000,2.000,2.000,2.000,"262,944.000",133.92,R$/MWh,0.00,0.00,"35,213,460.48",#REF!,#REF!,"1,475,999.97","1,475,999.97","1,475,999.97",1/1/2009,12/31/2023,Não,"2,579.81",#REF!
,139,2006,LEN,02ºLEN,Leilão de Energia Nova,002/2006,ACUCAR RIBEIRO,51.990.778/0001-26,2009-T15,UTE.AI.SP.028094-1.01,COLORADO,Sem Pendências,SP,Biomassa,Bagaço de Cana de Açúcar,SE,0.00,#REF!,34.000,,,0.000,16.000,1.0,8,8,8,8.000,8.000,8.000,8.000,8.000,"1,051,776.000",134.21,R$/MWh,0.00,0.00,"141,158,856.96",#REF!,#REF!,"9,502,510.01","9,502,510.01","9,502,510.01",1/1/2009,12/31/2023,Não,"2,579.81",#REF!
,140,2006,LEN,02ºLEN,Leilão de Energia Nova,002/2006,CEM - MERIDIONAL,02.474.103/0001-19,2009-H30,UHE.PH.GO.000630-0.01,CANA BRAVA,Sem Pendências,GO,Hidrelétrica (UHE),-,SE,0.00,#REF!,465.900,,,0.000,273.500,1.0,273,273,273,273.000,273.000,273.000,273.000,273.000,"71,790,264.000",131.05,R$/MWh,0.00,0.00,"9,408,114,097.20",#REF!,#REF!,0.00,0.00,0.00,1/1/2009,12/31/2038,Não,"2,579.81",#REF!
,141,2006,LEN,02ºLEN,Leilão de Energia Nova,002/2006,PERFORMANCE,08.656.307/0001-57,2009-H30,PCH.PH.ES.028804-7.01,PIRAPETINGA,Sem Pendências,ES,Hidrelétrica (PCH),-,SE,0.00,#REF!,20.000,,,0.000,11.500,1.0,11,11,11,11.000,11.000,11.000,11.000,11.000,"2,892,648.000",124.99,R$/MWh,0.00,0.00,"361,552,073.52",#REF!,#REF!,0.00,0.00,0.00,1/1/2009,12/31/2038,Não,"2,579.81",#REF!
,142,2006,LEN,02ºLEN,Leilão de Energia Nova,002/2006,PIEDADE,05.345.447/0001-16,2009-H30,PCH.PH.MG.028807-1.01,PIEDADE,Sem Pendências,MG,Hidrelétrica (PCH),-,SE,0.00,#REF!,21.690,,,0.000,7.600,1.0,7,7,7,7.000,7.000,7.000,7.000,7.000,"1,840,776.000",125.00,R$/MWh,0.00,0.00,"230,097,000.00",#REF!,#REF!,0.00,0.00,0.00,1/1/2009,12/31/2038,Não,"2,579.81",#REF!
,143,2006,LEN,02ºLEN,Leilão de Energia Nova,002/2006,CIA. PETROLINA,04.811.856/0001-06,2009-T15,UTE.PE.PE.028584-6.01,PETROLINA,Sem Pendências,PE,Óleo Combustível,Óleo Combustível,NE,0.00,#REF!,136.000,,,0.000,84.700,1.0,84,84,84,84.000,84.000,84.000,84.000,84.000,"11,043,648.000",134.15,R$/MWh,0.00,0.00,"1,481,505,379.20",#REF!,#REF!,"45,416,000.01","45,416,000.01","45,416,000.01",1/1/2009,12/31/2023,Não,"2,579.81",#REF!
,144,2006,LEN,02ºLEN,Leilão de Energia Nova,002/2006,BRMDC,34.274.233/0001-02,2009-T15,UTE.PE.BA.031303-3.02,PECEM II,Sem Pendências,CE,Óleo Combustível,Óleo Combustível,NE,0.00,#REF!,140.000,,,0.000,58.000,1.0,58,58,58,58.000,58.000,58.000,58.000,58.000,"7,625,376.016",134.21,R$/MWh,0.00,0.00,"1,023,401,715.11",#REF!,#REF!,"31,508,000.02","31,508,000.02","31,508,000.02",1/1/2009,12/31/2023,Não,"2,579.81",#REF!
,145,2006,LEN,02ºLEN,Leilão de Energia Nova,002/2006,TERMOMANAUS,06.212.748/0001-34,2009-T15,UTE.PE.PE.029561-2.01,PAU FERRO I,Sem Pendências,PE,Óleo Combustível,Óleo Diesel,NE,0.00,#REF!,94.000,,,0.000,46.500,1.0,70,70,70,46.000,46.000,46.000,46.000,46.000,"6,047,712.000",134.31,R$/MWh,0.00,0.00,"812,268,198.72",#REF!,#REF!,"25,110,000.01","25,110,000.01","25,110,000.01",1/1/2009,12/31/2023,Não,"2,579.81",#REF!
,146,2006,LEN,02ºLEN,Leilão de Energia Nova,002/2006,PERFORMANCE,08.656.307/0001-57,2009-H30,PCH.PH.ES.028805-5.01,PEDRA DO GARRAFÃO,Sem Pendências,ES,Hidrelétrica (PCH),-,SE,0.00,#REF!,19.000,,,0.000,11.300,1.0,11,11,11,11.000,11.000,11.000,11.000,11.000,"2,892,648.000",124.99,R$/MWh,0.00,0.00,"361,552,073.52",#REF!,#REF!,0.00,0.00,0.00,1/1/2009,12/31/2038,Não,"2,579.81",#REF!
,147,2006,LEN,02ºLEN,Leilão de Energia Nova,002/2006,CEMIG GERACAO,06.981.176/0001-58,2009-H30,UHE.PH.MG.027196-9.01,PORTO ESTRELA,Sem Pendências,MG,Hidrelétrica (UHE),-,SE,0.00,#REF!,112.000,,,0.000,18.600,1.0,47,47,47,18.000,18.000,18.000,18.000,18.000,"4,733,424.000",134.42,R$/MWh,0.00,0.00,"636,266,854.08",#REF!,#REF!,0.00,0.00,0.00,1/1/2009,12/31/2038,Não,"2,579.81",#REF!
,148,2006,LEN,02ºLEN,Leilão de Energia Nova,002/2006,CESP,60.933.603/0001-78,2009-H30,UHE.PH.SP.002127-0.01,PORTO PRIMAVERA (ENG. SERGIO MOTTA),Sem Pendências,SP,Hidrelétrica (UHE),-,SE,0.00,#REF!,"1,540.000",,,0.000,"1,017.000",1.0,82,82,82,82.000,82.000,82.000,82.000,82.000,"21,563,376.000",124.97,R$/MWh,0.00,0.00,"2,694,775,098.72",#REF!,#REF!,0.00,0.00,0.00,1/1/2009,12/31/2038,Não,"2,579.81",#REF!
,149,2006,LEN,02ºLEN,Leilão de Energia Nova,002/2006,EEPP,05.774.615/0001-99,2009-H30,PCH.PH.MS.028995-7.01,PORTO DAS PEDRAS,Sem Pendências,MS,Hidrelétrica (PCH),-,SE,0.00,#REF!,28.030,,,0.000,21.300,1.0,21,21,21,21.000,21.000,21.000,21.000,21.000,"5,522,328.000",124.70,R$/MWh,0.00,0.00,"688,634,301.60",#REF!,#REF!,0.00,0.00,0.00,1/1/2009,12/31/2038,Não,"2,579.81",#REF!
,150,2006,LEN,02ºLEN,Leilão de Energia Nova,002/2006,BRMDC,34.274.233/0001-02,2009-T15,UTE.PE.BA.031304-1.01,CAMACARI MURICY II,Sem Pendências,BA,Óleo Combustível,Óleo Diesel,NE,0.00,#REF!,140.000,,,0.000,58.600,1.0,58,58,58,58.000,58.000,58.000,58.000,58.000,"7,625,376.016",134.39,R$/MWh,0.00,0.00,"1,024,774,282.79",#REF!,#REF!,"31,602,999.98","31,602,999.98","31,602,999.98",1/1/2009,12/31/2023,Não,"2,579.81",#REF!
,151,2006,LEN,02ºLEN,Leilão de Energia Nova,002/2006,BRGEC,08.627.559/0001-58,2009-T15,UTE.PE.BA.029555-8.01,CAMACARI POLO DE APOIO I,Sem Pendências,BA,Óleo Combustível,Óleo Combustível,NE,0.00,#REF!,148.000,,,0.000,101.400,1.0,101,101,101,101.000,101.000,101.000,101.000,101.000,"13,278,672.002",134.30,R$/MWh,0.00,0.00,"1,783,325,649.87",#REF!,#REF!,"54,346,000.02","54,346,000.02","54,346,000.02",1/1/2009,12/31/2023,Não,"2,579.81",#REF!
,152,2006,LEN,02ºLEN,Leilão de Energia Nova,002/2006,QBEC,08.641.893/0001-66,2009-H30,PCH.PH.SC.029560-4.01,BARRA ESCONDIDA,Sem Pendências,SC,Hidrelétrica (PCH),-,S,0.00,#REF!,2.250,,,0.000,1.300,1.0,1,1,1,1.000,1.000,1.000,1.000,1.000,"262,968.000",124.99,R$/MWh,0.00,0.00,"32,868,370.32",#REF!,#REF!,0.00,0.00,0.00,1/1/2009,12/31/2038,Não,"2,579.81",#REF!
,153,2006,LEN,02ºLEN,Leilão de Energia Nova,002/2006,BRMDC,08.620.421/0001-27,2009-T15,UTE.PE.BA.029554-0.01,CAMACARI MURICY I,Sem Pendências,BA,Óleo Combustível,Óleo Combustível,NE,0.00,#REF!,148.000,,,0.000,101.400,1.0,58,58,58,101.000,101.000,101.000,101.000,101.000,"13,278,672.014",134.42,R$/MWh,0.00,0.00,"1,784,919,092.12",#REF!,#REF!,"54,452,000.00","54,452,000.00","54,452,000.00",1/1/2009,12/31/2023,Não,"2,579.81",#REF!
,154,2006,LEN,02ºLEN,Leilão de Energia Nova,002/2006,BAESA,04.781.143/0001-39,2009-H30,UHE.PH.RS.027556-5.01,BARRA GRANDE,Sem Pendências,SC,Hidrelétrica (UHE),-,S,0.00,#REF!,698.250,,,0.000,380.600,1.0,10,10,10,10.000,10.000,10.000,10.000,10.000,"2,629,680.000",127.73,R$/MWh,0.00,0.00,"335,889,026.40",#REF!,#REF!,0.00,0.00,0.00,1/1/2009,12/31/2038,Não,"2,579.81",#REF!
,155,2006,LEN,02ºLEN,Leilão de Energia Nova,002/2006,CEMIG GERACAO,06.981.176/0001-58,2009-H30,UHE.PH.MG.001146-0.01,IRAPE,Sem Pendências,MG,Hidrelétrica (UHE),-,SE,0.00,#REF!,360.000,,,0.000,206.300,1.0,47,47,47,206.000,206.000,206.000,206.000,206.000,"54,171,408.000",125.00,R$/MWh,0.00,0.00,"6,771,426,000.00",#REF!,#REF!,0.00,0.00,0.00,1/1/2009,12/31/2038,Não,"2,579.81",#REF!
,156,2006,LEN,02ºLEN,Leilão de Energia Nova,002/2006,TRACTEBEL,02.474.103/0001-19,2009-H30,UHE.PH.RS.001152-5.01,ITÁ,Sem Pendências,RS,Hidrelétrica (UHE),-,S,0.00,#REF!,"1,450.000",,,0.000,359.200,1.0,220,220,220,220.000,220.000,220.000,220.000,220.000,"57,852,960.000",124.99,R$/MWh,0.00,0.00,"7,231,041,470.40",#REF!,#REF!,0.00,0.00,0.00,1/1/2009,12/31/2038,Não,"2,579.81",#REF!
,157,2006,LEN,02ºLEN,Leilão de Energia Nova,002/2006,CEMIG GERACAO,06.981.176/0001-58,2009-H30,UHE.PH.MG.000042-6.01,AIMORES,Sem Pendências,MG,Hidrelétrica (UHE),-,SE,0.00,#REF!,330.000,,,0.000,84.300,1.0,47,47,47,84.000,84.000,84.000,84.000,84.000,"22,089,312.000",125.00,R$/MWh,0.00,0.00,"2,761,164,000.00",#REF!,#REF!,0.00,0.00,0.00,1/1/2009,12/31/2038,Não,"2,579.81",#REF!
,158,2006,LAJ,03ºLAJ,Leilão de Ajuste,002/2006,FURNAS,23.274.194/0001-19,ENE0310NE,-,-,Sem Pendências,-,-,-,NE,0.00,#REF!,0.000,,,0.000,0.000,0.5,20,0,20,10.000,0.000,0.000,0.000,10.000,"22,070.000",73.96,R$/MWh,0.00,0.00,"1,632,297.20",#REF!,#REF!,0.00,0.00,0.00,10/1/2006,12/31/2006,Não,"2,580.57",#REF!
,159,2006,LEN,03ºLEN,Leilão de Energia Nova,004/2006,CORONA BIOENERGIA,07.921.583/0001-32,2011-T15,UTE.AI.SP.029665-1.01,USINA BONFIM,Sem Pendências,SP,Biomassa,Bagaço de Cana de Açúcar,SE,0.00,#REF!,41.000,,,0.000,23.400,1.0,21,21,21,21.000,21.000,21.000,21.000,21.000,"2,761,416.000",137.60,R$/MWh,0.00,0.00,"379,970,841.60",#REF!,#REF!,"25,921,215.63","25,921,215.63","25,921,215.63",1/1/2011,12/31/2025,Não,"2,585.99",#REF!
,160,2006,LEN,03ºLEN,Leilão de Energia Nova,004/2006,CESS,04.848.623/0001-70,2011-H30,UHE.PH.TO.028567-6.01,SAO SALVADOR,Sem Pendências,TO,Hidrelétrica (UHE),-,SE,0.00,#REF!,243.200,,,0.000,148.500,1.0,148,148,148,148.000,148.000,148.000,148.000,148.000,"38,922,816.000",135.01,R$/MWh,0.00,0.00,"5,254,969,388.16",#REF!,#REF!,0.00,0.00,0.00,1/1/2011,12/31/2040,Não,"2,585.99",#REF!
,161,2006,LEN,03ºLEN,Leilão de Energia Nova,004/2006,DME ENERGETICA,03.966.583/0001-06,2011-H30,UHE.PH.SC.028564-1.01,SALTO PILAO - DME,Sem Pendências,SC,Hidrelétrica (UHE),-,S,0.00,#REF!,182.300,,,0.000,21.300,1.0,20,20,20,20.000,20.000,20.000,20.000,20.000,"5,259,840.000",133.34,R$/MWh,0.00,0.00,"701,347,065.60",#REF!,#REF!,0.00,0.00,0.00,1/1/2011,12/31/2040,Não,"2,585.99",#REF!
,162,2006,LEN,03ºLEN,Leilão de Energia Nova,004/2006,CAMARGO CORREA,11.792.578/0001-44,2011-H30,UHE.PH.SC.028564-1.01,SALTO PILAO - CAMARGO CORREA,Sem Pendências,SC,Hidrelétrica (UHE),-,S,0.00,#REF!,182.300,,,0.000,21.300,1.0,20,20,20,20.000,20.000,20.000,20.000,20.000,"5,259,840.000",135.98,R$/MWh,0.00,0.00,"715,233,043.20",#REF!,#REF!,0.00,0.00,0.00,1/1/2011,12/31/2040,Não,"2,585.99",#REF!
,163,2006,LEN,03ºLEN,Leilão de Energia Nova,004/2006,ACUCAREIRA QUATA,60.855.574/0001-73,2011-T15,UTE.AI.SP.028288-0.01,QUATA,Sem Pendências,SP,Biomassa,Bagaço de Cana de Açúcar,SE,0.00,#REF!,53.600,,,0.000,10.500,1.0,10,10,10,10.000,10.000,10.000,10.000,10.000,"1,314,960.000",137.00,R$/MWh,0.00,0.00,"180,149,520.00",#REF!,#REF!,"12,365,899.98","12,365,899.98","12,365,899.98",1/1/2011,12/31/2025,Não,"2,585.99",#REF!
,164,2006,LEN,03ºLEN,Leilão de Energia Nova,004/2006,THYSSENKRUPP CSA,07.005.330/0001-19,2011-T15,UTE.PE.RJ.029587-6.01,DO ATLANTICO,Sem Pendências,RJ,Gás de Processo,Gás de Processo,SE,0.00,#REF!,490.000,,,0.000,419.800,1.0,200,200,200,200.000,200.000,200.000,200.000,200.000,"26,299,200.000",136.88,R$/MWh,0.00,0.00,"3,599,834,496.00",#REF!,#REF!,"239,813,760.01","239,813,760.01","239,813,760.01",1/1/2011,12/31/2025,Não,"2,585.99",#REF!
,165,2006,LEN,03ºLEN,Leilão de Energia Nova,004/2006,ARIPUANA,08.768.414/0001-77,2011-H30,UHE.PH.MT.029597-3.01,DARDANELOS,Sem Pendências,MT,Hidrelétrica (UHE),-,SE,0.00,#REF!,261.000,,,0.000,154.900,1.0,147,147,147,147.000,147.000,147.000,147.000,147.000,"38,659,824.006",112.68,R$/MWh,0.00,0.00,"4,356,188,969.00",#REF!,#REF!,0.00,0.00,0.00,1/1/2011,12/31/2040,Não,"2,585.99",#REF!
,166,2006,LEN,03ºLEN,Leilão de Energia Nova,004/2006,MONEL,04.834.395/0001-89,2011-H30,UHE.PH.RS.028562-5.01,MONJOLINHO (ALZIR DOS SANTOS ANTUNES),Sem Pendências,RS,Hidrelétrica (UHE),-,S,0.00,#REF!,67.000,,,0.000,43.100,1.0,42,42,42,42.000,42.000,42.000,42.000,42.000,"11,045,664.000",122.63,R$/MWh,0.00,0.00,"1,354,529,776.32",#REF!,#REF!,0.00,0.00,0.00,1/1/2011,12/31/2040,Não,"2,585.99",#REF!
,167,2006,LEN,03ºLEN,Leilão de Energia Nova,004/2006,ENGEBRA,11.664.185/0001-55,2011-T15,UTE.PE.GO.001946-1.01,PALMEIRAS DE GOIAS,Contrato Rescindido,GO,Óleo Combustível,Óleo Diesel,SE,0.00,#REF!,174.300,,,0.000,69.800,1.0,69,69,69,69.000,69.000,69.000,69.000,69.000,"9,073,224.000",137.70,R$/MWh,0.00,0.00,"1,249,382,944.80",#REF!,#REF!,"30,657,000.01","30,657,000.01","30,657,000.01",1/1/2011,12/31/2025,Não,"2,585.99",#REF!
,168,2006,LEN,03ºLEN,Leilão de Energia Nova,004/2006,UTE BAHIA I,33.000.167/0001-01,2011-T15,UTE.PE.BA.028615-0.01,BAHIA I,Contrato Rescindido,BA,Óleo Combustível,Óleo Combustível,NE,0.00,#REF!,31.600,,,0.000,19.000,1.0,5,5,5,5.000,5.000,5.000,5.000,5.000,"657,480.000",138.00,R$/MWh,0.00,0.00,"90,732,240.00",#REF!,#REF!,"2,547,407.98","2,547,407.98","2,547,407.98",1/1/2011,12/31/2025,Não,"2,585.99",#REF!
,169,2006,LEN,03ºLEN,Leilão de Energia Nova,004/2006,VALE VERDE,11.352.989/0001-19,2011-T15,UTE.AI.RN.028605-2.01,BAIA FORMOSA,Sem Pendências,RN,Biomassa,Bagaço de Cana de Açúcar,NE,0.00,#REF!,32.000,,,0.000,11.000,1.0,11,11,11,11.000,11.000,11.000,11.000,11.000,"1,446,456.000",137.70,R$/MWh,0.00,0.00,"199,176,991.20",#REF!,#REF!,"14,063,154.39","14,063,154.39","14,063,154.39",1/1/2011,12/31/2025,Não,"2,585.99",#REF!
,170,2006,LEN,03ºLEN,Leilão de Energia Nova,004/2006,BOA VISTA,07.603.999/0001-02,2011-T15,UTE.AI.GO.029588-4.01,BOA VISTA,Sem Pendências,GO,Biomassa,Bagaço de Cana de Açúcar,SE,0.00,#REF!,80.000,,,0.000,36.200,1.0,11,11,11,11.000,11.000,11.000,11.000,11.000,"1,446,456.000",134.99,R$/MWh,0.00,0.00,"195,257,095.44",#REF!,#REF!,"13,400,775.89","13,400,775.89","13,400,775.89",1/1/2011,12/31/2025,Não,"2,585.99",#REF!
,171,2006,LEN,03ºLEN,Leilão de Energia Nova,004/2006,FERRARI AGRO,08.791.234/0001-06,2011-T15,UTE.AI.SP.028058-5.01,FERRARI,Sem Pendências,SP,Biomassa,Bagaço de Cana de Açúcar,SE,0.00,#REF!,27.000,,,0.000,8.200,1.0,8,8,8,8.000,8.000,8.000,8.000,8.000,"1,051,968.000",138.00,R$/MWh,0.00,0.00,"145,171,584.00",#REF!,#REF!,"9,856,900.02","9,856,900.02","9,856,900.02",1/1/2011,12/31/2025,Não,"2,585.99",#REF!
,172,2006,LEN,03ºLEN,Leilão de Energia Nova,004/2006,CONS. ENERG SUL,04.370.282/0001-70,2011-H30,UHE.PH.PR.029598-1.01,MAUA,Sem Pendências,PR,Hidrelétrica (UHE),-,S,0.00,#REF!,361.000,,,0.000,197.700,1.0,192,192,192,192.000,192.000,192.000,192.000,192.000,"50,494,464.000",112.96,R$/MWh,0.00,0.00,"5,703,854,653.44",#REF!,#REF!,0.00,0.00,0.00,1/1/2011,12/31/2040,Não,"2,585.99",#REF!
,173,2006,LEN,03ºLEN,Leilão de Energia Nova,004/2006,TERMOMACAE,33.000.167/0001-01,2011-T15,UTE.GN.RJ.028029-1.01,MACAE MERCHANT (MARIO LAGO),Sem Pendências,RJ,Gás Natural,Gás Natural,SE,0.00,#REF!,928.700,,,0.000,674.300,1.0,200,200,200,200.000,200.000,200.000,200.000,200.000,"26,299,200.000",138.00,R$/MWh,0.00,0.00,"3,629,289,600.00",#REF!,#REF!,"110,586,240.00","110,586,240.00","110,586,240.00",1/1/2011,12/31/2025,Não,"2,585.99",#REF!
,174,2006,LEE,05ºLEE,Leilão de Energia Existente,006/2006,CHESF,33.541.368/0001-16,2007-08,-,-,Sem Pendências,-,-,-,NE,0.00,#REF!,0.000,,,0.000,0.000,1.0,130,130,130,130.000,130.000,130.000,130.000,130.000,"9,116,640.000",105.00,R$/MWh,0.00,0.00,"957,247,200.00",#REF!,#REF!,0.00,0.00,0.00,1/1/2007,12/31/2014,Não,"2,602.56",#REF!
,175,2006,LEE,05ºLEE,Leilão de Energia Existente,006/2006,ELETRONORTE,00.357.038/0001-16,2007-08,-,-,Sem Pendências,-,-,-,N,0.00,#REF!,0.000,,,0.000,0.000,1.0,50,50,50,50.000,50.000,50.000,50.000,50.000,"3,506,400.000",105.00,R$/MWh,0.00,0.00,"368,172,000.00",#REF!,#REF!,0.00,0.00,0.00,1/1/2007,12/31/2014,Não,"2,602.56",#REF!
,176,2006,LEE,05ºLEE,Leilão de Energia Existente,006/2006,CEEE,92.715.812/0001-31,2007-08,-,-,Sem Pendências,-,-,-,S,0.00,#REF!,0.000,,,0.000,0.000,1.0,15,15,15,15.000,15.000,15.000,15.000,15.000,"1,051,920.000",104.49,R$/MWh,0.00,0.00,"109,915,120.80",#REF!,#REF!,0.00,0.00,0.00,1/1/2007,12/31/2014,Não,"2,602.56",#REF!
,177,2006,LEE,05ºLEE,Leilão de Energia Existente,006/2006,CELG G-T,07.779.299/0001-73,2007-08,-,-,Sem Pendências,-,-,-,SE,0.00,#REF!,0.000,,,0.000,0.000,1.0,9,9,9,9.000,9.000,9.000,9.000,9.000,"631,152.000",100.00,R$/MWh,0.00,0.00,"63,115,200.00",#REF!,#REF!,0.00,0.00,0.00,1/1/2007,12/31/2014,Não,"2,602.56",#REF!
,178,2007,LAJ,04ºLAJ,Leilão de Ajuste,001/2007,CHESF,33.541.368/0001-16,COS0904NE,-,-,Sem Pendências,-,-,-,NE,0.00,#REF!,0.000,,,0.000,0.000,0.5,6,0,6,3.000,0.000,0.000,0.000,3.000,"19,797.000",64.56,R$/MWh,0.00,0.00,"1,278,094.32",#REF!,#REF!,0.00,0.00,0.00,4/1/2007,12/31/2007,Não,"2,638.12",#REF!
,179,2007,LAJ,04ºLAJ,Leilão de Ajuste,001/2007,CHESF,33.541.368/0001-16,CPE0404NE,-,-,Sem Pendências,-,-,-,NE,0.00,#REF!,0.000,,,0.000,0.000,0.5,69,0,69,34.500,0.000,0.000,0.000,34.500,"101,016.000",46.80,R$/MWh,0.00,0.00,"4,727,548.80",#REF!,#REF!,0.00,0.00,0.00,4/1/2007,7/31/2007,Não,"2,638.12",#REF!
,180,2007,LAJ,04ºLAJ,Leilão de Ajuste,001/2007,ELETRONORTE,00.357.038/0001-16,CTI0904N,-,-,Sem Pendências,-,-,-,N,0.00,#REF!,0.000,,,0.000,0.000,0.5,3,0,3,1.500,0.000,0.000,0.000,1.500,"9,898.500",69.53,R$/MWh,0.00,0.00,"688,242.71",#REF!,#REF!,0.00,0.00,0.00,4/1/2007,12/31/2007,Não,"2,638.12",#REF!
,181,2007,LAJ,04ºLAJ,Leilão de Ajuste,001/2007,UCE 2001,04.407.774/0001-92,EEB0904SE,-,-,Sem Pendências,-,-,-,SE,0.00,#REF!,0.000,,,0.000,0.000,0.5,2,0,2,1.000,0.000,0.000,0.000,1.000,"6,599.000",70.23,R$/MWh,0.00,0.00,"463,447.77",#REF!,#REF!,0.00,0.00,0.00,4/1/2007,12/31/2007,Não,"2,638.12",#REF!
,182,2007,LAJ,04ºLAJ,Leilão de Ajuste,001/2007,CHESF,33.541.368/0001-16,BAN0404SE,-,-,Sem Pendências,-,-,-,SE,0.00,#REF!,0.000,,,0.000,0.000,0.5,10,0,10,5.000,0.000,0.000,0.000,5.000,"14,640.000",46.98,R$/MWh,0.00,0.00,"687,787.20",#REF!,#REF!,0.00,0.00,0.00,4/1/2007,7/31/2007,Não,"2,638.12",#REF!
,183,2007,LAJ,04ºLAJ,Leilão de Ajuste,001/2007,CHESF,33.541.368/0001-16,ELE0904SE,-,-,Sem Pendências,-,-,-,SE,0.00,#REF!,0.000,,,0.000,0.000,0.5,46,0,46,23.000,0.000,0.000,0.000,23.000,"151,777.000",69.28,R$/MWh,0.00,0.00,"10,515,110.56",#REF!,#REF!,0.00,0.00,0.00,4/1/2007,12/31/2007,Não,"2,638.12",#REF!
,184,2007,LAJ,04ºLAJ,Leilão de Ajuste,001/2007,UCE 2001,04.407.774/0001-92,ELE0904SE,-,-,Sem Pendências,-,-,-,SE,0.00,#REF!,0.000,,,0.000,0.000,0.5,16,0,16,8.000,0.000,0.000,0.000,8.000,"52,792.000",69.28,R$/MWh,0.00,0.00,"3,657,429.76",#REF!,#REF!,0.00,0.00,0.00,4/1/2007,12/31/2007,Não,"2,638.12",#REF!
,185,2007,LAJ,04ºLAJ,Leilão de Ajuste,001/2007,CHESF,33.541.368/0001-16,ENE0404SE,-,-,Sem Pendências,-,-,-,SE,0.00,#REF!,0.000,,,0.000,0.000,0.5,14,0,14,7.000,0.000,0.000,0.000,7.000,"20,496.000",46.69,R$/MWh,0.00,0.00,"956,958.24",#REF!,#REF!,0.00,0.00,0.00,4/1/2007,7/31/2007,Não,"2,638.12",#REF!
,186,2007,LAJ,04ºLAJ,Leilão de Ajuste,001/2007,FURNAS,23.274.194/0001-19,ENE0404SE,-,-,Sem Pendências,-,-,-,SE,0.00,#REF!,0.000,,,0.000,0.000,0.5,10,0,10,5.000,0.000,0.000,0.000,5.000,"14,640.000",46.69,R$/MWh,0.00,0.00,"683,541.60",#REF!,#REF!,0.00,0.00,0.00,4/1/2007,7/31/2007,Não,"2,638.12",#REF!
,187,2007,LAJ,04ºLAJ,Leilão de Ajuste,001/2007,CHESF,33.541.368/0001-16,ESC0404SE,-,-,Sem Pendências,-,-,-,SE,0.00,#REF!,0.000,,,0.000,0.000,0.5,32,0,32,16.000,0.000,0.000,0.000,16.000,"46,848.000",45.98,R$/MWh,0.00,0.00,"2,154,071.04",#REF!,#REF!,0.00,0.00,0.00,4/1/2007,7/31/2007,Não,"2,638.12",#REF!
,188,2007,LAJ,04ºLAJ,Leilão de Ajuste,001/2007,UCE 2001,04.407.774/0001-92,COS0904NE,-,-,Sem Pendências,-,-,-,NE,0.00,#REF!,0.000,,,0.000,0.000,0.5,2,0,2,1.000,0.000,0.000,0.000,1.000,"6,599.000",64.56,R$/MWh,0.00,0.00,"426,031.44",#REF!,#REF!,0.00,0.00,0.00,4/1/2007,12/31/2007,Não,"2,638.12",#REF!
,189,2007,LAJ,04ºLAJ,Leilão de Ajuste,001/2007,CHESF,33.541.368/0001-16,CEB0404SE,-,-,Sem Pendências,-,-,-,SE,0.00,#REF!,0.000,,,0.000,0.000,0.5,6,0,6,3.000,0.000,0.000,0.000,3.000,"8,784.000",47.27,R$/MWh,0.00,0.00,"415,219.68",#REF!,#REF!,0.00,0.00,0.00,4/1/2007,7/31/2007,Não,"2,638.12",#REF!
,190,2007,LAJ,04ºLAJ,Leilão de Ajuste,001/2007,ENERTRADE,04.149.295/0001-13,ESC0404SE,-,-,Sem Pendências,-,-,-,SE,0.00,#REF!,0.000,,,0.000,0.000,0.5,9,0,9,4.500,0.000,0.000,0.000,4.500,"13,176.000",45.98,R$/MWh,0.00,0.00,"605,832.48",#REF!,#REF!,0.00,0.00,0.00,4/1/2007,7/31/2007,Não,"2,638.12",#REF!
,191,2007,LAJ,04ºLAJ,Leilão de Ajuste,001/2007,ENERTRADE,04.149.295/0001-13,BAN0404SE,-,-,Sem Pendências,-,-,-,SE,0.00,#REF!,0.000,,,0.000,0.000,0.5,40,0,40,20.000,0.000,0.000,0.000,20.000,"58,560.000",46.98,R$/MWh,0.00,0.00,"2,751,148.80",#REF!,#REF!,0.00,0.00,0.00,4/1/2007,7/31/2007,Não,"2,638.12",#REF!
,192,2007,LAJ,04ºLAJ,Leilão de Ajuste,001/2007,FURNAS,23.274.194/0001-19,BAN0404SE,-,-,Sem Pendências,-,-,-,SE,0.00,#REF!,0.000,,,0.000,0.000,0.5,16,0,16,8.000,0.000,0.000,0.000,8.000,"23,424.000",46.98,R$/MWh,0.00,0.00,"1,100,459.52",#REF!,#REF!,0.00,0.00,0.00,4/1/2007,7/31/2007,Não,"2,638.12",#REF!
,193,2007,LAJ,04ºLAJ,Leilão de Ajuste,001/2007,ELETRONORTE,00.357.038/0001-16,CPA0904N,-,-,Sem Pendências,-,-,-,N,0.00,#REF!,0.000,,,0.000,0.000,0.5,19,0,19,9.500,0.000,0.000,0.000,9.500,"62,690.500",68.14,R$/MWh,0.00,0.00,"4,271,730.67",#REF!,#REF!,0.00,0.00,0.00,4/1/2007,12/31/2007,Não,"2,638.12",#REF!
,194,2007,LAJ,04ºLAJ,Leilão de Ajuste,001/2007,CHESF,33.541.368/0001-16,CEA0904NE,-,-,Sem Pendências,-,-,-,NE,0.00,#REF!,0.000,,,0.000,0.000,0.5,7,0,7,3.500,0.000,0.000,0.000,3.500,"23,096.500",62.92,R$/MWh,0.00,0.00,"1,453,231.78",#REF!,#REF!,0.00,0.00,0.00,4/1/2007,12/31/2007,Não,"2,638.12",#REF!
,195,2007,LAJ,04ºLAJ,Leilão de Ajuste,001/2007,COPEL GET,04.370.282/0001-70,COP0904S,-,-,Sem Pendências,-,-,-,S,0.00,#REF!,0.000,,,0.000,0.000,0.5,46,0,46,23.000,0.000,0.000,0.000,23.000,"151,777.000",51.75,R$/MWh,0.00,0.00,"7,854,459.75",#REF!,#REF!,0.00,0.00,0.00,4/1/2007,12/31/2007,Não,"2,638.12",#REF!
,196,2007,LAJ,04ºLAJ,Leilão de Ajuste,001/2007,FURNAS,23.274.194/0001-19,CEB0404SE,-,-,Sem Pendências,-,-,-,SE,0.00,#REF!,0.000,,,0.000,0.000,0.5,6,0,6,3.000,0.000,0.000,0.000,3.000,"8,784.000",47.27,R$/MWh,0.00,0.00,"415,219.68",#REF!,#REF!,0.00,0.00,0.00,4/1/2007,7/31/2007,Não,"2,638.12",#REF!
,197,2007,LAJ,04ºLAJ,Leilão de Ajuste,001/2007,CHESF,33.541.368/0001-16,CEL0404NE,-,-,Sem Pendências,-,-,-,NE,0.00,#REF!,0.000,,,0.000,0.000,0.5,4,0,4,2.000,0.000,0.000,0.000,2.000,"5,856.000",47.27,R$/MWh,0.00,0.00,"276,813.12",#REF!,#REF!,0.00,0.00,0.00,4/1/2007,7/31/2007,Não,"2,638.12",#REF!
,198,2007,LAJ,04ºLAJ,Leilão de Ajuste,001/2007,CHESF,33.541.368/0001-16,CEM0904SE,-,-,Sem Pendências,-,-,-,SE,0.00,#REF!,0.000,,,0.000,0.000,0.5,11,0,11,5.500,0.000,0.000,0.000,5.500,"36,294.500",67.46,R$/MWh,0.00,0.00,"2,448,426.97",#REF!,#REF!,0.00,0.00,0.00,4/1/2007,12/31/2007,Não,"2,638.12",#REF!
,199,2007,LAJ,04ºLAJ,Leilão de Ajuste,001/2007,UCE 2001,04.407.774/0001-92,CNE0904SE,-,-,Sem Pendências,-,-,-,SE,0.00,#REF!,0.000,,,0.000,0.000,0.5,1,0,1,0.500,0.000,0.000,0.000,0.500,"3,299.500",70.23,R$/MWh,0.00,0.00,"231,723.89",#REF!,#REF!,0.00,0.00,0.00,4/1/2007,12/31/2007,Não,"2,638.12",#REF!
,200,2007,LAJ,04ºLAJ,Leilão de Ajuste,001/2007,CHESF,33.541.368/0001-16,CAI0904SE,-,-,Sem Pendências,-,-,-,SE,0.00,#REF!,0.000,,,0.000,0.000,0.5,3,0,3,1.500,0.000,0.000,0.000,1.500,"9,898.500",68.83,R$/MWh,0.00,0.00,"681,313.76",#REF!,#REF!,0.00,0.00,0.00,4/1/2007,12/31/2007,Não,"2,638.12",#REF!
,201,2007,LFA,01ºLFA,Leilão de Fontes Alternativas,003/2007,FENIX,08.689.265/0001-50,2010-OF15,UTE.FL.SC.029640-6.01,XANXERE,Outorga Revogada,SC,Biomassa,Criadouro Agrícola,S,0.00,#REF!,30.000,,,0.000,27.100,1.0,25,25,25,25.000,25.000,25.000,25.000,25.000,"3,287,400.000",138.50,R$/MWh,0.00,0.00,"455,304,900.00",#REF!,#REF!,"27,484,499.99","27,484,499.99","27,484,499.99",1/1/2010,12/31/2024,Não,"2,661.93",#REF!
,202,2007,LFA,01ºLFA,Leilão de Fontes Alternativas,003/2007,USC STA CRUZ,10.763.227/0001-42,2010-OF15,UTE.AI.SP.001609-8.01,SANTA CRUZ AB FASE 1,Sem Pendências,SP,Biomassa,Bagaço de Cana de Açúcar,SE,0.00,#REF!,25.000,,,0.000,14.000,1.0,6,6,6,6.000,6.000,6.000,6.000,6.000,"788,976.000",138.75,R$/MWh,0.00,0.00,"109,470,420.00",#REF!,#REF!,"7,520,648.23","7,520,648.23","7,520,648.23",1/1/2010,12/31/2024,Não,"2,661.93",#REF!
,203,2007,LFA,01ºLFA,Leilão de Fontes Alternativas,003/2007,USC STA CRUZ,10.763.227/0001-42,2010-OF15,UTE.AI.SP.001609-8.01,SANTA CRUZ AB FASE 2,Sem Pendências,SP,Biomassa,Bagaço de Cana de Açúcar,SE,0.00,#REF!,25.000,,,0.000,14.000,1.0,6,6,6,14.000,14.000,14.000,14.000,14.000,"1,840,944.000",138.75,R$/MWh,0.00,0.00,"255,430,980.00",#REF!,#REF!,"17,548,180.18","17,548,180.18","17,548,180.18",1/1/2010,12/31/2024,Não,"2,661.93",#REF!
,204,2007,LFA,01ºLFA,Leilão de Fontes Alternativas,003/2007,GDA DEDINI,06.252.818/0001-88,2010-OF15,UTE.AI.SP.027709-6.01,SÃO JOÃO DA BOA VISTA ,Sem Pendências,SP,Biomassa,Bagaço de Cana de Açúcar,SE,0.00,#REF!,70.000,,,0.000,23.000,1.0,23,23,23,23.000,23.000,23.000,23.000,23.000,"3,024,408.000",138.60,R$/MWh,0.00,0.00,"419,182,948.80",#REF!,#REF!,"28,440,702.94","28,440,702.94","28,440,702.94",1/1/2010,12/31/2024,Não,"2,661.93",#REF!
,205,2007,LFA,01ºLFA,Leilão de Fontes Alternativas,003/2007,CGL,08.377.974/0001-09,2010-H30,PCH.PH.SC.029652-0.01,SANTA LUZIA ALTO,Sem Pendências,SC,Hidrelétrica (PCH),-,S,0.00,#REF!,28.500,,,0.000,18.400,1.0,14,14,14,14.000,14.000,14.000,14.000,14.000,"3,681,552.000",135.00,R$/MWh,0.00,0.00,"497,009,520.00",#REF!,#REF!,0.00,0.00,0.00,1/1/2010,12/31/2039,Não,"2,661.93",#REF!
,206,2007,LFA,01ºLFA,Leilão de Fontes Alternativas,003/2007,CEM,09.119.054/0001-45,2010-H30,PCH.PH.MG.027729-0.01,VARGINHA,Sem Pendências,MG,Hidrelétrica (PCH),-,SE,0.00,#REF!,7.000,,,0.000,4.400,1.0,4,4,4,4.000,4.000,4.000,4.000,4.000,"1,051,872.000",135.00,R$/MWh,0.00,0.00,"142,002,720.00",#REF!,#REF!,0.00,0.00,0.00,1/1/2010,12/31/2039,Não,"2,661.93",#REF!
,207,2007,LFA,01ºLFA,Leilão de Fontes Alternativas,003/2007,AKEP,08.995.894/0001-09,2010-H30,PCH.PH.PE.029666-0.01,PEDRA FURADA,Sem Pendências,PE,Hidrelétrica (PCH),-,NE,0.00,#REF!,6.500,,,0.000,3.200,1.0,3,3,3,3.000,3.000,3.000,3.000,3.000,"788,904.000",134.97,R$/MWh,0.00,0.00,"106,478,372.88",#REF!,#REF!,0.00,0.00,0.00,1/1/2010,12/31/2039,Não,"2,661.93",#REF!
,208,2007,LFA,01ºLFA,Leilão de Fontes Alternativas,003/2007,PAMPEANA,07.512.519/0001-06,2010-H30,PCH.PH.MT.029376-8.01,PAMPEANA,Sem Pendências,MT,Hidrelétrica (PCH),-,SE,0.00,#REF!,28.000,,,0.000,22.700,1.0,5,5,5,5.000,5.000,5.000,5.000,5.000,"1,314,840.000",135.00,R$/MWh,0.00,0.00,"177,503,400.00",#REF!,#REF!,0.00,0.00,0.00,1/1/2010,12/31/2039,Não,"2,661.93",#REF!
,209,2007,LFA,01ºLFA,Leilão de Fontes Alternativas,003/2007,PIONEIROS,10.235.093/0001-97,2010-OF15,UTE.AI.SP.029642-2.01,PIONEIROS II,Sem Pendências,SP,Biomassa,Bagaço de Cana de Açúcar,SE,0.00,#REF!,35.000,,,0.000,16.900,1.0,12,12,12,12.000,12.000,12.000,12.000,12.000,"1,577,952.000",139.12,R$/MWh,0.00,0.00,"219,524,682.24",#REF!,#REF!,"14,995,616.46","14,995,616.46","14,995,616.46",1/1/2010,12/31/2024,Não,"2,661.93",#REF!
,210,2007,LFA,01ºLFA,Leilão de Fontes Alternativas,003/2007,USINA ESTER,60.892.098/0001-60,2010-OF15,UTE.AI.SP.000912-1.01,ESTER,Sem Pendências,SP,Biomassa,Bagaço de Cana de Açúcar,SE,0.00,#REF!,30.000,,,0.000,10.200,1.0,7,7,7,7.000,7.000,7.000,7.000,7.000,"920,472.000",138.90,R$/MWh,0.00,0.00,"127,853,560.80",#REF!,#REF!,"8,740,027.84","8,740,027.84","8,740,027.84",1/1/2010,12/31/2024,Não,"2,661.93",#REF!
,211,2007,LFA,01ºLFA,Leilão de Fontes Alternativas,003/2007,IBIRAMA,05.515.009/0001-59,2010-H30,PCH.PH.SC.029049-1.01,IBIRAMA,Sem Pendências,SC,Hidrelétrica (PCH),-,S,0.00,#REF!,21.000,,,0.000,13.900,1.0,13,13,13,13.000,13.000,13.000,13.000,13.000,"3,418,584.000",134.98,R$/MWh,0.00,0.00,"461,440,468.32",#REF!,#REF!,0.00,0.00,0.00,1/1/2010,12/31/2039,Não,"2,661.93",#REF!
,212,2007,LFA,01ºLFA,Leilão de Fontes Alternativas,003/2007,UTEIAC - IACANGA,07.280.328/0001-58,2010-OF15,UTE.AI.SP.029636-8.01,IACANGA,Sem Pendências,SP,Biomassa,Bagaço de Cana de Açúcar,SE,0.00,#REF!,12.000,,,0.000,7.800,1.0,4,4,4,4.000,4.000,4.000,4.000,4.000,"525,984.000",138.94,R$/MWh,0.00,0.00,"73,080,216.96",#REF!,#REF!,"4,923,695.99","4,923,695.99","4,923,695.99",1/1/2010,12/31/2024,Não,"2,661.93",#REF!
,213,2007,LFA,01ºLFA,Leilão de Fontes Alternativas,003/2007,FLORALCO,60.918.968/0001-23,2010-OF15,UTE.AI.SP.027751-7.01,FLÓRIDA PAULISTA,Outorga Revogada,SP,Biomassa,Bagaço de Cana de Açúcar,SE,0.00,#REF!,55.000,,,0.000,21.800,1.0,8,8,8,8.000,8.000,8.000,8.000,8.000,"1,051,968.000",139.12,R$/MWh,0.00,0.00,"146,349,788.16",#REF!,#REF!,"10,025,088.67","10,025,088.67","10,025,088.67",1/1/2010,12/31/2024,Não,"2,661.93",#REF!
,214,2007,LFA,01ºLFA,Leilão de Fontes Alternativas,003/2007,LDC BIOENERGIA S/A,15.527.906/0001-36,2010-OF15,UTE.AI.MS.029718-6.01,LOUIS DREYFUS RIO BRILHANTE - FASE 1,Sem Pendências,MS,Biomassa,Bagaço de Cana de Açúcar,SE,0.00,#REF!,40.000,,,0.000,22.600,1.0,10,10,10,10.000,10.000,10.000,10.000,10.000,"1,314,960.000",139.12,R$/MWh,0.00,0.00,"182,937,235.20",#REF!,#REF!,"12,558,585.14","12,558,585.14","12,558,585.14",1/1/2010,12/31/2024,Não,"2,661.93",#REF!
,215,2007,LFA,01ºLFA,Leilão de Fontes Alternativas,003/2007,LDC BIOENERGIA S/A,15.527.906/0001-36,2010-OF15,UTE.AI.MS.029718-6.01,LOUIS DREYFUS RIO BRILHANTE - FASE 2,Sem Pendências,MS,Biomassa,Bagaço de Cana de Açúcar,SE,0.00,#REF!,50.000,,,0.000,26.300,1.0,10,10,10,12.000,12.000,12.000,12.000,12.000,"1,577,952.000",139.12,R$/MWh,0.00,0.00,"219,524,682.24",#REF!,#REF!,"15,059,129.69","15,059,129.69","15,059,129.69",1/1/2010,12/31/2024,Não,"2,661.93",#REF!
,216,2007,LFA,01ºLFA,Leilão de Fontes Alternativas,003/2007,LDC BIO R PRATA,15.527.906/0001-36,2010-OF15,UTE.AI.MG.029717-8.01,LOUIS DREYFUS LAGOA DA PRATA FASE 2,Sem Pendências,MG,Biomassa,Bagaço de Cana de Açúcar,SE,0.00,#REF!,20.000,,,0.000,7.200,1.0,6,6,6,6.000,6.000,6.000,6.000,6.000,"788,976.000",139.12,R$/MWh,0.00,0.00,"109,762,341.12",#REF!,#REF!,"7,554,276.96","7,554,276.96","7,554,276.96",1/1/2010,12/31/2024,Não,"2,661.93",#REF!
,217,2007,LFA,01ºLFA,Leilão de Fontes Alternativas,003/2007,LDC BIO R PRATA,15.527.906/0001-36,2010-OF15,UTE.AI.MG.029717-8.01,LOUIS DREYFUS LAGOA DA PRATA FASE 1,Sem Pendências,MG,Biomassa,Bagaço de Cana de Açúcar,SE,0.00,#REF!,40.000,,,0.000,22.600,1.0,6,6,6,13.000,13.000,13.000,13.000,13.000,"1,709,448.000",139.12,R$/MWh,0.00,0.00,"237,818,405.76",#REF!,#REF!,"16,326,160.67","16,326,160.67","16,326,160.67",1/1/2010,12/31/2024,Não,"2,661.93",#REF!
,218,2007,LFA,01ºLFA,Leilão de Fontes Alternativas,003/2007,CEM,09.076.988/0001-47,2010-H30,PCH.PH.SC.028755-5.01,ARVOREDO,Sem Pendências,SC,Hidrelétrica (PCH),-,S,0.00,#REF!,11.070,,,0.000,7.200,1.0,7,7,7,7.000,7.000,7.000,7.000,7.000,"1,840,776.000",135.00,R$/MWh,0.00,0.00,"248,504,760.00",#REF!,#REF!,0.00,0.00,0.00,1/1/2010,12/31/2039,Não,"2,661.93",#REF!
,219,2007,LEN,04ºLEN,Leilão de Energia Nova,002/2007,WBR,09.043.782/0001-10,2010-T15,UTE.PE.ES.029664-3.01,VIANA,Sem Pendências,ES,Óleo Combustível,Óleo Combustível,SE,0.00,#REF!,170.800,,,0.000,121.500,1.0,121,121,121,121.000,121.000,121.000,121.000,121.000,"15,911,016.000",133.21,R$/MWh,0.00,0.00,"2,119,506,441.36",#REF!,#REF!,"63,499,999.97","63,499,999.97","63,499,999.97",1/1/2010,12/31/2024,Não,"2,669.38",#REF!
,220,2007,LEN,04ºLEN,Leilão de Energia Nova,002/2007,TERMOMANAUS,10.366.780/0001-41,2010-T15,UTE.PE.PB.029638-4.01,TERMOPARAIBA,Sem Pendências,PB,Óleo Combustível,Óleo Combustível,NE,0.00,#REF!,170.800,,,0.000,123.900,1.0,123,123,123,123.000,123.000,123.000,123.000,123.000,"16,174,008.000",135.92,R$/MWh,0.00,0.00,"2,198,371,167.36",#REF!,#REF!,"70,189,042.98","70,189,042.98","70,189,042.98",1/1/2010,12/31/2024,Não,"2,669.38",#REF!
,221,2007,LEN,04ºLEN,Leilão de Energia Nova,002/2007,TERMOMANAUS,10.366.780/0001-41,2010-T15,UTE.PE.PB.029641-4.01,TERMONORDESTE,Sem Pendências,RN,Óleo Combustível,Óleo Combustível,NE,0.00,#REF!,170.800,,,0.000,123.800,1.0,123,123,123,123.000,123.000,123.000,123.000,123.000,"16,174,008.000",135.97,R$/MWh,0.00,0.00,"2,199,179,867.76",#REF!,#REF!,"70,255,262.98","70,255,262.98","70,255,262.98",1/1/2010,12/31/2024,Não,"2,669.38",#REF!
,222,2007,LEN,04ºLEN,Leilão de Energia Nova,002/2007,SOBRAL,09.110.880/0001-23,2010-T15,UTE.PE.MA.029705-4.01,TOCANTINOPOLIS (GERAMAR I),Sem Pendências,MA,Óleo Combustível,Óleo Combustível,N,0.00,#REF!,165.000,,,0.000,120.800,1.0,120,120,120,120.000,120.000,120.000,120.000,120.000,"15,779,520.000",135.90,R$/MWh,0.00,0.00,"2,144,436,768.00",#REF!,#REF!,"68,108,220.90","68,108,220.90","68,108,220.90",1/1/2010,12/31/2024,Não,"2,669.38",#REF!
,223,2007,LEN,04ºLEN,Leilão de Energia Nova,002/2007,TERMOCABO,04.623.135/0001-64,2010-T15,UTE.GN.PE.028326-6.01,TERMOCABO,Sem Pendências,PE,Óleo Combustível,Óleo Combustível,NE,0.00,#REF!,49.700,,,0.000,38.000,1.0,38,38,38,38.000,38.000,38.000,38.000,38.000,"4,996,848.000",134.80,R$/MWh,0.00,0.00,"673,575,110.40",#REF!,#REF!,"21,292,232.31","21,292,232.31","21,292,232.31",1/1/2010,12/31/2024,Não,"2,669.38",#REF!
,224,2007,LEN,04ºLEN,Leilão de Energia Nova,002/2007,SOUTHBAHIA,07.682.252/0001-97,2010-T15,UTE.PE.PE.029708-9.01,MONTE PASCOAL,Outorga Revogada,BA,Óleo Combustível,Óleo Combustível,NE,0.00,#REF!,137.600,,,0.000,104.800,1.0,104,104,104,104.000,104.000,104.000,104.000,104.000,"13,675,584.000",132.80,R$/MWh,0.00,0.00,"1,816,117,555.20",#REF!,#REF!,"56,724,258.05","56,724,258.05","56,724,258.05",1/1/2010,12/31/2024,Não,"2,669.38",#REF!
,225,2007,LEN,04ºLEN,Leilão de Energia Nova,002/2007,SOBRAL,09.110.880/0001-23,2010-T15,UTE.PE.MA.029668-6.01,NOVA OLINDA (GERAMAR II),Sem Pendências,MA,Óleo Combustível,Óleo Combustível,N,0.00,#REF!,165.000,,,0.000,120.800,1.0,120,120,120,120.000,120.000,120.000,120.000,120.000,"15,779,520.000",136.00,R$/MWh,0.00,0.00,"2,146,014,720.00",#REF!,#REF!,"68,213,340.90","68,213,340.90","68,213,340.90",1/1/2010,12/31/2024,Não,"2,669.38",#REF!
,226,2007,LEN,04ºLEN,Leilão de Energia Nova,002/2007,BORBOREMA,09.036.424/0001-80,2010-T15,UTE.PE.PB.000612-2.01,CAMPINA GRANDE,Sem Pendências,PB,Óleo Combustível,Óleo Combustível,NE,0.00,#REF!,164.200,,,0.000,123.600,1.0,119,119,119,119.000,119.000,119.000,119.000,119.000,"15,648,024.000",132.83,R$/MWh,0.00,0.00,"2,078,527,027.92",#REF!,#REF!,"64,889,490.35","64,889,490.35","64,889,490.35",1/1/2010,12/31/2024,Não,"2,669.38",#REF!
,227,2007,LEN,04ºLEN,Leilão de Energia Nova,002/2007,GLOBAL,09.497.818/0001-36,2010-T15,UTE.PE.BA.029653-8.01,GLOBAL I,Sem Pendências,BA,Óleo Combustível,Óleo Combustível,NE,0.00,#REF!,148.800,,,0.000,105.300,1.0,105,105,105,105.000,105.000,105.000,105.000,105.000,"13,807,080.000",135.90,R$/MWh,0.00,0.00,"1,876,382,172.00",#REF!,#REF!,"60,094,603.36","60,094,603.36","60,094,603.36",1/1/2010,12/31/2024,Não,"2,669.38",#REF!
,228,2007,LEN,04ºLEN,Leilão de Energia Nova,002/2007,GLOBAL,09.497.818/0001-36,2010-T15,UTE.PE.BA.029639-2.01,GLOBAL II,Sem Pendências,BA,Óleo Combustível,Óleo Combustível,NE,0.00,#REF!,148.800,,,0.000,109.300,1.0,105,105,105,109.000,109.000,109.000,109.000,109.000,"14,333,064.000",135.90,R$/MWh,0.00,0.00,"1,947,863,397.60",#REF!,#REF!,"62,343,626.38","62,343,626.38","62,343,626.38",1/1/2010,12/31/2024,Não,"2,669.38",#REF!
,229,2007,LEN,04ºLEN,Leilão de Energia Nova,002/2007,SOUTHBAHIA,09.093.822/0001-39,2010-T15,UTE.PE.PE.029681-3.01,ITAPEBI,Outorga Revogada,PE,Óleo Combustível,Óleo Combustível,NE,0.00,#REF!,137.600,,,0.000,103.700,1.0,104,104,104,103.000,103.000,103.000,103.000,103.000,"13,544,088.000",133.60,R$/MWh,0.00,0.00,"1,809,490,156.80",#REF!,#REF!,"56,650,527.20","56,650,527.20","56,650,527.20",1/1/2010,12/31/2024,Não,"2,669.38",#REF!
,230,2007,LEN,04ºLEN,Leilão de Energia Nova,002/2007,THERMES,09.047.261/0001-31,2010-T15,UTE.PE.CE.029654-6.01,MARACANAU I,Sem Pendências,CE,Óleo Combustível,Óleo Combustível,NE,0.00,#REF!,162.300,,,0.000,122.900,1.0,119,119,119,119.000,119.000,119.000,119.000,119.000,"15,648,024.000",133.13,R$/MWh,0.00,0.00,"2,083,221,435.12",#REF!,#REF!,"65,360,961.86","65,360,961.86","65,360,961.86",1/1/2010,12/31/2024,Não,"2,669.38",#REF!
,231,2007,LAJ,06ºLAJ,Leilão de Ajuste,003/2007,CHESF,33.541.368/0001-16,ENE121SE,-,-,Sem Pendências,-,-,-,SE,0.00,#REF!,0.000,,,0.000,0.000,0.5,8,0,8,4.000,0.000,0.000,0.000,4.000,"35,136.000",138.60,R$/MWh,0.00,0.00,"4,869,849.60",#REF!,#REF!,0.00,0.00,0.00,1/1/2008,12/31/2008,Não,"2,688.37",#REF!
,232,2007,LAJ,06ºLAJ,Leilão de Ajuste,003/2007,CHESF,33.541.368/0001-16,CBA121NE,-,-,Sem Pendências,-,-,-,NE,0.00,#REF!,0.000,,,0.000,0.000,0.5,30,0,30,15.000,0.000,0.000,0.000,15.000,"131,760.000",138.85,R$/MWh,0.00,0.00,"18,294,876.00",#REF!,#REF!,0.00,0.00,0.00,1/1/2008,12/31/2008,Não,"2,688.37",#REF!
,233,2007,LAJ,06ºLAJ,Leilão de Ajuste,003/2007,LIGHT,01.917.818/0001-36,CEB0310SE,-,-,Sem Pendências,-,-,-,SE,0.00,#REF!,0.000,,,0.000,0.000,0.5,12,0,12,6.000,0.000,0.000,0.000,6.000,"13,242.000",127.05,R$/MWh,0.00,0.00,"1,682,396.10",#REF!,#REF!,0.00,0.00,0.00,10/1/2007,12/31/2007,Não,"2,688.37",#REF!
,234,2007,LAJ,06ºLAJ,Leilão de Ajuste,003/2007,CEMIG GERACAO,06.981.176/0001-58,CFA121SE,-,-,Sem Pendências,-,-,-,SE,0.00,#REF!,0.000,,,0.000,0.000,0.5,49,0,49,24.500,0.000,0.000,0.000,24.500,"215,208.000",139.07,R$/MWh,0.00,0.00,"29,928,976.56",#REF!,#REF!,0.00,0.00,0.00,1/1/2008,12/31/2008,Não,"2,688.37",#REF!
,235,2007,LAJ,06ºLAJ,Leilão de Ajuste,003/2007,CEMIG GERACAO,06.981.176/0001-58,CFI121SE,-,-,Sem Pendências,-,-,-,SE,0.00,#REF!,0.000,,,0.000,0.000,0.5,21,0,21,10.500,0.000,0.000,0.000,10.500,"92,232.000",139.07,R$/MWh,0.00,0.00,"12,826,704.24",#REF!,#REF!,0.00,0.00,0.00,1/1/2008,12/31/2008,Não,"2,688.37",#REF!
,236,2007,LAJ,06ºLAJ,Leilão de Ajuste,003/2007,CHESF,33.541.368/0001-16,CLB121NE,-,-,Sem Pendências,-,-,-,NE,0.00,#REF!,0.000,,,0.000,0.000,0.5,1,0,1,0.500,0.000,0.000,0.000,0.500,"4,392.000",139.03,R$/MWh,0.00,0.00,"610,619.76",#REF!,#REF!,0.00,0.00,0.00,1/1/2008,12/31/2008,Não,"2,688.37",#REF!
,237,2007,LAJ,06ºLAJ,Leilão de Ajuste,003/2007,CMS,02.150.562/0001-47,CLG121SE,-,-,Sem Pendências,-,-,-,SE,0.00,#REF!,0.000,,,0.000,0.000,0.5,19,0,19,9.500,0.000,0.000,0.000,9.500,"83,448.000",140.88,R$/MWh,0.00,0.00,"11,756,154.24",#REF!,#REF!,0.00,0.00,0.00,1/1/2008,12/31/2008,Não,"2,688.37",#REF!
,238,2007,LAJ,06ºLAJ,Leilão de Ajuste,003/2007,CEMIG GERACAO,06.981.176/0001-58,CMG121SE,-,-,Sem Pendências,-,-,-,SE,0.00,#REF!,0.000,,,0.000,0.000,0.5,7,0,7,3.500,0.000,0.000,0.000,3.500,"30,744.000",138.74,R$/MWh,0.00,0.00,"4,265,422.56",#REF!,#REF!,0.00,0.00,0.00,1/1/2008,12/31/2008,Não,"2,688.37",#REF!
,239,2007,LAJ,06ºLAJ,Leilão de Ajuste,003/2007,COPEL GET,04.370.282/0001-70,COP121S,-,-,Sem Pendências,-,-,-,S,0.00,#REF!,0.000,,,0.000,0.000,0.5,32,0,32,16.000,0.000,0.000,0.000,16.000,"140,544.000",134.00,R$/MWh,0.00,0.00,"18,832,896.00",#REF!,#REF!,0.00,0.00,0.00,1/1/2008,12/31/2008,Não,"2,688.37",#REF!
,240,2007,LAJ,06ºLAJ,Leilão de Ajuste,003/2007,CPFL BRASIL,04.973.790/0001-42,COP121S,-,-,Sem Pendências,-,-,-,S,0.00,#REF!,0.000,,,0.000,0.000,0.5,15,0,15,7.500,0.000,0.000,0.000,7.500,"65,880.000",134.00,R$/MWh,0.00,0.00,"8,827,920.00",#REF!,#REF!,0.00,0.00,0.00,1/1/2008,12/31/2008,Não,"2,688.37",#REF!
,241,2007,LAJ,06ºLAJ,Leilão de Ajuste,003/2007,CHESF,33.541.368/0001-16,CPE121NE,-,-,Sem Pendências,-,-,-,NE,0.00,#REF!,0.000,,,0.000,0.000,0.5,23,0,23,11.500,0.000,0.000,0.000,11.500,"101,016.000",138.85,R$/MWh,0.00,0.00,"14,026,071.60",#REF!,#REF!,0.00,0.00,0.00,1/1/2008,12/31/2008,Não,"2,688.37",#REF!
,242,2007,LAJ,06ºLAJ,Leilão de Ajuste,003/2007,CMS,02.150.562/0001-47,ELT121SE,-,-,Sem Pendências,-,-,-,SE,0.00,#REF!,0.000,,,0.000,0.000,0.5,34,0,34,17.000,0.000,0.000,0.000,17.000,"149,328.000",138.85,R$/MWh,0.00,0.00,"20,734,192.80",#REF!,#REF!,0.00,0.00,0.00,1/1/2008,12/31/2008,Não,"2,688.37",#REF!
,243,2007,LAJ,06ºLAJ,Leilão de Ajuste,003/2007,CEMIG GERACAO,06.981.176/0001-58,LIG121SE,-,-,Sem Pendências,-,-,-,SE,0.00,#REF!,0.000,,,0.000,0.000,0.5,43,0,43,21.500,0.000,0.000,0.000,21.500,"188,856.000",139.05,R$/MWh,0.00,0.00,"26,260,426.80",#REF!,#REF!,0.00,0.00,0.00,1/1/2008,12/31/2008,Não,"2,688.37",#REF!
,244,2007,LAJ,06ºLAJ,Leilão de Ajuste,003/2007,CMS,02.150.562/0001-47,LIG121SE,-,-,Sem Pendências,-,-,-,SE,0.00,#REF!,0.000,,,0.000,0.000,0.5,17,0,17,8.500,0.000,0.000,0.000,8.500,"74,664.000",139.05,R$/MWh,0.00,0.00,"10,382,029.20",#REF!,#REF!,0.00,0.00,0.00,1/1/2008,12/31/2008,Não,"2,688.37",#REF!
,245,2007,LAJ,06ºLAJ,Leilão de Ajuste,003/2007,CHESF,33.541.368/0001-16,SAE121NE,-,-,Sem Pendências,-,-,-,NE,0.00,#REF!,0.000,,,0.000,0.000,0.5,6,0,6,3.000,0.000,0.000,0.000,3.000,"26,352.000",139.03,R$/MWh,0.00,0.00,"3,663,718.56",#REF!,#REF!,0.00,0.00,0.00,1/1/2008,12/31/2008,Não,"2,688.37",#REF!
,246,2007,LAJ,06ºLAJ,Leilão de Ajuste,003/2007,CHESF,33.541.368/0001-16,CRN121NE,-,-,Sem Pendências,-,-,-,NE,0.00,#REF!,0.000,,,0.000,0.000,0.5,8,0,8,4.000,0.000,0.000,0.000,4.000,"35,136.000",138.85,R$/MWh,0.00,0.00,"4,878,633.60",#REF!,#REF!,0.00,0.00,0.00,1/1/2008,12/31/2008,Não,"2,688.37",#REF!
,247,2007,LAJ,06ºLAJ,Leilão de Ajuste,003/2007,ENERTRADE,04.149.295/0001-13,ESC121SE,-,-,Sem Pendências,-,-,-,SE,0.00,#REF!,0.000,,,0.000,0.000,0.5,14,0,14,7.000,0.000,0.000,0.000,7.000,"61,488.000",138.82,R$/MWh,0.00,0.00,"8,535,764.16",#REF!,#REF!,0.00,0.00,0.00,1/1/2008,12/31/2008,Não,"2,688.37",#REF!
,248,2007,LEN,05ºLEN,Leilão de Energia Nova,001/2007,FURNAS,23.274.194/0001-19,2012-T15,UTE.GN.RJ.027243-4.01,SANTA CRUZ NOVA - UNIDADES 1 E 2,Sem Pendências,RJ,Gás Natural,Gás Natural,SE,0.00,#REF!,500.000,,,0.000,401.200,1.0,351,351,351,351.000,351.000,351.000,351.000,351.000,"46,155,096.000",129.34,R$/MWh,0.00,0.00,"5,969,700,116.64",#REF!,#REF!,"180,599,281.80","180,599,281.80","180,599,281.80",1/1/2012,12/31/2026,Não,"2,693.21",#REF!
,249,2007,LEN,05ºLEN,Leilão de Energia Nova,001/2007,ELETROSUL,00.073.957/0001-68,2012-H30,UHE.PH.MS.028761-0.01,SAO DOMINGOS,Sem Pendências,MS,Hidrelétrica (UHE),-,SE,0.00,#REF!,48.000,,,0.000,36.900,1.0,36,36,36,36.000,36.000,36.000,36.000,36.000,"9,467,712.000",126.57,R$/MWh,0.00,0.00,"1,198,328,307.84",#REF!,#REF!,0.00,0.00,0.00,1/1/2012,12/31/2041,Não,"2,693.21",#REF!
,250,2007,LEN,05ºLEN,Leilão de Energia Nova,001/2007,SUAPE II,09.373.678/0001-94,2012-T15,UTE.PE.PE.029719-4.01,SUAPE II,Sem Pendências,PE,Óleo Combustível,Óleo Combustível,NE,0.00,#REF!,350.000,,,0.000,265.400,1.0,265,265,265,265.000,265.000,265.000,265.000,265.000,"34,846,440.000",131.49,R$/MWh,0.00,0.00,"4,581,958,395.60",#REF!,#REF!,"141,700,000.02","141,700,000.02","141,700,000.02",1/1/2012,12/31/2026,Não,"2,693.21",#REF!
,251,2007,LEN,05ºLEN,Leilão de Energia Nova,001/2007,DIFERENCIAL,08.219.477/0001-74,2012-T15,UTE.CM.MA.029700-3.01,TERMOMARANHAO (PORTO DO ITAQUI),Data de Suprimento Alterada,MA,Carvão,Carvão,N,0.00,#REF!,350.000,,,0.000,332.700,1.0,315,315,315,315.000,315.000,315.000,315.000,315.000,"41,421,240.000",128.95,R$/MWh,0.00,0.00,"5,341,268,898.00",#REF!,#REF!,"220,677,302.66","220,677,302.66","220,677,302.66",1/1/2012,12/31/2026,Não,"2,693.21",#REF!
,252,2007,LEN,05ºLEN,Leilão de Energia Nova,001/2007,GEFAC,07.727.966/0001-74,2012-H30,UHE.PH.GO.028355-0.01,SERRA DO FACAO,Sem Pendências,GO,Hidrelétrica (UHE),-,SE,0.00,#REF!,210.000,,,0.000,182.400,1.0,121,121,121,121.000,121.000,121.000,121.000,121.000,"31,822,032.000",131.49,R$/MWh,0.00,0.00,"4,184,278,987.68",#REF!,#REF!,0.00,0.00,0.00,1/1/2012,12/31/2041,Não,"2,693.21",#REF!
,253,2007,LEN,05ºLEN,Leilão de Energia Nova,001/2007,MPX,08.976.495/0001-09,2012-T15,UTE.CM.CE.029720-8.01,MPX (PORTO DO PECÉM I),Data de Suprimento Alterada,CE,Carvão,Carvão,NE,0.00,#REF!,700.000,,,0.000,631.000,1.0,615,615,615,615.000,615.000,615.000,615.000,615.000,"80,870,040.000",125.95,R$/MWh,0.00,0.00,"10,185,581,538.00",#REF!,#REF!,"417,424,380.59","417,424,380.59","417,424,380.59",1/1/2012,12/31/2026,Não,"2,693.21",#REF!
,254,2007,LEN,05ºLEN,Leilão de Energia Nova,001/2007,FOZ DO CHAPECO,04.591.168/0001-70,2012-H30,UHE.PH.RS.028354-1.01,FOZ DO CHAPECO,Sem Pendências,RS,Hidrelétrica (UHE),-,S,0.00,#REF!,855.000,,,0.000,432.000,1.0,259,259,259,259.000,259.000,259.000,259.000,259.000,"68,114,928.000",131.49,R$/MWh,0.00,0.00,"8,956,431,882.72",#REF!,#REF!,0.00,0.00,0.00,1/1/2012,12/31/2041,Não,"2,693.21",#REF!
,255,2007,LEN,05ºLEN,Leilão de Energia Nova,001/2007,SESA,08.976.022/0001-01,2012-H30,UHE.PH.MA.028863-2.01,ESTREITO,Sem Pendências,MA,Hidrelétrica (UHE),-,N,0.00,#REF!,"1,087.000",,,0.000,641.100,1.0,256,256,256,256.000,256.000,256.000,256.000,256.000,"67,325,952.000",126.57,R$/MWh,0.00,0.00,"8,521,445,744.64",#REF!,#REF!,0.00,0.00,0.00,1/1/2012,12/31/2041,Não,"2,693.21",#REF!
,256,2007,LEN,05ºLEN,Leilão de Energia Nova,001/2007,CEMIG GERACAO,06.981.176/0001-58,2012-H30,UHE.PH.MG.001006-5.01,FUNIL,Sem Pendências,MG,Hidrelétrica (UHE),-,SE,0.00,#REF!,180.000,,,0.000,43.600,1.0,43,43,43,43.000,43.000,43.000,43.000,43.000,"11,308,656.000",125.90,R$/MWh,0.00,0.00,"1,423,759,790.40",#REF!,#REF!,0.00,0.00,0.00,1/1/2012,12/31/2041,Não,"2,693.21",#REF!
,257,2007,LEN,05ºLEN,Leilão de Energia Nova,001/2007,THERMES,09.208.040/0001-06,2012-T15,UTE.PE.CE.029677-5.01,MARACANAU II,Outorga Revogada,CE,Óleo Combustível,Óleo Combustível,NE,0.00,#REF!,70.000,,,0.000,53.300,1.0,51,51,51,51.000,51.000,51.000,51.000,51.000,"6,706,296.000",130.95,R$/MWh,0.00,0.00,"878,189,461.20",#REF!,#REF!,"27,209,796.68","27,209,796.68","27,209,796.68",1/1/2012,12/31/2026,Não,"2,693.21",#REF!
,258,2007,LPE,UHE Santo Antônio,Leilão de Projetos Estruturantes,005/2007,Consórcio Madeira Energia,09.391.823/0001-60,2012-H30,UHE.PH.RO.029707-0.01,UHE SANTO ANTÔNIO,Sem Pendências,RO,Hidrelétrica (UHE),Rio Madeira,SE,"9,495,381,160.00",#REF!,"3,150.400",,,0.000,"2,218.000",0.0,0,0,0,4.361,392.403,999.168,"1,498.478","1,552.600","379,236,145.674",78.87,R$/MWh,0.00,0.00,"29,910,354,809.31",#REF!,#REF!,0.00,0.00,0.00,1/1/2012,12/31/2041,Sim,"2,711.55",#REF!
,259,2008,LPE,UHE Jirau,Leilão de Projetos Estruturantes,005/2008,Consórcio Energia Sustentável do Brasil,09.029.666/0001-47,2013-H30,UHE.PH.RO.029736-4.01,UHE JIRAU,Sem Pendências,RO,Hidrelétrica (UHE),Rio Madeira,SE,"8,699,124,120.00",#REF!,"3,300.000",,,0.000,"1,975.300",0.0,0,0,0,445.387,831.365,"1,163.727","1,382.710","1,382.710","348,649,462.578",71.37,R$/MWh,0.00,0.00,"24,883,112,144.19",#REF!,#REF!,0.00,0.00,0.00,1/1/2013,12/31/2042,Sim,"2,788.33",#REF!
,260,2008,LAJ,07ºLAJ,Leilão de Ajuste,001/2008,ELETRONORTE,00.357.038/0001-16,CLT0607N,-,-,Sem Pendências,-,-,-,N,0.00,#REF!,0.000,,,0.000,0.000,0.5,21,0,21,10.500,0.000,0.000,0.000,10.500,"46,357.500",140.50,R$/MWh,0.00,0.00,"6,513,228.75",#REF!,#REF!,0.00,0.00,0.00,7/1/2008,12/31/2008,Não,"2,810.36",#REF!
,261,2008,LAJ,07ºLAJ,Leilão de Ajuste,001/2008,ELETRONORTE,00.357.038/0001-16,CPA0607N,-,-,Sem Pendências,-,-,-,N,0.00,#REF!,0.000,,,0.000,0.000,0.5,39,0,39,19.500,0.000,0.000,0.000,19.500,"86,092.500",139.44,R$/MWh,0.00,0.00,"12,004,738.20",#REF!,#REF!,0.00,0.00,0.00,7/1/2008,12/31/2008,Não,"2,810.36",#REF!
,262,2008,LAJ,07ºLAJ,Leilão de Ajuste,001/2008,TRADENER,02.691.745/0001-70,COP0310S,-,-,Sem Pendências,-,-,-,S,0.00,#REF!,0.000,,,0.000,0.000,0.5,1,0,1,0.500,0.000,0.000,0.000,0.500,"1,103.500",139.00,R$/MWh,0.00,0.00,"153,386.50",#REF!,#REF!,0.00,0.00,0.00,10/1/2008,12/31/2008,Não,"2,810.36",#REF!
,263,2008,LAJ,07ºLAJ,Leilão de Ajuste,001/2008,ELETRONORTE,00.357.038/0001-16,CMA0607N,-,-,Sem Pendências,-,-,-,N,0.00,#REF!,0.000,,,0.000,0.000,0.5,36,0,36,18.000,0.000,0.000,0.000,18.000,"79,470.000",139.49,R$/MWh,0.00,0.00,"11,085,270.30",#REF!,#REF!,0.00,0.00,0.00,7/1/2008,12/31/2008,Não,"2,810.36",#REF!
,264,2008,LAJ,07ºLAJ,Leilão de Ajuste,001/2008,TRACTEBEL,02.474.103/0001-19,CFA0307SE,-,-,Sem Pendências,-,-,-,SE,0.00,#REF!,0.000,,,0.000,0.000,0.5,80,0,80,40.000,0.000,0.000,0.000,40.000,"88,320.000",141.94,R$/MWh,0.00,0.00,"12,536,140.80",#REF!,#REF!,0.00,0.00,0.00,7/1/2008,9/30/2008,Não,"2,810.36",#REF!
,265,2008,LAJ,07ºLAJ,Leilão de Ajuste,001/2008,NC ENERGIA,04.023.261/0001-88,CBA0307NE,-,-,Sem Pendências,-,-,-,NE,0.00,#REF!,0.000,,,0.000,0.000,0.5,20,0,20,10.000,0.000,0.000,0.000,10.000,"22,080.000",139.44,R$/MWh,0.00,0.00,"3,078,835.20",#REF!,#REF!,0.00,0.00,0.00,7/1/2008,9/30/2008,Não,"2,810.36",#REF!
,266,2008,LAJ,07ºLAJ,Leilão de Ajuste,001/2008,NC ENERGIA,04.023.261/0001-88,CPE0307NE,-,-,Sem Pendências,-,-,-,NE,0.00,#REF!,0.000,,,0.000,0.000,0.5,20,0,20,10.000,0.000,0.000,0.000,10.000,"22,080.000",139.44,R$/MWh,0.00,0.00,"3,078,835.20",#REF!,#REF!,0.00,0.00,0.00,7/1/2008,9/30/2008,Não,"2,810.36",#REF!
,267,2008,LAJ,07ºLAJ,Leilão de Ajuste,001/2008,TRADENER,02.691.745/0001-70,COP0307S,-,-,Sem Pendências,-,-,-,S,0.00,#REF!,0.000,,,0.000,0.000,0.5,1,0,1,0.500,0.000,0.000,0.000,0.500,"1,104.000",134.00,R$/MWh,0.00,0.00,"147,936.00",#REF!,#REF!,0.00,0.00,0.00,7/1/2008,9/30/2008,Não,"2,810.36",#REF!
,268,2008,LER,01ºLER,Leilão de Energia de Reserva,001/2008,SANTA LUZIA,08.906.558/0001-42,2010-ER15,UTE.AI.MS.030006-3.01,SANTA LUZIA I,Sem Pendências,MS,Biomassa,Bagaço de Cana de Açúcar,SE,0.00,#REF!,130.000,,,0.000,35.500,1.0,11,13,26,11.000,13.000,26.000,26.000,26.000,"3,171,120.000",156.37,R$/MWh,60.04,60.04,"495,855,349.92",#REF!,#REF!,"15,067,427.76","17,806,960.08","35,613,920.16",1/1/2010,12/31/2024,Sim,"2,846.16",#REF!
,269,2008,LER,01ºLER,Leilão de Energia de Reserva,001/2008,ABENGOA,56.617.244/0001-72,2010-ER15,UTE.AI.SP.026869-0.01,SAO LUIZ,Sem Pendências,SP,Biomassa,Bagaço de Cana de Açúcar,SE,0.00,#REF!,70.000,,,0.000,24.000,1.0,8,8,8,8.000,8.000,8.000,8.000,8.000,"1,051,200.000",156.54,R$/MWh,60.04,60.04,"164,549,961.30",#REF!,#REF!,"10,969,997.42","10,969,997.42","10,969,997.42",1/1/2010,12/31/2024,Sim,"2,846.16",#REF!
,270,2008,LER,01ºLER,Leilão de Energia de Reserva,001/2008,SAO FERNANDO,05.894.060/0001-19,2010-ER15,UTE.AI.MS.030044-6.01,SAO FERNANDO ACUCAR E ALCOOL,Outorga Revogada,MS,Biomassa,Bagaço de Cana de Açúcar,SE,0.00,#REF!,48.000,,,0.000,13.700,1.0,5,5,5,5.000,5.000,5.000,5.000,5.000,"657,000.000",156.00,R$/MWh,59.34,59.34,"102,492,000.00",#REF!,#REF!,"6,832,800.00","6,832,800.00","6,832,800.00",1/1/2010,12/31/2024,Sim,"2,846.16",#REF!
,271,2008,LER,01ºLER,Leilão de Energia de Reserva,001/2008,TROPICAL BIOENERGIA S/A,08.195.806/0001-94,2010-ER15,UTE.AI.GO.031769-1.01,TROPICAL BIOENERGIA 02,Contrato não Adjudicado,GO,Biomassa,Bagaço de Cana de Açúcar,SE,0.00,#REF!,85.000,,,0.000,40.300,1.0,23,37,37,23.000,37.000,37.000,37.000,37.000,"4,739,160.000",155.82,R$/MWh,60.04,60.04,"738,457,729.43",#REF!,#REF!,"31,394,690.90","50,504,502.75","50,504,502.75",1/1/2010,12/31/2024,Sim,"2,846.16",#REF!
,272,2008,LER,01ºLER,Leilão de Energia de Reserva,001/2008,DECASA,44.917.284/0001-50,2010-ER15,UTE.AI.SP.028051-8.01,DECASA,Sem Pendências,SP,Biomassa,Bagaço de Cana de Açúcar,SE,0.00,#REF!,70.000,,,0.000,43.000,1.0,14,16,16,14.000,16.000,16.000,16.000,16.000,"2,084,880.000",155.23,R$/MWh,59.90,59.90,"323,637,654.87",#REF!,#REF!,"19,037,509.11","21,757,153.27","21,757,153.27",1/1/2010,12/31/2024,Sim,"2,846.16",#REF!
,273,2008,LER,01ºLER,Leilão de Energia de Reserva,001/2008,CHAPADAO,09.220.689/0001-34,2010-ER15,UTE.AI.SP.030041-1.01,CHAPADAO,Outorga Revogada,MS,Biomassa,Bagaço de Cana de Açúcar,SE,0.00,#REF!,192.000,,,0.000,39.800,1.0,12,12,12,12.000,12.000,12.000,12.000,12.000,"1,576,800.000",154.43,R$/MWh,60.04,60.04,"243,510,063.45",#REF!,#REF!,"16,234,004.23","16,234,004.23","16,234,004.23",1/1/2010,12/31/2024,Sim,"2,846.16",#REF!
,274,2008,LER,01ºLER,Leilão de Energia de Reserva,001/2008,CONQUISTA PONTAL,07.298.800/0001-80,2010-ER15,UTE.AI.SP.030024-1.01,CONQUISTA DO PONTAL,Sem Pendências,SP,Biomassa,Bagaço de Cana de Açúcar,SE,0.00,#REF!,100.000,,,0.000,26.000,1.0,10,11,22,10.000,11.000,22.000,22.000,22.000,"2,689,320.000",156.37,R$/MWh,60.04,60.04,"420,523,589.76",#REF!,#REF!,"13,697,836.80","15,067,620.48","30,135,240.96",1/1/2010,12/31/2024,Sim,"2,846.16",#REF!
,275,2008,LER,01ºLER,Leilão de Energia de Reserva,001/2008,ANDRADE,54.929.021/0001-15,2010-ER15,UTE.AI.SP.027768-1.01,DESTILARIA ANDRADE,Sem Pendências,SP,Biomassa,Bagaço de Cana de Açúcar,SE,0.00,#REF!,33.000,,,0.000,20.000,1.0,20,20,20,20.000,20.000,20.000,20.000,20.000,"2,628,000.000",158.11,R$/MWh,59.80,59.80,"415,513,080.00",#REF!,#REF!,"27,700,872.00","27,700,872.00","27,700,872.00",1/1/2010,12/31/2024,Sim,"2,846.16",#REF!
,276,2008,LER,01ºLER,Leilão de Energia de Reserva,001/2008,BRENCO,08.070.566/0001-00,2010-ER15,UTE.AI.MS.030037-3.01,COSTA RICA,Sem Pendências,MS,Biomassa,Bagaço de Cana de Açúcar,SE,0.00,#REF!,72.700,,,0.000,27.000,1.0,8,23,27,8.000,23.000,27.000,27.000,27.000,"3,346,320.000",152.71,R$/MWh,53.74,53.74,"511,008,240.67",#REF!,#REF!,"10,701,743.26","30,767,511.87","36,118,383.50",1/1/2010,12/31/2024,Sim,"2,846.16",#REF!
,277,2008,LER,01ºLER,Leilão de Energia de Reserva,001/2008,UTE COCAL,44.373.108/0006-00,2009-ER15,UTE.AI.SP.029713-5.01,COCAL II,Sem Pendências,SP,Biomassa,Bagaço de Cana de Açúcar,SE,0.00,#REF!,160.000,,,0.000,55.500,1.0,16,16,22,16.000,16.000,22.000,22.000,22.000,"2,785,680.000",157.55,R$/MWh,61.00,61.00,"438,886,619.79",#REF!,#REF!,"22,082,345.65","22,082,345.65","30,363,225.27",1/1/2009,12/31/2023,Sim,"2,846.16",#REF!
,278,2008,LER,01ºLER,Leilão de Energia de Reserva,001/2008,CLEALCO ,45.483.450/0021-64,2009-ER15,UTE.AI.SP.030036-5.01,CLEALCO QUEIROZ,Sem Pendências,SP,Biomassa,Bagaço de Cana de Açúcar,SE,0.00,#REF!,35.000,,,0.000,11.300,1.0,3,6,7,3.000,6.000,7.000,7.000,7.000,"876,000.000",156.92,R$/MWh,60.49,60.49,"137,463,331.33",#REF!,#REF!,"4,123,899.94","8,247,799.89","9,622,433.20",1/1/2009,12/31/2023,Sim,"2,846.16",#REF!
,279,2008,LER,01ºLER,Leilão de Energia de Reserva,001/2008,ALDA,37.848.595/0001-40,2010-ER15,UTE.AI.GO.030031-4.01,CBB - COMPANHIA BIOENERGETICA BRASILEIRA,Outorga Revogada,GO,Biomassa,Bagaço de Cana de Açúcar,SE,0.00,#REF!,18.100,,,0.000,6.000,1.0,2,4,6,2.000,4.000,6.000,6.000,6.000,"735,840.000",156.68,R$/MWh,59.81,59.81,"115,290,000.00",#REF!,#REF!,"2,745,000.00","5,490,000.00","8,235,000.00",1/1/2010,12/31/2024,Sim,"2,846.16",#REF!
,280,2008,LER,01ºLER,Leilão de Energia de Reserva,001/2008,VALE SAO SIMAO,08.215.996/0001-64,2010-ER15,UTE.AI.MG.030046-2.01,VALE DO SAO SIMAO,Sem Pendências,MG,Biomassa,Bagaço de Cana de Açúcar,SE,0.00,#REF!,50.000,,,0.000,12.600,1.0,4,12,12,4.000,12.000,12.000,12.000,12.000,"1,506,720.000",157.00,R$/MWh,59.79,59.79,"236,555,040.00",#REF!,#REF!,"5,501,280.00","16,503,840.00","16,503,840.00",1/1/2010,12/31/2024,Sim,"2,846.16",#REF!
,281,2008,LER,01ºLER,Leilão de Energia de Reserva,001/2008,VALE TIJUCO,08.493.354/0001-27,2010-ER15,UTE.AI.MG.030034-9.01,VALE DO TIJUCO,Sem Pendências,MG,Biomassa,Bagaço de Cana de Açúcar,SE,0.00,#REF!,45.000,,,0.000,7.300,1.0,2,7,7,2.000,7.000,7.000,7.000,7.000,"876,000.000",153.49,R$/MWh,59.52,59.52,"134,457,143.00",#REF!,#REF!,"2,689,142.86","9,412,000.00","9,412,000.00",1/1/2010,12/31/2024,Sim,"2,846.16",#REF!
,282,2008,LER,01ºLER,Leilão de Energia de Reserva,001/2008,PORTO DAS AGUAS,08.322.396/0001-03,2010-ER15,UTE.AI.GO.029999-5.01,PORTO DAS AGUAS,Sem Pendências,GO,Biomassa,Bagaço de Cana de Açúcar,SE,0.00,#REF!,70.000,,,0.000,12.500,1.0,9,10,12,9.000,10.000,12.000,12.000,12.000,"1,533,000.000",154.80,R$/MWh,60.04,60.04,"237,303,237.50",#REF!,#REF!,"12,204,166.50","13,560,185.00","16,272,222.00",1/1/2010,12/31/2024,Sim,"2,846.16",#REF!
,283,2008,LER,01ºLER,Leilão de Energia de Reserva,001/2008,BRENCO,08.070.566/0001-00,2010-ER15,UTE.AI.GO.030040-3.01,MORRO VERMELHO,Sem Pendências,GO,Biomassa,Bagaço de Cana de Açúcar,SE,0.00,#REF!,72.700,,,0.000,27.000,1.0,8,23,27,16.000,23.000,27.000,27.000,27.000,"3,416,400.000",154.84,R$/MWh,55.87,55.87,"528,986,915.93",#REF!,#REF!,"21,702,027.32","31,196,664.27","36,622,171.10",1/1/2010,12/31/2024,Sim,"2,846.16",#REF!
,284,2008,LER,01ºLER,Leilão de Energia de Reserva,001/2008,NOROESTE,06.249.035/0001-45,2010-ER15,UTE.AI.SP.030004-7.01,NOBLE ENERGIA,Sem Pendências,SP,Biomassa,Bagaço de Cana de Açúcar,SE,0.00,#REF!,30.000,,,0.000,16.000,1.0,11,11,11,11.000,11.000,11.000,11.000,11.000,"1,445,400.000",158.44,R$/MWh,60.00,60.00,"229,005,000.00",#REF!,#REF!,"15,267,000.00","15,267,000.00","15,267,000.00",1/1/2010,12/31/2024,Sim,"2,846.16",#REF!
,285,2008,LER,01ºLER,Leilão de Energia de Reserva,001/2008,NOROESTE,06.249.035/0001-45,2010-ER15,UTE.AI.SP.029775-5.01,NOROESTE PAULISTA,Sem Pendências,SP,Biomassa,Bagaço de Cana de Açúcar,SE,0.00,#REF!,60.000,,,0.000,20.400,1.0,11,11,11,11.000,11.000,11.000,11.000,11.000,"1,445,400.000",157.31,R$/MWh,59.97,59.97,"227,370,000.00",#REF!,#REF!,"15,158,000.00","15,158,000.00","15,158,000.00",1/1/2010,12/31/2024,Sim,"2,846.16",#REF!
,286,2008,LER,01ºLER,Leilão de Energia de Reserva,001/2008,BARRA47,07.921.583/0006-47,2010-ER15,UTE.AI.SP.030047-0.01,BARRA BIOENERGIA,Sem Pendências,SP,Biomassa,Bagaço de Cana de Açúcar,SE,0.00,#REF!,136.000,,,0.000,51.500,1.0,15,15,34,15.000,15.000,34.000,34.000,34.000,"4,134,720.000",156.23,R$/MWh,60.04,60.04,"645,949,169.79",#REF!,#REF!,"20,528,045.65","20,528,045.65","46,530,236.80",1/1/2010,12/31/2024,Sim,"2,846.16",#REF!
,287,2008,LER,01ºLER,Leilão de Energia de Reserva,001/2008,USJ,44.209.336/0004-87,2010-ER15,UTE.AI.GO.030033-0.01,CACHOEIRA DOURADA,Sem Pendências,GO,Biomassa,Bagaço de Cana de Açúcar,SE,0.00,#REF!,80.000,,,0.000,35.500,1.0,11,15,15,11.000,15.000,15.000,15.000,15.000,"1,935,960.000",155.44,R$/MWh,60.04,60.04,"300,928,333.27",#REF!,#REF!,"14,978,333.33","20,425,000.00","20,425,000.00",1/1/2010,12/31/2024,Sim,"2,846.16",#REF!
,288,2008,LER,01ºLER,Leilão de Energia de Reserva,001/2008,VALE PARACATU,08.793.343/0001-62,2010-ER15,UTE.AI.MG.030063-2.01,BEVAP,Sem Pendências,MG,Biomassa,Bagaço de Cana de Açúcar,SE,0.00,#REF!,80.000,,,0.000,39.200,1.0,12,12,20,12.000,12.000,20.000,20.000,20.000,"2,487,840.000",155.69,R$/MWh,60.02,60.02,"387,341,898.94",#REF!,#REF!,"16,366,559.11","16,366,559.11","27,277,598.51",1/1/2010,12/31/2024,Sim,"2,846.16",#REF!
,289,2008,LER,01ºLER,Leilão de Energia de Reserva,001/2008,BOA VISTA,07.603.999/0001-02,2010-ER15,UTE.AI.GO.029588-4.01,BOA VISTA,Sem Pendências,GO,Biomassa,Bagaço de Cana de Açúcar,SE,0.00,#REF!,80.000,,,0.000,36.200,1.0,11,11,11,11.000,11.000,11.000,11.000,11.000,"1,445,400.000",156.67,R$/MWh,59.50,59.50,"226,447,410.00",#REF!,#REF!,"15,096,494.00","15,096,494.00","15,096,494.00",1/1/2010,12/31/2024,Sim,"2,846.16",#REF!
,290,2008,LER,01ºLER,Leilão de Energia de Reserva,001/2008,BIOPAV,08.614.277/0001-16,2010-ER15,UTE.AI.SP.030053-5.01,BIOPAV II,Outorga Revogada,SP,Biomassa,Bagaço de Cana de Açúcar,SE,0.00,#REF!,140.000,,,0.000,49.600,1.0,15,15,15,15.000,15.000,15.000,15.000,15.000,"1,971,000.000",157.43,R$/MWh,60.04,60.04,"310,303,794.90",#REF!,#REF!,"20,686,919.66","20,686,919.66","20,686,919.66",1/1/2010,12/31/2024,Sim,"2,846.16",#REF!
,291,2008,LER,01ºLER,Leilão de Energia de Reserva,001/2008,BARRA66,07.921.583/0005-66,2010-ER15,UTE.AI.SP.029665-1.01,BONFIM,Sem Pendências,SP,Biomassa,Bagaço de Cana de Açúcar,SE,0.00,#REF!,45.000,,,0.000,18.800,1.0,8,8,10,8.000,8.000,10.000,10.000,10.000,"1,278,960.000",156.41,R$/MWh,60.04,60.04,"200,036,399.09",#REF!,#REF!,"10,960,898.58","10,960,898.58","13,701,123.23",1/1/2010,12/31/2024,Sim,"2,846.16",#REF!
,292,2008,LER,01ºLER,Leilão de Energia de Reserva,001/2008,RIO CLARO,08.598.391/0001-08,2010-ER15,UTE.AI.GO.030025-0.01,CAÇU I,Sem Pendências,GO,Biomassa,Bagaço de Cana de Açúcar,SE,0.00,#REF!,130.000,,,0.000,35.500,1.0,11,13,27,11.000,13.000,27.000,27.000,27.000,"3,285,000.000",156.37,R$/MWh,60.04,60.04,"513,662,310.00",#REF!,#REF!,"15,067,427.76","17,806,960.08","36,983,686.32",1/1/2010,12/31/2024,Sim,"2,846.16",#REF!
,293,2008,LER,01ºLER,Leilão de Energia de Reserva,001/2008,BEN,09.315.209/0001-19,2010-ER15,UTE.AI.AL.030048-9.01,BEN BIOENERGIA,Sem Pendências,PI,Biomassa,Capim Elefante,NE,0.00,#REF!,30.000,,,0.000,26.400,1.0,7,18,24,7.000,18.000,24.000,24.000,24.000,"2,952,120.000",154.71,R$/MWh,58.49,58.49,"456,708,881.47",#REF!,#REF!,"9,486,534.63","24,393,946.18","32,525,261.58",1/1/2010,12/31/2024,Sim,"2,846.16",#REF!
,294,2008,LER,01ºLER,Leilão de Energia de Reserva,001/2008,FERRARI,08.791.234/0001-06,2009-ER15,UTE.AI.SP.028058-5.01,FERRARI,Sem Pendências,SP,Biomassa,Bagaço de Cana de Açúcar,SE,0.00,#REF!,27.000,,,0.000,8.200,1.0,4,4,6,4.000,4.000,6.000,6.000,6.000,"753,360.000",157.13,R$/MWh,60.76,60.76,"118,378,742.00",#REF!,#REF!,"5,505,988.00","5,505,988.00","8,258,982.00",1/1/2009,12/31/2023,Sim,"2,846.16",#REF!
,295,2008,LER,01ºLER,Leilão de Energia de Reserva,001/2008,BARRA BIOENERGIA,07.921.583/0003-02,2010-ER15,UTE.AI.SP.030199-0.01,IPAUSSU BIOENERGIA,Sem Pendências,SP,Biomassa,Bagaço de Cana de Açúcar,SE,0.00,#REF!,62.000,,,0.000,24.300,1.0,7,7,19,7.000,7.000,19.000,19.000,19.000,"2,286,360.000",156.44,R$/MWh,60.04,60.04,"357,687,107.72",#REF!,#REF!,"9,593,140.82","9,593,140.82","26,038,525.09",1/1/2010,12/31/2024,Sim,"2,846.16",#REF!
,296,2008,LER,01ºLER,Leilão de Energia de Reserva,001/2008,COSAN,08.619.844/0003-99,2010-ER15,UTE.AI.GO.030043-8.01,JATAI,Sem Pendências,GO,Biomassa,Bagaço de Cana de Açúcar,SE,0.00,#REF!,105.000,,,0.000,41.000,1.0,12,13,34,12.000,13.000,34.000,34.000,34.000,"4,090,920.000",155.73,R$/MWh,60.04,60.04,"637,070,745.40",#REF!,#REF!,"16,370,126.22","17,734,303.41","46,382,024.30",1/1/2010,12/31/2024,Sim,"2,846.16",#REF!
,297,2008,LER,01ºLER,Leilão de Energia de Reserva,001/2008,AMANDINA,07.903.169/0001-09,2010-ER15,UTE.AI.MS.029670-8.01,ANGELICA,Sem Pendências,MS,Biomassa,Bagaço de Cana de Açúcar,SE,0.00,#REF!,32.000,,,0.000,18.000,1.0,10,10,10,10.000,10.000,10.000,10.000,10.000,"1,314,000.000",157.15,R$/MWh,59.85,59.85,"206,499,411.15",#REF!,#REF!,"13,766,627.41","13,766,627.41","13,766,627.41",1/1/2010,12/31/2024,Sim,"2,846.16",#REF!
,298,2008,LER,01ºLER,Leilão de Energia de Reserva,001/2008,BRENCO,08.070.566/0001-00,2010-ER15,UTE.AI.MT.030038-1.01,ALTO TAQUARI,Sem Pendências,MT,Biomassa,Bagaço de Cana de Açúcar,SE,0.00,#REF!,72.700,,,0.000,27.000,1.0,8,23,27,16.000,23.000,27.000,27.000,27.000,"3,416,400.000",151.66,R$/MWh,52.69,52.69,"518,122,763.93",#REF!,#REF!,"21,256,318.52","30,555,957.87","35,870,037.50",1/1/2010,12/31/2024,Sim,"2,846.16",#REF!
,299,2008,LER,01ºLER,Leilão de Energia de Reserva,001/2008,AGUA EMENDADA,08.987.535/0001-00,2010-ER15,UTE.AI.GO.030039-0.01,AGUA EMENDADA,Sem Pendências,GO,Biomassa,Bagaço de Cana de Açúcar,SE,0.00,#REF!,72.700,,,0.000,27.000,1.0,8,13,27,8.000,13.000,27.000,27.000,27.000,"3,258,720.000",153.70,R$/MWh,54.73,54.73,"500,857,194.39",#REF!,#REF!,"10,771,122.46","17,503,074.00","36,352,538.30",1/1/2010,12/31/2024,Sim,"2,846.16",#REF!
,300,2008,LEN,06ºLEN,Leilão de Energia Nova,002/2008,CONS.SANTA RITA DE CASSIA,10.466.285/0001-04,OF-15,UTE.PE.PB.030058-6.01,SANTA RITA DE CASSIA,Outorga Revogada,PB,Óleo Combustível,Óleo Combustível,NE,0.00,#REF!,174.600,,,0.000,97.800,1.0,93,93,93,93.000,93.000,93.000,93.000,93.000,"12,229,128.000",129.79,R$/MWh,0.00,0.00,"1,587,218,523.12",#REF!,#REF!,"53,781,727.78","53,781,727.78","53,781,727.78",1/1/2011,12/31/2025,Não,"2,854.13",#REF!
,301,2008,LEN,06ºLEN,Leilão de Energia Nova,002/2008,CONS.PERNAMBUCO IV,31.204.795/0001-83,OF-15,UTE.PE.PE.030045-4.01,PERNAMBUCO IV,Outorga Revogada,PE,Óleo Combustível,Óleo Combustível,NE,0.00,#REF!,200.790,,,0.000,112.400,1.0,107,107,107,107.000,107.000,107.000,107.000,107.000,"14,070,072.000",130.97,R$/MWh,0.00,0.00,"1,842,757,329.84",#REF!,#REF!,"63,002,812.90","63,002,812.90","63,002,812.90",1/1/2011,12/31/2025,Não,"2,854.13",#REF!
,302,2008,LEN,06ºLEN,Leilão de Energia Nova,002/2008,CONS MC2 EB BA2,10.441.793/0001-38,OF-15,UTE.PE.BA.030181-7.01,MC2 DIAS DAVILA 1,Outorga Revogada,BA,Óleo Combustível,Óleo Combustível,NE,0.00,#REF!,176.000,,,0.000,105.700,1.0,102,102,102,102.000,102.000,102.000,102.000,102.000,"13,412,592.000",126.35,R$/MWh,0.00,0.00,"1,694,680,999.20",#REF!,#REF!,"56,743,624.00","56,743,624.00","56,743,624.00",1/1/2011,12/31/2025,Não,"2,854.13",#REF!
,303,2008,LEN,06ºLEN,Leilão de Energia Nova,002/2008,CONS MC2 EC RS BA,10.469.784/0001-55,OF-15,UTE.PE.BA.030180-9.01,MC2 FEIRA DE SANTANA,Outorga Revogada,BA,Óleo Combustível,Óleo Combustível,NE,0.00,#REF!,176.000,,,0.000,105.200,1.0,101,101,101,101.000,101.000,101.000,101.000,101.000,"13,281,096.000",127.85,R$/MWh,0.00,0.00,"1,697,988,123.60",#REF!,#REF!,"57,579,745.00","57,579,745.00","57,579,745.00",1/1/2011,12/31/2025,Não,"2,854.13",#REF!
,304,2008,LEN,06ºLEN,Leilão de Energia Nova,002/2008,CONS.LINHARES,10.472.905/0001-18,OF-15,UTE.GN.ES.030054-3.01,LINHARES,Sem Pendências,ES,Gás Natural,Gás Natural Liquefeito - GNL,SE,0.00,#REF!,204.000,,,0.000,98.700,1.0,96,96,96,96.000,96.000,96.000,96.000,96.000,"12,623,616.000",130.00,R$/MWh,0.00,0.00,"1,641,070,080.00",#REF!,#REF!,"46,550,026.53","46,550,026.53","46,550,026.53",1/1/2011,12/31/2025,Não,"2,854.13",#REF!
,305,2008,LEN,06ºLEN,Leilão de Energia Nova,002/2008,CONS MC2 EB BA2,10.441.865/0001-47,OF-15,UTE.PE.BA.030182-5.01,MC2 DIAS DAVILA 2,Outorga Revogada,BA,Óleo Combustível,Óleo Combustível,NE,0.00,#REF!,176.000,,,0.000,105.700,1.0,102,102,102,102.000,102.000,102.000,102.000,102.000,"13,412,592.000",125.35,R$/MWh,0.00,0.00,"1,681,268,407.20",#REF!,#REF!,"55,850,103.99","55,850,103.99","55,850,103.99",1/1/2011,12/31/2025,Não,"2,854.13",#REF!
,306,2008,LEN,06ºLEN,Leilão de Energia Nova,002/2008,CONS.AGROENERGIA,09.008.307/0001-03,OF-15,UTE.GN.CE.030059-4.01,JOSÉ DE ALENCAR,Outorga Revogada,CE,Gás Natural,Gás Natural Liquefeito - GNL,NE,0.00,#REF!,300.000,,,0.000,173.300,1.0,169,169,169,169.000,169.000,169.000,169.000,169.000,"22,222,824.000",131.44,R$/MWh,0.00,0.00,"2,920,967,986.56",#REF!,#REF!,"87,159,929.67","87,159,929.67","87,159,929.67",1/1/2011,12/31/2025,Não,"2,854.13",#REF!
,307,2008,LEN,06ºLEN,Leilão de Energia Nova,002/2008,CONS MC2 EB BA1,10.441.875/0001-82,OF-15,UTE.PE.BA.030177-9.01,MC2 CAMACARI 1,Outorga Revogada,BA,Óleo Combustível,Óleo Combustível,NE,0.00,#REF!,176.000,,,0.000,105.700,1.0,102,102,102,102.000,102.000,102.000,102.000,102.000,"13,412,592.000",125.85,R$/MWh,0.00,0.00,"1,687,974,703.20",#REF!,#REF!,"56,296,864.01","56,296,864.01","56,296,864.01",1/1/2011,12/31/2025,Não,"2,854.13",#REF!
,308,2008,LEN,06ºLEN,Leilão de Energia Nova,002/2008,CONS MC2 EB BA3,10.441.885/0001-18,OF-15,UTE.PE.BA.030178-7.01,MC2 SENHOR DO BONFIM,Outorga Revogada,BA,Óleo Combustível,Óleo Combustível,NE,0.00,#REF!,176.000,,,0.000,105.700,1.0,102,102,102,102.000,102.000,102.000,102.000,102.000,"13,412,592.000",127.84,R$/MWh,0.00,0.00,"1,714,665,761.28",#REF!,#REF!,"58,074,968.99","58,074,968.99","58,074,968.99",1/1/2011,12/31/2025,Não,"2,854.13",#REF!
,309,2008,LEN,06ºLEN,Leilão de Energia Nova,002/2008,CONS MC2 EB BA1,10.441.884/0001-73,OF-15,UTE.PE.BA.030179-5.01,MC2 CATU,Outorga Revogada,BA,Óleo Combustível,Óleo Combustível,NE,0.00,#REF!,176.000,,,0.000,105.700,1.0,102,102,102,102.000,102.000,102.000,102.000,102.000,"13,412,592.000",126.85,R$/MWh,0.00,0.00,"1,701,387,295.20",#REF!,#REF!,"57,190,383.98","57,190,383.98","57,190,383.98",1/1/2011,12/31/2025,Não,"2,854.13",#REF!
,310,2008,LAJ,08ºLAJ,Leilão de Ajuste,002/2008,TRADENER,02.691.745/0001-70,COP1201S,-,-,Sem Pendências,-,-,-,S,0.00,#REF!,0.000,,,0.000,0.000,0.5,2,0,2,1.000,0.000,0.000,0.000,1.000,"8,760.000",146.34,R$/MWh,0.00,0.00,"1,281,938.40",#REF!,#REF!,0.00,0.00,0.00,1/1/2009,12/31/2009,Não,"2,854.13",#REF!
,311,2008,LAJ,08ºLAJ,Leilão de Ajuste,002/2008,NC ENERGIA,04.023.261/0001-88,CBA0310NE,-,-,Sem Pendências,-,-,-,NE,0.00,#REF!,0.000,,,0.000,0.000,0.5,10,0,10,5.000,0.000,0.000,0.000,5.000,"11,035.000",139.44,R$/MWh,0.00,0.00,"1,538,720.40",#REF!,#REF!,0.00,0.00,0.00,10/1/2008,12/31/2008,Não,"2,854.13",#REF!
,312,2008,LAJ,08ºLAJ,Leilão de Ajuste,002/2008,COOMEX,07.133.522/0001-00,CMT0310SE,-,-,Sem Pendências,-,-,-,SE,0.00,#REF!,0.000,,,0.000,0.000,0.5,10,0,10,5.000,0.000,0.000,0.000,5.000,"11,035.000",166.00,R$/MWh,0.00,0.00,"1,831,810.00",#REF!,#REF!,0.00,0.00,0.00,10/1/2008,12/31/2008,Não,"2,854.13",#REF!
,313,2008,LAJ,08ºLAJ,Leilão de Ajuste,002/2008,DELTA,04.802.543/0001-83,CMT0310SE,-,-,Sem Pendências,-,-,-,SE,0.00,#REF!,0.000,,,0.000,0.000,0.5,10,0,10,5.000,0.000,0.000,0.000,5.000,"11,035.000",166.00,R$/MWh,0.00,0.00,"1,831,810.00",#REF!,#REF!,0.00,0.00,0.00,10/1/2008,12/31/2008,Não,"2,854.13",#REF!
,314,2008,LAJ,08ºLAJ,Leilão de Ajuste,002/2008,ELETRONORTE,00.357.038/0001-16,CMT0310SE,-,-,Sem Pendências,-,-,-,SE,0.00,#REF!,0.000,,,0.000,0.000,0.5,33,0,33,16.500,0.000,0.000,0.000,16.500,"36,415.500",166.00,R$/MWh,0.00,0.00,"6,044,973.00",#REF!,#REF!,0.00,0.00,0.00,10/1/2008,12/31/2008,Não,"2,854.13",#REF!
,315,2008,LAJ,08ºLAJ,Leilão de Ajuste,002/2008,ENERTRADE,04.149.295/0001-13,CMT0310SE,-,-,Sem Pendências,-,-,-,SE,0.00,#REF!,0.000,,,0.000,0.000,0.5,40,0,40,20.000,0.000,0.000,0.000,20.000,"44,140.000",166.00,R$/MWh,0.00,0.00,"7,327,240.00",#REF!,#REF!,0.00,0.00,0.00,10/1/2008,12/31/2008,Não,"2,854.13",#REF!
,316,2008,LAJ,08ºLAJ,Leilão de Ajuste,002/2008,LIGHT,01.917.818/0001-36,CMT0310SE,-,-,Sem Pendências,-,-,-,SE,0.00,#REF!,0.000,,,0.000,0.000,0.5,49,0,49,24.500,0.000,0.000,0.000,24.500,"54,071.500",166.00,R$/MWh,0.00,0.00,"8,975,869.00",#REF!,#REF!,0.00,0.00,0.00,10/1/2008,12/31/2008,Não,"2,854.13",#REF!
,317,2008,LAJ,08ºLAJ,Leilão de Ajuste,002/2008,VALUE,07.760.179/0001-24,CMT0310SE,-,-,Sem Pendências,-,-,-,SE,0.00,#REF!,0.000,,,0.000,0.000,0.5,10,0,10,5.000,0.000,0.000,0.000,5.000,"11,035.000",166.00,R$/MWh,0.00,0.00,"1,831,810.00",#REF!,#REF!,0.00,0.00,0.00,10/1/2008,12/31/2008,Não,"2,854.13",#REF!
,318,2008,LAJ,08ºLAJ,Leilão de Ajuste,002/2008,NC ENERGIA,04.023.261/0001-88,CPE0310NE,-,-,Sem Pendências,-,-,-,NE,0.00,#REF!,0.000,,,0.000,0.000,0.5,10,0,10,5.000,0.000,0.000,0.000,5.000,"11,035.000",139.44,R$/MWh,0.00,0.00,"1,538,720.40",#REF!,#REF!,0.00,0.00,0.00,10/1/2008,12/31/2008,Não,"2,854.13",#REF!
,319,2008,LAJ,08ºLAJ,Leilão de Ajuste,002/2008,ELETRONORTE,00.357.038/0001-16,EEB0310SE,-,-,Sem Pendências,-,-,-,SE,0.00,#REF!,0.000,,,0.000,0.000,0.5,28,0,28,14.000,0.000,0.000,0.000,14.000,"30,898.000",166.00,R$/MWh,0.00,0.00,"5,129,068.00",#REF!,#REF!,0.00,0.00,0.00,10/1/2008,12/31/2008,Não,"2,854.13",#REF!
,320,2008,LAJ,08ºLAJ,Leilão de Ajuste,002/2008,ELETRONORTE,00.357.038/0001-16,PA10310SE,-,-,Sem Pendências,-,-,-,SE,0.00,#REF!,0.000,,,0.000,0.000,0.5,10,0,10,5.000,0.000,0.000,0.000,5.000,"11,035.000",166.01,R$/MWh,0.00,0.00,"1,831,920.35",#REF!,#REF!,0.00,0.00,0.00,10/1/2008,12/31/2008,Não,"2,854.13",#REF!
,321,2008,LAJ,08ºLAJ,Leilão de Ajuste,002/2008,ENERTRADE,04.149.295/0001-13,PA10310SE,-,-,Sem Pendências,-,-,-,SE,0.00,#REF!,0.000,,,0.000,0.000,0.5,40,0,40,20.000,0.000,0.000,0.000,20.000,"44,140.000",166.01,R$/MWh,0.00,0.00,"7,327,681.40",#REF!,#REF!,0.00,0.00,0.00,10/1/2008,12/31/2008,Não,"2,854.13",#REF!
,322,2008,LAJ,08ºLAJ,Leilão de Ajuste,002/2008,ENERTRADE,04.149.295/0001-13,PI20310SE,-,-,Sem Pendências,-,-,-,SE,0.00,#REF!,0.000,,,0.000,0.000,0.5,40,0,40,20.000,0.000,0.000,0.000,20.000,"44,140.000",166.01,R$/MWh,0.00,0.00,"7,327,681.40",#REF!,#REF!,0.00,0.00,0.00,10/1/2008,12/31/2008,Não,"2,854.13",#REF!
,323,2008,LAJ,08ºLAJ,Leilão de Ajuste,002/2008,VALUE,07.760.179/0001-24,PI20310SE,-,-,Sem Pendências,-,-,-,SE,0.00,#REF!,0.000,,,0.000,0.000,0.5,110,0,110,55.000,0.000,0.000,0.000,55.000,"121,385.000",166.01,R$/MWh,0.00,0.00,"20,151,123.85",#REF!,#REF!,0.00,0.00,0.00,10/1/2008,12/31/2008,Não,"2,854.13",#REF!
,324,2008,LAJ,08ºLAJ,Leilão de Ajuste,002/2008,DELTA,04.802.543/0001-83,PA10310SE,-,-,Sem Pendências,-,-,-,SE,0.00,#REF!,0.000,,,0.000,0.000,0.5,60,0,60,30.000,0.000,0.000,0.000,30.000,"66,210.000",166.01,R$/MWh,0.00,0.00,"10,991,522.10",#REF!,#REF!,0.00,0.00,0.00,10/1/2008,12/31/2008,Não,"2,854.13",#REF!
,325,2008,LAJ,08ºLAJ,Leilão de Ajuste,002/2008,NC ENERGIA,04.023.261/0001-88,CMT0310SE,-,-,Sem Pendências,-,-,-,SE,0.00,#REF!,0.000,,,0.000,0.000,0.5,4,0,4,2.000,0.000,0.000,0.000,2.000,"4,414.000",166.00,R$/MWh,0.00,0.00,"732,724.00",#REF!,#REF!,0.00,0.00,0.00,10/1/2008,12/31/2008,Não,"2,854.13",#REF!
,326,2008,LEN,07ºLEN,Leilão de Energia Nova,003/2008,CONS TP VI,31.204.795/0001-83,2013-OF15,UTE.PE.PE.030118-3.01,TERMOPOWER VI,Outorga Revogada,PE,Óleo Combustível,Óleo Combustível,NE,0.00,#REF!,200.790,,,0.000,109.200,1.0,104,104,104,104.000,104.000,104.000,104.000,104.000,"13,673,088.000",144.80,R$/MWh,0.00,0.00,"1,979,863,142.40",#REF!,#REF!,"74,698,505.12","74,698,505.12","74,698,505.12",1/1/2013,12/31/2027,Não,"2,854.13",#REF!
,327,2008,LEN,07ºLEN,Leilão de Energia Nova,003/2008,CONS TP V,31.204.795/0001-83,2013-OF15,UTE.PE.PE.030119-1.01,TERMOPOWER V,Outorga Revogada,PE,Óleo Combustível,Óleo Combustível,NE,0.00,#REF!,200.790,,,0.000,109.200,1.0,104,104,104,104.000,104.000,104.000,104.000,104.000,"13,673,088.000",145.90,R$/MWh,0.00,0.00,"1,994,903,539.20",#REF!,#REF!,"75,700,649.07","75,700,649.07","75,700,649.07",1/1/2013,12/31/2027,Não,"2,854.13",#REF!
,328,2008,LEN,07ºLEN,Leilão de Energia Nova,003/2008,Neoenergia,01.083.200/0001-18,QTD-30,UHE.PH.PR.030923-0.01,UHE BAIXO IGUACU,Sem Pendências,PR,Hidrelétrica (UHE),-,S,0.00,#REF!,350.000,,,0.000,172.800,1.0,121,121,121,121.000,121.000,121.000,121.000,121.000,"31,819,128.000",98.98,R$/MWh,0.00,0.00,"3,149,457,289.44",#REF!,#REF!,0.00,0.00,0.00,1/1/2013,12/31/2042,Não,"2,854.13",#REF!
,329,2008,LEN,07ºLEN,Leilão de Energia Nova,003/2008,HEXAGONAL,06.036.069/0001-51,2013-OF15,UTE.PE.ES.030391-7.01,CAUHYRA I,Outorga Revogada,ES,Óleo Combustível,Óleo Combustível,SE,0.00,#REF!,148.000,,,0.000,68.100,1.0,68,68,68,68.000,68.000,68.000,68.000,68.000,"8,940,096.000",146.00,R$/MWh,0.00,0.00,"1,305,254,016.00",#REF!,#REF!,"47,712,870.16","47,712,870.16","47,712,870.16",1/1/2013,12/31/2027,Não,"2,854.13",#REF!
,330,2008,LEN,07ºLEN,Leilão de Energia Nova,003/2008,COSAN,08.619.844/0004-70,2013-OF15,-NÃOTEMCEG,PARAUNA,Contrato Rescindido,GO,Biomassa,Bagaço de Cana de Açúcar,SE,0.00,#REF!,114.000,,,0.000,44.700,1.0,35,35,35,35.000,35.000,35.000,35.000,35.000,"4,601,520.000",145.00,R$/MWh,0.00,0.00,"667,220,400.00",#REF!,#REF!,"44,702,280.02","44,702,280.02","44,702,280.02",1/1/2013,12/31/2027,Não,"2,854.13",#REF!
,331,2008,LEN,07ºLEN,Leilão de Energia Nova,003/2008,CONS MC2 EB BA PE,09.098.455/0001-66,2013-OF15,UTE.PE.PE.030262-7.01,MC2 SUAPE II B,Outorga Revogada,PE,Óleo Combustível,Óleo Combustível,NE,0.00,#REF!,350.000,,,0.000,208.400,1.0,201,201,201,201.000,201.000,201.000,201.000,201.000,"26,425,872.000",146.00,R$/MWh,0.00,0.00,"3,858,177,312.00",#REF!,#REF!,"145,345,946.40","145,345,946.40","145,345,946.40",1/1/2013,12/31/2027,Não,"2,854.13",#REF!
,332,2008,LEN,07ºLEN,Leilão de Energia Nova,003/2008,MPX,10.471.487/0001-44,2013-OF15,UTE.CM.CE.030098-5.01,PORTO DO PECEM II,Data de Suprimento Alterada,CE,Carvão,Carvão,NE,0.00,#REF!,360.000,,,0.000,294.700,1.0,276,276,276,276.000,276.000,276.000,276.000,276.000,"36,286,272.000",140.00,R$/MWh,0.00,0.00,"5,080,078,080.00",#REF!,#REF!,"206,976,736.61","206,976,736.61","206,976,736.61",1/1/2013,12/31/2027,Não,"2,854.13",#REF!
,333,2008,LEN,07ºLEN,Leilão de Energia Nova,003/2008,CONS PEIII,10.502.676/0001-37,2013-OF15,UTE.PE.PE.030120-5.01,PERNAMBUCO III,Sem Pendências,PE,Óleo Combustível,Óleo Combustível,NE,0.00,#REF!,200.790,,,0.000,109.200,1.0,104,104,104,104.000,104.000,104.000,104.000,104.000,"13,673,088.000",144.70,R$/MWh,0.00,0.00,"1,978,495,833.60",#REF!,#REF!,"74,607,401.07","74,607,401.07","74,607,401.07",1/1/2013,12/31/2027,Não,"2,854.13",#REF!
,334,2008,LEN,07ºLEN,Leilão de Energia Nova,003/2008,CONS CACIMBAES,10.485.045/0001-57,2013-OF15,UTE.GN.ES.030170-1.01,CACIMBAES,Outorga Revogada,ES,Gás Natural,Gás Natural Liquefeito - GNL,SE,0.00,#REF!,126.585,,,0.000,66.200,1.0,64,64,64,64.000,64.000,64.000,64.000,64.000,"8,414,208.000",145.00,R$/MWh,0.00,0.00,"1,220,060,160.00",#REF!,#REF!,"41,432,552.29","41,432,552.29","41,432,552.29",1/1/2013,12/31/2027,Não,"2,854.13",#REF!
,335,2008,LEN,07ºLEN,Leilão de Energia Nova,003/2008,CONS ESCOLHA,04.813.869/0001-06,2013-OF15,UTE.GN.ES.030088-8.01,ESCOLHA,Outorga Revogada,ES,Gás Natural,Gás Natural Liquefeito - GNL,SE,0.00,#REF!,337.560,,,0.000,194.100,1.0,189,189,189,189.000,189.000,189.000,189.000,189.000,"24,848,208.000",144.50,R$/MWh,0.00,0.00,"3,590,566,056.00",#REF!,#REF!,"123,667,598.09","123,667,598.09","123,667,598.09",1/1/2013,12/31/2027,Não,"2,854.13",#REF!
,336,2008,LEN,07ºLEN,Leilão de Energia Nova,003/2008,CONS MC2 BE ES,32.142.929/0001-41,2013-OF15,UTE.PE.ES.030232-5.01,ICONHA,Outorga Revogada,ES,Óleo Combustível,Óleo Combustível,SE,0.00,#REF!,184.000,,,0.000,104.100,1.0,100,100,100,100.000,100.000,100.000,100.000,100.000,"13,147,200.000",146.00,R$/MWh,0.00,0.00,"1,919,491,200.00",#REF!,#REF!,"73,380,349.65","73,380,349.65","73,380,349.65",1/1/2013,12/31/2027,Não,"2,854.13",#REF!
,337,2008,LEN,07ºLEN,Leilão de Energia Nova,003/2008,CONS MC2 GP ES RN,10.536.701/0001-01,2013-OF15,UTE.GN.MA.030196-5.01,MC2 NOVA VENECIA 2,Sem Pendências,ES,Óleo Combustível,Óleo Combustível,SE,0.00,#REF!,176.000,,,0.000,101.600,1.0,98,98,98,98.000,98.000,98.000,98.000,98.000,"12,884,256.000",146.00,R$/MWh,0.00,0.00,"1,881,101,376.00",#REF!,#REF!,"71,899,231.94","71,899,231.94","71,899,231.94",1/1/2013,12/31/2027,Não,"2,854.13",#REF!
,338,2008,LEN,07ºLEN,Leilão de Energia Nova,003/2008,CONS MC2 EB MA AL SE,10.506.738/0001-89,2013-OF15,UTE.PE.SE.030623-1.01,MC2 NOSSA SENHORA DO SOCORRO,Outorga Revogada,SE,Óleo Combustível,Óleo Combustível,NE,0.00,#REF!,176.000,,,0.000,100.500,1.0,97,97,97,97.000,97.000,97.000,97.000,97.000,"12,752,784.000",146.00,R$/MWh,0.00,0.00,"1,861,906,464.00",#REF!,#REF!,"70,404,193.78","70,404,193.78","70,404,193.78",1/1/2013,12/31/2027,Não,"2,854.13",#REF!
,339,2008,LEN,07ºLEN,Leilão de Energia Nova,003/2008,CONS MC2 EB BA,10.495.159/0001-88,2013-OF15,UTE.PE.BA.030231-7.01,MC2 CAMACARI 2,Outorga Revogada,BA,Óleo Combustível,Óleo Combustível,NE,0.00,#REF!,176.000,,,0.000,103.300,1.0,99,99,99,99.000,99.000,99.000,99.000,99.000,"13,015,728.000",145.98,R$/MWh,0.00,0.00,"1,900,035,973.44",#REF!,#REF!,"71,661,916.46","71,661,916.46","71,661,916.46",1/1/2013,12/31/2027,Não,"2,854.13",#REF!
,340,2008,LEN,07ºLEN,Leilão de Energia Nova,003/2008,CONS MC2 EB MA AL SE,09.098.455/0001-66,2013-OF15,UTE.PE.AL.030201-5.01,MC2 MESSIAS,Outorga Revogada,AL,Óleo Combustível,Óleo Combustível,NE,0.00,#REF!,176.000,,,0.000,101.400,1.0,97,97,97,97.000,97.000,97.000,97.000,97.000,"12,752,784.000",146.00,R$/MWh,0.00,0.00,"1,861,906,464.00",#REF!,#REF!,"70,392,313.82","70,392,313.82","70,392,313.82",1/1/2013,12/31/2027,Não,"2,854.13",#REF!
,341,2008,LEN,07ºLEN,Leilão de Energia Nova,003/2008,CONS MC2 GP CE,68.733.757/0001-28,2013-OF15,UTE.PE.CE.030237-6.01,MC2 PECEM 2,Outorga Revogada,CE,Óleo Combustível,Óleo Combustível,NE,0.00,#REF!,350.000,,,0.000,208.400,1.0,201,201,201,201.000,201.000,201.000,201.000,201.000,"26,425,872.000",146.00,R$/MWh,0.00,0.00,"3,858,177,312.00",#REF!,#REF!,"145,345,946.38","145,345,946.38","145,345,946.38",1/1/2013,12/31/2027,Não,"2,854.13",#REF!
,342,2008,LEN,07ºLEN,Leilão de Energia Nova,003/2008,CONS MC2 EB BA PE,10.495.102/0001-89,2013-OF15,UTE.PE.BA.030233-3.01,MC2 SAPEACU,Outorga Revogada,BA,Óleo Combustível,Óleo Combustível,NE,0.00,#REF!,176.000,,,0.000,103.300,1.0,99,201,201,99.000,99.000,99.000,99.000,99.000,"13,015,728.000",146.00,R$/MWh,0.00,0.00,"1,900,296,288.00",#REF!,#REF!,"71,679,261.30","71,679,261.30","71,679,261.30",1/1/2013,12/31/2027,Não,"2,854.13",#REF!
,343,2008,LEN,07ºLEN,Leilão de Energia Nova,003/2008,CONS MC2 EB BA PE,10.536.692/0001-40,2013-OF15,UTE.PE.BA.030234-1.01,MC2 SANTO ANTONIO DE JESUS,Outorga Revogada,BA,Óleo Combustível,Óleo Combustível,NE,0.00,#REF!,176.000,,,0.000,103.300,1.0,99,201,201,99.000,99.000,99.000,99.000,99.000,"13,015,728.000",145.99,R$/MWh,0.00,0.00,"1,900,166,130.72",#REF!,#REF!,"71,670,588.88","71,670,588.88","71,670,588.88",1/1/2013,12/31/2027,Não,"2,854.13",#REF!
,344,2008,LEN,07ºLEN,Leilão de Energia Nova,003/2008,CONS MC2 EB MA AL SE,09.098.455/0001-66,2013-OF15,UTE.PE.AL.030230-9.01,MC2 RIO LARGO,Outorga Revogada,AL,Óleo Combustível,Óleo Combustível,NE,0.00,#REF!,176.000,,,0.000,101.400,1.0,97,97,97,97.000,97.000,97.000,97.000,97.000,"12,752,784.000",146.00,R$/MWh,0.00,0.00,"1,861,906,464.00",#REF!,#REF!,"70,392,313.83","70,392,313.83","70,392,313.83",1/1/2013,12/31/2027,Não,"2,854.13",#REF!
,345,2008,LEN,07ºLEN,Leilão de Energia Nova,003/2008,CONS MC2 EC ES RS,11.744.699/0001-10,2013-OF15,UTE.GN.MA.030202-3.01,MARANHÃO IV (EX-MC2 JOINVILLE),Sem Pendências,ES,Gás Natural,Gás Natural Liquefeito - GNL,SE,0.00,#REF!,330.000,,,0.000,233.300,1.0,225,225,225,225.000,225.000,225.000,225.000,225.000,"29,581,200.000",146.00,R$/MWh,0.00,0.00,"4,318,855,200.00",#REF!,#REF!,"161,905,421.73","161,905,421.73","161,905,421.73",1/1/2013,12/31/2027,Não,"2,854.13",#REF!
,346,2008,LEN,07ºLEN,Leilão de Energia Nova,003/2008,CONS MC2 EB BA,10.495.143/0001-75,2013-OF15,UTE.PE.BA.030200-7.01,MC2 CAMACARI 3,Outorga Revogada,BA,Óleo Combustível,Óleo Combustível,NE,0.00,#REF!,176.000,,,0.000,103.300,1.0,99,99,99,99.000,99.000,99.000,99.000,99.000,"13,015,728.000",145.97,R$/MWh,0.00,0.00,"1,899,905,816.16",#REF!,#REF!,"71,653,244.06","71,653,244.06","71,653,244.06",1/1/2013,12/31/2027,Não,"2,854.13",#REF!
,347,2008,LEN,07ºLEN,Leilão de Energia Nova,003/2008,CONS MC2 GP ES RN,68.733.757/0001-28,2013-OF15,UTE.PE.RN.030236-8.01,MC2 MACAIBA,Outorga Revogada,RN,Óleo Combustível,Óleo Combustível,NE,0.00,#REF!,400.000,,,0.000,232.600,1.0,224,224,224,224.000,224.000,224.000,224.000,224.000,"29,449,728.000",146.00,R$/MWh,0.00,0.00,"4,299,660,288.00",#REF!,#REF!,"162,505,481.92","162,505,481.92","162,505,481.92",1/1/2013,12/31/2027,Não,"2,854.13",#REF!
,348,2008,LEN,07ºLEN,Leilão de Energia Nova,003/2008,CONS MC2 EB BA,10.506.691/0001-53,2013-OF15,UTE.PE.BA.030235-0.01,MC2 GOVERNADOR MANGABEIRA,Outorga Revogada,BA,Óleo Combustível,Óleo Combustível,NE,0.00,#REF!,176.000,,,0.000,103.300,1.0,99,99,99,99.000,99.000,99.000,99.000,99.000,"13,015,728.000",146.00,R$/MWh,0.00,0.00,"1,900,296,288.00",#REF!,#REF!,"71,679,261.29","71,679,261.29","71,679,261.29",1/1/2013,12/31/2027,Não,"2,854.13",#REF!
,349,2008,LEN,07ºLEN,Leilão de Energia Nova,003/2008,CONS MC2 GP ES RN,11.744.699/0001-10,2013-OF15,UTE.GN.MA.030203-1.01,MARANHÃO V (EX-MC2 JOÃO NEIVA),Sem Pendências,ES,Gás Natural,Gás Natural Liquefeito - GNL,SE,0.00,#REF!,330.000,,,0.000,233.300,1.0,225,98,98,225.000,225.000,225.000,225.000,225.000,"29,581,200.000",146.00,R$/MWh,0.00,0.00,"4,318,855,200.00",#REF!,#REF!,"161,905,421.70","161,905,421.70","161,905,421.70",1/1/2013,12/31/2027,Não,"2,854.13",#REF!
,350,2009,LAJ,09ºLAJ,Leilão de Ajuste,001/2009,TRACTEBEL,02.474.103/0001-19,AES1003S,-,-,Sem Pendências,-,-,-,S,0.00,#REF!,0.000,,,0.000,0.000,0.5,15,0,15,7.500,0.000,0.000,0.000,7.500,"55,072.500",145.77,R$/MWh,0.00,0.00,"8,027,918.33",#REF!,#REF!,0.00,0.00,0.00,3/1/2009,12/31/2009,Não,"2,906.74",#REF!
,351,2009,LAJ,09ºLAJ,Leilão de Ajuste,001/2009,COOMEX,07.133.522/0001-00,EK11003SE,-,-,Sem Pendências,-,-,-,SE,0.00,#REF!,0.000,,,0.000,0.000,0.5,5,0,5,2.500,0.000,0.000,0.000,2.500,"18,357.500",145.77,R$/MWh,0.00,0.00,"2,675,972.78",#REF!,#REF!,0.00,0.00,0.00,3/1/2009,12/31/2009,Não,"2,906.74",#REF!
,352,2009,LAJ,09ºLAJ,Leilão de Ajuste,001/2009,REDE COM,04.169.257/0001-22,EB21003SE,-,-,Sem Pendências,-,-,-,SE,0.00,#REF!,0.000,,,0.000,0.000,0.5,2,0,2,1.000,0.000,0.000,0.000,1.000,"7,343.000",145.77,R$/MWh,0.00,0.00,"1,070,389.11",#REF!,#REF!,0.00,0.00,0.00,3/1/2009,12/31/2009,Não,"2,906.74",#REF!
,353,2009,LAJ,09ºLAJ,Leilão de Ajuste,001/2009,REDE COM,04.169.257/0001-22,EB11003SE,-,-,Sem Pendências,-,-,-,SE,0.00,#REF!,0.000,,,0.000,0.000,0.5,5,0,5,2.500,0.000,0.000,0.000,2.500,"18,357.500",145.77,R$/MWh,0.00,0.00,"2,675,972.78",#REF!,#REF!,0.00,0.00,0.00,3/1/2009,12/31/2009,Não,"2,906.74",#REF!
,354,2009,LAJ,09ºLAJ,Leilão de Ajuste,001/2009,CPFL BRASIL,04.973.790/0001-42,CO21003S,-,-,Sem Pendências,-,-,-,S,0.00,#REF!,0.000,,,0.000,0.000,0.5,140,0,140,70.000,0.000,0.000,0.000,70.000,"514,010.000",145.77,R$/MWh,0.00,0.00,"74,927,237.70",#REF!,#REF!,0.00,0.00,0.00,3/1/2009,12/31/2009,Não,"2,906.74",#REF!
,355,2009,LAJ,09ºLAJ,Leilão de Ajuste,001/2009,COPEL GET,04.370.282/0001-70,CO21003S,-,-,Sem Pendências,-,-,-,S,0.00,#REF!,0.000,,,0.000,0.000,0.5,10,0,10,5.000,0.000,0.000,0.000,5.000,"36,715.000",145.77,R$/MWh,0.00,0.00,"5,351,945.55",#REF!,#REF!,0.00,0.00,0.00,3/1/2009,12/31/2009,Não,"2,906.74",#REF!
,356,2009,LAJ,09ºLAJ,Leilão de Ajuste,001/2009,CEMIG GERACAO,06.981.176/0001-58,CO21003S,-,-,Sem Pendências,-,-,-,S,0.00,#REF!,0.000,,,0.000,0.000,0.5,23,0,23,11.500,0.000,0.000,0.000,11.500,"84,444.500",145.77,R$/MWh,0.00,0.00,"12,309,474.77",#REF!,#REF!,0.00,0.00,0.00,3/1/2009,12/31/2009,Não,"2,906.74",#REF!
,357,2009,LAJ,09ºLAJ,Leilão de Ajuste,001/2009,COMERC,58.177.643/0001-95,BAN1003SE,-,-,Sem Pendências,-,-,-,SE,0.00,#REF!,0.000,,,0.000,0.000,0.5,8,0,8,4.000,0.000,0.000,0.000,4.000,"29,372.000",145.77,R$/MWh,0.00,0.00,"4,281,556.44",#REF!,#REF!,0.00,0.00,0.00,3/1/2009,12/31/2009,Não,"2,906.74",#REF!
,358,2009,LAJ,09ºLAJ,Leilão de Ajuste,001/2009,CDSA,01.672.223/0001-68,AMP1003SE,-,-,Sem Pendências,-,-,-,SE,0.00,#REF!,0.000,,,0.000,0.000,0.5,69,0,69,34.500,0.000,0.000,0.000,34.500,"253,333.500",145.77,R$/MWh,0.00,0.00,"36,928,424.30",#REF!,#REF!,0.00,0.00,0.00,3/1/2009,12/31/2009,Não,"2,906.74",#REF!
,359,2009,LAJ,09ºLAJ,Leilão de Ajuste,001/2009,CEMIG GERACAO,06.981.176/0001-58,AES1003S,-,-,Sem Pendências,-,-,-,S,0.00,#REF!,0.000,,,0.000,0.000,0.5,8,0,8,4.000,0.000,0.000,0.000,4.000,"29,372.000",145.77,R$/MWh,0.00,0.00,"4,281,556.44",#REF!,#REF!,0.00,0.00,0.00,3/1/2009,12/31/2009,Não,"2,906.74",#REF!
,360,2009,LAJ,09ºLAJ,Leilão de Ajuste,001/2009,ENERTRADE,04.149.295/0001-13,BAN1003SE,-,-,Sem Pendências,-,-,-,SE,0.00,#REF!,0.000,,,0.000,0.000,0.5,108,0,108,54.000,0.000,0.000,0.000,54.000,"396,522.000",145.77,R$/MWh,0.00,0.00,"57,801,011.94",#REF!,#REF!,0.00,0.00,0.00,3/1/2009,12/31/2009,Não,"2,906.74",#REF!
,361,2009,LAJ,09ºLAJ,Leilão de Ajuste,001/2009,CPFL BRASIL,04.973.790/0001-42,ELT1003SE,-,-,Sem Pendências,-,-,-,SE,0.00,#REF!,0.000,,,0.000,0.000,0.5,160,0,160,80.000,0.000,0.000,0.000,80.000,"587,440.000",145.77,R$/MWh,0.00,0.00,"85,631,128.80",#REF!,#REF!,0.00,0.00,0.00,3/1/2009,12/31/2009,Não,"2,906.74",#REF!
,362,2009,LAJ,09ºLAJ,Leilão de Ajuste,001/2009,CEMIG GERACAO,06.981.176/0001-58,AMP1003SE,-,-,Sem Pendências,-,-,-,SE,0.00,#REF!,0.000,,,0.000,0.000,0.5,14,0,14,7.000,0.000,0.000,0.000,7.000,"51,401.000",145.77,R$/MWh,0.00,0.00,"7,492,723.77",#REF!,#REF!,0.00,0.00,0.00,3/1/2009,12/31/2009,Não,"2,906.74",#REF!
,363,2009,LAJ,09ºLAJ,Leilão de Ajuste,001/2009,COMERC,58.177.643/0001-95,LIG0403SE,-,-,Sem Pendências,-,-,-,SE,0.00,#REF!,0.000,,,0.000,0.000,0.5,10,0,10,5.000,0.000,0.000,0.000,5.000,"14,640.000",145.77,R$/MWh,0.00,0.00,"2,134,072.80",#REF!,#REF!,0.00,0.00,0.00,3/1/2009,6/30/2009,Não,"2,906.74",#REF!
,364,2009,LAJ,09ºLAJ,Leilão de Ajuste,001/2009,ALCOA,23.637.697/0001-01,CO21003S,-,-,Sem Pendências,-,-,-,S,0.00,#REF!,0.000,,,0.000,0.000,0.5,26,0,26,13.000,0.000,0.000,0.000,13.000,"95,459.000",145.77,R$/MWh,0.00,0.00,"13,915,058.43",#REF!,#REF!,0.00,0.00,0.00,3/1/2009,12/31/2009,Não,"2,906.74",#REF!
,365,2009,LAJ,09ºLAJ,Leilão de Ajuste,001/2009,DELTA,04.802.543/0001-83,LIG0403SE,-,-,Sem Pendências,-,-,-,SE,0.00,#REF!,0.000,,,0.000,0.000,0.5,10,0,10,5.000,0.000,0.000,0.000,5.000,"14,640.000",145.77,R$/MWh,0.00,0.00,"2,134,072.80",#REF!,#REF!,0.00,0.00,0.00,3/1/2009,6/30/2009,Não,"2,906.74",#REF!
,366,2009,LAJ,09ºLAJ,Leilão de Ajuste,001/2009,QUANTA GERACAO,07.642.982/0001-64,LIG0403SE,-,-,Sem Pendências,-,-,-,SE,0.00,#REF!,0.000,,,0.000,0.000,0.5,4,0,4,2.000,0.000,0.000,0.000,2.000,"5,856.000",145.77,R$/MWh,0.00,0.00,"853,629.12",#REF!,#REF!,0.00,0.00,0.00,3/1/2009,6/30/2009,Não,"2,906.74",#REF!
,367,2009,LAJ,09ºLAJ,Leilão de Ajuste,001/2009,TRACTEBEL,02.474.103/0001-19,LIG0403SE,-,-,Sem Pendências,-,-,-,SE,0.00,#REF!,0.000,,,0.000,0.000,0.5,30,0,30,15.000,0.000,0.000,0.000,15.000,"43,920.000",145.77,R$/MWh,0.00,0.00,"6,402,218.40",#REF!,#REF!,0.00,0.00,0.00,3/1/2009,6/30/2009,Não,"2,906.74",#REF!
,368,2009,LAJ,09ºLAJ,Leilão de Ajuste,001/2009,CEMIG GERACAO,06.981.176/0001-58,LIG1003SE,-,-,Sem Pendências,-,-,-,SE,0.00,#REF!,0.000,,,0.000,0.000,0.5,31,0,31,15.500,0.000,0.000,0.000,15.500,"113,816.500",145.77,R$/MWh,0.00,0.00,"16,591,031.21",#REF!,#REF!,0.00,0.00,0.00,3/1/2009,12/31/2009,Não,"2,906.74",#REF!
,369,2009,LAJ,09ºLAJ,Leilão de Ajuste,001/2009,COMERC,58.177.643/0001-95,LIG1003SE,-,-,Sem Pendências,-,-,-,SE,0.00,#REF!,0.000,,,0.000,0.000,0.5,5,0,5,2.500,0.000,0.000,0.000,2.500,"18,357.500",145.77,R$/MWh,0.00,0.00,"2,675,972.78",#REF!,#REF!,0.00,0.00,0.00,3/1/2009,12/31/2009,Não,"2,906.74",#REF!
,370,2009,LAJ,09ºLAJ,Leilão de Ajuste,001/2009,COOMEX,07.133.522/0001-00,LIG1003SE,-,-,Sem Pendências,-,-,-,SE,0.00,#REF!,0.000,,,0.000,0.000,0.5,5,0,5,2.500,0.000,0.000,0.000,2.500,"18,357.500",145.77,R$/MWh,0.00,0.00,"2,675,972.78",#REF!,#REF!,0.00,0.00,0.00,3/1/2009,12/31/2009,Não,"2,906.74",#REF!
,371,2009,LAJ,09ºLAJ,Leilão de Ajuste,001/2009,ELETRONORTE,00.357.038/0001-16,LIG1003SE,-,-,Sem Pendências,-,-,-,SE,0.00,#REF!,0.000,,,0.000,0.000,0.5,60,0,60,30.000,0.000,0.000,0.000,30.000,"220,290.000",145.77,R$/MWh,0.00,0.00,"32,111,673.30",#REF!,#REF!,0.00,0.00,0.00,3/1/2009,12/31/2009,Não,"2,906.74",#REF!
,372,2009,LAJ,09ºLAJ,Leilão de Ajuste,001/2009,REDE COM,04.169.257/0001-22,LIG1003SE,-,-,Sem Pendências,-,-,-,SE,0.00,#REF!,0.000,,,0.000,0.000,0.5,20,0,20,10.000,0.000,0.000,0.000,10.000,"73,430.000",145.77,R$/MWh,0.00,0.00,"10,703,891.10",#REF!,#REF!,0.00,0.00,0.00,3/1/2009,12/31/2009,Não,"2,906.74",#REF!
,373,2009,LAJ,09ºLAJ,Leilão de Ajuste,001/2009,TRADENER,02.691.745/0001-70,LIG1003SE,-,-,Sem Pendências,-,-,-,SE,0.00,#REF!,0.000,,,0.000,0.000,0.5,40,0,40,20.000,0.000,0.000,0.000,20.000,"146,860.000",145.77,R$/MWh,0.00,0.00,"21,407,782.20",#REF!,#REF!,0.00,0.00,0.00,3/1/2009,12/31/2009,Não,"2,906.74",#REF!
,374,2009,LAJ,09ºLAJ,Leilão de Ajuste,001/2009,CEMIG GERACAO,06.981.176/0001-58,RGE1003S,-,-,Sem Pendências,-,-,-,S,0.00,#REF!,0.000,,,0.000,0.000,0.5,95,0,95,47.500,0.000,0.000,0.000,47.500,"348,792.500",145.81,R$/MWh,0.00,0.00,"50,857,434.43",#REF!,#REF!,0.00,0.00,0.00,3/1/2009,12/31/2009,Não,"2,906.74",#REF!
,375,2009,LAJ,09ºLAJ,Leilão de Ajuste,001/2009,COMERC,58.177.643/0001-95,RGE1003S,-,-,Sem Pendências,-,-,-,S,0.00,#REF!,0.000,,,0.000,0.000,0.5,6,0,6,3.000,0.000,0.000,0.000,3.000,"22,029.000",145.81,R$/MWh,0.00,0.00,"3,212,048.49",#REF!,#REF!,0.00,0.00,0.00,3/1/2009,12/31/2009,Não,"2,906.74",#REF!
,376,2009,LAJ,09ºLAJ,Leilão de Ajuste,001/2009,ENERTRADE,04.149.295/0001-13,EK11003SE,-,-,Sem Pendências,-,-,-,SE,0.00,#REF!,0.000,,,0.000,0.000,0.5,28,0,28,14.000,0.000,0.000,0.000,14.000,"102,802.000",145.77,R$/MWh,0.00,0.00,"14,985,447.54",#REF!,#REF!,0.00,0.00,0.00,3/1/2009,12/31/2009,Não,"2,906.74",#REF!
,377,2009,LAJ,09ºLAJ,Leilão de Ajuste,001/2009,COOMEX,07.133.522/0001-00,LIG0403SE,-,-,Sem Pendências,-,-,-,SE,0.00,#REF!,0.000,,,0.000,0.000,0.5,50,0,50,25.000,0.000,0.000,0.000,25.000,"73,200.000",145.77,R$/MWh,0.00,0.00,"10,670,364.00",#REF!,#REF!,0.00,0.00,0.00,3/1/2009,6/30/2009,Não,"2,906.74",#REF!
,378,2009,LAJ,09ºLAJ,Leilão de Ajuste,001/2009,COMERC,58.177.643/0001-95,ELT1003SE,-,-,Sem Pendências,-,-,-,SE,0.00,#REF!,0.000,,,0.000,0.000,0.5,5,0,5,2.500,0.000,0.000,0.000,2.500,"18,357.500",145.77,R$/MWh,0.00,0.00,"2,675,972.78",#REF!,#REF!,0.00,0.00,0.00,3/1/2009,12/31/2009,Não,"2,906.74",#REF!
,379,2009,LAJ,09ºLAJ,Leilão de Ajuste,001/2009,CEMIG GERACAO,06.981.176/0001-58,LIG0403SE,-,-,Sem Pendências,-,-,-,SE,0.00,#REF!,0.000,,,0.000,0.000,0.5,44,0,44,22.000,0.000,0.000,0.000,22.000,"64,416.000",145.77,R$/MWh,0.00,0.00,"9,389,920.32",#REF!,#REF!,0.00,0.00,0.00,3/1/2009,6/30/2009,Não,"2,906.74",#REF!
,380,2009,LAJ,09ºLAJ,Leilão de Ajuste,001/2009,TRADENER,02.691.745/0001-70,ESE1003NE,-,-,Sem Pendências,-,-,-,NE,0.00,#REF!,0.000,,,0.000,0.000,0.5,10,0,10,5.000,0.000,0.000,0.000,5.000,"36,715.000",145.77,R$/MWh,0.00,0.00,"5,351,945.55",#REF!,#REF!,0.00,0.00,0.00,3/1/2009,12/31/2009,Não,"2,906.74",#REF!
,381,2009,LAJ,09ºLAJ,Leilão de Ajuste,001/2009,TRADENER,02.691.745/0001-70,ESE0706NE,-,-,Sem Pendências,-,-,-,NE,0.00,#REF!,0.000,,,0.000,0.000,0.5,10,0,10,5.000,0.000,0.000,0.000,5.000,"25,675.000",145.77,R$/MWh,0.00,0.00,"3,742,644.75",#REF!,#REF!,0.00,0.00,0.00,6/1/2009,12/31/2009,Não,"2,906.74",#REF!
,382,2009,LAJ,09ºLAJ,Leilão de Ajuste,001/2009,TRADENER,02.691.745/0001-70,ESE0403NE,-,-,Sem Pendências,-,-,-,NE,0.00,#REF!,0.000,,,0.000,0.000,0.5,1,0,1,0.500,0.000,0.000,0.000,0.500,"1,464.000",145.04,R$/MWh,0.00,0.00,"212,338.56",#REF!,#REF!,0.00,0.00,0.00,3/1/2009,6/30/2009,Não,"2,906.74",#REF!
,383,2009,LAJ,09ºLAJ,Leilão de Ajuste,001/2009,CEMIG GERACAO,06.981.176/0001-58,ESE0403NE,-,-,Sem Pendências,-,-,-,NE,0.00,#REF!,0.000,,,0.000,0.000,0.5,11,0,11,5.500,0.000,0.000,0.000,5.500,"16,104.000",145.04,R$/MWh,0.00,0.00,"2,335,724.16",#REF!,#REF!,0.00,0.00,0.00,3/1/2009,6/30/2009,Não,"2,906.74",#REF!
,384,2009,LAJ,09ºLAJ,Leilão de Ajuste,001/2009,ENERTRADE,04.149.295/0001-13,ESA1003SE,-,-,Sem Pendências,-,-,-,SE,0.00,#REF!,0.000,,,0.000,0.000,0.5,15,0,15,7.500,0.000,0.000,0.000,7.500,"55,072.500",145.77,R$/MWh,0.00,0.00,"8,027,918.33",#REF!,#REF!,0.00,0.00,0.00,3/1/2009,12/31/2009,Não,"2,906.74",#REF!
,385,2009,LAJ,09ºLAJ,Leilão de Ajuste,001/2009,TRACTEBEL,02.474.103/0001-19,ELT1003SE,-,-,Sem Pendências,-,-,-,SE,0.00,#REF!,0.000,,,0.000,0.000,0.5,20,0,20,10.000,0.000,0.000,0.000,10.000,"73,430.000",145.77,R$/MWh,0.00,0.00,"10,703,891.10",#REF!,#REF!,0.00,0.00,0.00,3/1/2009,12/31/2009,Não,"2,906.74",#REF!
,386,2009,LAJ,09ºLAJ,Leilão de Ajuste,001/2009,REDE COM,04.169.257/0001-22,ELT1003SE,-,-,Sem Pendências,-,-,-,SE,0.00,#REF!,0.000,,,0.000,0.000,0.5,19,0,19,9.500,0.000,0.000,0.000,9.500,"69,758.500",145.77,R$/MWh,0.00,0.00,"10,168,696.55",#REF!,#REF!,0.00,0.00,0.00,3/1/2009,12/31/2009,Não,"2,906.74",#REF!
,387,2009,LAJ,09ºLAJ,Leilão de Ajuste,001/2009,LIGHT,01.917.818/0001-36,ELT1003SE,-,-,Sem Pendências,-,-,-,SE,0.00,#REF!,0.000,,,0.000,0.000,0.5,30,0,30,15.000,0.000,0.000,0.000,15.000,"110,145.000",145.77,R$/MWh,0.00,0.00,"16,055,836.65",#REF!,#REF!,0.00,0.00,0.00,3/1/2009,12/31/2009,Não,"2,906.74",#REF!
,388,2009,LAJ,09ºLAJ,Leilão de Ajuste,001/2009,EQUIPAV,45.898.574/0001-67,ELT1003SE,-,-,Sem Pendências,-,-,-,SE,0.00,#REF!,0.000,,,0.000,0.000,0.5,12,0,12,6.000,0.000,0.000,0.000,6.000,"44,058.000",145.77,R$/MWh,0.00,0.00,"6,422,334.66",#REF!,#REF!,0.00,0.00,0.00,3/1/2009,12/31/2009,Não,"2,906.74",#REF!
,389,2009,LAJ,09ºLAJ,Leilão de Ajuste,001/2009,ENERTRADE,04.149.295/0001-13,ELT1003SE,-,-,Sem Pendências,-,-,-,SE,0.00,#REF!,0.000,,,0.000,0.000,0.5,80,0,80,40.000,0.000,0.000,0.000,40.000,"293,720.000",145.77,R$/MWh,0.00,0.00,"42,815,564.40",#REF!,#REF!,0.00,0.00,0.00,3/1/2009,12/31/2009,Não,"2,906.74",#REF!
,390,2009,LAJ,09ºLAJ,Leilão de Ajuste,001/2009,ELETRONORTE,00.357.038/0001-16,ELT1003SE,-,-,Sem Pendências,-,-,-,SE,0.00,#REF!,0.000,,,0.000,0.000,0.5,80,0,80,40.000,0.000,0.000,0.000,40.000,"293,720.000",145.77,R$/MWh,0.00,0.00,"42,815,564.40",#REF!,#REF!,0.00,0.00,0.00,3/1/2009,12/31/2009,Não,"2,906.74",#REF!
,391,2009,LAJ,09ºLAJ,Leilão de Ajuste,001/2009,CEMIG GERACAO,06.981.176/0001-58,ELT1003SE,-,-,Sem Pendências,-,-,-,SE,0.00,#REF!,0.000,,,0.000,0.000,0.5,74,0,74,37.000,0.000,0.000,0.000,37.000,"271,691.000",145.77,R$/MWh,0.00,0.00,"39,604,397.07",#REF!,#REF!,0.00,0.00,0.00,3/1/2009,12/31/2009,Não,"2,906.74",#REF!
,392,2009,LAJ,09ºLAJ,Leilão de Ajuste,001/2009,DELTA,04.802.543/0001-83,RGE1003S,-,-,Sem Pendências,-,-,-,S,0.00,#REF!,0.000,,,0.000,0.000,0.5,10,0,10,5.000,0.000,0.000,0.000,5.000,"36,715.000",145.81,R$/MWh,0.00,0.00,"5,353,414.15",#REF!,#REF!,0.00,0.00,0.00,3/1/2009,12/31/2009,Não,"2,906.74",#REF!
,393,2009,LAJ,09ºLAJ,Leilão de Ajuste,001/2009,ALCOA,23.637.697/0001-01,CO11003S,-,-,Sem Pendências,-,-,-,S,0.00,#REF!,0.000,,,0.000,0.000,0.5,10,0,10,5.000,0.000,0.000,0.000,5.000,"36,715.000",145.77,R$/MWh,0.00,0.00,"5,351,945.55",#REF!,#REF!,0.00,0.00,0.00,3/1/2009,12/31/2009,Não,"2,906.74",#REF!
,394,2009,LAJ,09ºLAJ,Leilão de Ajuste,001/2009,TRADENER,02.691.745/0001-70,CFI0403SE,-,-,Sem Pendências,-,-,-,SE,0.00,#REF!,0.000,,,0.000,0.000,0.5,34,0,34,17.000,0.000,0.000,0.000,17.000,"49,776.000",145.08,R$/MWh,0.00,0.00,"7,221,502.08",#REF!,#REF!,0.00,0.00,0.00,3/1/2009,6/30/2009,Não,"2,906.74",#REF!
,395,2009,LAJ,09ºLAJ,Leilão de Ajuste,001/2009,VALUE,07.760.179/0001-24,CFI0403SE,-,-,Sem Pendências,-,-,-,SE,0.00,#REF!,0.000,,,0.000,0.000,0.5,20,0,20,10.000,0.000,0.000,0.000,10.000,"29,280.000",145.08,R$/MWh,0.00,0.00,"4,247,942.40",#REF!,#REF!,0.00,0.00,0.00,3/1/2009,6/30/2009,Não,"2,906.74",#REF!
,396,2009,LAJ,09ºLAJ,Leilão de Ajuste,001/2009,ALCOA,23.637.697/0001-01,CFI0706SE,-,-,Sem Pendências,-,-,-,SE,0.00,#REF!,0.000,,,0.000,0.000,0.5,1,0,1,0.500,0.000,0.000,0.000,0.500,"2,567.500",145.08,R$/MWh,0.00,0.00,"372,492.90",#REF!,#REF!,0.00,0.00,0.00,6/1/2009,12/31/2009,Não,"2,906.74",#REF!
,397,2009,LAJ,09ºLAJ,Leilão de Ajuste,001/2009,COMERC,58.177.643/0001-95,CFI0706SE,-,-,Sem Pendências,-,-,-,SE,0.00,#REF!,0.000,,,0.000,0.000,0.5,17,0,17,8.500,0.000,0.000,0.000,8.500,"43,647.500",145.08,R$/MWh,0.00,0.00,"6,332,379.30",#REF!,#REF!,0.00,0.00,0.00,6/1/2009,12/31/2009,Não,"2,906.74",#REF!
,398,2009,LAJ,09ºLAJ,Leilão de Ajuste,001/2009,ENERTRADE,04.149.295/0001-13,CFI0706SE,-,-,Sem Pendências,-,-,-,SE,0.00,#REF!,0.000,,,0.000,0.000,0.5,26,0,26,13.000,0.000,0.000,0.000,13.000,"66,755.000",145.08,R$/MWh,0.00,0.00,"9,684,815.40",#REF!,#REF!,0.00,0.00,0.00,6/1/2009,12/31/2009,Não,"2,906.74",#REF!
,399,2009,LAJ,09ºLAJ,Leilão de Ajuste,001/2009,EQUIPAV,45.898.574/0001-67,CFI0706SE,-,-,Sem Pendências,-,-,-,SE,0.00,#REF!,0.000,,,0.000,0.000,0.5,12,0,12,6.000,0.000,0.000,0.000,6.000,"30,810.000",145.08,R$/MWh,0.00,0.00,"4,469,914.80",#REF!,#REF!,0.00,0.00,0.00,6/1/2009,12/31/2009,Não,"2,906.74",#REF!
,400,2009,LAJ,09ºLAJ,Leilão de Ajuste,001/2009,VALUE,07.760.179/0001-24,CFI0706SE,-,-,Sem Pendências,-,-,-,SE,0.00,#REF!,0.000,,,0.000,0.000,0.5,2,0,2,1.000,0.000,0.000,0.000,1.000,"5,135.000",145.08,R$/MWh,0.00,0.00,"744,985.80",#REF!,#REF!,0.00,0.00,0.00,6/1/2009,12/31/2009,Não,"2,906.74",#REF!
,401,2009,LAJ,09ºLAJ,Leilão de Ajuste,001/2009,CEMIG GERACAO,06.981.176/0001-58,CFI1003SE,-,-,Sem Pendências,-,-,-,SE,0.00,#REF!,0.000,,,0.000,0.000,0.5,38,0,38,19.000,0.000,0.000,0.000,19.000,"139,517.000",145.81,R$/MWh,0.00,0.00,"20,342,973.77",#REF!,#REF!,0.00,0.00,0.00,3/1/2009,12/31/2009,Não,"2,906.74",#REF!
,402,2009,LAJ,09ºLAJ,Leilão de Ajuste,001/2009,TRACTEBEL,02.474.103/0001-19,CMG0403SE,-,-,Sem Pendências,-,-,-,SE,0.00,#REF!,0.000,,,0.000,0.000,0.5,20,0,20,10.000,0.000,0.000,0.000,10.000,"29,280.000",145.77,R$/MWh,0.00,0.00,"4,268,145.60",#REF!,#REF!,0.00,0.00,0.00,3/1/2009,6/30/2009,Não,"2,906.74",#REF!
,403,2009,LAJ,09ºLAJ,Leilão de Ajuste,001/2009,CEMIG GERACAO,06.981.176/0001-58,CG11003SE,-,-,Sem Pendências,-,-,-,SE,0.00,#REF!,0.000,,,0.000,0.000,0.5,2,0,2,1.000,0.000,0.000,0.000,1.000,"7,343.000",145.77,R$/MWh,0.00,0.00,"1,070,389.11",#REF!,#REF!,0.00,0.00,0.00,3/1/2009,12/31/2009,Não,"2,906.74",#REF!
,404,2009,LAJ,09ºLAJ,Leilão de Ajuste,001/2009,CEMIG GERACAO,06.981.176/0001-58,CG21003SE,-,-,Sem Pendências,-,-,-,SE,0.00,#REF!,0.000,,,0.000,0.000,0.5,3,0,3,1.500,0.000,0.000,0.000,1.500,"11,014.500",145.77,R$/MWh,0.00,0.00,"1,605,583.67",#REF!,#REF!,0.00,0.00,0.00,3/1/2009,12/31/2009,Não,"2,906.74",#REF!
,405,2009,LAJ,09ºLAJ,Leilão de Ajuste,001/2009,REDE COM,04.169.257/0001-22,CLT1003SE,-,-,Sem Pendências,-,-,-,N,0.00,#REF!,0.000,,,0.000,0.000,0.5,13,0,13,6.500,0.000,0.000,0.000,6.500,"47,729.500",145.77,R$/MWh,0.00,0.00,"6,957,529.22",#REF!,#REF!,0.00,0.00,0.00,3/1/2009,12/31/2009,Não,"2,906.74",#REF!
,406,2009,LAJ,09ºLAJ,Leilão de Ajuste,001/2009,COOMEX,07.133.522/0001-00,CM11003SE,-,-,Sem Pendências,-,-,-,SE,0.00,#REF!,0.000,,,0.000,0.000,0.5,33,0,33,16.500,0.000,0.000,0.000,16.500,"121,159.500",145.77,R$/MWh,0.00,0.00,"17,661,420.32",#REF!,#REF!,0.00,0.00,0.00,3/1/2009,12/31/2009,Não,"2,906.74",#REF!
,407,2009,LAJ,09ºLAJ,Leilão de Ajuste,001/2009,TRACTEBEL,02.474.103/0001-19,CFI0403SE,-,-,Sem Pendências,-,-,-,SE,0.00,#REF!,0.000,,,0.000,0.000,0.5,5,0,5,2.500,0.000,0.000,0.000,2.500,"7,320.000",145.08,R$/MWh,0.00,0.00,"1,061,985.60",#REF!,#REF!,0.00,0.00,0.00,3/1/2009,6/30/2009,Não,"2,906.74",#REF!
,408,2009,LAJ,09ºLAJ,Leilão de Ajuste,001/2009,SAFIRA,09.495.582/0001-07,CMG0403SE,-,-,Sem Pendências,-,-,-,SE,0.00,#REF!,0.000,,,0.000,0.000,0.5,7,0,7,3.500,0.000,0.000,0.000,3.500,"10,248.000",145.77,R$/MWh,0.00,0.00,"1,493,850.96",#REF!,#REF!,0.00,0.00,0.00,3/1/2009,6/30/2009,Não,"2,906.74",#REF!
,409,2009,LAJ,09ºLAJ,Leilão de Ajuste,001/2009,ELETRONORTE,00.357.038/0001-16,CMG1003SE,-,-,Sem Pendências,-,-,-,SE,0.00,#REF!,0.000,,,0.000,0.000,0.5,60,0,60,30.000,0.000,0.000,0.000,30.000,"220,290.000",145.77,R$/MWh,0.00,0.00,"32,111,673.30",#REF!,#REF!,0.00,0.00,0.00,3/1/2009,12/31/2009,Não,"2,906.74",#REF!
,410,2009,LAJ,09ºLAJ,Leilão de Ajuste,001/2009,DIFERENCIAL,08.219.477/0001-74,CMG1003SE,-,-,Sem Pendências,-,-,-,SE,0.00,#REF!,0.000,,,0.000,0.000,0.5,4,0,4,2.000,0.000,0.000,0.000,2.000,"14,686.000",145.77,R$/MWh,0.00,0.00,"2,140,778.22",#REF!,#REF!,0.00,0.00,0.00,3/1/2009,12/31/2009,Não,"2,906.74",#REF!
,411,2009,LAJ,09ºLAJ,Leilão de Ajuste,001/2009,DELTA,04.802.543/0001-83,CMG1003SE,-,-,Sem Pendências,-,-,-,SE,0.00,#REF!,0.000,,,0.000,0.000,0.5,10,0,10,5.000,0.000,0.000,0.000,5.000,"36,715.000",145.77,R$/MWh,0.00,0.00,"5,351,945.55",#REF!,#REF!,0.00,0.00,0.00,3/1/2009,12/31/2009,Não,"2,906.74",#REF!
,412,2009,LAJ,09ºLAJ,Leilão de Ajuste,001/2009,COMERC,58.177.643/0001-95,CMG1003SE,-,-,Sem Pendências,-,-,-,SE,0.00,#REF!,0.000,,,0.000,0.000,0.5,10,0,10,5.000,0.000,0.000,0.000,5.000,"36,715.000",145.77,R$/MWh,0.00,0.00,"5,351,945.55",#REF!,#REF!,0.00,0.00,0.00,3/1/2009,12/31/2009,Não,"2,906.74",#REF!
,413,2009,LAJ,09ºLAJ,Leilão de Ajuste,001/2009,CEMIG GERACAO,06.981.176/0001-58,CMG1003SE,-,-,Sem Pendências,-,-,-,SE,0.00,#REF!,0.000,,,0.000,0.000,0.5,83,0,83,41.500,0.000,0.000,0.000,41.500,"304,734.500",145.77,R$/MWh,0.00,0.00,"44,421,148.07",#REF!,#REF!,0.00,0.00,0.00,3/1/2009,12/31/2009,Não,"2,906.74",#REF!
,414,2009,LAJ,09ºLAJ,Leilão de Ajuste,001/2009,COOMEX,07.133.522/0001-00,CM21003SE,-,-,Sem Pendências,-,-,-,SE,0.00,#REF!,0.000,,,0.000,0.000,0.5,28,0,28,14.000,0.000,0.000,0.000,14.000,"102,802.000",145.77,R$/MWh,0.00,0.00,"14,985,447.54",#REF!,#REF!,0.00,0.00,0.00,3/1/2009,12/31/2009,Não,"2,906.74",#REF!
,415,2009,LAJ,09ºLAJ,Leilão de Ajuste,001/2009,CEMIG GERACAO,06.981.176/0001-58,CE10403NE,-,-,Sem Pendências,-,-,-,NE,0.00,#REF!,0.000,,,0.000,0.000,0.5,14,0,14,7.000,0.000,0.000,0.000,7.000,"20,496.000",145.04,R$/MWh,0.00,0.00,"2,972,739.84",#REF!,#REF!,0.00,0.00,0.00,3/1/2009,6/30/2009,Não,"2,906.74",#REF!
,416,2009,LAJ,09ºLAJ,Leilão de Ajuste,001/2009,COPEL GET,04.370.282/0001-70,CO11003S,-,-,Sem Pendências,-,-,-,S,0.00,#REF!,0.000,,,0.000,0.000,0.5,80,0,80,40.000,0.000,0.000,0.000,40.000,"293,720.000",145.77,R$/MWh,0.00,0.00,"42,815,564.40",#REF!,#REF!,0.00,0.00,0.00,3/1/2009,12/31/2009,Não,"2,906.74",#REF!
,417,2009,LAJ,09ºLAJ,Leilão de Ajuste,001/2009,QUANTA GERACAO,07.642.982/0001-64,CMG0403SE,-,-,Sem Pendências,-,-,-,SE,0.00,#REF!,0.000,,,0.000,0.000,0.5,17,0,17,8.500,0.000,0.000,0.000,8.500,"24,888.000",145.77,R$/MWh,0.00,0.00,"3,627,923.76",#REF!,#REF!,0.00,0.00,0.00,3/1/2009,6/30/2009,Não,"2,906.74",#REF!
,418,2009,LAJ,09ºLAJ,Leilão de Ajuste,001/2009,ENERTRADE,04.149.295/0001-13,CMG0403SE,-,-,Sem Pendências,-,-,-,SE,0.00,#REF!,0.000,,,0.000,0.000,0.5,40,0,40,20.000,0.000,0.000,0.000,20.000,"58,560.000",145.77,R$/MWh,0.00,0.00,"8,536,291.20",#REF!,#REF!,0.00,0.00,0.00,3/1/2009,6/30/2009,Não,"2,906.74",#REF!
,419,2009,LAJ,09ºLAJ,Leilão de Ajuste,001/2009,DIFERENCIAL,08.219.477/0001-74,CMG0403SE,-,-,Sem Pendências,-,-,-,SE,0.00,#REF!,0.000,,,0.000,0.000,0.5,4,0,4,2.000,0.000,0.000,0.000,2.000,"5,856.000",145.77,R$/MWh,0.00,0.00,"853,629.12",#REF!,#REF!,0.00,0.00,0.00,3/1/2009,6/30/2009,Não,"2,906.74",#REF!
,420,2009,LAJ,09ºLAJ,Leilão de Ajuste,001/2009,DELTA,04.802.543/0001-83,CMG0403SE,-,-,Sem Pendências,-,-,-,SE,0.00,#REF!,0.000,,,0.000,0.000,0.5,20,0,20,10.000,0.000,0.000,0.000,10.000,"29,280.000",145.77,R$/MWh,0.00,0.00,"4,268,145.60",#REF!,#REF!,0.00,0.00,0.00,3/1/2009,6/30/2009,Não,"2,906.74",#REF!
,421,2009,LAJ,09ºLAJ,Leilão de Ajuste,001/2009,CEMIG GERACAO,06.981.176/0001-58,CMG0403SE,-,-,Sem Pendências,-,-,-,SE,0.00,#REF!,0.000,,,0.000,0.000,0.5,314,0,314,157.000,0.000,0.000,0.000,157.000,"459,696.000",145.77,R$/MWh,0.00,0.00,"67,009,885.92",#REF!,#REF!,0.00,0.00,0.00,3/1/2009,6/30/2009,Não,"2,906.74",#REF!
,422,2009,LAJ,09ºLAJ,Leilão de Ajuste,001/2009,COMERC,58.177.643/0001-95,CFI1003SE,-,-,Sem Pendências,-,-,-,SE,0.00,#REF!,0.000,,,0.000,0.000,0.5,2,0,2,1.000,0.000,0.000,0.000,1.000,"7,343.000",145.81,R$/MWh,0.00,0.00,"1,070,682.83",#REF!,#REF!,0.00,0.00,0.00,3/1/2009,12/31/2009,Não,"2,906.74",#REF!
,423,2009,LAJ,09ºLAJ,Leilão de Ajuste,001/2009,COOMEX,07.133.522/0001-00,ELT1003SE,-,-,Sem Pendências,-,-,-,SE,0.00,#REF!,0.000,,,0.000,0.000,0.5,5,0,5,2.500,0.000,0.000,0.000,2.500,"18,357.500",145.77,R$/MWh,0.00,0.00,"2,675,972.78",#REF!,#REF!,0.00,0.00,0.00,3/1/2009,12/31/2009,Não,"2,906.74",#REF!
,424,2009,LAJ,09ºLAJ,Leilão de Ajuste,001/2009,REDE COM,04.169.257/0001-22,CG11003SE,-,-,Sem Pendências,-,-,-,SE,0.00,#REF!,0.000,,,0.000,0.000,0.5,20,0,20,10.000,0.000,0.000,0.000,10.000,"73,430.000",145.77,R$/MWh,0.00,0.00,"10,703,891.10",#REF!,#REF!,0.00,0.00,0.00,3/1/2009,12/31/2009,Não,"2,906.74",#REF!
,425,2009,LAJ,09ºLAJ,Leilão de Ajuste,001/2009,QUANTA GERACAO,07.642.982/0001-64,CFA0403SE,-,-,Sem Pendências,-,-,-,SE,0.00,#REF!,0.000,,,0.000,0.000,0.5,2,0,2,1.000,0.000,0.000,0.000,1.000,"2,928.000",145.08,R$/MWh,0.00,0.00,"424,794.24",#REF!,#REF!,0.00,0.00,0.00,3/1/2009,6/30/2009,Não,"2,906.74",#REF!
,426,2009,LAJ,09ºLAJ,Leilão de Ajuste,001/2009,ENERTRADE,04.149.295/0001-13,CFA0403SE,-,-,Sem Pendências,-,-,-,SE,0.00,#REF!,0.000,,,0.000,0.000,0.5,80,0,80,40.000,0.000,0.000,0.000,40.000,"117,120.000",145.08,R$/MWh,0.00,0.00,"16,991,769.60",#REF!,#REF!,0.00,0.00,0.00,3/1/2009,6/30/2009,Não,"2,906.74",#REF!
,427,2009,LAJ,09ºLAJ,Leilão de Ajuste,001/2009,COOMEX,07.133.522/0001-00,CFA0403SE,-,-,Sem Pendências,-,-,-,SE,0.00,#REF!,0.000,,,0.000,0.000,0.5,131,0,131,65.500,0.000,0.000,0.000,65.500,"191,784.000",145.08,R$/MWh,0.00,0.00,"27,824,022.72",#REF!,#REF!,0.00,0.00,0.00,3/1/2009,6/30/2009,Não,"2,906.74",#REF!
,428,2009,LAJ,09ºLAJ,Leilão de Ajuste,001/2009,CEMIG GERACAO,06.981.176/0001-58,CFA0403SE,-,-,Sem Pendências,-,-,-,SE,0.00,#REF!,0.000,,,0.000,0.000,0.5,19,0,19,9.500,0.000,0.000,0.000,9.500,"27,816.000",145.08,R$/MWh,0.00,0.00,"4,035,545.28",#REF!,#REF!,0.00,0.00,0.00,3/1/2009,6/30/2009,Não,"2,906.74",#REF!
,429,2009,LAJ,09ºLAJ,Leilão de Ajuste,001/2009,TRACTEBEL,02.474.103/0001-19,CEE1003S,-,-,Sem Pendências,-,-,-,S,0.00,#REF!,0.000,,,0.000,0.000,0.5,50,0,50,25.000,0.000,0.000,0.000,25.000,"183,575.000",145.77,R$/MWh,0.00,0.00,"26,759,727.75",#REF!,#REF!,0.00,0.00,0.00,3/1/2009,12/31/2009,Não,"2,906.74",#REF!
,430,2009,LAJ,09ºLAJ,Leilão de Ajuste,001/2009,VALUE,07.760.179/0001-24,CFA0403SE,-,-,Sem Pendências,-,-,-,SE,0.00,#REF!,0.000,,,0.000,0.000,0.5,20,0,20,10.000,0.000,0.000,0.000,10.000,"29,280.000",145.08,R$/MWh,0.00,0.00,"4,247,942.40",#REF!,#REF!,0.00,0.00,0.00,3/1/2009,6/30/2009,Não,"2,906.74",#REF!
,431,2009,LAJ,09ºLAJ,Leilão de Ajuste,001/2009,CEEE,92.715.812/0001-31,CEE1003S,-,-,Sem Pendências,-,-,-,S,0.00,#REF!,0.000,,,0.000,0.000,0.5,7,0,7,3.500,0.000,0.000,0.000,3.500,"25,700.500",145.77,R$/MWh,0.00,0.00,"3,746,361.89",#REF!,#REF!,0.00,0.00,0.00,3/1/2009,12/31/2009,Não,"2,906.74",#REF!
,432,2009,LAJ,09ºLAJ,Leilão de Ajuste,001/2009,CEMIG GERACAO,06.981.176/0001-58,CEE1003S,-,-,Sem Pendências,-,-,-,S,0.00,#REF!,0.000,,,0.000,0.000,0.5,28,0,28,14.000,0.000,0.000,0.000,14.000,"102,802.000",145.77,R$/MWh,0.00,0.00,"14,985,447.54",#REF!,#REF!,0.00,0.00,0.00,3/1/2009,12/31/2009,Não,"2,906.74",#REF!
,433,2009,LAJ,09ºLAJ,Leilão de Ajuste,001/2009,DELTA,04.802.543/0001-83,CE20403NE,-,-,Sem Pendências,-,-,-,NE,0.00,#REF!,0.000,,,0.000,0.000,0.5,20,0,20,10.000,0.000,0.000,0.000,10.000,"29,280.000",145.04,R$/MWh,0.00,0.00,"4,246,771.20",#REF!,#REF!,0.00,0.00,0.00,3/1/2009,6/30/2009,Não,"2,906.74",#REF!
,434,2009,LAJ,09ºLAJ,Leilão de Ajuste,001/2009,CEMIG GERACAO,06.981.176/0001-58,CE20403NE,-,-,Sem Pendências,-,-,-,NE,0.00,#REF!,0.000,,,0.000,0.000,0.5,65,0,65,32.500,0.000,0.000,0.000,32.500,"95,160.000",145.04,R$/MWh,0.00,0.00,"13,802,006.40",#REF!,#REF!,0.00,0.00,0.00,3/1/2009,6/30/2009,Não,"2,906.74",#REF!
,435,2009,LAJ,09ºLAJ,Leilão de Ajuste,001/2009,TRADENER,02.691.745/0001-70,CE10706NE,-,-,Sem Pendências,-,-,-,NE,0.00,#REF!,0.000,,,0.000,0.000,0.5,5,0,5,2.500,0.000,0.000,0.000,2.500,"12,837.500",145.77,R$/MWh,0.00,0.00,"1,871,322.38",#REF!,#REF!,0.00,0.00,0.00,6/1/2009,12/31/2009,Não,"2,906.74",#REF!
,436,2009,LAJ,09ºLAJ,Leilão de Ajuste,001/2009,NC ENERGIA,04.023.261/0001-88,CE10706NE,-,-,Sem Pendências,-,-,-,NE,0.00,#REF!,0.000,,,0.000,0.000,0.5,14,0,14,7.000,0.000,0.000,0.000,7.000,"35,945.000",145.77,R$/MWh,0.00,0.00,"5,239,702.65",#REF!,#REF!,0.00,0.00,0.00,6/1/2009,12/31/2009,Não,"2,906.74",#REF!
,437,2009,LAJ,09ºLAJ,Leilão de Ajuste,001/2009,NC ENERGIA,04.023.261/0001-88,CE10403NE,-,-,Sem Pendências,-,-,-,NE,0.00,#REF!,0.000,,,0.000,0.000,0.5,10,0,10,5.000,0.000,0.000,0.000,5.000,"14,640.000",145.04,R$/MWh,0.00,0.00,"2,123,385.60",#REF!,#REF!,0.00,0.00,0.00,3/1/2009,6/30/2009,Não,"2,906.74",#REF!
,438,2009,LAJ,09ºLAJ,Leilão de Ajuste,001/2009,DELTA,04.802.543/0001-83,CE10403NE,-,-,Sem Pendências,-,-,-,NE,0.00,#REF!,0.000,,,0.000,0.000,0.5,20,0,20,10.000,0.000,0.000,0.000,10.000,"29,280.000",145.04,R$/MWh,0.00,0.00,"4,246,771.20",#REF!,#REF!,0.00,0.00,0.00,3/1/2009,6/30/2009,Não,"2,906.74",#REF!
,439,2009,LAJ,09ºLAJ,Leilão de Ajuste,001/2009,COOMEX,07.133.522/0001-00,CFI0403SE,-,-,Sem Pendências,-,-,-,SE,0.00,#REF!,0.000,,,0.000,0.000,0.5,30,0,30,15.000,0.000,0.000,0.000,15.000,"43,920.000",145.08,R$/MWh,0.00,0.00,"6,371,913.60",#REF!,#REF!,0.00,0.00,0.00,3/1/2009,6/30/2009,Não,"2,906.74",#REF!
,440,2009,LAJ,09ºLAJ,Leilão de Ajuste,001/2009,ENERTRADE,04.149.295/0001-13,CFA0706SE,-,-,Sem Pendências,-,-,-,SE,0.00,#REF!,0.000,,,0.000,0.000,0.5,50,0,50,25.000,0.000,0.000,0.000,25.000,"128,375.000",145.08,R$/MWh,0.00,0.00,"18,624,645.00",#REF!,#REF!,0.00,0.00,0.00,6/1/2009,12/31/2009,Não,"2,906.74",#REF!
,441,2009,LAJ,09ºLAJ,Leilão de Ajuste,001/2009,SAFIRA,09.495.582/0001-07,CE20403NE,-,-,Sem Pendências,-,-,-,NE,0.00,#REF!,0.000,,,0.000,0.000,0.5,3,0,3,1.500,0.000,0.000,0.000,1.500,"4,392.000",145.04,R$/MWh,0.00,0.00,"637,015.68",#REF!,#REF!,0.00,0.00,0.00,3/1/2009,6/30/2009,Não,"2,906.74",#REF!
,442,2009,LAJ,09ºLAJ,Leilão de Ajuste,001/2009,ALCOA,23.637.697/0001-01,CFA0706SE,-,-,Sem Pendências,-,-,-,SE,0.00,#REF!,0.000,,,0.000,0.000,0.5,20,0,20,10.000,0.000,0.000,0.000,10.000,"51,350.000",145.08,R$/MWh,0.00,0.00,"7,449,858.00",#REF!,#REF!,0.00,0.00,0.00,6/1/2009,12/31/2009,Não,"2,906.74",#REF!
,443,2009,LAJ,09ºLAJ,Leilão de Ajuste,001/2009,COOMEX,07.133.522/0001-00,CFA1003SE,-,-,Sem Pendências,-,-,-,SE,0.00,#REF!,0.000,,,0.000,0.000,0.5,13,0,13,6.500,0.000,0.000,0.000,6.500,"47,729.500",145.81,R$/MWh,0.00,0.00,"6,959,438.40",#REF!,#REF!,0.00,0.00,0.00,3/1/2009,12/31/2009,Não,"2,906.74",#REF!
,444,2009,LAJ,09ºLAJ,Leilão de Ajuste,001/2009,COMERC,58.177.643/0001-95,CFA1003SE,-,-,Sem Pendências,-,-,-,SE,0.00,#REF!,0.000,,,0.000,0.000,0.5,2,0,2,1.000,0.000,0.000,0.000,1.000,"7,343.000",145.81,R$/MWh,0.00,0.00,"1,070,682.83",#REF!,#REF!,0.00,0.00,0.00,3/1/2009,12/31/2009,Não,"2,906.74",#REF!
,445,2009,LAJ,09ºLAJ,Leilão de Ajuste,001/2009,CEMIG GERACAO,06.981.176/0001-58,CFA1003SE,-,-,Sem Pendências,-,-,-,SE,0.00,#REF!,0.000,,,0.000,0.000,0.5,35,0,35,17.500,0.000,0.000,0.000,17.500,"128,502.500",145.81,R$/MWh,0.00,0.00,"18,736,949.53",#REF!,#REF!,0.00,0.00,0.00,3/1/2009,12/31/2009,Não,"2,906.74",#REF!
,446,2009,LAJ,09ºLAJ,Leilão de Ajuste,001/2009,EQUIPAV,45.898.574/0001-67,CFA0706SE,-,-,Sem Pendências,-,-,-,SE,0.00,#REF!,0.000,,,0.000,0.000,0.5,12,0,12,6.000,0.000,0.000,0.000,6.000,"30,810.000",145.08,R$/MWh,0.00,0.00,"4,469,914.80",#REF!,#REF!,0.00,0.00,0.00,6/1/2009,12/31/2009,Não,"2,906.74",#REF!
,447,2009,LAJ,09ºLAJ,Leilão de Ajuste,001/2009,CEMIG GERACAO,06.981.176/0001-58,CFI0403SE,-,-,Sem Pendências,-,-,-,SE,0.00,#REF!,0.000,,,0.000,0.000,0.5,12,0,12,6.000,0.000,0.000,0.000,6.000,"17,568.000",145.08,R$/MWh,0.00,0.00,"2,548,765.44",#REF!,#REF!,0.00,0.00,0.00,3/1/2009,6/30/2009,Não,"2,906.74",#REF!
,448,2009,LAJ,09ºLAJ,Leilão de Ajuste,001/2009,DELTA,04.802.543/0001-83,CFA0706SE,-,-,Sem Pendências,-,-,-,SE,0.00,#REF!,0.000,,,0.000,0.000,0.5,40,0,40,20.000,0.000,0.000,0.000,20.000,"102,700.000",145.08,R$/MWh,0.00,0.00,"14,899,716.00",#REF!,#REF!,0.00,0.00,0.00,6/1/2009,12/31/2009,Não,"2,906.74",#REF!
,449,2009,LAJ,09ºLAJ,Leilão de Ajuste,001/2009,COMERC,58.177.643/0001-95,CFA0706SE,-,-,Sem Pendências,-,-,-,SE,0.00,#REF!,0.000,,,0.000,0.000,0.5,17,0,17,8.500,0.000,0.000,0.000,8.500,"43,647.500",145.08,R$/MWh,0.00,0.00,"6,332,379.30",#REF!,#REF!,0.00,0.00,0.00,6/1/2009,12/31/2009,Não,"2,906.74",#REF!
,450,2009,LAJ,09ºLAJ,Leilão de Ajuste,001/2009,NC ENERGIA,04.023.261/0001-88,CFA0706SE,-,-,Sem Pendências,-,-,-,SE,0.00,#REF!,0.000,,,0.000,0.000,0.5,5,0,5,2.500,0.000,0.000,0.000,2.500,"12,837.500",145.08,R$/MWh,0.00,0.00,"1,862,464.50",#REF!,#REF!,0.00,0.00,0.00,6/1/2009,12/31/2009,Não,"2,906.74",#REF!
,451,2009,LEN,08ºLEN,Leilão de Energia Nova,002/2009,UTE CODORA,07.966.116/0001-29,2012-OF15,UTE.AI.GO.030355-0.01,UTE CODORA,Sem Pendências,GO,Biomassa,Bagaço de Cana de Açúcar,SE,0.00,#REF!,48.000,,,0.000,16.200,1.0,10,10,10,10.000,10.000,10.000,10.000,10.000,"1,314,960.000",144.60,R$/MWh,0.00,0.00,"190,143,216.00",#REF!,#REF!,"12,844,496.15","12,844,496.15","12,844,496.15",1/1/2012,12/31/2026,Não,"2,974.22",#REF!
,452,2009,LEN,08ºLEN,Leilão de Energia Nova,002/2009,CESA (ENERGEST),04.029.601/0001-88,2012-H30,PCH.PH.ES.002293-4.02,PCH RIO BONITO (AMPLIACAO),Sem Pendências,ES,Hidrelétrica (PCH),Rio Santa Maria da Vitória,SE,0.00,#REF!,22.500,,,0.000,1.410,1.0,1,1,1,1.000,1.000,1.000,1.000,1.000,"262,992.000",144.00,R$/MWh,0.00,0.00,"37,870,848.00",#REF!,#REF!,0.00,0.00,0.00,1/1/2012,12/31/2041,Não,"2,974.22",#REF!
,453,2009,LEE,08ºLEE,Leilão de Energia Existente,007/2009,BIO COSTA PINTO,18.645.875/0001-06,2010-D05,UTE.AI.SP.028221-9.01,UTE COSTA PINTO,Sem Pendências,SP,Biomassa,Bagaço de Cana de Açúcar,SE,0.00,#REF!,75.000,,,0.000,25.070,1.0,1,1,1,1.000,1.000,1.000,1.000,1.000,"43,824.000",80.00,R$/MWh,0.00,0.00,"3,505,920.00",#REF!,#REF!,"728,306.00","728,306.00","728,306.00",1/1/2010,12/31/2014,Não,"2,994.19",#REF!
,454,2009,LEE,08ºLEE,Leilão de Energia Existente,007/2009,CHESF,33.541.368/0001-16,2010-Q05,-,-,Sem Pendências,-,-,-,NE,0.00,#REF!,0.000,,,0.000,0.000,1.0,23,23,23,23.000,23.000,23.000,23.000,23.000,"1,007,952.000",99.50,R$/MWh,0.00,0.00,"100,291,224.00",#REF!,#REF!,0.00,0.00,0.00,1/1/2010,12/31/2014,Não,"2,994.19",#REF!
,455,2009,LEE,08ºLEE,Leilão de Energia Existente,007/2009,ELETRONORTE,00.357.038/0001-16,2010-Q05,-,-,Sem Pendências,-,-,-,N,0.00,#REF!,0.000,,,0.000,0.000,1.0,60,60,60,60.000,60.000,60.000,60.000,60.000,"2,629,440.000",99.00,R$/MWh,0.00,0.00,"260,314,560.00",#REF!,#REF!,0.00,0.00,0.00,1/1/2010,12/31/2014,Não,"2,994.19",#REF!
,456,2009,LER,02ºLER,Leilão de Energia de Reserva,003/2009,DESA WIND IV,11.686.202/0001-55,2012-EOL20 ,EOL.CV.RN.030311-9.01,EOL MORRO DOS VENTOS IV,Sem Pendências,RN,Eólica,Cinética do Vento,NE,0.00,#REF!,28.800,,,0.000,13.700,1.0,13,13,13,13.000,13.000,13.000,13.000,13.000,"2,279,160.000",151.02,R$/MWh,0.00,0.00,"344,198,743.20",#REF!,#REF!,0.00,0.00,0.00,7/1/2012,6/30/2032,Não,"3,006.47",#REF!
,457,2009,LER,02ºLER,Leilão de Energia de Reserva,003/2009,CONS DELTAEOLICA,11.646.934/0001-11,2012-EOL20 ,EOL.CV.CE.030369-0.01,EOL QUIXABA,Sem Pendências,CE,Eólica,Cinética do Vento,NE,0.00,#REF!,25.200,,,0.000,9.000,1.0,9,9,9,9.000,9.000,9.000,9.000,9.000,"1,577,880.000",153.05,R$/MWh,0.00,0.00,"241,494,534.00",#REF!,#REF!,0.00,0.00,0.00,7/1/2012,6/30/2032,Não,"3,006.47",#REF!
,458,2009,LER,02ºLER,Leilão de Energia de Reserva,003/2009,RENOVA,08.534.605/0001-74,2012-EOL20 ,EOL.CV.BA.030323-2.01,EOL PORTO SEGURO,Sem Pendências,BA,Eólica,Cinética do Vento,NE,0.00,#REF!,6.000,,,0.000,2.700,1.0,2,2,2,2.000,2.000,2.000,2.000,2.000,"350,640.000",146.94,R$/MWh,0.00,0.00,"51,523,041.60",#REF!,#REF!,0.00,0.00,0.00,7/1/2012,6/30/2032,Não,"3,006.47",#REF!
,459,2009,LER,02ºLER,Leilão de Energia de Reserva,003/2009,RENOVA,08.534.605/0001-74,2012-EOL20 ,EOL.CV.BA.030322-4.01,EOL PLANALTINA,Sem Pendências,BA,Eólica,Cinética do Vento,NE,0.00,#REF!,25.500,,,0.000,12.200,1.0,12,2,2,12.000,12.000,12.000,12.000,12.000,"2,103,840.000",146.94,R$/MWh,0.00,0.00,"309,138,249.60",#REF!,#REF!,0.00,0.00,0.00,7/1/2012,6/30/2032,Não,"3,006.47",#REF!
,460,2009,LER,02ºLER,Leilão de Energia de Reserva,003/2009,RENOVA,08.534.605/0001-74,2012-EOL20 ,EOL.CV.BA.030324-0.01,EOL PINDAÍ,Sem Pendências,BA,Eólica,Cinética do Vento,NE,0.00,#REF!,22.500,,,0.000,11.000,1.0,11,2,2,11.000,11.000,11.000,11.000,11.000,"1,928,520.000",144.94,R$/MWh,0.00,0.00,"279,519,688.80",#REF!,#REF!,0.00,0.00,0.00,7/1/2012,6/30/2032,Não,"3,006.47",#REF!
,461,2009,LER,02ºLER,Leilão de Energia de Reserva,003/2009,CONS PEDRA DO REINO,11.608.271/0001-40,2012-EOL20 ,EOL.CV.BA.030288-0.01,EOL PEDRA DO REINO,Sem Pendências,BA,Eólica,Cinética do Vento,NE,0.00,#REF!,30.000,,,0.000,10.800,1.0,10,10,10,10.000,10.000,10.000,10.000,10.000,"1,753,200.000",152.27,R$/MWh,0.00,0.00,"266,959,764.00",#REF!,#REF!,0.00,0.00,0.00,7/1/2012,6/30/2032,Não,"3,006.47",#REF!
,462,2009,LER,02ºLER,Leilão de Energia de Reserva,003/2009,RENOVA,08.534.605/0001-74,2012-EOL20 ,EOL.CV.BA.030319-4.01,EOL PAJEÚ DO VENTO,Sem Pendências,BA,Eólica,Cinética do Vento,NE,0.00,#REF!,24.000,,,0.000,11.800,1.0,11,2,2,11.000,11.000,11.000,11.000,11.000,"1,928,520.000",146.94,R$/MWh,0.00,0.00,"283,376,728.80",#REF!,#REF!,0.00,0.00,0.00,7/1/2012,6/30/2032,Não,"3,006.47",#REF!
,463,2009,LER,02ºLER,Leilão de Energia de Reserva,003/2009,ELECNOR ENERFIN,11.627.075/0001-13,2012-EOL20 ,EOL.CV.RS.030286-4.01,EOL OSÓRIO 2,Sem Pendências,RS,Eólica,Cinética do Vento,S,0.00,#REF!,24.000,,,0.000,9.200,1.0,9,9,9,9.000,9.000,9.000,9.000,9.000,"1,577,880.000",149.99,R$/MWh,0.00,0.00,"236,666,221.20",#REF!,#REF!,0.00,0.00,0.00,7/1/2012,6/30/2032,Não,"3,006.47",#REF!
,464,2009,LER,02ºLER,Leilão de Energia de Reserva,003/2009,DESENVIX SA,00.622.416/0001-41,2012-EOL20 ,EOL.CV.BA.030305-4.01,EOL NOVO HORIZONTE,Sem Pendências,BA,Eólica,Cinética do Vento,NE,0.00,#REF!,30.000,,,0.000,10.900,1.0,10,10,10,10.000,10.000,10.000,10.000,10.000,"1,753,200.000",139.99,R$/MWh,0.00,0.00,"245,430,468.00",#REF!,#REF!,0.00,0.00,0.00,7/1/2012,6/30/2032,Não,"3,006.47",#REF!
,465,2009,LER,02ºLER,Leilão de Energia de Reserva,003/2009,RENOVA,08.534.605/0001-74,2012-EOL20 ,EOL.CV.BA.030318-6.01,EOL NOSSA SENHORA CONCEIÇÃO,Sem Pendências,BA,Eólica,Cinética do Vento,NE,0.00,#REF!,24.000,,,0.000,12.400,1.0,12,2,2,12.000,12.000,12.000,12.000,12.000,"2,103,840.000",146.94,R$/MWh,0.00,0.00,"309,138,249.60",#REF!,#REF!,0.00,0.00,0.00,7/1/2012,6/30/2032,Não,"3,006.47",#REF!
,466,2009,LER,02ºLER,Leilão de Energia de Reserva,003/2009,EOLO,11.637.090/0001-42,2012-EOL20 ,EOL.CV.RN.030416-6.01,EOL REI DOS VENTOS 1,Sem Pendências,RN,Eólica,Cinética do Vento,NE,0.00,#REF!,48.600,,,0.000,21.800,1.0,21,21,21,21.000,21.000,21.000,21.000,21.000,"3,681,720.000",152.77,R$/MWh,0.00,0.00,"562,456,364.40",#REF!,#REF!,0.00,0.00,0.00,7/1/2012,6/30/2032,Não,"3,006.47",#REF!
,467,2009,LER,02ºLER,Leilão de Energia de Reserva,003/2009,DESA WIND IX,11.686.103/0001-73,2012-EOL20 ,EOL.CV.RN.030302-0.01,EOL MORRO DOS VENTOS IX,Sem Pendências,RN,Eólica,Cinética do Vento,NE,0.00,#REF!,28.800,,,0.000,14.300,1.0,14,14,14,14.000,14.000,14.000,14.000,14.000,"2,454,480.000",151.03,R$/MWh,0.00,0.00,"370,700,114.40",#REF!,#REF!,0.00,0.00,0.00,7/1/2012,6/30/2032,Não,"3,006.47",#REF!
,468,2009,LER,02ºLER,Leilão de Energia de Reserva,003/2009,SANTA CLARA I,10.797.899/0001-79,2012-EOL20 ,EOL.CV.RN.030292-9.01,EOL SANTA CLARA I,Sem Pendências,RN,Eólica,Cinética do Vento,NE,0.00,#REF!,28.800,,,0.000,13.700,1.0,13,13,13,13.000,13.000,13.000,13.000,13.000,"2,279,160.000",150.00,R$/MWh,0.00,0.00,"341,874,000.00",#REF!,#REF!,0.00,0.00,0.00,7/1/2012,6/30/2032,Não,"3,006.47",#REF!
,469,2009,LER,02ºLER,Leilão de Energia de Reserva,003/2009,DESA WIND III,11.686.100/0001-30,2012-EOL20 ,EOL.CV.RN.030310-0.01,EOL MORRO DOS VENTOS III,Sem Pendências,RN,Eólica,Cinética do Vento,NE,0.00,#REF!,28.800,,,0.000,13.900,1.0,13,13,13,13.000,13.000,13.000,13.000,13.000,"2,279,160.000",151.01,R$/MWh,0.00,0.00,"344,175,951.60",#REF!,#REF!,0.00,0.00,0.00,7/1/2012,6/30/2032,Não,"3,006.47",#REF!
,470,2009,LER,02ºLER,Leilão de Energia de Reserva,003/2009,DESA WIND I,11.686.050/0001-90,2012-EOL20 ,EOL.CV.RN.030301-1.01,EOL MORRO DOS VENTOS I,Sem Pendências,RN,Eólica,Cinética do Vento,NE,0.00,#REF!,28.800,,,0.000,13.500,1.0,13,13,13,13.000,13.000,13.000,13.000,13.000,"2,279,160.000",151.04,R$/MWh,0.00,0.00,"344,244,326.40",#REF!,#REF!,0.00,0.00,0.00,7/1/2012,6/30/2032,Não,"3,006.47",#REF!
,471,2009,LER,02ºLER,Leilão de Energia de Reserva,003/2009,DESA WIND VI,11.686.150/0001-17,2012-EOL20 ,EOL.CV.RN.030300-3.01,EOL MORRO DOS VENTOS VI,Sem Pendências,RN,Eólica,Cinética do Vento,NE,0.00,#REF!,28.800,,,0.000,13.100,1.0,13,13,13,13.000,13.000,13.000,13.000,13.000,"2,279,160.000",151.05,R$/MWh,0.00,0.00,"344,267,118.00",#REF!,#REF!,0.00,0.00,0.00,7/1/2012,6/30/2032,Não,"3,006.47",#REF!
,472,2009,LER,02ºLER,Leilão de Energia de Reserva,003/2009,SANTA CLARA V,10.797.909/0001-76,2012-EOL20 ,EOL.CV.RN.030378-0.01,EOL SANTA CLARA V,Sem Pendências,RN,Eólica,Cinética do Vento,NE,0.00,#REF!,28.800,,,0.000,12.400,1.0,12,12,12,12.000,12.000,12.000,12.000,12.000,"2,103,840.000",150.00,R$/MWh,0.00,0.00,"315,576,000.00",#REF!,#REF!,0.00,0.00,0.00,7/1/2012,6/30/2032,Não,"3,006.47",#REF!
,473,2009,LER,02ºLER,Leilão de Energia de Reserva,003/2009,MANGUE SECO 5,11.643.647/0001-58,2012-EOL20 ,EOL.CV.RN.030290-2.01,EOL USINA DE MANGUE SECO 5,Antecipação de Contrato,RN,Eólica,Cinética do Vento,NE,0.00,#REF!,25.200,,,0.000,13.100,1.0,13,13,13,13.000,13.000,13.000,13.000,13.000,"2,279,160.000",149.99,R$/MWh,0.00,0.00,"341,851,208.40",#REF!,#REF!,0.00,0.00,0.00,7/1/2012,6/30/2032,Não,"3,006.47",#REF!
,474,2009,LER,02ºLER,Leilão de Energia de Reserva,003/2009,MANGUE SECO 2,11.643.504/0001-46,2012-EOL20 ,EOL.CV.RN.030284-8.01,EOL USINA DE MANGUE SECO 2,Antecipação de Contrato,RN,Eólica,Cinética do Vento,NE,0.00,#REF!,25.200,,,0.000,12.000,1.0,12,12,12,12.000,12.000,12.000,12.000,12.000,"2,103,840.000",149.99,R$/MWh,0.00,0.00,"315,554,961.60",#REF!,#REF!,0.00,0.00,0.00,7/1/2012,6/30/2032,Não,"3,006.47",#REF!
,475,2009,LER,02ºLER,Leilão de Energia de Reserva,003/2009,MANGUE SECO 1,11.643.458/0001-85,2012-EOL20 ,EOL.CV.RN.030285-6.01,EOL USINA DE MANGUE SECO 1,Antecipação de Contrato,RN,Eólica,Cinética do Vento,NE,0.00,#REF!,25.200,,,0.000,12.300,1.0,12,12,12,12.000,12.000,12.000,12.000,12.000,"2,103,840.000",149.99,R$/MWh,0.00,0.00,"315,554,961.60",#REF!,#REF!,0.00,0.00,0.00,7/1/2012,6/30/2032,Não,"3,006.47",#REF!
,476,2009,LER,02ºLER,Leilão de Energia de Reserva,003/2009,ENERGIO TAIBA ANDORINHA,11.477.020/0001-74,2012-EOL20 ,EOL.CV.CE.030373-9.01,EOL TAÍBA ANDORINHA,Sem Pendências,CE,Eólica,Cinética do Vento,NE,0.00,#REF!,14.700,,,0.000,6.500,1.0,6,6,6,6.000,6.000,6.000,6.000,6.000,"1,051,920.000",149.90,R$/MWh,0.00,0.00,"157,682,808.00",#REF!,#REF!,0.00,0.00,0.00,7/1/2012,6/30/2032,Não,"3,006.47",#REF!
,477,2009,LER,02ºLER,Leilão de Energia de Reserva,003/2009,ENERGIO TAIBA AGUIA,11.477.009/0001-04,2012-EOL20 ,EOL.CV.CE.028857-8.01,EOL TAIBA AGUIA,Sem Pendências,CE,Eólica,Cinética do Vento,NE,0.00,#REF!,23.100,,,0.000,10.600,1.0,10,10,10,10.000,10.000,10.000,10.000,10.000,"1,753,200.000",149.90,R$/MWh,0.00,0.00,"262,804,680.00",#REF!,#REF!,0.00,0.00,0.00,7/1/2012,6/30/2032,Não,"3,006.47",#REF!
,478,2009,LER,02ºLER,Leilão de Energia de Reserva,003/2009,RENOVA,08.534.605/0001-74,2012-EOL20 ,EOL.CV.BA.030314-3.01,EOL SERRA DO SALTO,Sem Pendências,BA,Eólica,Cinética do Vento,NE,0.00,#REF!,15.000,,,0.000,7.400,1.0,7,2,2,7.000,7.000,7.000,7.000,7.000,"1,227,240.000",144.94,R$/MWh,0.00,0.00,"177,876,165.60",#REF!,#REF!,0.00,0.00,0.00,7/1/2012,6/30/2032,Não,"3,006.47",#REF!
,479,2009,LER,02ºLER,Leilão de Energia de Reserva,003/2009,ELECNOR ENERFIN,11.603.076/0001-28,2012-EOL20 ,EOL.CV.RS.030381-0.01,EOL SANGRADOURO 2,Sem Pendências,RS,Eólica,Cinética do Vento,S,0.00,#REF!,26.000,,,0.000,9.900,1.0,9,9,9,9.000,9.000,9.000,9.000,9.000,"1,577,880.000",149.99,R$/MWh,0.00,0.00,"236,666,221.20",#REF!,#REF!,0.00,0.00,0.00,7/1/2012,6/30/2032,Não,"3,006.47",#REF!
,480,2009,LER,02ºLER,Leilão de Energia de Reserva,003/2009,SANTA CLARA VI,10.797.906/0001-32,2012-EOL20 ,EOL.CV.RN.030304-6.01,EOL SANTA CLARA VI,Sem Pendências,RN,Eólica,Cinética do Vento,NE,0.00,#REF!,28.800,,,0.000,12.200,1.0,12,12,12,12.000,12.000,12.000,12.000,12.000,"2,103,840.000",150.00,R$/MWh,0.00,0.00,"315,576,000.00",#REF!,#REF!,0.00,0.00,0.00,7/1/2012,6/30/2032,Não,"3,006.47",#REF!
,481,2009,LER,02ºLER,Leilão de Energia de Reserva,003/2009,EOLO,11.637.104/0001-28,2012-EOL20 ,EOL.CV.RN.030417-4.01,EOL REI DOS VENTOS 3,Sem Pendências,RN,Eólica,Cinética do Vento,NE,0.00,#REF!,48.600,,,0.000,21.000,1.0,21,21,21,21.000,21.000,21.000,21.000,21.000,"3,681,720.000",153.07,R$/MWh,0.00,0.00,"563,560,880.40",#REF!,#REF!,0.00,0.00,0.00,7/1/2012,6/30/2032,Não,"3,006.47",#REF!
,482,2009,LER,02ºLER,Leilão de Energia de Reserva,003/2009,SANTA CLARA IV,10.797.907/0001-87,2012-EOL20 ,EOL.CV.RN.030307-0.01,EOL SANTA CLARA IV,Sem Pendências,RN,Eólica,Cinética do Vento,NE,0.00,#REF!,28.800,,,0.000,12.300,1.0,12,12,12,12.000,12.000,12.000,12.000,12.000,"2,103,840.000",150.00,R$/MWh,0.00,0.00,"315,576,000.00",#REF!,#REF!,0.00,0.00,0.00,7/1/2012,6/30/2032,Não,"3,006.47",#REF!
,483,2009,LER,02ºLER,Leilão de Energia de Reserva,003/2009,SANTA CLARA III,10.797.910/0001-09,2012-EOL20 ,EOL.CV.RN.030293-7.01,EOL SANTA CLARA III,Sem Pendências,RN,Eólica,Cinética do Vento,NE,0.00,#REF!,28.800,,,0.000,12.500,1.0,12,12,12,12.000,12.000,12.000,12.000,12.000,"2,103,840.000",150.00,R$/MWh,0.00,0.00,"315,576,000.00",#REF!,#REF!,0.00,0.00,0.00,7/1/2012,6/30/2032,Não,"3,006.47",#REF!
,484,2009,LER,02ºLER,Leilão de Energia de Reserva,003/2009,SANTA CLARA II REN,10.797.908/0001-21,2012-EOL20 ,EOL.CV.RN.030308-9.01,EOL SANTA CLARA II,Sem Pendências,RN,Eólica,Cinética do Vento,NE,0.00,#REF!,28.800,,,0.000,12.700,1.0,12,12,12,12.000,12.000,12.000,12.000,12.000,"2,103,840.000",150.00,R$/MWh,0.00,0.00,"315,576,000.00",#REF!,#REF!,0.00,0.00,0.00,7/1/2012,6/30/2032,Não,"3,006.47",#REF!
,485,2009,LER,02ºLER,Leilão de Energia de Reserva,003/2009,RENOVA,08.534.605/0001-74,2012-EOL20 ,EOL.CV.BA.030315-1.01,EOL ILHÉUS,Sem Pendências,BA,Eólica,Cinética do Vento,NE,0.00,#REF!,10.500,,,0.000,5.000,1.0,5,2,2,5.000,5.000,5.000,5.000,5.000,"876,600.000",146.94,R$/MWh,0.00,0.00,"128,807,604.00",#REF!,#REF!,0.00,0.00,0.00,7/1/2012,6/30/2032,Não,"3,006.47",#REF!
,486,2009,LER,02ºLER,Leilão de Energia de Reserva,003/2009,ELECNOR ENERFIN,11.603.076/0001-28,2012-EOL20 ,EOL.CV.RS.030330-5.01,EOL SANGRADOURO 3,Antecipação de Contrato,RS,Eólica,Cinética do Vento,S,0.00,#REF!,24.000,,,0.000,9.200,1.0,9,9,9,9.000,9.000,9.000,9.000,9.000,"1,577,880.000",149.99,R$/MWh,0.00,0.00,"236,666,221.20",#REF!,#REF!,0.00,0.00,0.00,7/1/2012,6/30/2032,Não,"3,006.47",#REF!
,487,2009,LER,02ºLER,Leilão de Energia de Reserva,003/2009,CONS MIASSABA,11.839.616/0001-77,2012-EOL20 ,EOL.CV.RN.030339-9.01,EOL MIASSABA 3,Sem Pendências,RN,Eólica,Cinética do Vento,NE,0.00,#REF!,50.400,,,0.000,22.800,1.0,22,22,22,22.000,22.000,22.000,22.000,22.000,"3,857,040.000",152.07,R$/MWh,0.00,0.00,"586,540,072.80",#REF!,#REF!,0.00,0.00,0.00,7/1/2012,6/30/2032,Não,"3,006.47",#REF!
,488,2009,LER,02ºLER,Leilão de Energia de Reserva,003/2009,RENOVA,08.534.605/0001-74,2012-EOL20 ,EOL.CV.BA.030341-0.01,EOL RIO VERDE,Sem Pendências,BA,Eólica,Cinética do Vento,NE,0.00,#REF!,30.000,,,0.000,16.600,1.0,16,2,2,16.000,16.000,16.000,16.000,16.000,"2,805,120.000",144.94,R$/MWh,0.00,0.00,"406,574,092.80",#REF!,#REF!,0.00,0.00,0.00,7/1/2012,6/30/2032,Não,"3,006.47",#REF!
,489,2009,LER,02ºLER,Leilão de Energia de Reserva,003/2009,DESENVIX SA,00.622.416/0001-41,2012-EOL20 ,EOL.CV.BA.030306-2.01,EOL SEABRA,Sem Pendências,BA,Eólica,Cinética do Vento,NE,0.00,#REF!,30.000,,,0.000,11.300,1.0,11,10,10,11.000,11.000,11.000,11.000,11.000,"1,928,520.000",139.99,R$/MWh,0.00,0.00,"269,973,514.80",#REF!,#REF!,0.00,0.00,0.00,7/1/2012,6/30/2032,Não,"3,006.47",#REF!
,490,2009,LER,02ºLER,Leilão de Energia de Reserva,003/2009,CONS CAJUCOCO,11.646.760/0001-97,2012-EOL20 ,EOL.CV.CE.030294-5.01,EOL CAJUCOCO,Sem Pendências,CE,Eólica,Cinética do Vento,NE,0.00,#REF!,30.000,,,0.000,12.000,1.0,12,12,12,12.000,12.000,12.000,12.000,12.000,"2,103,840.000",150.38,R$/MWh,0.00,0.00,"316,375,459.20",#REF!,#REF!,0.00,0.00,0.00,7/1/2012,6/30/2032,Não,"3,006.47",#REF!
,491,2009,LER,02ºLER,Leilão de Energia de Reserva,003/2009,RENOVA,08.534.605/0001-74,2012-EOL20 ,EOL.CV.BA.030317-8.01,EOL LICÍNIO DE ALMEIDA,Sem Pendências,BA,Eólica,Cinética do Vento,NE,0.00,#REF!,22.500,,,0.000,10.900,1.0,10,2,2,10.000,10.000,10.000,10.000,10.000,"1,753,200.000",144.94,R$/MWh,0.00,0.00,"254,108,808.00",#REF!,#REF!,0.00,0.00,0.00,7/1/2012,6/30/2032,Não,"3,006.47",#REF!
,492,2009,LER,02ºLER,Leilão de Energia de Reserva,003/2009,DUNAS DE PARACURU,08.579.828/0001-58,2012-EOL20 ,EOL.CV.CE.030299-6.01,EOL DUNAS DE PARACURU,Sem Pendências,CE,Eólica,Cinética do Vento,NE,0.00,#REF!,42.000,,,0.000,19.700,1.0,19,19,19,19.000,19.000,19.000,19.000,19.000,"3,331,080.000",149.96,R$/MWh,0.00,0.00,"499,528,756.80",#REF!,#REF!,0.00,0.00,0.00,7/1/2012,6/30/2032,Não,"3,006.47",#REF!
,493,2009,LER,02ºLER,Leilão de Energia de Reserva,003/2009,COXILHA NEGRA VII,11.513.743/0001-81,2012-EOL20 ,EOL.CV.RS.030350-0.01,EOL COXILHA NEGRA VII,Antecipação de Contrato,RS,Eólica,Cinética do Vento,S,0.00,#REF!,30.000,,,0.000,11.300,1.0,11,11,11,11.000,11.000,11.000,11.000,11.000,"1,928,520.000",131.00,R$/MWh,0.00,0.00,"252,636,120.00",#REF!,#REF!,0.00,0.00,0.00,7/1/2012,6/30/2032,Não,"3,006.47",#REF!
,494,2009,LER,02ºLER,Leilão de Energia de Reserva,003/2009,COXILHA NEGRA VI,11.513.749/0001-59,2012-EOL20 ,EOL.CV.RS.030349-6.01,EOL COXILHA NEGRA VI,Antecipação de Contrato,RS,Eólica,Cinética do Vento,S,0.00,#REF!,30.000,,,0.000,11.300,1.0,11,11,11,11.000,11.000,11.000,11.000,11.000,"1,928,520.000",131.00,R$/MWh,0.00,0.00,"252,636,120.00",#REF!,#REF!,0.00,0.00,0.00,7/1/2012,6/30/2032,Não,"3,006.47",#REF!
,495,2009,LER,02ºLER,Leilão de Energia de Reserva,003/2009,COXILHA NEGRA V,11.513.764/0001-05,2012-EOL20 ,EOL.CV.RS.030348-8.01,EOL COXILHA NEGRA V,Antecipação de Contrato,RS,Eólica,Cinética do Vento,S,0.00,#REF!,30.000,,,0.000,11.300,1.0,11,11,11,11.000,11.000,11.000,11.000,11.000,"1,928,520.000",131.00,R$/MWh,0.00,0.00,"252,636,120.00",#REF!,#REF!,0.00,0.00,0.00,7/1/2012,6/30/2032,Não,"3,006.47",#REF!
,496,2009,LER,02ºLER,Leilão de Energia de Reserva,003/2009,CONS COQUEIRO,11.646.832/0001-04,2012-EOL20 ,EOL.CV.CE.030282-1.01,EOL COQUEIROS,Sem Pendências,CE,Eólica,Cinética do Vento,NE,0.00,#REF!,27.000,,,0.000,11.600,1.0,11,11,11,11.000,11.000,11.000,11.000,11.000,"1,928,520.000",150.38,R$/MWh,0.00,0.00,"290,010,837.60",#REF!,#REF!,0.00,0.00,0.00,7/1/2012,6/30/2032,Não,"3,006.47",#REF!
,497,2009,LER,02ºLER,Leilão de Energia de Reserva,003/2009,EURUS VI,10.797.905/0001-98,2012-EOL20 ,EOL.CV.RN.030351-8.01,EOL EURUS VI,Sem Pendências,RN,Eólica,Cinética do Vento,NE,0.00,#REF!,7.200,,,0.000,3.100,1.0,3,3,3,3.000,3.000,3.000,3.000,3.000,"525,960.000",150.00,R$/MWh,0.00,0.00,"78,894,000.00",#REF!,#REF!,0.00,0.00,0.00,7/1/2012,6/30/2032,Não,"3,006.47",#REF!
,498,2009,LER,02ºLER,Leilão de Energia de Reserva,003/2009,RENOVA,08.534.605/0001-74,2012-EOL20 ,EOL.CV.BA.030316-0.01,EOL CANDIBA,Sem Pendências,BA,Eólica,Cinética do Vento,NE,0.00,#REF!,9.000,,,0.000,4.200,1.0,4,2,2,4.000,4.000,4.000,4.000,4.000,"701,280.000",144.94,R$/MWh,0.00,0.00,"101,643,523.20",#REF!,#REF!,0.00,0.00,0.00,7/1/2012,6/30/2032,Não,"3,006.47",#REF!
,499,2009,LER,02ºLER,Leilão de Energia de Reserva,003/2009,FAISA I,11.619.268/0001-22,2012-EOL20 ,EOL.CV.CE.030352-6.01,EOL FAÍSA I,Sem Pendências,CE,Eólica,Cinética do Vento,NE,0.00,#REF!,25.200,,,0.000,9.300,1.0,9,9,9,9.000,9.000,9.000,9.000,9.000,"1,577,880.000",152.66,R$/MWh,0.00,0.00,"240,879,160.80",#REF!,#REF!,0.00,0.00,0.00,7/1/2012,6/30/2032,Não,"3,006.47",#REF!
,500,2009,LER,02ºLER,Leilão de Energia de Reserva,003/2009,GESTAMP,11.613.311/0001-42,2012-EOL20 ,EOL.CV.RN.030333-0.01,EOL CABEÇO PRETO,Antecipação de Contrato,RN,Eólica,Cinética do Vento,NE,0.00,#REF!,19.800,,,0.000,6.500,1.0,6,6,6,6.000,6.000,6.000,6.000,6.000,"1,051,920.000",151.97,R$/MWh,0.00,0.00,"159,860,282.40",#REF!,#REF!,0.00,0.00,0.00,7/1/2012,6/30/2032,Não,"3,006.47",#REF!
,501,2009,LER,02ºLER,Leilão de Energia de Reserva,003/2009,CONS BURITI,11.646.785/0001-90,2012-EOL20 ,EOL.CV.CE.030279-1.01,EOL BURITI,Sem Pendências,CE,Eólica,Cinética do Vento,NE,0.00,#REF!,30.000,,,0.000,11.000,1.0,11,11,11,11.000,11.000,11.000,11.000,11.000,"1,928,520.000",150.38,R$/MWh,0.00,0.00,"290,010,837.60",#REF!,#REF!,0.00,0.00,0.00,7/1/2012,6/30/2032,Não,"3,006.47",#REF!
,502,2009,LER,02ºLER,Leilão de Energia de Reserva,003/2009,ENERGEN,08.207.876/0001-15,2012-EOL20 ,EOL.CV.SE.030296-1.01,EOL BARRA DOS COQUEIROS,Sem Pendências,SE,Eólica,Cinética do Vento,NE,0.00,#REF!,30.000,,,0.000,10.500,1.0,10,10,10,10.000,10.000,10.000,10.000,10.000,"1,753,200.000",152.50,R$/MWh,0.00,0.00,"267,363,000.00",#REF!,#REF!,0.00,0.00,0.00,7/1/2012,6/30/2032,Não,"3,006.47",#REF!
,503,2009,LER,02ºLER,Leilão de Energia de Reserva,003/2009,AREIA BRANCA,10.288.502/0001-13,2012-EOL20 ,EOL.CV.RN.030340-2.01,EOL AREIA BRANCA,Sem Pendências,RN,Eólica,Cinética do Vento,NE,0.00,#REF!,27.300,,,0.000,11.700,1.0,11,11,11,11.000,11.000,11.000,11.000,11.000,"1,928,520.000",152.63,R$/MWh,0.00,0.00,"294,350,007.60",#REF!,#REF!,0.00,0.00,0.00,7/1/2012,6/30/2032,Não,"3,006.47",#REF!
,504,2009,LER,02ºLER,Leilão de Energia de Reserva,003/2009,ARATUA,11.637.037/0001-41,2012-EOL20 ,EOL.CV.RN.030121-3.01,EOL ARATUA 1,Antecipação de Contrato,RN,Eólica,Cinética do Vento,NE,0.00,#REF!,14.400,,,0.000,6.900,1.0,6,6,6,6.000,6.000,6.000,6.000,6.000,"1,051,920.000",151.77,R$/MWh,0.00,0.00,"159,649,898.40",#REF!,#REF!,0.00,0.00,0.00,7/1/2012,6/30/2032,Não,"3,006.47",#REF!
,505,2009,LER,02ºLER,Leilão de Energia de Reserva,003/2009,CONS ARARAS,11.646.679/0001-07,2012-EOL20 ,EOL.CV.CE.030278-3.01,EOL ARARAS,Outorga Revogada,CE,Eólica,Cinética do Vento,NE,0.00,#REF!,30.000,,,0.000,12.600,1.0,12,12,12,12.000,12.000,12.000,12.000,12.000,"2,103,840.000",150.38,R$/MWh,0.00,0.00,"316,375,459.20",#REF!,#REF!,0.00,0.00,0.00,7/1/2012,6/30/2032,Não,"3,006.47",#REF!
,506,2009,LER,02ºLER,Leilão de Energia de Reserva,003/2009,RENOVA,08.534.605/0001-74,2012-EOL20 ,EOL.CV.BA.030320-8.01,EOL ALVORADA,Sem Pendências,BA,Eólica,Cinética do Vento,NE,0.00,#REF!,7.500,,,0.000,3.900,1.0,3,2,2,3.000,3.000,3.000,3.000,3.000,"525,960.000",144.94,R$/MWh,0.00,0.00,"76,232,642.40",#REF!,#REF!,0.00,0.00,0.00,7/1/2012,6/30/2032,Não,"3,006.47",#REF!
,507,2009,LER,02ºLER,Leilão de Energia de Reserva,003/2009,ENERGIO COLONIA,11.476.958/0001-70,2012-EOL20 ,EOL.CV.CE.030295-3.01,EOL COLÔNIA,Sem Pendências,CE,Eólica,Cinética do Vento,NE,0.00,#REF!,18.900,,,0.000,8.200,1.0,8,8,8,8.000,8.000,8.000,8.000,8.000,"1,402,560.000",149.90,R$/MWh,0.00,0.00,"210,243,744.00",#REF!,#REF!,0.00,0.00,0.00,7/1/2012,6/30/2032,Não,"3,006.47",#REF!
,508,2009,LER,02ºLER,Leilão de Energia de Reserva,003/2009,RENOVA,08.534.605/0001-74,2012-EOL20 ,EOL.CV.BA.030328-3.01,EOL GUANAMBI,Sem Pendências,BA,Eólica,Cinética do Vento,NE,0.00,#REF!,16.500,,,0.000,8.400,1.0,8,2,2,8.000,8.000,8.000,8.000,8.000,"1,402,560.000",144.94,R$/MWh,0.00,0.00,"203,287,046.40",#REF!,#REF!,0.00,0.00,0.00,7/1/2012,6/30/2032,Não,"3,006.47",#REF!
,509,2009,LER,02ºLER,Leilão de Energia de Reserva,003/2009,DESENVIX SA,00.622.416/0001-41,2012-EOL20 ,EOL.CV.BA.030283-0.01,EOL MACAÚBAS,Sem Pendências,BA,Eólica,Cinética do Vento,NE,0.00,#REF!,30.000,,,0.000,13.400,1.0,13,10,10,13.000,13.000,13.000,13.000,13.000,"2,279,160.000",139.99,R$/MWh,0.00,0.00,"319,059,608.40",#REF!,#REF!,0.00,0.00,0.00,7/1/2012,6/30/2032,Não,"3,006.47",#REF!
,510,2009,LER,02ºLER,Leilão de Energia de Reserva,003/2009,CONS LAGOA SECA,11.647.008/0001-60,2012-EOL20 ,EOL.CV.CE.030291-0.01,EOL LAGOA SECA,Outorga Revogada,CE,Eólica,Cinética do Vento,NE,0.00,#REF!,19.500,,,0.000,8.100,1.0,8,8,8,8.000,8.000,8.000,8.000,8.000,"1,402,560.000",152.18,R$/MWh,0.00,0.00,"213,441,580.80",#REF!,#REF!,0.00,0.00,0.00,7/1/2012,6/30/2032,Não,"3,006.47",#REF!
,511,2009,LER,02ºLER,Leilão de Energia de Reserva,003/2009,CONS VENTO DO OESTE,11.647.026/0001-42,2012-EOL20 ,EOL.CV.CE.030347-0.01,EOL VENTO DO OESTE,Outorga Revogada,CE,Eólica,Cinética do Vento,NE,0.00,#REF!,19.500,,,0.000,7.800,1.0,7,7,7,7.000,7.000,7.000,7.000,7.000,"1,227,240.000",152.18,R$/MWh,0.00,0.00,"186,761,383.20",#REF!,#REF!,0.00,0.00,0.00,7/1/2012,6/30/2032,Não,"3,006.47",#REF!
,512,2009,LER,02ºLER,Leilão de Energia de Reserva,003/2009,RENOVA,08.534.605/0001-74,2012-EOL20 ,EOL.CV.BA.030321-6.01,EOL IGAPORÃ,Sem Pendências,BA,Eólica,Cinética do Vento,NE,0.00,#REF!,30.000,,,0.000,13.900,1.0,13,2,2,13.000,13.000,13.000,13.000,13.000,"2,279,160.000",146.94,R$/MWh,0.00,0.00,"334,899,770.40",#REF!,#REF!,0.00,0.00,0.00,7/1/2012,6/30/2032,Não,"3,006.47",#REF!
,513,2009,LER,02ºLER,Leilão de Energia de Reserva,003/2009,ENERGIO ICARAI II,11.477.001/0001-48,2012-EOL20 ,EOL.CV.CE.030356-9.01,EOL ICARAÍ II,Sem Pendências,CE,Eólica,Cinética do Vento,NE,0.00,#REF!,37.800,,,0.000,18.000,1.0,18,18,18,18.000,18.000,18.000,18.000,18.000,"3,155,760.000",142.00,R$/MWh,0.00,0.00,"448,117,920.00",#REF!,#REF!,0.00,0.00,0.00,7/1/2012,6/30/2032,Não,"3,006.47",#REF!
,514,2009,LER,02ºLER,Leilão de Energia de Reserva,003/2009,ENERGIO ICARAI I,11.476.987/0001-31,2012-EOL20 ,EOL.CV.CE.030372-0.01,EOL ICARAÍ I,Sem Pendências,CE,Eólica,Cinética do Vento,NE,0.00,#REF!,27.300,,,0.000,13.000,1.0,13,13,13,13.000,13.000,13.000,13.000,13.000,"2,279,160.000",142.00,R$/MWh,0.00,0.00,"323,640,720.00",#REF!,#REF!,0.00,0.00,0.00,7/1/2012,6/30/2032,Não,"3,006.47",#REF!
,515,2009,LER,02ºLER,Leilão de Energia de Reserva,003/2009,EMBUACA,10.288.461/0001-65,2012-EOL20 ,EOL.CV.CE.030336-4.01,EOL EMBUACA,Sem Pendências,CE,Eólica,Cinética do Vento,NE,0.00,#REF!,25.200,,,0.000,11.100,1.0,11,11,11,11.000,11.000,11.000,11.000,11.000,"1,928,520.000",151.07,R$/MWh,0.00,0.00,"291,341,516.40",#REF!,#REF!,0.00,0.00,0.00,7/1/2012,6/30/2032,Não,"3,006.47",#REF!
,516,2009,LER,02ºLER,Leilão de Energia de Reserva,003/2009,RENOVA,08.534.605/0001-74,2012-EOL20 ,EOL.CV.BA.030342-9.01,EOL GUIRAPÁ,Sem Pendências,BA,Eólica,Cinética do Vento,NE,0.00,#REF!,27.000,,,0.000,13.600,1.0,13,2,2,13.000,13.000,13.000,13.000,13.000,"2,279,160.000",144.94,R$/MWh,0.00,0.00,"330,341,450.40",#REF!,#REF!,0.00,0.00,0.00,7/1/2012,6/30/2032,Não,"3,006.47",#REF!
,517,2009,LER,02ºLER,Leilão de Energia de Reserva,003/2009,MAR E TERRA,10.288.438/0001-70,2012-EOL20 ,EOL.CV.RN.030389-5.01,EOL MAR E TERRA,Sem Pendências,RN,Eólica,Cinética do Vento,NE,0.00,#REF!,23.100,,,0.000,8.300,1.0,8,8,8,8.000,8.000,8.000,8.000,8.000,"1,402,560.000",152.64,R$/MWh,0.00,0.00,"214,086,758.40",#REF!,#REF!,0.00,0.00,0.00,7/1/2012,6/30/2032,Não,"3,006.47",#REF!
,518,2009,LER,02ºLER,Leilão de Energia de Reserva,003/2009,CONS GARCAS,11.646.811/0001-80,2012-EOL20 ,EOL.CV.CE.030280-5.01,EOL GARCAS,Outorga Revogada,CE,Eólica,Cinética do Vento,NE,0.00,#REF!,30.000,,,0.000,13.200,1.0,13,13,13,13.000,13.000,13.000,13.000,13.000,"2,279,160.000",150.38,R$/MWh,0.00,0.00,"342,740,080.80",#REF!,#REF!,0.00,0.00,0.00,7/1/2012,6/30/2032,Não,"3,006.47",#REF!
,519,2009,LER,02ºLER,Leilão de Energia de Reserva,003/2009,ELECNOR ENERFIN,10.754.152/0001-33,2012-EOL20 ,EOL.CV.RS.030334-8.01,EOL FAZENDA ROSARIO 3,Antecipação de Contrato,RS,Eólica,Cinética do Vento,S,0.00,#REF!,14.000,,,0.000,5.500,1.0,5,9,9,5.000,5.000,5.000,5.000,5.000,"876,600.000",146.00,R$/MWh,0.00,0.00,"127,983,600.00",#REF!,#REF!,0.00,0.00,0.00,7/1/2012,6/30/2032,Não,"3,006.47",#REF!
,520,2009,LER,02ºLER,Leilão de Energia de Reserva,003/2009,ELECNOR ENERFIN,10.754.152/0001-33,2012-EOL20 ,EOL.CV.RS.030343-7.01,EOL FAZENDA ROSARIO,Antecipação de Contrato,RS,Eólica,Cinética do Vento,S,0.00,#REF!,8.000,,,0.000,3.200,1.0,3,9,9,3.000,3.000,3.000,3.000,3.000,"525,960.000",146.00,R$/MWh,0.00,0.00,"76,790,160.00",#REF!,#REF!,0.00,0.00,0.00,7/1/2012,6/30/2032,Não,"3,006.47",#REF!
,521,2009,LER,02ºLER,Leilão de Energia de Reserva,003/2009,FAISA V,11.652.254/0001-00,2012-EOL20 ,EOL.CV.CE.030309-7.01,EOL FAÍSA V,Sem Pendências,CE,Eólica,Cinética do Vento,NE,0.00,#REF!,27.300,,,0.000,9.000,1.0,9,9,9,9.000,9.000,9.000,9.000,9.000,"1,577,880.000",152.68,R$/MWh,0.00,0.00,"240,910,718.40",#REF!,#REF!,0.00,0.00,0.00,7/1/2012,6/30/2032,Não,"3,006.47",#REF!
,522,2009,LER,02ºLER,Leilão de Energia de Reserva,003/2009,FAISA IV,11.619.342/0001-00,2012-EOL20 ,EOL.CV.CE.030329-1.01,EOL FAÍSA IV,Sem Pendências,CE,Eólica,Cinética do Vento,NE,0.00,#REF!,25.200,,,0.000,8.500,1.0,8,8,8,8.000,8.000,8.000,8.000,8.000,"1,402,560.000",152.67,R$/MWh,0.00,0.00,"214,128,835.20",#REF!,#REF!,0.00,0.00,0.00,7/1/2012,6/30/2032,Não,"3,006.47",#REF!
,523,2009,LER,02ºLER,Leilão de Energia de Reserva,003/2009,FAISA III,11.619.413/0001-75,2012-EOL20 ,EOL.CV.CE.030332-1.01,EOL FAÍSA III,Sem Pendências,CE,Eólica,Cinética do Vento,NE,0.00,#REF!,25.200,,,0.000,8.300,1.0,8,8,8,8.000,8.000,8.000,8.000,8.000,"1,402,560.000",152.69,R$/MWh,0.00,0.00,"214,156,886.40",#REF!,#REF!,0.00,0.00,0.00,7/1/2012,6/30/2032,Não,"3,006.47",#REF!
,524,2009,LER,02ºLER,Leilão de Energia de Reserva,003/2009,FAISA II,11.619.388/0001-20,2012-EOL20 ,EOL.CV.CE.030331-3.01,EOL FAÍSA II,Sem Pendências,CE,Eólica,Cinética do Vento,NE,0.00,#REF!,25.200,,,0.000,9.500,1.0,9,9,9,9.000,9.000,9.000,9.000,9.000,"1,577,880.000",152.65,R$/MWh,0.00,0.00,"240,863,382.00",#REF!,#REF!,0.00,0.00,0.00,7/1/2012,6/30/2032,Não,"3,006.47",#REF!
,525,2009,LER,02ºLER,Leilão de Energia de Reserva,003/2009,MARTIFER RENOVAVEIS,09.277.049/0001-60,2012-EOL20 ,EOL.CV.CE.030289-9.01,EOL ICARAÍ,Sem Pendências,CE,Eólica,Cinética do Vento,NE,0.00,#REF!,14.400,,,0.000,7.800,1.0,7,7,7,7.000,7.000,7.000,7.000,7.000,"1,227,240.000",151.08,R$/MWh,0.00,0.00,"185,411,419.20",#REF!,#REF!,0.00,0.00,0.00,7/1/2012,6/30/2032,Não,"3,006.47",#REF!
,526,2009,LER,02ºLER,Leilão de Energia de Reserva,003/2009,MANGUE SECO 3,11.643.567/0001-00,2012-EOL20 ,EOL.CV.RN.030281-3.01,EOL USINA DE MANGUE SECO 3,Antecipação de Contrato,RN,Eólica,Cinética do Vento,NE,0.00,#REF!,25.200,,,0.000,12.700,1.0,12,12,12,12.000,12.000,12.000,12.000,12.000,"2,103,840.000",149.99,R$/MWh,0.00,0.00,"315,554,961.60",#REF!,#REF!,0.00,0.00,0.00,7/1/2012,6/30/2032,Não,"3,006.47",#REF!
,527,2010,LPE,UHE Belo Monte,Leilão de Projetos Estruturantes,006/2009,Norte Energia,12.300.288/0001-07,2015-H30,UHE.PH.PA.030354-2.01,UHE BELO MONTE,Sem Pendências,PA,Hidrelétrica (UHE),Rio Xingu,N,"19,018,115,000.00",#REF!,"11,233.100",,,0.000,"4,571.000",0.0,0,0,0,68.965,"1,148.126","3,071.374","3,199.700","3,199.700","794,925,102.709",77.97,R$/MWh,0.00,0.00,"61,980,310,258.22",#REF!,#REF!,0.00,0.00,0.00,1/1/2015,12/31/2044,Sim,"3,079.86",#REF!
,528,2010,LEN,10ºLEN,Leilão de Energia Nova,003/2010,MEGA ENERGIA,06.900.697/0001-33,2015-H30,PCH.PH.RO.029434-9.01,SANTA CRUZ DE MONTE NEGRO,Sem Pendências,RO,Hidrelétrica (PCH),Rio Jamarí,SE,0.00,#REF!,17.000,,,0.000,7.730,1.0,7,7,7,7.000,7.000,7.000,7.000,7.000,"1,840,944.000",153.73,R$/MWh,0.00,0.00,"283,008,321.12",#REF!,#REF!,0.00,0.00,0.00,1/1/2015,12/31/2044,Não,"3,110.74",#REF!
,529,2010,LEN,10ºLEN,Leilão de Energia Nova,003/2010,MEGA ENERGIA,06.900.697/0001-33,2015-H30,PCH.PH.RO.029436-5.01,CANAÃ,Sem Pendências,RO,Hidrelétrica (PCH),Rio Canaã,SE,0.00,#REF!,17.000,,,0.000,7.760,1.0,7,7,7,7.000,7.000,7.000,7.000,7.000,"1,840,944.000",153.98,R$/MWh,0.00,0.00,"283,468,557.12",#REF!,#REF!,0.00,0.00,0.00,1/1/2015,12/31/2044,Não,"3,110.74",#REF!
,530,2010,LEN,10ºLEN,Leilão de Energia Nova,003/2010,COPEL GET,04.370.282/0001-70,2015-H30,UHE.PH.MT.030422-0.01,COLIDER,Sem Pendências,MT,Hidrelétrica (UHE),Rio Teles Pires,SE,0.00,#REF!,300.000,,,0.000,179.600,1.0,125,125,125,125.000,125.000,125.000,125.000,125.000,"32,874,000.000",103.40,R$/MWh,0.00,0.00,"3,399,171,600.00",#REF!,#REF!,0.00,0.00,0.00,1/1/2015,12/31/2044,Não,"3,110.74",#REF!
,531,2010,LEN,10ºLEN,Leilão de Energia Nova,003/2010,EMAE,02.302.101/0001-42,2015-H30,PCH.PH.SP.029721-6.01,PIRAPORA,Sem Pendências,SP,Hidrelétrica (PCH),Rio Tietê,SE,0.00,#REF!,25.000,,,0.000,17.170,1.0,16,16,16,16.000,16.000,16.000,16.000,16.000,"4,207,872.000",154.49,R$/MWh,0.00,0.00,"650,074,145.28",#REF!,#REF!,0.00,0.00,0.00,1/1/2015,12/31/2044,Não,"3,110.74",#REF!
,532,2010,LEN,10ºLEN,Leilão de Energia Nova,003/2010,ALUPAR,08.364.948/0001-38,2015-H30,UHE.PH.AP.030385-2.01,FERREIRA GOMES,Sem Pendências,AP,Hidrelétrica (UHE),Rio Araguari,N,0.00,#REF!,252.000,,,0.000,153.100,1.0,105,105,105,105.000,105.000,105.000,105.000,105.000,"27,614,160.000",69.78,R$/MWh,0.00,0.00,"1,926,916,084.80",#REF!,#REF!,0.00,0.00,0.00,1/1/2015,12/31/2044,Não,"3,110.74",#REF!
,533,2010,LEN,10ºLEN,Leilão de Energia Nova,003/2010,MEGA ENERGIA,06.900.697/0001-33,2015-H30,PCH.PH.RO.029435-7.01,JAMARÍ,Sem Pendências,RO,Hidrelétrica (PCH),Rio Jamarí,SE,0.00,#REF!,20.000,,,0.000,9.100,1.0,9,7,7,9.000,9.000,9.000,9.000,9.000,"2,366,928.000",154.23,R$/MWh,0.00,0.00,"365,051,305.44",#REF!,#REF!,0.00,0.00,0.00,1/1/2015,12/31/2044,Não,"3,110.74",#REF!
,534,2010,LEN,10ºLEN,Leilão de Energia Nova,003/2010,TPI,03.014.553/0001-91,2015-H30,UHE.PH.SC.030415-8.01,GARIBALDI,Sem Pendências,SC,Hidrelétrica (UHE),Rio Canoas,S,0.00,#REF!,177.900,,,0.000,84.000,1.0,58,58,58,58.000,58.000,58.000,58.000,58.000,"15,253,536.000",107.98,R$/MWh,0.00,0.00,"1,647,076,817.28",#REF!,#REF!,0.00,0.00,0.00,1/1/2015,12/31/2044,Não,"3,110.74",#REF!
,535,2010,LFA,02ºLFA,Leilão de Fontes Alternativas,007/2010,ASA BRANCA V,11.681.458/0001-70,DISP-20,EOL.CV.RN.030507-3.01,ASA BRANCA V,Sem Pendências,RN,Eólica,Cinética do Vento,NE,0.00,#REF!,30.000,,,0.000,13.700,0.1,136,136,136,13.600,13.600,13.600,13.600,13.600,"2,384,352.015",133.00,R$/MWh,0.00,0.00,"317,118,818.00",#REF!,#REF!,"15,845,088.00","15,845,088.00","15,845,088.00",1/1/2013,12/31/2032,Não,"3,111.05",#REF!
,536,2010,LFA,02ºLFA,Leilão de Fontes Alternativas,007/2010,IBERDROLA,09.012.586/0001-89,DISP-20,EOL.CV.RN.030622-3.01,ARIZONA 1,Sem Pendências,RN,Eólica,Cinética do Vento,NE,0.00,#REF!,28.000,,,0.000,12.900,0.1,123,123,123,12.300,12.300,12.300,12.300,12.300,"2,156,436.000",134.59,R$/MWh,0.00,0.00,"290,234,721.24",#REF!,#REF!,"14,501,803.32","14,501,803.32","14,501,803.32",1/1/2013,12/31/2032,Não,"3,111.05",#REF!
,537,2010,LFA,02ºLFA,Leilão de Fontes Alternativas,007/2010,ASA BRANCA I,11.681.453/0001-47,DISP-20,EOL.CV.RN.030505-7.01,ASA BRANCA I,Sem Pendências,RN,Eólica,Cinética do Vento,NE,0.00,#REF!,30.000,,,0.000,13.200,0.1,132,132,132,13.200,13.200,13.200,13.200,13.200,"2,314,224.000",135.40,R$/MWh,0.00,0.00,"313,345,929.60",#REF!,#REF!,"15,656,573.00","15,656,573.00","15,656,573.00",1/1/2013,12/31/2032,Não,"3,111.05",#REF!
,538,2010,LFA,02ºLFA,Leilão de Fontes Alternativas,007/2010,ASA BRANCA IV,11.681.456/0001-80,DISP-20,EOL.CV.RN.030498-0.01,ASA BRANCA IV,Sem Pendências,RN,Eólica,Cinética do Vento,NE,0.00,#REF!,30.000,,,0.000,14.000,0.1,140,140,140,14.000,14.000,14.000,14.000,14.000,"2,454,480.000",133.00,R$/MWh,0.00,0.00,"326,445,840.00",#REF!,#REF!,"16,311,120.00","16,311,120.00","16,311,120.00",1/1/2013,12/31/2032,Não,"3,111.05",#REF!
,539,2010,LFA,02ºLFA,Leilão de Fontes Alternativas,007/2010,ASA BRANCA II,11.681.454/0001-91,DISP-20,EOL.CV.RN.030547-2.01,ASA BRANCA II,Sem Pendências,RN,Eólica,Cinética do Vento,NE,0.00,#REF!,30.000,,,0.000,12.800,0.1,128,128,128,12.800,12.800,12.800,12.800,12.800,"2,244,096.000",135.40,R$/MWh,0.00,0.00,"303,850,598.40",#REF!,#REF!,"15,182,131.00","15,182,131.00","15,182,131.00",1/1/2013,12/31/2032,Não,"3,111.05",#REF!
,540,2010,LFA,02ºLFA,Leilão de Fontes Alternativas,007/2010,ARATUA,10.278.426/0001-65,DISP-20,EOL.CV.RN.030470-0.01,ARATUA 3,Outorga Revogada,RN,Eólica,Cinética do Vento,NE,0.00,#REF!,28.800,,,0.000,11.200,0.1,112,112,112,11.200,11.200,11.200,11.200,11.200,"1,963,584.000",137.77,R$/MWh,0.00,0.00,"270,522,967.68",#REF!,#REF!,"13,517,000.77","13,517,000.77","13,517,000.77",1/1/2013,12/31/2032,Não,"3,111.05",#REF!
,541,2010,LFA,02ºLFA,Leilão de Fontes Alternativas,007/2010,ASA BRANCA VI,11.694.617/0001-70,DISP-20,EOL.CV.RN.030520-0.01,ASA BRANCA VI,Sem Pendências,RN,Eólica,Cinética do Vento,NE,0.00,#REF!,30.000,,,0.000,14.400,0.1,144,144,144,14.400,14.400,14.400,14.400,14.400,"2,524,608.000",133.00,R$/MWh,0.00,0.00,"335,772,864.00",#REF!,#REF!,"16,777,152.00","16,777,152.00","16,777,152.00",1/1/2013,12/31/2032,Não,"3,111.05",#REF!
,542,2010,LFA,02ºLFA,Leilão de Fontes Alternativas,007/2010,ASA BRANCA III,11.681.455/0001-36,DISP-20,EOL.CV.RN.030548-0.01,ASA BRANCA III,Atraso,RN,Eólica,Cinética do Vento,NE,0.00,#REF!,30.000,,,0.000,12.500,0.1,125,125,125,12.500,12.500,12.500,12.500,12.500,"2,191,500.005",135.40,R$/MWh,0.00,0.00,"296,729,100.68",#REF!,#REF!,"14,826,299.00","14,826,299.00","14,826,299.00",1/1/2013,12/31/2032,Não,"3,111.05",#REF!
,543,2010,LFA,02ºLFA,Leilão de Fontes Alternativas,007/2010,REB 11,09.092.023/0001-48,DISP-20,EOL.CV.RS.030469-7.01,REB CASSINO I,Sem Pendências,RS,Eólica,Cinética do Vento,S,0.00,#REF!,24.000,,,0.000,8.900,0.1,89,89,89,8.900,8.900,8.900,8.900,8.900,"1,560,347.995",136.59,R$/MWh,0.00,0.00,"213,127,932.64",#REF!,#REF!,"10,649,103.00","10,649,103.00","10,649,103.00",1/1/2013,12/31/2032,Não,"3,111.05",#REF!
,544,2010,LFA,02ºLFA,Leilão de Fontes Alternativas,007/2010,MAC,07.091.059/0001-81,DISP-20,EOL.CV.RN.030661-4.01,MACACOS,Sem Pendências,RN,Eólica,Cinética do Vento,NE,0.00,#REF!,20.700,,,0.000,9.800,0.1,97,97,97,9.700,9.700,9.700,9.700,9.700,"1,700,604.000",136.01,R$/MWh,0.00,0.00,"231,299,150.04",#REF!,#REF!,"11,557,041.72","11,557,041.72","11,557,041.72",1/1/2013,12/31/2032,Não,"3,111.05",#REF!
,545,2010,LFA,02ºLFA,Leilão de Fontes Alternativas,007/2010,REB 11,09.092.023/0001-48,DISP-20,EOL.CV.RS.030477-8.01,REB CASSINO II,Sem Pendências,RS,Eólica,Cinética do Vento,S,0.00,#REF!,21.000,,,0.000,8.000,0.1,80,89,89,8.000,8.000,8.000,8.000,8.000,"1,402,559.985",136.60,R$/MWh,0.00,0.00,"191,589,693.95",#REF!,#REF!,"9,572,928.00","9,572,928.00","9,572,928.00",1/1/2013,12/31/2032,Não,"3,111.05",#REF!
,546,2010,LFA,02ºLFA,Leilão de Fontes Alternativas,007/2010,QUE,11.896.615/0001-64,QTD-30,PCH.PH.GO.030272-4.01,QUEIXADA,Sem Pendências,GO,Hidrelétrica (PCH),-,SE,0.00,#REF!,30.000,,,0.000,21.600,0.1,166,166,166,16.600,16.600,16.600,16.600,16.600,"4,365,268.793",148.39,R$/MWh,0.00,0.00,"647,762,236.19",#REF!,#REF!,0.00,0.00,0.00,1/1/2013,12/31/2042,Não,"3,111.05",#REF!
,547,2010,LFA,02ºLFA,Leilão de Fontes Alternativas,007/2010,OLEOPLAN,88.676.127/0001-76,DISP-20,EOL.CV.RS.030460-3.01,PONTAL 2B,Data de Suprimento Alterada,RS,Eólica,Cinética do Vento,S,0.00,#REF!,10.800,,,0.000,4.200,0.1,42,42,42,4.200,4.200,4.200,4.200,4.200,"736,344.000",134.81,R$/MWh,0.00,0.00,"99,266,534.64",#REF!,#REF!,"4,960,000.00","4,960,000.00","4,960,000.00",1/1/2013,12/31/2032,Não,"3,111.05",#REF!
,548,2010,LFA,02ºLFA,Leilão de Fontes Alternativas,007/2010,REN II,10.799.355/0001-46,DISP-20,EOL.CV.RN.030516-2.01,RENASCENCA II,Sem Pendências,RN,Eólica,Cinética do Vento,NE,0.00,#REF!,30.000,,,0.000,14.200,0.1,126,126,126,12.600,12.600,12.600,12.600,12.600,"2,209,032.000",136.00,R$/MWh,0.00,0.00,"300,428,352.00",#REF!,#REF!,"15,011,136.00","15,011,136.00","15,011,136.00",1/1/2013,12/31/2032,Não,"3,111.05",#REF!
,549,2010,LFA,02ºLFA,Leilão de Fontes Alternativas,007/2010,REN I,10.797.903/0001-07,DISP-20,EOL.CV.RN.030515-4.01,RENASCENCA I,Sem Pendências,RN,Eólica,Cinética do Vento,NE,0.00,#REF!,30.000,,,0.000,14.000,0.1,132,132,132,13.200,13.200,13.200,13.200,13.200,"2,314,224.030",136.00,R$/MWh,0.00,0.00,"314,734,468.08",#REF!,#REF!,"15,725,952.00","15,725,952.00","15,725,952.00",1/1/2013,12/31/2032,Não,"3,111.05",#REF!
,550,2010,LFA,02ºLFA,Leilão de Fontes Alternativas,007/2010,REB 11,09.092.023/0001-48,DISP-20,EOL.CV.RS.030468-9.01,REB CASSINO III,Sem Pendências,RS,Eólica,Cinética do Vento,S,0.00,#REF!,24.000,,,0.000,9.500,0.1,95,89,89,9.500,9.500,9.500,9.500,9.500,"1,665,540.000",136.58,R$/MWh,0.00,0.00,"227,479,453.20",#REF!,#REF!,"11,366,188.00","11,366,188.00","11,366,188.00",1/1/2013,12/31/2032,Não,"3,111.05",#REF!
,551,2010,LFA,02ºLFA,Leilão de Fontes Alternativas,007/2010,IBERDROLA,12.107.032/0001-70,DISP-20,EOL.CV.RN.030454-9.01,MEL 02,Sem Pendências,RN,Eólica,Cinética do Vento,NE,0.00,#REF!,20.000,,,0.000,9.800,0.1,93,123,123,9.300,9.300,9.300,9.300,9.300,"1,630,476.000",132.80,R$/MWh,0.00,0.00,"216,527,212.80",#REF!,#REF!,"10,818,950.40","10,818,950.40","10,818,950.40",1/1/2013,12/31/2032,Não,"3,111.05",#REF!
,552,2010,LFA,02ºLFA,Leilão de Fontes Alternativas,007/2010,ENERFIN,11.627.075/0001-13,DISP-20,EOL.CV.RS.030449-2.01,OSORIO 3,Sem Pendências,RS,Eólica,Cinética do Vento,S,0.00,#REF!,26.000,,,0.000,10.500,0.1,103,103,103,10.300,10.300,10.300,10.300,10.300,"1,805,796.000",137.79,R$/MWh,0.00,0.00,"248,820,630.84",#REF!,#REF!,"12,432,516.00","12,432,516.00","12,432,516.00",1/1/2013,12/31/2032,Não,"3,111.05",#REF!
,553,2010,LFA,02ºLFA,Leilão de Fontes Alternativas,007/2010,MANDU,47.080.619/0001-17,DISP-20,UTE.AI.SP.027787-8.01,MANDU,Sem Pendências,SP,Biomassa,Bagaço de Cana de Açúcar,SE,0.00,#REF!,65.000,,,0.000,36.500,0.1,223,223,223,22.300,22.300,22.300,22.300,22.300,"3,909,636.000",137.92,R$/MWh,0.00,0.00,"539,216,997.12",#REF!,#REF!,"26,942,396.16","26,942,396.16","26,942,396.16",1/1/2013,12/31/2032,Não,"3,111.05",#REF!
,554,2010,LFA,02ºLFA,Leilão de Fontes Alternativas,007/2010,PEP,09.665.342/0001-03,DISP-20,EOL.CV.RN.030671-1.01,PEDRA PRETA,Sem Pendências,RN,Eólica,Cinética do Vento,NE,0.00,#REF!,20.700,,,0.000,10.300,0.1,101,101,101,10.100,10.100,10.100,10.100,10.100,"1,770,732.000",130.43,R$/MWh,0.00,0.00,"230,956,574.76",#REF!,#REF!,"11,539,924.68","11,539,924.68","11,539,924.68",1/1/2013,12/31/2032,Não,"3,111.05",#REF!
,555,2010,LFA,02ºLFA,Leilão de Fontes Alternativas,007/2010,BRENNAND,12.709.996/0001-98,DISP-20,EOL.CV.BA.030443-3.01,PEDRA BRANCA,Sem Pendências,BA,Eólica,Cinética do Vento,NE,0.00,#REF!,28.800,,,0.000,12.200,0.1,122,122,122,12.200,12.200,12.200,12.200,12.200,"2,138,904.000",132.50,R$/MWh,0.00,0.00,"283,404,780.00",#REF!,#REF!,"14,160,540.00","14,160,540.00","14,160,540.00",1/1/2013,12/31/2032,Não,"3,111.05",#REF!
,556,2010,LFA,02ºLFA,Leilão de Fontes Alternativas,007/2010,VENTOS TIANGUA,10.607.427/0001-06,DISP-20,EOL.CV.CE.030585-5.01,VENTOS DE TIANGUA,Sem Pendências,CE,Eólica,Cinética do Vento,NE,0.00,#REF!,30.000,,,0.000,13.100,0.1,131,131,131,13.100,13.100,13.100,13.100,13.100,"2,296,692.005",133.40,R$/MWh,0.00,0.00,"306,378,713.47",#REF!,#REF!,"15,308,450.00","15,308,450.00","15,308,450.00",1/1/2013,12/31/2032,Não,"3,111.05",#REF!
,557,2010,LFA,02ºLFA,Leilão de Fontes Alternativas,007/2010,SMG,10.561.176/0001-76,DISP-20,EOL.CV.RN.030514-6.01,VENTOS DE SAO MIGUEL,Sem Pendências,RN,Eólica,Cinética do Vento,NE,0.00,#REF!,30.000,,,0.000,12.400,0.1,109,109,109,10.900,10.900,10.900,10.900,10.900,"1,910,988.000",136.00,R$/MWh,0.00,0.00,"259,894,368.00",#REF!,#REF!,"12,985,824.00","12,985,824.00","12,985,824.00",1/1/2013,12/31/2032,Não,"3,111.05",#REF!
,558,2010,LFA,02ºLFA,Leilão de Fontes Alternativas,007/2010,UNAIBAIXO,09.509.052/0001-62,QTD-30,PCH.PH.MG.028673-7.01,UNAI BAIXO,Sem Pendências,MG,Hidrelétrica (PCH),-,SE,0.00,#REF!,21.000,,,0.000,12.700,0.1,64,64,64,6.400,6.400,6.400,6.400,6.400,"1,682,995.177",144.98,R$/MWh,0.00,0.00,"244,000,640.76",#REF!,#REF!,0.00,0.00,0.00,1/1/2013,12/31/2042,Não,"3,111.05",#REF!
,559,2010,LFA,02ºLFA,Leilão de Fontes Alternativas,007/2010,VENTO FORMOSO,10.607.426/0001-61,DISP-20,EOL.CV.CE.030595-2.01,VENTO FORMOSO,Sem Pendências,CE,Eólica,Cinética do Vento,NE,0.00,#REF!,30.000,,,0.000,13.500,0.1,135,135,135,13.500,13.500,13.500,13.500,13.500,"2,366,820.015",133.40,R$/MWh,0.00,0.00,"315,733,790.00",#REF!,#REF!,"15,775,884.00","15,775,884.00","15,775,884.00",1/1/2013,12/31/2032,Não,"3,111.05",#REF!
,560,2010,LFA,02ºLFA,Leilão de Fontes Alternativas,007/2010,VENTOS TIANGUA NORTE,10.607.425/0001-17,DISP-20,EOL.CV.CE.030584-7.01,VENTOS DE TIANGUA NORTE,Sem Pendências,CE,Eólica,Cinética do Vento,NE,0.00,#REF!,30.000,,,0.000,14.100,0.1,141,141,141,14.100,14.100,14.100,14.100,14.100,"2,472,012.000",133.40,R$/MWh,0.00,0.00,"329,766,400.80",#REF!,#REF!,"16,477,034.00","16,477,034.00","16,477,034.00",1/1/2013,12/31/2032,Não,"3,111.05",#REF!
,561,2010,LFA,02ºLFA,Leilão de Fontes Alternativas,007/2010,PARAZINHO,10.561.174/0001-87,DISP-20,EOL.CV.CE.030596-0.01,VENTOS DO PARAZINHO,Sem Pendências,CE,Eólica,Cinética do Vento,NE,0.00,#REF!,30.000,,,0.000,14.000,0.1,140,140,140,14.000,14.000,14.000,14.000,14.000,"2,454,480.000",133.32,R$/MWh,0.00,0.00,"327,231,273.60",#REF!,#REF!,"16,350,123.00","16,350,123.00","16,350,123.00",1/1/2013,12/31/2032,Não,"3,111.05",#REF!
,562,2010,LFA,02ºLFA,Leilão de Fontes Alternativas,007/2010,MORRO DO CHAPEU,10.649.324/0001-09,DISP-20,EOL.CV.CE.030582-0.01,VENTOS DO MORRO DO CHAPEU,Sem Pendências,CE,Eólica,Cinética do Vento,NE,0.00,#REF!,30.000,,,0.000,13.100,0.1,131,131,131,13.100,13.100,13.100,13.100,13.100,"2,296,692.010",133.40,R$/MWh,0.00,0.00,"306,378,714.13",#REF!,#REF!,"15,308,450.00","15,308,450.00","15,308,450.00",1/1/2013,12/31/2032,Não,"3,111.05",#REF!
,563,2010,LFA,02ºLFA,Leilão de Fontes Alternativas,007/2010,PCH SALTO GOES,08.933.585/0001-04,QTD-30,PCH.PH.SC.030338-0.01,SALTO GOES,Sem Pendências,SC,Hidrelétrica (PCH),-,S,0.00,#REF!,20.000,,,0.000,11.100,0.1,111,111,111,11.100,11.100,11.100,11.100,11.100,"2,918,944.777",147.47,R$/MWh,0.00,0.00,"430,456,786.26",#REF!,#REF!,0.00,0.00,0.00,1/1/2013,12/31/2042,Não,"3,111.05",#REF!
,564,2010,LFA,02ºLFA,Leilão de Fontes Alternativas,007/2010,REN IV,10.797.898/0001-24,DISP-20,EOL.CV.RN.030551-0.01,RENASCENCA IV,Sem Pendências,RN,Eólica,Cinética do Vento,NE,0.00,#REF!,30.000,,,0.000,14.000,0.1,112,112,112,11.200,11.200,11.200,11.200,11.200,"1,963,584.000",136.00,R$/MWh,0.00,0.00,"267,047,424.00",#REF!,#REF!,"13,343,232.00","13,343,232.00","13,343,232.00",1/1/2013,12/31/2032,Não,"3,111.05",#REF!
,565,2010,LFA,02ºLFA,Leilão de Fontes Alternativas,007/2010,REN III,10.797.896/0001-35,DISP-20,EOL.CV.RN.030527-8.01,RENASCENCA III,Sem Pendências,RN,Eólica,Cinética do Vento,NE,0.00,#REF!,30.000,,,0.000,14.100,0.1,118,118,118,11.800,11.800,11.800,11.800,11.800,"2,068,776.000",136.00,R$/MWh,0.00,0.00,"281,353,536.00",#REF!,#REF!,"14,058,048.00","14,058,048.00","14,058,048.00",1/1/2013,12/31/2032,Não,"3,111.05",#REF!
,566,2010,LFA,02ºLFA,Leilão de Fontes Alternativas,007/2010,BRENNAND,12.710.327/0001-36,DISP-20,EOL.CV.BA.030455-7.01,SETE GAMELEIRAS,Sem Pendências,BA,Eólica,Cinética do Vento,NE,0.00,#REF!,28.800,,,0.000,12.600,0.1,125,122,122,12.500,12.500,12.500,12.500,12.500,"2,191,500.000",132.50,R$/MWh,0.00,0.00,"290,373,750.00",#REF!,#REF!,"14,508,750.00","14,508,750.00","14,508,750.00",1/1/2013,12/31/2032,Não,"3,111.05",#REF!
,567,2010,LFA,02ºLFA,Leilão de Fontes Alternativas,007/2010,BRENNAND,12.709.813/0001-34,DISP-20,EOL.CV.BA.030456-5.01,SÃO PEDRO DO LAGO,Sem Pendências,BA,Eólica,Cinética do Vento,NE,0.00,#REF!,28.800,,,0.000,13.500,0.1,132,122,122,13.200,13.200,13.200,13.200,13.200,"2,314,224.000",132.50,R$/MWh,0.00,0.00,"306,634,680.00",#REF!,#REF!,"15,321,240.00","15,321,240.00","15,321,240.00",1/1/2013,12/31/2032,Não,"3,111.05",#REF!
,568,2010,LFA,02ºLFA,Leilão de Fontes Alternativas,007/2010,IBERDROLA,12.106.879/0001-30,DISP-20,EOL.CV.BA.030448-4.01,CAETITE 3,Sem Pendências,BA,Eólica,Cinética do Vento,NE,0.00,#REF!,30.000,,,0.000,11.200,0.1,111,123,123,11.100,11.100,11.100,11.100,11.100,"1,946,051.985",137.99,R$/MWh,0.00,0.00,"268,535,713.41",#REF!,#REF!,"13,417,595.64","13,417,595.64","13,417,595.64",1/1/2013,12/31/2032,Não,"3,111.05",#REF!
,569,2010,LFA,02ºLFA,Leilão de Fontes Alternativas,007/2010,IBERDROLA,12.106.989/0001-00,DISP-20,EOL.CV.BA.030437-9.01,CAETITE 2,Sem Pendências,BA,Eólica,Cinética do Vento,NE,0.00,#REF!,30.000,,,0.000,11.200,0.1,110,123,123,11.000,11.000,11.000,11.000,11.000,"1,928,520.000",137.99,R$/MWh,0.00,0.00,"266,116,474.80",#REF!,#REF!,"13,296,716.40","13,296,716.40","13,296,716.40",1/1/2013,12/31/2032,Não,"3,111.05",#REF!
,570,2010,LFA,02ºLFA,Leilão de Fontes Alternativas,007/2010,IBERDROLA,09.012.586/0001-89,DISP-20,EOL.CV.RN.030511-1.01,CALANGO 1,Sem Pendências,RN,Eólica,Cinética do Vento,NE,0.00,#REF!,30.000,,,0.000,13.900,0.1,138,123,123,13.800,13.800,13.800,13.800,13.800,"2,419,416.000",132.80,R$/MWh,0.00,0.00,"321,298,444.80",#REF!,#REF!,"16,053,926.40","16,053,926.40","16,053,926.40",1/1/2013,12/31/2032,Não,"3,111.05",#REF!
,571,2010,LFA,02ºLFA,Leilão de Fontes Alternativas,007/2010,CPE,05.016.908/0001-07,DISP-20,EOL.CV.RS.030480-8.01,ATLÂNTICA V,Sem Pendências,RS,Eólica,Cinética do Vento,S,0.00,#REF!,30.000,,,0.000,13.700,0.1,137,137,137,13.700,13.700,13.700,13.700,13.700,"2,401,884.000",135.00,R$/MWh,0.00,0.00,"324,254,340.00",#REF!,#REF!,"16,201,620.00","16,201,620.00","16,201,620.00",1/1/2013,12/31/2032,Não,"3,111.05",#REF!
,572,2010,LFA,02ºLFA,Leilão de Fontes Alternativas,007/2010,IBERDROLA,09.012.586/0001-89,DISP-20,EOL.CV.RN.030537-5.01,CALANGO 4,Sem Pendências,RN,Eólica,Cinética do Vento,NE,0.00,#REF!,30.000,,,0.000,12.800,0.1,128,123,123,12.800,12.800,12.800,12.800,12.800,"2,244,096.000",132.80,R$/MWh,0.00,0.00,"298,015,948.80",#REF!,#REF!,"14,890,598.40","14,890,598.40","14,890,598.40",1/1/2013,12/31/2032,Não,"3,111.05",#REF!
,573,2010,LFA,02ºLFA,Leilão de Fontes Alternativas,007/2010,IBERDROLA,09.012.586/0001-89,DISP-20,EOL.CV.RN.030545-6.01,CALANGO 3,Sem Pendências,RN,Eólica,Cinética do Vento,NE,0.00,#REF!,30.000,,,0.000,13.900,0.1,138,123,123,13.800,13.800,13.800,13.800,13.800,"2,419,416.000",132.80,R$/MWh,0.00,0.00,"321,298,444.80",#REF!,#REF!,"16,053,926.40","16,053,926.40","16,053,926.40",1/1/2013,12/31/2032,Não,"3,111.05",#REF!
,574,2010,LFA,02ºLFA,Leilão de Fontes Alternativas,007/2010,IBERDROLA,09.012.586/0001-89,DISP-20,EOL.CV.RN.030519-7.01,CALANGO 2,Sem Pendências,RN,Eólica,Cinética do Vento,NE,0.00,#REF!,30.000,,,0.000,11.900,0.1,118,123,123,11.800,11.800,11.800,11.800,11.800,"2,068,776.000",132.80,R$/MWh,0.00,0.00,"274,733,452.80",#REF!,#REF!,"13,727,270.40","13,727,270.40","13,727,270.40",1/1/2013,12/31/2032,Não,"3,111.05",#REF!
,575,2010,LFA,02ºLFA,Leilão de Fontes Alternativas,007/2010,ASA BRANCA VIII,11.694.621/0001-39,DISP-20,EOL.CV.RN.030508-1.01,ASA BRANCA VIII,Sem Pendências,RN,Eólica,Cinética do Vento,NE,0.00,#REF!,30.000,,,0.000,13.600,0.1,135,135,135,13.500,13.500,13.500,13.500,13.500,"2,366,820.015",133.00,R$/MWh,0.00,0.00,"314,787,062.00",#REF!,#REF!,"15,728,580.00","15,728,580.00","15,728,580.00",1/1/2013,12/31/2032,Não,"3,111.05",#REF!
,576,2010,LFA,02ºLFA,Leilão de Fontes Alternativas,007/2010,ASA BRANCA VII,11.694.618/0001-15,DISP-20,EOL.CV.RN.030513-8.01,ASA BRANCA VII,Sem Pendências,RN,Eólica,Cinética do Vento,NE,0.00,#REF!,30.000,,,0.000,14.300,0.1,143,143,143,14.300,14.300,14.300,14.300,14.300,"2,507,076.000",133.00,R$/MWh,0.00,0.00,"333,441,108.00",#REF!,#REF!,"16,660,644.00","16,660,644.00","16,660,644.00",1/1/2013,12/31/2032,Não,"3,111.05",#REF!
,577,2010,LFA,02ºLFA,Leilão de Fontes Alternativas,007/2010,CPE,05.016.908/0001-07,DISP-20,EOL.CV.RS.030457-3.01,ATLÂNTICA I,Sem Pendências,RS,Eólica,Cinética do Vento,S,0.00,#REF!,30.000,,,0.000,13.100,0.1,131,137,137,13.100,13.100,13.100,13.100,13.100,"2,296,692.000",135.00,R$/MWh,0.00,0.00,"310,053,420.00",#REF!,#REF!,"15,492,060.00","15,492,060.00","15,492,060.00",1/1/2013,12/31/2032,Não,"3,111.05",#REF!
,578,2010,LFA,02ºLFA,Leilão de Fontes Alternativas,007/2010,CPE,05.016.908/0001-07,DISP-20,EOL.CV.RS.030461-1.01,ATLÂNTICA IV,Sem Pendências,RS,Eólica,Cinética do Vento,S,0.00,#REF!,30.000,,,0.000,13.000,0.1,130,137,137,13.000,13.000,13.000,13.000,13.000,"2,279,160.000",135.00,R$/MWh,0.00,0.00,"307,686,600.00",#REF!,#REF!,"15,373,800.00","15,373,800.00","15,373,800.00",1/1/2013,12/31/2032,Não,"3,111.05",#REF!
,579,2010,LFA,02ºLFA,Leilão de Fontes Alternativas,007/2010,CPE,05.016.908/0001-07,DISP-20,EOL.CV.RS.030462-0.01,ATLÂNTICA II,Sem Pendências,RS,Eólica,Cinética do Vento,S,0.00,#REF!,30.000,,,0.000,12.900,0.1,129,137,137,12.900,12.900,12.900,12.900,12.900,"2,261,628.000",135.00,R$/MWh,0.00,0.00,"305,319,780.00",#REF!,#REF!,"15,255,540.00","15,255,540.00","15,255,540.00",1/1/2013,12/31/2032,Não,"3,111.05",#REF!
,580,2010,LFA,02ºLFA,Leilão de Fontes Alternativas,007/2010,EOL EURUS IV,10.797.898/0001-24,DISP-20,EOL.CV.RN.030509-0.01,EURUS IV,Sem Pendências,RN,Eólica,Cinética do Vento,NE,0.00,#REF!,30.000,,,0.000,13.700,0.1,137,137,137,13.700,13.700,13.700,13.700,13.700,"2,401,884.000",135.40,R$/MWh,0.00,0.00,"325,215,093.60",#REF!,#REF!,"16,249,625.00","16,249,625.00","16,249,625.00",1/1/2013,12/31/2032,Não,"3,111.05",#REF!
,581,2010,LFA,02ºLFA,Leilão de Fontes Alternativas,007/2010,DREEN,08.995.858/0001-45,DISP-20,EOL.CV.RN.030502-2.01,FAROL,Sem Pendências,RN,Eólica,Cinética do Vento,NE,0.00,#REF!,19.800,,,0.000,10.100,0.1,91,91,91,9.100,9.100,9.100,9.100,9.100,"1,595,411.985",133.97,R$/MWh,0.00,0.00,"213,737,343.63",#REF!,#REF!,"10,679,552.52","10,679,552.52","10,679,552.52",1/1/2013,12/31/2032,Não,"3,111.05",#REF!
,582,2010,LFA,02ºLFA,Leilão de Fontes Alternativas,007/2010,DREEN,08.995.858/0001-45,DISP-20,EOL.CV.RN.030536-7.01,DREEN SAO BENTO DO NORTE,Sem Pendências,RN,Eólica,Cinética do Vento,NE,0.00,#REF!,30.000,,,0.000,14.600,0.1,140,91,91,14.000,14.000,14.000,14.000,14.000,"2,454,479.985",133.97,R$/MWh,0.00,0.00,"328,826,683.59",#REF!,#REF!,"16,430,080.80","16,430,080.80","16,430,080.80",1/1/2013,12/31/2032,Não,"3,111.05",#REF!
,583,2010,LFA,02ºLFA,Leilão de Fontes Alternativas,007/2010,DREEN,08.995.858/0001-45,DISP-20,EOL.CV.RN.030549-9.01,DREEN OLHO DAGUA,Sem Pendências,RN,Eólica,Cinética do Vento,NE,0.00,#REF!,30.000,,,0.000,15.300,0.1,149,91,91,14.900,14.900,14.900,14.900,14.900,"2,612,267.985",133.97,R$/MWh,0.00,0.00,"349,965,541.95",#REF!,#REF!,"17,486,300.28","17,486,300.28","17,486,300.28",1/1/2013,12/31/2032,Não,"3,111.05",#REF!
,584,2010,LFA,02ºLFA,Leilão de Fontes Alternativas,007/2010,JUR,09.665.446/0001-00,DISP-20,EOL.CV.RN.030660-6.01,JUREMAS,Sem Pendências,RN,Eólica,Cinética do Vento,NE,0.00,#REF!,16.100,,,0.000,7.600,0.1,75,75,75,7.500,7.500,7.500,7.500,7.500,"1,314,899.995",136.01,R$/MWh,0.00,0.00,"178,839,548.32",#REF!,#REF!,"8,935,857.00","8,935,857.00","8,935,857.00",1/1/2013,12/31/2032,Não,"3,111.05",#REF!
,585,2010,LFA,02ºLFA,Leilão de Fontes Alternativas,007/2010,GALHEIROS,08.851.565/0001-94,QTD-30,PCH.PH.GO.030312-7.01,GALHEIROS I,Sem Pendências,GO,Hidrelétrica (PCH),-,SE,0.00,#REF!,11.000,,,0.000,6.400,0.1,64,64,64,6.400,6.400,6.400,6.400,6.400,"1,682,995.177",144.50,R$/MWh,0.00,0.00,"243,192,803.08",#REF!,#REF!,0.00,0.00,0.00,1/1/2013,12/31/2042,Não,"3,111.05",#REF!
,586,2010,LFA,02ºLFA,Leilão de Fontes Alternativas,007/2010,CHESF,33.541.368/0001-16,DISP-20,EOL.CV.BA.037209-9.01,CASA NOVA,Contrato não Adjudicado,BA,Eólica,Cinética do Vento,NE,0.00,#REF!,180.000,,,0.000,61.400,0.1,614,614,614,61.400,61.400,61.400,61.400,61.400,"10,764,648.000",131.50,R$/MWh,0.00,0.00,"1,415,551,212.00",#REF!,#REF!,"70,729,116.00","70,729,116.00","70,729,116.00",1/1/2013,12/31/2032,Não,"3,111.05",#REF!
,587,2010,LFA,02ºLFA,Leilão de Fontes Alternativas,007/2010,COPEL GET,04.370.282/0001-70,QTD-30,PCH.PH.PR.030458-1.01,CAVERNOSO II,Sem Pendências,PR,Hidrelétrica (PCH),-,S,0.00,#REF!,19.000,,,0.000,10.600,0.1,76,76,76,7.600,7.600,7.600,7.600,7.600,"1,998,556.800",146.99,R$/MWh,0.00,0.00,"293,767,864.03",#REF!,#REF!,0.00,0.00,0.00,1/1/2013,12/31/2042,Não,"3,111.05",#REF!
,588,2010,LFA,02ºLFA,Leilão de Fontes Alternativas,007/2010,IBERDROLA,09.012.586/0001-89,DISP-20,EOL.CV.RN.030552-9.01,CALANGO 5,Sem Pendências,RN,Eólica,Cinética do Vento,NE,0.00,#REF!,30.000,,,0.000,13.700,0.1,136,123,123,13.600,13.600,13.600,13.600,13.600,"2,384,352.015",132.80,R$/MWh,0.00,0.00,"316,641,947.59",#REF!,#REF!,"15,821,260.80","15,821,260.80","15,821,260.80",1/1/2013,12/31/2032,Não,"3,111.05",#REF!
,589,2010,LFA,02ºLFA,Leilão de Fontes Alternativas,007/2010,DREEN,08.995.858/0001-45,DISP-20,EOL.CV.RN.030512-0.01,DREEN BOA VISTA,Sem Pendências,RN,Eólica,Cinética do Vento,NE,0.00,#REF!,12.600,,,0.000,6.300,0.1,57,91,91,5.700,5.700,5.700,5.700,5.700,"999,323.995",137.99,R$/MWh,0.00,0.00,"137,896,718.07",#REF!,#REF!,"6,890,116.68","6,890,116.68","6,890,116.68",1/1/2013,12/31/2032,Não,"3,111.05",#REF!
,590,2010,LFA,02ºLFA,Leilão de Fontes Alternativas,007/2010,CBR,09.665.392/0001-82,DISP-20,EOL.CV.RN.030672-0.01,COSTA BRANCA,Sem Pendências,RN,Eólica,Cinética do Vento,NE,0.00,#REF!,20.700,,,0.000,9.800,0.1,98,98,98,9.800,9.800,9.800,9.800,9.800,"1,718,136.005",130.43,R$/MWh,0.00,0.00,"224,096,479.13",#REF!,#REF!,"11,197,154.64","11,197,154.64","11,197,154.64",1/1/2013,12/31/2032,Não,"3,111.05",#REF!
,591,2010,LER,03ºLER,Leilão de Energia de Reserva,005/2010,SFEI,11.618.210/0002-45,2011-BIO15 ,UTE.AI.MS.030479-4.01,SAO FERNANDO ENERGIA I,Outorga Revogada,MS,Biomassa,Bagaço de Cana de Açúcar,SE,0.00,#REF!,50.000,,,0.000,36.000,0.1,180,350,350,18.000,35.000,35.000,35.000,35.000,"4,450,080.000",154.40,R$/MWh,0.00,0.00,"687,092,352.00",#REF!,#REF!,0.00,0.00,0.00,1/1/2011,12/31/2025,Sim,"3,111.05",#REF!
,592,2010,LER,03ºLER,Leilão de Energia de Reserva,005/2010,SEB,10.488.040/0001-88,2013-PCH30,PCH.PH.SC.030526-0.01,SAO SEBASTIAO,Antecipação de Contrato,SC,Hidrelétrica (PCH),Rio Boa Esperança,S,0.00,#REF!,9.900,,,0.000,5.200,0.1,52,52,52,5.200,5.200,5.200,5.200,5.200,"1,367,433.600",133.25,R$/MWh,0.00,0.00,"182,210,527.20",#REF!,#REF!,0.00,0.00,0.00,9/1/2013,8/31/2043,Sim,"3,111.05",#REF!
,593,2010,LER,03ºLER,Leilão de Energia de Reserva,005/2010,REN V,10.797.904/0001-43,2013-EOL20,EOL.CV.RN.030497-2.01,RENASCENÇA V,Sem Pendências,RN,Eólica,Cinética do Vento,NE,0.00,#REF!,30.000,,,0.000,15.000,0.1,150,150,150,15.000,15.000,15.000,15.000,15.000,"2,629,800.000",121.83,R$/MWh,0.00,0.00,"320,388,534.00",#REF!,#REF!,0.00,0.00,0.00,9/1/2013,8/31/2033,Sim,"3,111.05",#REF!
,594,2010,LER,03ºLER,Leilão de Energia de Reserva,005/2010,RENOVA,12.047.526/0001-06,2013-EOL20,EOL.CV.BA.030546-4.01,SERAÍMA,Sem Pendências,BA,Eólica,Cinética do Vento,NE,0.00,#REF!,30.000,,,0.000,17.500,0.1,153,153,153,15.300,15.300,15.300,15.300,15.300,"2,682,396.000",121.25,R$/MWh,0.00,0.00,"325,240,515.00",#REF!,#REF!,0.00,0.00,0.00,9/1/2013,8/31/2033,Sim,"3,111.05",#REF!
,595,2010,LER,03ºLER,Leilão de Energia de Reserva,005/2010,SJCOLINA,05.266.880/0001-66,2013-BIO15,UTE.AI.SP.028975-2.01,SAO JOSE COLINA,Sem Pendências,SP,Biomassa,Bagaço de Cana de Açúcar,SE,0.00,#REF!,83.000,,,0.000,51.000,0.1,154,302,334,15.400,30.200,33.400,33.400,33.400,"4,203,048.000",134.90,R$/MWh,0.00,0.00,"566,991,175.20",#REF!,#REF!,0.00,0.00,0.00,1/1/2013,12/31/2027,Sim,"3,111.05",#REF!
,596,2010,LER,03ºLER,Leilão de Energia de Reserva,005/2010,PE CRISTAL,12.851.871/0001-06,2013-EOL20,EOL.CV.BA.030726-2.01,PRIMAVERA,Sem Pendências,BA,Eólica,Cinética do Vento,NE,0.00,#REF!,30.000,,,0.000,16.400,0.1,158,158,158,15.800,15.800,15.800,15.800,15.800,"2,770,056.000",120.92,R$/MWh,0.00,0.00,"334,955,171.52",#REF!,#REF!,0.00,0.00,0.00,9/1/2013,8/31/2033,Sim,"3,111.05",#REF!
,597,2010,LER,03ºLER,Leilão de Energia de Reserva,005/2010,USJ QUIRI,44.209.336/0003-04,2013-BIO15,UTE.AI.GO.029268-0.01,QUIRINÓPOLIS,Sem Pendências,GO,Biomassa,Bagaço de Cana de Açúcar,SE,0.00,#REF!,80.000,,,0.000,22.500,0.1,100,100,100,10.000,10.000,10.000,10.000,10.000,"1,314,000.000",133.50,R$/MWh,0.00,0.00,"175,419,000.00",#REF!,#REF!,0.00,0.00,0.00,1/1/2013,12/31/2027,Sim,"3,111.05",#REF!
,598,2010,LER,03ºLER,Leilão de Energia de Reserva,005/2010,PE CRISTAL,12.851.951/0001-53,2013-EOL20,EOL.CV.BA.030725-4.01,SAO JUDAS,Sem Pendências,BA,Eólica,Cinética do Vento,NE,0.00,#REF!,30.000,,,0.000,15.600,0.1,152,158,158,15.200,15.200,15.200,15.200,15.200,"2,664,864.000",120.94,R$/MWh,0.00,0.00,"322,288,652.16",#REF!,#REF!,0.00,0.00,0.00,9/1/2013,8/31/2033,Sim,"3,111.05",#REF!
,599,2010,LER,03ºLER,Leilão de Energia de Reserva,005/2010,GESTAMP,12.848.401/0001-85,2013-EOL20,EOL.CV.RN.030625-8.01,SERRA DE SANTANA I,Sem Pendências,RN,Eólica,Cinética do Vento,NE,0.00,#REF!,19.800,,,0.000,9.700,0.1,81,81,81,8.100,8.100,8.100,8.100,8.100,"1,420,092.000",124.75,R$/MWh,0.00,0.00,"177,156,477.00",#REF!,#REF!,0.00,0.00,0.00,9/1/2013,8/31/2033,Sim,"3,111.05",#REF!
,600,2010,LER,03ºLER,Leilão de Energia de Reserva,005/2010,GESTAMP,12.848.783/0001-47,2013-EOL20,EOL.CV.RN.030615-0.01,SERRA DE SANTANA III,Sem Pendências,RN,Eólica,Cinética do Vento,NE,0.00,#REF!,28.800,,,0.000,12.700,0.1,127,81,81,12.700,12.700,12.700,12.700,12.700,"2,226,564.000",124.85,R$/MWh,0.00,0.00,"277,986,515.40",#REF!,#REF!,0.00,0.00,0.00,9/1/2013,8/31/2033,Sim,"3,111.05",#REF!
,601,2010,LER,03ºLER,Leilão de Energia de Reserva,005/2010,GESTAMP,12.851.098/0001-70,2013-EOL20,EOL.CV.RN.030609-6.01,SERRA DE SANTANA II,Sem Pendências,RN,Eólica,Cinética do Vento,NE,0.00,#REF!,28.800,,,0.000,13.500,0.1,135,81,81,13.500,13.500,13.500,13.500,13.500,"2,366,820.000",125.15,R$/MWh,0.00,0.00,"296,207,523.00",#REF!,#REF!,0.00,0.00,0.00,9/1/2013,8/31/2033,Sim,"3,111.05",#REF!
,602,2010,LER,03ºLER,Leilão de Energia de Reserva,005/2010,RENOVA,12.048.059/0001-39,2013-EOL20,EOL.CV.BA.030544-8.01,TANQUE,Sem Pendências,BA,Eólica,Cinética do Vento,NE,0.00,#REF!,24.000,,,0.000,13.900,0.1,139,153,153,13.900,13.900,13.900,13.900,13.900,"2,436,948.000",121.25,R$/MWh,0.00,0.00,"295,479,945.00",#REF!,#REF!,0.00,0.00,0.00,9/1/2013,8/31/2033,Sim,"3,111.05",#REF!
,603,2010,LER,03ºLER,Leilão de Energia de Reserva,005/2010,ELDORADO,05.620.523/0002-35,2011-BIO15 ,UTE.AI.MS.029193-5.01,ELDORADO,Sem Pendências,MS,Biomassa,Bagaço de Cana de Açúcar,SE,0.00,#REF!,12.000,,,0.000,8.300,0.1,42,59,59,4.200,5.900,5.900,5.900,5.900,"760,368.000",154.25,R$/MWh,0.00,0.00,"117,286,764.00",#REF!,#REF!,0.00,0.00,0.00,1/1/2011,12/31/2025,Sim,"3,111.05",#REF!
,604,2010,LER,03ºLER,Leilão de Energia de Reserva,005/2010,UTE COLORADO,51.990.778/0001-26,2011-BIO15 ,UTE.AI.SP.028094-1.01,COLORADO,Sem Pendências,SP,Biomassa,Bagaço de Cana de Açúcar,SE,0.00,#REF!,52.800,,,0.000,19.000,0.1,9,9,9,0.900,0.900,0.900,0.900,0.900,"118,260.000",144.00,R$/MWh,0.00,0.00,"17,029,440.00",#REF!,#REF!,0.00,0.00,0.00,1/1/2011,12/31/2025,Sim,"3,111.05",#REF!
,605,2010,LER,03ºLER,Leilão de Energia de Reserva,005/2010,RENOVA,11.366.231/0001-30,2013-EOL20,EOL.CV.BA.030490-5.01,DA PRATA,Sem Pendências,BA,Eólica,Cinética do Vento,NE,0.00,#REF!,19.500,,,0.000,10.100,0.1,101,153,153,10.100,10.100,10.100,10.100,10.100,"1,770,732.000",121.25,R$/MWh,0.00,0.00,"214,701,255.00",#REF!,#REF!,0.00,0.00,0.00,9/1/2013,8/31/2033,Sim,"3,111.05",#REF!
,606,2010,LER,03ºLER,Leilão de Energia de Reserva,005/2010,PE CRISTAL,12.851.920/0001-00,2013-EOL20,EOL.CV.BA.030727-0.01,CRISTAL,Sem Pendências,BA,Eólica,Cinética do Vento,NE,0.00,#REF!,30.000,,,0.000,15.700,0.1,150,158,158,15.000,15.000,15.000,15.000,15.000,"2,629,800.000",120.93,R$/MWh,0.00,0.00,"318,021,714.00",#REF!,#REF!,0.00,0.00,0.00,9/1/2013,8/31/2033,Sim,"3,111.05",#REF!
,607,2010,LER,03ºLER,Leilão de Energia de Reserva,005/2010,CPFL BIO PEDRA,11.631.680/0001-68,2012-BIO15,UTE.AI.SP.030453-0.01,DA PEDRA,Sem Pendências,SP,Biomassa,Bagaço de Cana de Açúcar,SE,0.00,#REF!,70.000,,,0.000,24.400,0.1,184,244,244,18.400,24.400,24.400,24.400,24.400,"3,153,600.000",145.48,R$/MWh,0.00,0.00,"458,785,728.00",#REF!,#REF!,0.00,0.00,0.00,1/1/2012,12/31/2026,Sim,"3,111.05",#REF!
,608,2010,LER,03ºLER,Leilão de Energia de Reserva,005/2010,RENOVA,11.201.833/0001-37,2013-EOL20,EOL.CV.BA.030495-6.01,DOS ARAÇÁS,Sem Pendências,BA,Eólica,Cinética do Vento,NE,0.00,#REF!,30.000,,,0.000,15.500,0.1,139,153,153,13.900,13.900,13.900,13.900,13.900,"2,436,948.000",121.25,R$/MWh,0.00,0.00,"295,479,945.00",#REF!,#REF!,0.00,0.00,0.00,9/1/2013,8/31/2033,Sim,"3,111.05",#REF!
,609,2010,LER,03ºLER,Leilão de Energia de Reserva,005/2010,UTE CEVASA,00.372.496/0001-24,2012-BIO15,UTE.AI.SP.028458-0.01,CEVASA,Sem Pendências,SP,Biomassa,Bagaço de Cana de Açúcar,SE,0.00,#REF!,48.000,,,0.000,19.100,0.1,58,58,70,5.800,5.800,7.000,7.000,7.000,"898,776.000",145.00,R$/MWh,0.00,0.00,"130,322,520.00",#REF!,#REF!,0.00,0.00,0.00,1/1/2012,12/31/2026,Sim,"3,111.05",#REF!
,610,2010,LER,03ºLER,Leilão de Energia de Reserva,005/2010,RENOVA,11.204.086/0001-90,2013-EOL20,EOL.CV.BA.030476-0.01,VENTOS DO NORDESTE,Sem Pendências,BA,Eólica,Cinética do Vento,NE,0.00,#REF!,19.500,,,0.000,10.100,0.1,101,153,153,10.100,10.100,10.100,10.100,10.100,"1,770,732.000",121.25,R$/MWh,0.00,0.00,"214,701,255.00",#REF!,#REF!,0.00,0.00,0.00,9/1/2013,8/31/2033,Sim,"3,111.05",#REF!
,611,2010,LER,03ºLER,Leilão de Energia de Reserva,005/2010,GESTAMP,12.684.715/0001-90,2013-EOL20,EOL.CV.BA.030608-8.01,PEDRA DO REINO III,Antecipação de Contrato,BA,Eólica,Cinética do Vento,NE,0.00,#REF!,18.000,,,0.000,6.800,0.1,68,81,81,6.800,6.800,6.800,6.800,6.800,"1,192,176.000",123.98,R$/MWh,0.00,0.00,"147,805,980.48",#REF!,#REF!,0.00,0.00,0.00,9/1/2013,8/31/2033,Sim,"3,111.05",#REF!
,612,2010,LER,03ºLER,Leilão de Energia de Reserva,005/2010,RENOVA,12.049.829/0001-68,2013-EOL20,EOL.CV.BA.030506-5.01,MORRÃO,Sem Pendências,BA,Eólica,Cinética do Vento,NE,0.00,#REF!,30.000,,,0.000,16.100,0.1,147,153,153,14.700,14.700,14.700,14.700,14.700,"2,577,204.000",121.25,R$/MWh,0.00,0.00,"312,485,985.00",#REF!,#REF!,0.00,0.00,0.00,9/1/2013,8/31/2033,Sim,"3,111.05",#REF!
,613,2010,LER,03ºLER,Leilão de Energia de Reserva,005/2010,PEDRO AFONSO,09.067.572/0001-62,2013-BIO15,UTE.AI.TO.030518-9.01,PEDRO AFONSO,Sem Pendências,TO,Biomassa,Bagaço de Cana de Açúcar,SE,0.00,#REF!,80.000,,,0.000,26.700,0.1,80,187,187,8.000,18.700,18.700,18.700,18.700,"2,363,448.000",134.25,R$/MWh,0.00,0.00,"317,292,894.00",#REF!,#REF!,0.00,0.00,0.00,1/1/2013,12/31/2027,Sim,"3,111.05",#REF!
,614,2010,LER,03ºLER,Leilão de Energia de Reserva,005/2010,PORTO DAS AGUAS,08.322.396/0001-03,2011-BIO15 ,UTE.AI.GO.029999-5.01,PORTO DAS AGUAS,Sem Pendências,GO,Biomassa,Bagaço de Cana de Açúcar,SE,0.00,#REF!,70.000,,,0.000,21.200,0.1,63,63,63,6.300,6.300,6.300,6.300,6.300,"827,820.000",154.09,R$/MWh,0.00,0.00,"127,558,783.80",#REF!,#REF!,0.00,0.00,0.00,1/1/2011,12/31/2025,Sim,"3,111.05",#REF!
,615,2010,LER,03ºLER,Leilão de Energia de Reserva,005/2010,CAMPO DOS VENTOS II,10.797.889/0001-33,2013-EOL20,EOL.CV.RN.030500-6.01,CAMPO DOS VENTOS II,Sem Pendências,RN,Eólica,Cinética do Vento,NE,0.00,#REF!,30.000,,,0.000,15.000,0.1,140,140,140,14.000,14.000,14.000,14.000,14.000,"2,454,480.000",126.19,R$/MWh,0.00,0.00,"309,730,831.20",#REF!,#REF!,0.00,0.00,0.00,9/1/2013,8/31/2033,Sim,"3,111.05",#REF!
,616,2010,LER,03ºLER,Leilão de Energia de Reserva,005/2010,GESTAMP,12.848.329/0001-96,2013-EOL20,EOL.CV.RN.030501-4.01,CABEÇO PRETO IV,Antecipação de Contrato,RN,Eólica,Cinética do Vento,NE,0.00,#REF!,19.800,,,0.000,8.400,0.1,84,81,81,8.400,8.400,8.400,8.400,8.400,"1,472,688.000",124.45,R$/MWh,0.00,0.00,"183,276,021.60",#REF!,#REF!,0.00,0.00,0.00,9/1/2013,8/31/2033,Sim,"3,111.05",#REF!
,617,2010,LER,03ºLER,Leilão de Energia de Reserva,005/2010,EOL EURUS II,10.797.897/0001-80,2013-EOL20,EOL.CV.RN.030499-9.01,EURUS II,Sem Pendências,RN,Eólica,Cinética do Vento,NE,0.00,#REF!,30.000,,,0.000,15.200,0.1,152,152,152,15.200,15.200,15.200,15.200,15.200,"2,664,864.000",121.83,R$/MWh,0.00,0.00,"324,660,381.12",#REF!,#REF!,0.00,0.00,0.00,9/1/2013,8/31/2033,Sim,"3,111.05",#REF!
,618,2010,LER,03ºLER,Leilão de Energia de Reserva,005/2010,EOL EURUS III,12.652.634/0001-08,2013-EOL20,EOL.CV.RN.030504-9.01,EURUS III,Sem Pendências,RN,Eólica,Cinética do Vento,NE,0.00,#REF!,30.000,,,0.000,16.100,0.1,150,150,150,15.000,15.000,15.000,15.000,15.000,"2,629,800.000",124.23,R$/MWh,0.00,0.00,"326,700,054.00",#REF!,#REF!,0.00,0.00,0.00,9/1/2013,8/31/2033,Sim,"3,111.05",#REF!
,619,2010,LER,03ºLER,Leilão de Energia de Reserva,005/2010,EOL EURUS I,12.652.614/0001-37,2013-EOL20,EOL.CV.RN.030503-0.01,EURUS I,Sem Pendências,RN,Eólica,Cinética do Vento,NE,0.00,#REF!,30.000,,,0.000,15.500,0.1,145,145,145,14.500,14.500,14.500,14.500,14.500,"2,542,140.000",124.24,R$/MWh,0.00,0.00,"315,835,473.60",#REF!,#REF!,0.00,0.00,0.00,9/1/2013,8/31/2033,Sim,"3,111.05",#REF!
,620,2010,LER,03ºLER,Leilão de Energia de Reserva,005/2010,ENERFIN,10.754.152/0001-33,2013-EOL20,EOL.CV.RS.030478-6.01,FAZENDA ROSARIO 2,Sem Pendências,RS,Eólica,Cinética do Vento,S,0.00,#REF!,20.000,,,0.000,8.000,0.1,79,79,79,7.900,7.900,7.900,7.900,7.900,"1,385,028.000",125.65,R$/MWh,0.00,0.00,"174,028,768.20",#REF!,#REF!,0.00,0.00,0.00,9/1/2013,8/31/2033,Sim,"3,111.05",#REF!
,621,2010,LER,03ºLER,Leilão de Energia de Reserva,005/2010,PRIMUS,12.863.751/0001-10,2013-PCH30,PCH.PH.MT.030642-8.01,INXU,Sem Pendências,MT,Hidrelétrica (PCH),Rio Sangue,SE,0.00,#REF!,20.600,,,0.000,16.500,0.1,165,165,165,16.500,16.500,16.500,16.500,16.500,"4,338,972.000",129.93,R$/MWh,0.00,0.00,"563,762,631.96",#REF!,#REF!,0.00,0.00,0.00,9/1/2013,8/31/2043,Sim,"3,111.05",#REF!
,622,2010,LER,03ºLER,Leilão de Energia de Reserva,005/2010,ALCIDIA,46.448.270/0001-60,2011-BIO15 ,UTE.AI.SP.027913-7.01,ALCIDIA,Sem Pendências,SP,Biomassa,Bagaço de Cana de Açúcar,SE,0.00,#REF!,38.100,,,0.000,15.000,0.1,117,117,117,11.700,11.700,11.700,11.700,11.700,"1,537,380.000",154.25,R$/MWh,0.00,0.00,"237,140,865.00",#REF!,#REF!,0.00,0.00,0.00,1/1/2011,12/31/2025,Sim,"3,111.05",#REF!
,623,2010,LER,03ºLER,Leilão de Energia de Reserva,005/2010,UTE ANGELICA,07.903.169/0001-09,2011-BIO15 ,UTE.AI.MS.029670-8.01,ANGELICA,Sem Pendências,MS,Biomassa,Bagaço de Cana de Açúcar,SE,0.00,#REF!,64.000,,,0.000,37.600,0.1,150,150,150,15.000,15.000,15.000,15.000,15.000,"1,971,000.000",154.25,R$/MWh,0.00,0.00,"304,026,750.00",#REF!,#REF!,0.00,0.00,0.00,1/1/2011,12/31/2025,Sim,"3,111.05",#REF!
,624,2010,LEE,09ºLEE,Leilão de Energia Existente,009/2010,CHESF,33.541.368/0001-16,2011-Q03,-,-,Sem Pendências,-,-,-,NE,0.00,#REF!,0.000,,,0.000,0.000,1.0,97,97,97,97.000,97.000,97.000,0.000,97.000,"2,551,488.000",105.00,R$/MWh,0.00,0.00,"267,906,240.00",#REF!,#REF!,0.00,0.00,0.00,1/1/2011,12/31/2013,Não,"3,175.88",#REF!
,625,2010,LEE,09ºLEE,Leilão de Energia Existente,009/2010,VALE PARACATU,07.459.492/0001-27,2011-D03,UTE.AI.MG.030266-0.01,UTE DVPA,Sem Pendências,MG,Biomassa,Bagaço de Cana de Açúcar,SE,0.00,#REF!,28.000,,,0.000,17.300,1.0,1,1,1,1.000,1.000,1.000,0.000,1.000,"26,304.000",109.03,R$/MWh,0.00,0.00,"2,867,925.12",#REF!,#REF!,"966,000.00","966,000.00","966,000.00",1/1/2011,12/31/2013,Não,"3,175.88",#REF!
,626,2010,LEN,11ºLEN,Leilão de Energia Nova,004/2010,CAE,09.333.996/0001-21,2015-H30,UHE.PH.AP.026792-9.01,SANTO ANTÔNIO DO JARI,Sem Pendências,AP,Hidrelétrica (UHE),Rio Jari,N,0.00,#REF!,300.000,,,0.000,163.600,1.0,190,190,190,190.000,190.000,190.000,190.000,190.000,"49,968,480.000",104.00,R$/MWh,0.00,0.00,"5,196,721,920.00",#REF!,#REF!,0.00,0.00,0.00,1/1/2015,12/31/2044,Não,"3,175.88",#REF!
,627,2010,LEN,11ºLEN,Leilão de Energia Nova,004/2010,CTPEE,01.083.200/0001-18,2015-H30,UHE.PH.PA.030557-0.01,TELES PIRES,Sem Pendências,MT/PA,Hidrelétrica (UHE),Rio Teles Pires,SE,0.00,#REF!,"1,820.000",,,0.000,915.400,1.0,778,778,778,778.000,778.000,778.000,778.000,778.000,"204,607,776.000",58.35,R$/MWh,0.00,0.00,"11,938,863,729.60",#REF!,#REF!,0.00,0.00,0.00,1/1/2015,12/31/2044,Não,"3,175.88",#REF!
,628,2011,LAJ,10ºLAJ,Leilão de Ajuste,001/2011,BIO ENERGIAS,09.571.846/0001-56,P04M-SE,-,-,Sem Pendências,-,-,-,SE,0.00,#REF!,0.000,,,0.000,0.000,0.5,2,0,2,1.000,0.000,0.000,0.000,1.000,"2,928.000",97.68,R$/MWh,0.00,0.00,"286,007.04",#REF!,#REF!,0.00,0.00,0.00,3/1/2011,6/30/2011,Não,"3,222.42",#REF!
,629,2011,LAJ,10ºLAJ,Leilão de Ajuste,001/2011,COOMEX,07.133.522/0001-00,P10M-SE,-,-,Sem Pendências,-,-,-,SE,0.00,#REF!,0.000,,,0.000,0.000,0.5,89,0,89,44.500,0.000,0.000,0.000,44.497,"326,763.500",113.00,R$/MWh,0.00,0.00,"36,924,275.50",#REF!,#REF!,0.00,0.00,0.00,3/1/2011,12/31/2011,Não,"3,222.42",#REF!
,630,2011,LAJ,10ºLAJ,Leilão de Ajuste,001/2011,CEMIG GERACAO,06.981.176/0001-58,P04M-SE,-,-,Sem Pendências,-,-,-,SE,0.00,#REF!,0.000,,,0.000,0.000,0.5,170,0,170,84.997,0.000,0.000,0.000,84.997,"248,880.000",108.00,R$/MWh,0.00,0.00,"26,879,040.00",#REF!,#REF!,0.00,0.00,0.00,3/1/2011,6/30/2011,Não,"3,222.42",#REF!
,631,2011,LAJ,10ºLAJ,Leilão de Ajuste,001/2011,COMERC,58.177.643/0001-95,P10M-SE,-,-,Sem Pendências,-,-,-,SE,0.00,#REF!,0.000,,,0.000,0.000,0.5,4,0,4,2.000,0.000,0.000,0.000,2.000,"14,686.000",111.18,R$/MWh,0.00,0.00,"1,632,789.48",#REF!,#REF!,0.00,0.00,0.00,3/1/2011,12/31/2011,Não,"3,222.42",#REF!
,632,2011,LAJ,10ºLAJ,Leilão de Ajuste,001/2011,CHESF,33.541.368/0001-16,P10M-SE,-,-,Sem Pendências,-,-,-,SE,0.00,#REF!,0.000,,,0.000,0.000,0.5,80,0,80,40.000,0.000,0.000,0.000,39.997,"293,720.000",108.38,R$/MWh,0.00,0.00,"31,833,373.60",#REF!,#REF!,0.00,0.00,0.00,3/1/2011,12/31/2011,Não,"3,222.42",#REF!
,633,2011,LAJ,10ºLAJ,Leilão de Ajuste,001/2011,BIO ENERGIAS,09.571.846/0001-56,P10M-SE,-,-,Sem Pendências,-,-,-,SE,0.00,#REF!,0.000,,,0.000,0.000,0.5,4,0,4,2.000,0.000,0.000,0.000,2.000,"14,686.000",114.99,R$/MWh,0.00,0.00,"1,688,743.14",#REF!,#REF!,0.00,0.00,0.00,3/1/2011,12/31/2011,Não,"3,222.42",#REF!
,634,2011,LAJ,10ºLAJ,Leilão de Ajuste,001/2011,COOMEX,07.133.522/0001-00,P10M-S,-,-,Sem Pendências,-,-,-,S,0.00,#REF!,0.000,,,0.000,0.000,0.5,60,0,60,30.000,0.000,0.000,0.000,30.000,"220,290.000",115.99,R$/MWh,0.00,0.00,"25,551,437.10",#REF!,#REF!,0.00,0.00,0.00,3/1/2011,12/31/2011,Não,"3,222.42",#REF!
,635,2011,LAJ,10ºLAJ,Leilão de Ajuste,001/2011,CPFL BRASIL,04.973.790/0001-42,P10M-S,-,-,Sem Pendências,-,-,-,S,0.00,#REF!,0.000,,,0.000,0.000,0.5,20,0,20,10.000,0.000,0.000,0.000,10.000,"73,430.000",112.98,R$/MWh,0.00,0.00,"8,296,121.40",#REF!,#REF!,0.00,0.00,0.00,3/1/2011,12/31/2011,Não,"3,222.42",#REF!
,636,2011,LAJ,10ºLAJ,Leilão de Ajuste,001/2011,COMERC,58.177.643/0001-95,P10M-S,-,-,Sem Pendências,-,-,-,S,0.00,#REF!,0.000,,,0.000,0.000,0.5,4,0,4,2.000,0.000,0.000,0.000,2.000,"14,686.000",111.18,R$/MWh,0.00,0.00,"1,632,789.48",#REF!,#REF!,0.00,0.00,0.00,3/1/2011,12/31/2011,Não,"3,222.42",#REF!
,637,2011,LAJ,10ºLAJ,Leilão de Ajuste,001/2011,SAFIRA,09.495.582/0001-07,P04M-SE,-,-,Sem Pendências,-,-,-,SE,0.00,#REF!,0.000,,,0.000,0.000,0.5,7,0,7,3.500,0.000,0.000,0.000,3.500,"10,248.000",104.99,R$/MWh,0.00,0.00,"1,075,937.52",#REF!,#REF!,0.00,0.00,0.00,3/1/2011,6/30/2011,Não,"3,222.42",#REF!
,638,2011,LAJ,10ºLAJ,Leilão de Ajuste,001/2011,MPX,08.976.495/0001-09,P04M-SE,-,-,Sem Pendências,-,-,-,SE,0.00,#REF!,0.000,,,0.000,0.000,0.5,8,0,8,4.000,0.000,0.000,0.000,4.000,"11,712.000",101.16,R$/MWh,0.00,0.00,"1,184,785.92",#REF!,#REF!,0.00,0.00,0.00,3/1/2011,6/30/2011,Não,"3,222.42",#REF!
,639,2011,LAJ,10ºLAJ,Leilão de Ajuste,001/2011,COOMEX,07.133.522/0001-00,P04M-SE,-,-,Sem Pendências,-,-,-,SE,0.00,#REF!,0.000,,,0.000,0.000,0.5,20,0,20,10.000,0.000,0.000,0.000,10.000,"29,280.000",105.50,R$/MWh,0.00,0.00,"3,089,040.00",#REF!,#REF!,0.00,0.00,0.00,3/1/2011,6/30/2011,Não,"3,222.42",#REF!
,640,2011,LAJ,10ºLAJ,Leilão de Ajuste,001/2011,COMERC,58.177.643/0001-95,P04M-SE,-,-,Sem Pendências,-,-,-,SE,0.00,#REF!,0.000,,,0.000,0.000,0.5,24,0,24,12.000,0.000,0.000,0.000,12.000,"35,136.000",103.49,R$/MWh,0.00,0.00,"3,636,224.64",#REF!,#REF!,0.00,0.00,0.00,3/1/2011,6/30/2011,Não,"3,222.42",#REF!
,641,2011,LAJ,10ºLAJ,Leilão de Ajuste,001/2011,DELTA,04.802.543/0001-83,P04M-S,-,-,Sem Pendências,-,-,-,S,0.00,#REF!,0.000,,,0.000,0.000,0.5,12,0,12,6.000,0.000,0.000,0.000,6.000,"17,568.000",94.83,R$/MWh,0.00,0.00,"1,665,973.44",#REF!,#REF!,0.00,0.00,0.00,3/1/2011,6/30/2011,Não,"3,222.42",#REF!
,642,2011,LAJ,10ºLAJ,Leilão de Ajuste,001/2011,NC ENERGIA,04.023.261/0001-88,P04M-NE,-,-,Sem Pendências,-,-,-,NE,0.00,#REF!,0.000,,,0.000,0.000,0.5,10,0,10,4.999,0.000,0.000,0.000,4.999,"14,640.000",108.39,R$/MWh,0.00,0.00,"1,586,829.60",#REF!,#REF!,0.00,0.00,0.00,3/1/2011,6/30/2011,Não,"3,222.42",#REF!
,643,2011,LAJ,10ºLAJ,Leilão de Ajuste,001/2011,COOMEX,07.133.522/0001-00,P04M-S,-,-,Sem Pendências,-,-,-,S,0.00,#REF!,0.000,,,0.000,0.000,0.5,10,0,10,5.000,0.000,0.000,0.000,5.000,"14,640.000",105.50,R$/MWh,0.00,0.00,"1,544,520.00",#REF!,#REF!,0.00,0.00,0.00,3/1/2011,6/30/2011,Não,"3,222.42",#REF!
,644,2011,LAJ,10ºLAJ,Leilão de Ajuste,001/2011,COMERC,58.177.643/0001-95,P04M-S,-,-,Sem Pendências,-,-,-,S,0.00,#REF!,0.000,,,0.000,0.000,0.5,34,0,34,17.000,0.000,0.000,0.000,17.000,"49,776.000",103.16,R$/MWh,0.00,0.00,"5,134,892.16",#REF!,#REF!,0.00,0.00,0.00,3/1/2011,6/30/2011,Não,"3,222.42",#REF!
,645,2011,LAJ,10ºLAJ,Leilão de Ajuste,001/2011,ENERTRADE,04.149.295/0001-13,P04M-NE,-,-,Sem Pendências,-,-,-,NE,0.00,#REF!,0.000,,,0.000,0.000,0.5,4,0,4,2.000,0.000,0.000,0.000,2.000,"5,856.000",110.00,R$/MWh,0.00,0.00,"644,160.00",#REF!,#REF!,0.00,0.00,0.00,3/1/2011,6/30/2011,Não,"3,222.42",#REF!
,646,2011,LAJ,10ºLAJ,Leilão de Ajuste,001/2011,CHESF,33.541.368/0001-16,P10M-NE,-,-,Sem Pendências,-,-,-,NE,0.00,#REF!,0.000,,,0.000,0.000,0.5,29,0,29,14.499,0.000,0.000,0.000,14.499,"106,473.500",108.37,R$/MWh,0.00,0.00,"11,538,533.20",#REF!,#REF!,0.00,0.00,0.00,3/1/2011,12/31/2011,Não,"3,222.42",#REF!
,647,2011,LAJ,10ºLAJ,Leilão de Ajuste,001/2011,TEC,04.100.556/0001-00,P04M-SE,-,-,Sem Pendências,-,-,-,SE,0.00,#REF!,0.000,,,0.000,0.000,0.5,4,0,4,2.000,0.000,0.000,0.000,2.000,"5,856.000",107.98,R$/MWh,0.00,0.00,"632,330.88",#REF!,#REF!,0.00,0.00,0.00,3/1/2011,6/30/2011,Não,"3,222.42",#REF!
,648,2011,LAJ,10ºLAJ,Leilão de Ajuste,001/2011,COOMEX,07.133.522/0001-00,P10M-N,-,-,Sem Pendências,-,-,-,N,0.00,#REF!,0.000,,,0.000,0.000,0.5,26,0,26,13.000,0.000,0.000,0.000,13.000,"95,459.000",105.00,R$/MWh,0.00,0.00,"10,023,195.00",#REF!,#REF!,0.00,0.00,0.00,3/1/2011,12/31/2011,Não,"3,222.42",#REF!
,649,2011,LEN,12ºLEN,Leilão de Energia Nova,002/2011,VERACE VIII,19.454.475/3927-50,DIS20-2014,EOL.CV.RS.030755-6.01,VERACE VIII,Contrato Rescindido,RS,Eólica,Cinética do Vento,S,"98,944,000.00",#REF!,26.000,,,0.000,10.800,0.1,108,108,108,10.800,10.800,10.800,10.800,10.800,"1,878,152.400",98.19,R$/MWh,0.00,0.00,"184,415,784.16",#REF!,#REF!,"7,851,135.59","9,366,191.99","9,366,191.99",3/1/2014,12/31/2033,Sim,"3,324.86",#REF!
,650,2011,LEN,12ºLEN,Leilão de Energia Nova,002/2011,VERACE VII,78.763.370/9714-24,DIS20-2014,EOL.CV.RS.030747-5.01,VERACE VII,Contrato Rescindido,RS,Eólica,Cinética do Vento,S,"114,065,000.00",#REF!,30.000,,,0.000,12.700,0.1,127,127,127,12.700,12.700,12.700,12.700,12.700,"2,208,568.100",97.86,R$/MWh,0.00,0.00,"216,130,474.27",#REF!,#REF!,"9,232,353.89","11,013,947.99","11,013,947.99",3/1/2014,12/31/2033,Sim,"3,324.86",#REF!
,651,2011,LEN,12ºLEN,Leilão de Energia Nova,002/2011,VERACE X,52.234.814/8565-01,DIS20-2014,EOL.CV.RS.030749-1.01,VERACE X,Contrato Rescindido,RS,Eólica,Cinética do Vento,S,"106,568,000.00",#REF!,28.000,,,0.000,12.100,0.1,121,121,121,12.100,12.100,12.100,12.100,12.100,"2,104,226.300",98.43,R$/MWh,0.00,0.00,"207,118,994.71",#REF!,#REF!,"8,796,179.71","10,493,604.01","10,493,604.01",3/1/2014,12/31/2033,Sim,"3,324.86",#REF!
,652,2011,LEN,12ºLEN,Leilão de Energia Nova,002/2011,VERACE III,33.402.990/5931-01,DIS20-2014,EOL.CV.RS.030746-7.01,VERACE III,Contrato Rescindido,RS,Eólica,Cinética do Vento,S,"98,944,000.00",#REF!,26.000,,,0.000,11.000,0.1,110,110,110,11.000,11.000,11.000,11.000,11.000,"1,912,933.000",98.19,R$/MWh,0.00,0.00,"187,830,891.27",#REF!,#REF!,"7,996,527.03","9,539,640.00","9,539,640.00",3/1/2014,12/31/2033,Sim,"3,324.86",#REF!
,653,2011,LEN,12ºLEN,Leilão de Energia Nova,002/2011,VERACE IV,47.233.363/3176-81,DIS20-2014,EOL.CV.RS.030741-6.01,VERACE IV,Contrato Rescindido,RS,Eólica,Cinética do Vento,S,"114,065,000.00",#REF!,30.000,,,0.000,13.100,0.1,131,131,131,13.100,13.100,13.100,13.100,13.100,"2,278,129.300",97.74,R$/MWh,0.00,0.00,"222,664,357.78",#REF!,#REF!,"9,523,136.68","11,360,844.01","11,360,844.01",3/1/2014,12/31/2033,Sim,"3,324.86",#REF!
,654,2011,LEN,12ºLEN,Leilão de Energia Nova,002/2011,VERACE IX,75.154.678/3914-88,DIS20-2014,EOL.CV.RS.030748-3.01,VERACE IX,Contrato Rescindido,RS,Eólica,Cinética do Vento,S,"114,065,000.00",#REF!,30.000,,,0.000,12.700,0.1,127,127,127,12.700,12.700,12.700,12.700,12.700,"2,208,568.100",98.21,R$/MWh,0.00,0.00,"216,903,473.10",#REF!,#REF!,"9,232,353.89","11,013,947.99","11,013,947.99",3/1/2014,12/31/2033,Sim,"3,324.86",#REF!
,655,2011,LEN,12ºLEN,Leilão de Energia Nova,002/2011,VERACE I,04.076.026/8646-91,DIS20-2014,EOL.CV.RS.030745-9.01,VERACE I,Contrato Rescindido,RS,Eólica,Cinética do Vento,S,"76,110,000.00",#REF!,20.000,,,0.000,8.500,0.1,85,85,85,8.500,8.500,8.500,8.500,8.500,"1,478,175.500",98.50,R$/MWh,0.00,0.00,"145,600,286.75",#REF!,#REF!,"6,179,134.50","7,371,540.00","7,371,540.00",3/1/2014,12/31/2033,Sim,"3,324.86",#REF!
,656,2011,LEN,12ºLEN,Leilão de Energia Nova,002/2011,VERACE II,58.144.470/9698-00,DIS20-2014,EOL.CV.RS.030742-4.01,VERACE II,Contrato Rescindido,RS,Eólica,Cinética do Vento,S,"76,110,000.00",#REF!,20.000,,,0.000,8.300,0.1,83,83,83,8.300,8.300,8.300,8.300,8.300,"1,443,394.900",98.64,R$/MWh,0.00,0.00,"142,376,472.94",#REF!,#REF!,"6,033,743.11","7,198,092.02","7,198,092.02",3/1/2014,12/31/2033,Sim,"3,324.86",#REF!
,657,2011,LEN,12ºLEN,Leilão de Energia Nova,002/2011,VERACE V,96.187.565/0949-18,DIS20-2014,EOL.CV.RS.030829-3.01,VERACE V,Contrato Rescindido,RS,Eólica,Cinética do Vento,S,"114,065,000.00",#REF!,30.000,,,0.000,12.400,0.1,124,124,124,12.400,12.400,12.400,12.400,12.400,"2,156,397.200",98.21,R$/MWh,0.00,0.00,"211,779,769.01",#REF!,#REF!,"9,014,266.81","10,753,776.01","10,753,776.01",3/1/2014,12/31/2033,Sim,"3,324.86",#REF!
,658,2011,LEN,12ºLEN,Leilão de Energia Nova,002/2011,VERACE VI,52.297.774/1853-16,DIS20-2014,EOL.CV.RS.030740-8.01,VERACE VI,Contrato Rescindido,RS,Eólica,Cinética do Vento,S,"68,511,000.00",#REF!,18.000,,,0.000,7.600,0.1,76,76,76,7.600,7.600,7.600,7.600,7.600,"1,321,662.800",98.47,R$/MWh,0.00,0.00,"130,144,135.92",#REF!,#REF!,"5,524,873.21","6,591,023.99","6,591,023.99",3/1/2014,12/31/2033,Sim,"3,324.86",#REF!
,659,2011,LEN,12ºLEN,Leilão de Energia Nova,002/2011,EOL SÃO CRISTOVAO,10.272.500/0001-36,DIS20-2014,EOL.CV.CE.030912-5.01,SÃO CRISTÓVÃO,Sem Pendências,CE,Eólica,Cinética do Vento,NE,"111,343,000.00",#REF!,29.900,,,0.000,14.200,0.1,129,129,129,12.900,12.900,12.900,12.900,12.900,"2,243,348.700",103.79,R$/MWh,0.00,0.00,"232,837,161.57",#REF!,#REF!,"10,220,795.13","12,193,131.61","12,193,131.61",3/1/2014,12/31/2033,Sim,"3,324.86",#REF!
,660,2011,LEN,12ºLEN,Leilão de Energia Nova,002/2011,EOL SÃO JORGE,09.571.485/0001-48,DIS20-2014,EOL.CV.CE.030911-7.01,SÃO JORGE,Sem Pendências,CE,Eólica,Cinética do Vento,NE,"104,897,000.00",#REF!,27.600,,,0.000,13.200,0.1,121,121,121,12.100,12.100,12.100,12.100,12.100,"2,104,226.300",103.98,R$/MWh,0.00,0.00,"218,797,450.67",#REF!,#REF!,"9,586,947.38","11,436,968.40","11,436,968.40",3/1/2014,12/31/2033,Sim,"3,324.86",#REF!
,661,2011,LEN,12ºLEN,Leilão de Energia Nova,002/2011,EOL SANTO A PÁDUA,09.601.233/0001-14,DIS20-2014,EOL.CV.CE.030916-8.01,SANTO ANTÔNIO DE PÁDUA,Sem Pendências,CE,Eólica,Cinética do Vento,NE,"61,727,000.00",#REF!,16.100,,,0.000,8.200,0.1,64,64,64,6.400,6.400,6.400,6.400,6.400,"1,112,979.200",104.23,R$/MWh,0.00,0.00,"116,005,822.02",#REF!,#REF!,"5,070,782.08","6,049,305.60","6,049,305.60",3/1/2014,12/31/2033,Sim,"3,324.86",#REF!
,662,2011,LEN,12ºLEN,Leilão de Energia Nova,002/2011,ZETA,38.121.899/9590-55,DIS20-2014,EOL.CV.PI.030830-7.01,PORTO SALGADO,Sem Pendências,PI,Eólica,Cinética do Vento,NE,"67,855,580.00",#REF!,18.000,,,0.000,9.100,0.1,91,91,91,9.100,9.100,9.100,9.100,9.100,"1,582,517.300",100.17,R$/MWh,0.00,0.00,"158,520,757.94",#REF!,#REF!,"7,014,715.46","8,368,365.43","8,368,365.43",3/1/2014,12/31/2033,Sim,"3,324.86",#REF!
,663,2011,LEN,12ºLEN,Leilão de Energia Nova,002/2011,RENOVA,08.534.605/0001-74,DIS20-2014,EOL.CV.BA.030802-1.01,SERRA DO ESPINHAÇO,Sem Pendências,BA,Eólica,Cinética do Vento,NE,"69,179,030.00",#REF!,17.600,,,0.000,8.900,0.1,89,89,89,8.900,8.900,8.900,8.900,8.900,"1,547,736.700",98.53,R$/MWh,0.00,0.00,"152,498,497.05",#REF!,#REF!,"6,515,145.96","7,772,392.57","7,772,392.57",3/1/2014,12/31/2033,Sim,"3,324.86",#REF!
,664,2011,LEN,12ºLEN,Leilão de Energia Nova,002/2011,EGP - FONTES DOS VENTOS,92.872.450/6775-08,DIS20-2014,EOL.CV.PE.030789-0.01,TACAICÓ,Contrato Rescindido,PE,Eólica,Cinética do Vento,NE,"89,724,000.00",#REF!,18.000,,,0.000,8.800,0.1,40,40,40,4.000,4.000,4.000,4.000,4.000,"695,612.000",98.55,R$/MWh,0.00,0.00,"68,552,562.60",#REF!,#REF!,"3,032,354.13","3,617,516.28","3,617,516.28",3/1/2014,12/31/2033,Sim,"3,324.86",#REF!
,665,2011,LEN,12ºLEN,Leilão de Energia Nova,002/2011,ELETROSUL,00.073.957/0001-68,DIS20-2014,EOL.CV.RS.030762-9.01,CERRO DOS TRINDADE,Contrato Rescindido,RS,Eólica,Cinética do Vento,S,"44,523,030.00",#REF!,8.000,,,0.000,2.800,0.1,28,28,28,2.800,2.800,2.800,2.800,2.800,"486,928.400",97.32,R$/MWh,0.00,0.00,"47,387,871.89",#REF!,#REF!,"2,014,919.19","2,403,743.98","2,403,743.98",3/1/2014,12/31/2033,Sim,"3,324.86",#REF!
,666,2011,LEN,12ºLEN,Leilão de Energia Nova,002/2011,CHUI II,88.403.782/8637-87,DIS20-2014,EOL.CV.RS.030790-4.01,CHUI II,Contrato Rescindido,RS,Eólica,Cinética do Vento,S,"84,030,000.00",#REF!,22.000,,,0.000,8.900,0.1,89,89,89,8.900,8.900,8.900,8.900,8.900,"1,547,736.700",102.89,R$/MWh,0.00,0.00,"159,246,629.06",#REF!,#REF!,"6,796,680.80","8,108,256.00","8,108,256.00",3/1/2014,12/31/2033,Sim,"3,324.86",#REF!
,667,2011,LEN,12ºLEN,Leilão de Energia Nova,002/2011,SEAWEST,56.585.240/1747-35,DIS20-2014,EOL.CV.PI.030838-2.01,DELTA DO PARNAÍBA,Sem Pendências,PI,Eólica,Cinética do Vento,NE,"108,568,910.00",#REF!,28.800,,,0.000,15.000,0.1,148,148,148,14.800,14.800,14.800,14.800,14.800,"2,573,764.400",100.13,R$/MWh,0.00,0.00,"257,711,029.37",#REF!,#REF!,"11,346,932.29","13,536,582.72","13,536,582.72",3/1/2014,12/31/2033,Sim,"3,324.86",#REF!
,668,2011,LEN,12ºLEN,Leilão de Energia Nova,002/2011,RENOVA,08.534.605/0001-74,DIS20-2014,EOL.CV.BA.030778-5.01,DOURADOS,Sem Pendências,BA,Eólica,Cinética do Vento,NE,"113,200,030.00",#REF!,28.800,,,0.000,13.200,0.1,132,89,89,13.200,13.200,13.200,13.200,13.200,"2,295,519.600",98.53,R$/MWh,0.00,0.00,"226,177,546.19",#REF!,#REF!,"9,777,230.85","11,663,971.44","11,663,971.44",3/1/2014,12/31/2033,Sim,"3,324.86",#REF!
,669,2011,LEN,12ºLEN,Leilão de Energia Nova,002/2011,CHUI I,42.067.302/8922-65,DIS20-2014,EOL.CV.RS.030767-0.01,CHUI I,Contrato Rescindido,RS,Eólica,Cinética do Vento,S,"91,305,000.00",#REF!,24.000,,,0.000,10.200,0.1,102,102,102,10.200,10.200,10.200,10.200,10.200,"1,773,810.600",102.55,R$/MWh,0.00,0.00,"181,904,277.03",#REF!,#REF!,"7,789,454.39","9,292,607.99","9,292,607.99",3/1/2014,12/31/2033,Sim,"3,324.86",#REF!
,670,2011,LEN,12ºLEN,Leilão de Energia Nova,002/2011,CHUI IV,79.502.484/0426-36,DIS20-2014,EOL.CV.RS.030754-8.01,CHUI IV,Contrato Rescindido,RS,Eólica,Cinética do Vento,S,"84,030,000.00",#REF!,22.000,,,0.000,8.800,0.1,88,88,88,8.800,8.800,8.800,8.800,8.800,"1,530,346.400",102.91,R$/MWh,0.00,0.00,"157,487,948.02",#REF!,#REF!,"6,752,622.80","8,055,695.99","8,055,695.99",3/1/2014,12/31/2033,Sim,"3,324.86",#REF!
,671,2011,LEN,12ºLEN,Leilão de Energia Nova,002/2011,PARACURU,94.394.867/4493-06,DIS20-2014,EOL.CV.CE.030777-7.01,CATAVENTOS PARACURU 1,Outorga Revogada,CE,Eólica,Cinética do Vento,NE,"117,432,000.00",#REF!,30.000,,,0.000,14.200,0.1,142,142,142,14.200,14.200,14.200,14.200,14.200,"2,469,422.600",102.97,R$/MWh,0.00,0.00,"254,276,445.12",#REF!,#REF!,"11,174,679.67","13,331,090.02","13,331,090.02",3/1/2014,12/31/2033,Sim,"3,324.86",#REF!
,672,2011,LEN,12ºLEN,Leilão de Energia Nova,002/2011,CHUI V,10.347.052/9315-79,DIS20-2014,EOL.CV.RS.030760-2.01,CHUI V,Contrato Rescindido,RS,Eólica,Cinética do Vento,S,"114,065,000.00",#REF!,30.000,,,0.000,12.500,0.1,125,125,125,12.500,12.500,12.500,12.500,12.500,"2,173,787.500",103.78,R$/MWh,0.00,0.00,"225,595,666.75",#REF!,#REF!,"9,591,793.74","11,442,750.00","11,442,750.00",3/1/2014,12/31/2033,Sim,"3,324.86",#REF!
,673,2011,LEN,12ºLEN,Leilão de Energia Nova,002/2011,ELETROSUL,00.073.957/0001-68,DIS20-2014,EOL.CV.RS.030784-0.01,CERRO CHATO IV,Contrato Rescindido,RS,Eólica,Cinética do Vento,S,"52,057,910.00",#REF!,10.000,,,0.000,3.300,0.1,33,28,28,3.300,3.300,3.300,3.300,3.300,"573,879.900",97.17,R$/MWh,0.00,0.00,"55,763,909.88",#REF!,#REF!,"2,374,726.20","2,832,983.99","2,832,983.99",3/1/2014,12/31/2033,Sim,"3,324.86",#REF!
,674,2011,LEN,12ºLEN,Leilão de Energia Nova,002/2011,EGP - CURVA DOS VENTOS,07.719.362/2386-70,DIS20-2014,EOL.CV.BA.030807-2.01,EMILIANA,Contrato Rescindido,BA,Eólica,Cinética do Vento,NE,"135,093,600.00",#REF!,27.200,,,0.000,12.700,0.1,45,45,45,4.500,4.500,4.500,4.500,4.500,"782,563.500",98.51,R$/MWh,0.00,0.00,"77,090,330.38",#REF!,#REF!,"3,295,879.41","3,931,894.84","3,931,894.84",3/1/2014,12/31/2033,Sim,"3,324.86",#REF!
,675,2011,LEN,12ºLEN,Leilão de Energia Nova,002/2011,ELETROSUL,00.073.957/0001-68,DIS20-2014,EOL.CV.RS.030756-4.01,CERRO CHATO VI,Contrato Rescindido,RS,Eólica,Cinética do Vento,S,"127,406,580.00",#REF!,30.000,,,0.000,9.300,0.1,93,28,28,9.300,9.300,9.300,9.300,9.300,"1,617,297.900",96.39,R$/MWh,0.00,0.00,"155,891,344.58",#REF!,#REF!,"6,692,410.20","7,983,863.98","7,983,863.98",3/1/2014,12/31/2033,Sim,"3,324.86",#REF!
,676,2011,LEN,12ºLEN,Leilão de Energia Nova,002/2011,ELETROSUL,00.073.957/0001-68,DIS20-2014,EOL.CV.RS.030786-6.01,CERRO CHATO V,Contrato Rescindido,RS,Eólica,Cinética do Vento,S,"59,592,770.00",#REF!,12.000,,,0.000,4.000,0.1,40,28,28,4.000,4.000,4.000,4.000,4.000,"695,612.000",96.85,R$/MWh,0.00,0.00,"67,370,022.20",#REF!,#REF!,"2,878,456.00","3,433,920.01","3,433,920.01",3/1/2014,12/31/2033,Sim,"3,324.86",#REF!
,677,2011,LEN,12ºLEN,Leilão de Energia Nova,002/2011,UTE VALE DO TIJUCO II,08.493.354/0001-27,DIS20-2014,UTE.AI.MG.030473-5.01,VALE DO TIJUCO II,Contrato Rescindido,MG,Biomassa,Bagaço de Cana de Açúcar,SE,0.00,#REF!,40.000,,,0.000,30.000,0.1,90,150,150,9.000,15.000,15.000,15.000,15.000,"2,564,487.000",102.30,R$/MWh,0.00,0.00,"262,347,020.10",#REF!,#REF!,"6,760,700.10","13,442,220.00","13,442,220.00",3/1/2014,12/31/2033,Sim,"3,324.86",#REF!
,678,2011,LEN,12ºLEN,Leilão de Energia Nova,002/2011,EGP - FONTES DOS VENTOS,92.872.450/6775-08,DIS20-2014,EOL.CV.PE.030805-6.01,PAU FERRO,Contrato Rescindido,PE,Eólica,Cinética do Vento,NE,"145,200,000.00",#REF!,30.000,,,0.000,14.900,0.1,55,40,40,5.500,5.500,5.500,5.500,5.500,"956,466.500",98.54,R$/MWh,0.00,0.00,"94,250,208.91",#REF!,#REF!,"4,145,740.71","4,945,756.33","4,945,756.33",3/1/2014,12/31/2033,Sim,"3,324.86",#REF!
,679,2011,LEN,12ºLEN,Leilão de Energia Nova,002/2011,UMOE,03.445.208/0004-55,DIS20-2014,UTE.AI.SP.030561-8.01,PARANAPANEMA,Antecipação de Contrato,SP,Biomassa,Bagaço de Cana de Açúcar,SE,0.00,#REF!,60.000,,,0.000,24.700,0.1,124,173,173,12.400,17.300,17.300,17.300,17.300,"2,972,541.200",101.49,R$/MWh,0.00,0.00,"301,683,206.39",#REF!,#REF!,"9,294,961.29","15,470,437.00","15,470,437.00",3/1/2014,12/31/2033,Sim,"3,324.86",#REF!
,680,2011,LEN,12ºLEN,Leilão de Energia Nova,002/2011,MINUANO II,70.301.462/4288-25,DIS20-2014,EOL.CV.RS.030791-2.01,MINUANO II,Contrato Rescindido,RS,Eólica,Cinética do Vento,S,"91,305,000.00",#REF!,24.000,,,0.000,10.100,0.1,101,101,101,10.100,10.100,10.100,10.100,10.100,"1,756,420.300",100.62,R$/MWh,0.00,0.00,"176,731,010.59",#REF!,#REF!,"7,564,758.60","9,024,552.02","9,024,552.02",3/1/2014,12/31/2033,Sim,"3,324.86",#REF!
,681,2011,LEN,12ºLEN,Leilão de Energia Nova,002/2011,PASSA TEMPO,15.527.906/0001-36,DIS20-2014,UTE.AI.MS.028111-5.01,PASSA TEMPO,Antecipação de Contrato,MS,Biomassa,Bagaço de Cana de Açúcar,SE,"139,709,320.00",#REF!,67.800,,,0.000,24.200,0.1,218,218,218,21.800,21.800,21.800,21.800,21.800,"3,791,085.400",103.29,R$/MWh,0.00,0.00,"391,581,210.97",#REF!,#REF!,"17,124,420.23","20,428,969.26","20,428,969.26",3/1/2014,12/31/2033,Sim,"3,324.86",#REF!
,682,2011,LEN,12ºLEN,Leilão de Energia Nova,002/2011,RENOVA,08.534.605/0001-74,DIS20-2014,EOL.CV.BA.030793-9.01,PELOURINHO,Sem Pendências,BA,Eólica,Cinética do Vento,NE,"88,047,030.00",#REF!,22.400,,,0.000,11.800,0.1,118,89,89,11.800,11.800,11.800,11.800,11.800,"2,052,055.400",98.53,R$/MWh,0.00,0.00,"202,189,018.56",#REF!,#REF!,"8,771,540.27","10,464,209.84","10,464,209.84",3/1/2014,12/31/2033,Sim,"3,324.86",#REF!
,683,2011,LEN,12ºLEN,Leilão de Energia Nova,002/2011,SEAWEST,56.585.240/1747-35,DIS20-2014,EOL.CV.PI.030827-7.01,PORTO DAS BARCAS,Sem Pendências,PI,Eólica,Cinética do Vento,NE,"108,568,910.00",#REF!,28.800,,,0.000,14.800,0.1,89,148,148,8.900,8.900,8.900,8.900,8.900,"1,547,736.700",100.16,R$/MWh,0.00,0.00,"155,021,307.87",#REF!,#REF!,"6,868,770.70","8,194,257.29","8,194,257.29",3/1/2014,12/31/2033,Sim,"3,324.86",#REF!
,684,2011,LEN,12ºLEN,Leilão de Energia Nova,002/2011,EGP - FONTES DOS VENTOS,92.872.450/6775-08,DIS20-2014,EOL.CV.PE.030806-4.01,PEDRA DO GERÔNIMO,Contrato Rescindido,PE,Eólica,Cinética do Vento,NE,"139,980,000.00",#REF!,30.000,,,0.000,12.400,0.1,36,40,40,3.600,3.600,3.600,3.600,3.600,"626,050.800",98.56,R$/MWh,0.00,0.00,"61,703,566.85",#REF!,#REF!,"2,716,559.02","3,240,781.33","3,240,781.33",3/1/2014,12/31/2033,Sim,"3,324.86",#REF!
,685,2011,LEN,12ºLEN,Leilão de Energia Nova,002/2011,EGP - ENDESA,27.150.878/6249-61,DIS20-2014,EOL.CV.RN.030787-4.01,MODELO I,Contrato Rescindido,RN,Eólica,Cinética do Vento,NE,"117,492,370.00",#REF!,28.800,,,0.000,15.900,0.1,36,36,36,3.600,3.600,3.600,3.600,3.600,"626,050.800",98.52,R$/MWh,0.00,0.00,"61,678,524.82",#REF!,#REF!,"2,643,653.93","3,153,807.50","3,153,807.50",3/1/2014,12/31/2033,Sim,"3,324.86",#REF!
,686,2011,LEN,12ºLEN,Leilão de Energia Nova,002/2011,EGP - ENDESA,27.150.878/6249-61,DIS20-2014,EOL.CV.RN.030788-2.01,MODELO II,Contrato Rescindido,RN,Eólica,Cinética do Vento,NE,"98,422,790.00",#REF!,24.000,,,0.000,12.400,0.1,28,36,36,2.800,2.800,2.800,2.800,2.800,"486,928.400",98.53,R$/MWh,0.00,0.00,"47,977,055.25",#REF!,#REF!,"2,062,038.74","2,459,956.33","2,459,956.33",3/1/2014,12/31/2033,Sim,"3,324.86",#REF!
,687,2011,LEN,12ºLEN,Leilão de Energia Nova,002/2011,RENOVA,08.534.605/0001-74,DIS20-2014,EOL.CV.BA.030776-9.01,PILÕES,Sem Pendências,BA,Eólica,Cinética do Vento,NE,"113,200,030.00",#REF!,28.800,,,0.000,15.500,0.1,131,89,89,13.100,13.100,13.100,13.100,13.100,"2,278,129.300",98.53,R$/MWh,0.00,0.00,"224,464,079.93",#REF!,#REF!,"9,628,210.12","11,486,193.72","11,486,193.72",3/1/2014,12/31/2033,Sim,"3,324.86",#REF!
,688,2011,LEN,12ºLEN,Leilão de Energia Nova,002/2011,MINUANO I,79.151.956/3323-09,DIS20-2014,EOL.CV.RS.030844-7.01,MINUANO I,Contrato Rescindido,RS,Eólica,Cinética do Vento,S,"84,030,000.00",#REF!,22.000,,,0.000,9.400,0.1,94,94,94,9.400,9.400,9.400,9.400,9.400,"1,634,688.200",101.34,R$/MWh,0.00,0.00,"165,659,302.19",#REF!,#REF!,"7,040,468.41","8,399,088.00","8,399,088.00",3/1/2014,12/31/2033,Sim,"3,324.86",#REF!
,689,2011,LEN,12ºLEN,Leilão de Energia Nova,002/2011,PETROBRAS,33.000.167/0036-31,DIS20-2014,UTE.GN.RJ.030769-6.01,BAIXADA FLUMINENSE,Sem Pendências,RJ,Gás Natural,Gás Natural,SE,"986,321,620.00",#REF!,530.000,,,0.000,430.200,0.1,"2,994","4,164","4,164",299.400,416.400,416.400,416.400,416.400,"71,554,078.200",104.75,R$/MWh,0.00,0.00,"7,495,289,691.45",#REF!,#REF!,"114,812,742.98","190,493,251.83","190,493,251.83",3/1/2014,12/31/2033,Sim,"3,324.86",#REF!
,690,2011,LEN,12ºLEN,Leilão de Energia Nova,002/2011,RENOVA,08.534.605/0001-74,DIS20-2014,EOL.CV.BA.030837-4.01,BORGO,Sem Pendências,BA,Eólica,Cinética do Vento,NE,"56,602,030.00",#REF!,19.200,,,0.000,9.700,0.1,97,89,89,9.700,9.700,9.700,9.700,9.700,"1,686,859.100",98.53,R$/MWh,0.00,0.00,"166,206,227.12",#REF!,#REF!,"7,174,580.30","8,559,079.86","8,559,079.86",3/1/2014,12/31/2033,Sim,"3,324.86",#REF!
,691,2011,LEN,12ºLEN,Leilão de Energia Nova,002/2011,RENOVA,08.534.605/0001-74,DIS20-2014,EOL.CV.BA.030792-0.01,CAETITÉ,Sem Pendências,BA,Eólica,Cinética do Vento,NE,"113,200,030.00",#REF!,28.800,,,0.000,14.700,0.1,143,89,89,14.300,14.300,14.300,14.300,14.300,"2,486,812.900",98.53,R$/MWh,0.00,0.00,"245,025,675.04",#REF!,#REF!,"10,594,740.34","12,639,238.11","12,639,238.11",3/1/2014,12/31/2033,Sim,"3,324.86",#REF!
,692,2011,LEN,12ºLEN,Leilão de Energia Nova,002/2011,RENOVA,08.534.605/0001-74,DIS20-2014,EOL.CV.BA.030803-0.01,ESPIGÃO,Sem Pendências,BA,Eólica,Cinética do Vento,NE,"44,023,020.00",#REF!,9.600,,,0.000,5.000,0.1,49,89,89,4.900,4.900,4.900,4.900,4.900,"852,124.700",98.53,R$/MWh,0.00,0.00,"83,959,846.69",#REF!,#REF!,"3,672,668.87","4,381,394.47","4,381,394.47",3/1/2014,12/31/2033,Sim,"3,324.86",#REF!
,693,2011,LEN,12ºLEN,Leilão de Energia Nova,002/2011,ELETROSUL,00.073.957/0001-68,DIS20-2014,EOL.CV.RS.030750-5.01,IBIRAPUITÃ I,Contrato Rescindido,RS,Eólica,Cinética do Vento,S,"127,406,580.00",#REF!,30.000,,,0.000,9.600,0.1,96,28,28,9.600,9.600,9.600,9.600,9.600,"1,669,468.800",96.49,R$/MWh,0.00,0.00,"161,087,044.51",#REF!,#REF!,"6,908,294.41","8,241,408.00","8,241,408.00",3/1/2014,12/31/2033,Sim,"3,324.86",#REF!
,694,2011,LEN,12ºLEN,Leilão de Energia Nova,002/2011,IACO AGRICOLA,07.895.728/0001-78,DIS20-2014,UTE.AI.MS.030269-4.01,IACO,Sem Pendências,MS,Biomassa,Bagaço de Cana de Açúcar,SE,0.00,#REF!,30.000,,,0.000,12.800,0.1,40,40,40,4.000,4.000,4.000,4.000,4.000,"695,612.000",101.99,R$/MWh,0.00,0.00,"70,945,467.88",#REF!,#REF!,"3,056,054.97","3,645,790.73","3,645,790.73",3/1/2014,12/31/2033,Sim,"3,324.86",#REF!
,695,2011,LEN,12ºLEN,Leilão de Energia Nova,002/2011,RENOVA,08.534.605/0001-74,DIS20-2014,EOL.CV.BA.030768-8.01,MARON,Sem Pendências,BA,Eólica,Cinética do Vento,NE,"113,200,030.00",#REF!,28.800,,,0.000,15.400,0.1,138,89,89,13.800,13.800,13.800,13.800,13.800,"2,399,861.400",98.53,R$/MWh,0.00,0.00,"236,458,343.74",#REF!,#REF!,"10,266,681.62","12,247,872.90","12,247,872.90",3/1/2014,12/31/2033,Sim,"3,324.86",#REF!
,696,2011,LEN,12ºLEN,Leilão de Energia Nova,002/2011,EGP - CURVA DOS VENTOS,07.719.362/2386-70,DIS20-2014,EOL.CV.BA.030801-3.01,JOANA,Contrato Rescindido,BA,Eólica,Cinética do Vento,NE,"130,672,800.00",#REF!,25.600,,,0.000,12.200,0.1,59,45,45,5.900,5.900,5.900,5.900,5.900,"1,026,027.700",98.50,R$/MWh,0.00,0.00,"101,063,728.45",#REF!,#REF!,"4,323,552.30","5,157,880.71","5,157,880.71",3/1/2014,12/31/2033,Sim,"3,324.86",#REF!
,697,2011,LEN,12ºLEN,Leilão de Energia Nova,002/2011,MPX,04.423.567/0001-21,DIS20-2014,UTE.GN.MA.030800-5.01,MARANHÃO III,Sem Pendências,MA,Gás Natural,Gás Natural,N,"1,111,055,000.00",#REF!,499.200,,,0.000,470.700,0.1,"4,000","4,500","4,500",400.000,450.000,450.000,450.000,450.000,"77,889,200.000",101.90,R$/MWh,0.00,0.00,"7,936,909,480.00",#REF!,#REF!,"244,277,722.43","327,843,790.64","327,843,790.64",3/1/2014,12/31/2033,Sim,"3,324.86",#REF!
,698,2011,LEN,12ºLEN,Leilão de Energia Nova,002/2011,RENOVA,08.534.605/0001-74,DIS20-2014,EOL.CV.BA.030779-3.01,AMETISTA,Sem Pendências,BA,Eólica,Cinética do Vento,NE,"113,200,030.00",#REF!,28.800,,,0.000,13.900,0.1,139,89,89,13.900,13.900,13.900,13.900,13.900,"2,417,251.700",98.53,R$/MWh,0.00,0.00,"238,171,810.00",#REF!,#REF!,"10,363,309.97","12,363,147.96","12,363,147.96",3/1/2014,12/31/2033,Sim,"3,324.86",#REF!
,699,2011,LEN,12ºLEN,Leilão de Energia Nova,002/2011,ESBR,09.029.666/0001-47,QTD30-2014,UHE.PH.RO.029736-4.01,AMPLIAÇÃO JIRAU,Sem Pendências,RO,Hidrelétrica (UHE),Rio Madeira,SE,"1,514,278,640.00",#REF!,450.000,,,0.000,209.300,0.1,"2,093","2,093","2,093",209.300,209.300,209.300,209.300,209.300,"54,742,624.300",102.00,R$/MWh,0.00,0.00,"5,583,747,678.60",#REF!,#REF!,0.00,0.00,0.00,3/1/2014,12/31/2043,Sim,"3,324.86",#REF!
,700,2011,LER,04ºLER,Leilão de Energia de Reserva,003/2011,CENTRAL EÓLICA SÃO PAULO LTDA,07.726.782/0001-90,2014-ER20,EOL.CV.CE.030815-3.01,SÃO PAULO,Contrato Rescindido,CE,Eólica,Cinética do Vento,NE,"62,261,000.00",#REF!,17.500,,,0.000,8.100,0.1,76,76,76,7.600,7.600,7.600,7.600,7.600,"1,332,432.000",99.70,R$/MWh,0.00,0.00,"132,843,470.40",#REF!,#REF!,0.00,0.00,0.00,7/1/2014,6/30/2034,Sim,"3,324.86",#REF!
,701,2011,LER,04ºLER,Leilão de Energia de Reserva,003/2011,CENTRAL EÓLICA ROSADA LTDA,00.093.977/0001-09,2014-ER20,EOL.CV.RN.031125-1.01,ROSADA,Contrato Rescindido,RN,Eólica,Cinética do Vento,NE,"104,553,000.00",#REF!,30.000,,,0.000,13.400,0.1,128,128,128,12.800,12.800,12.800,12.800,12.800,"2,244,096.000",99.70,R$/MWh,0.00,0.00,"223,736,371.20",#REF!,#REF!,0.00,0.00,0.00,7/1/2014,6/30/2034,Sim,"3,324.86",#REF!
,702,2011,LER,04ºLER,Leilão de Energia de Reserva,003/2011,VOLTALIA ENERGIA DO BRASIL LTDA,08.351.042/0001-89,2014-ER20,EOL.CV.RN.030849-8.01,SANTO CRISTO,Sem Pendências,RN,Eólica,Cinética do Vento,NE,"128,922,000.00",#REF!,28.800,,,0.000,15.300,0.1,148,148,148,14.800,14.800,14.800,14.800,14.800,"2,594,736.000",98.92,R$/MWh,0.00,0.00,"256,671,285.12",#REF!,#REF!,0.00,0.00,0.00,7/1/2014,6/30/2034,Sim,"3,324.86",#REF!
,703,2011,LER,04ºLER,Leilão de Energia de Reserva,003/2011,VOLTALIA ENERGIA DO BRASIL LTDA,08.351.042/0001-89,2014-ER20,EOL.CV.RN.030804-8.01,SÃO JOÃO EOL,Sem Pendências,RN,Eólica,Cinética do Vento,NE,"128,922,000.00",#REF!,28.800,,,0.000,14.300,0.1,143,148,148,14.300,14.300,14.300,14.300,14.300,"2,507,076.000",98.92,R$/MWh,0.00,0.00,"247,999,957.92",#REF!,#REF!,0.00,0.00,0.00,7/1/2014,6/30/2034,Sim,"3,324.86",#REF!
,704,2011,LER,04ºLER,Leilão de Energia de Reserva,003/2011,SANTA HELENA ENERGIAS RENOVÁVEIS S/A,12.053.929/0001-68,2014-ER20,EOL.CV.RN.030834-0.01,SANTA HELENA,Sem Pendências,RN,Eólica,Cinética do Vento,NE,"111,000,000.00",#REF!,30.000,,,0.000,16.000,0.1,160,160,160,16.000,16.000,16.000,16.000,16.000,"2,805,120.000",101.98,R$/MWh,0.00,0.00,"286,066,137.60",#REF!,#REF!,0.00,0.00,0.00,7/1/2014,6/30/2034,Sim,"3,324.86",#REF!
,705,2011,LER,04ºLER,Leilão de Energia de Reserva,003/2011,TROPICAL BIOENERGIA S/A,08.195.806/0001-94,2014-ER20,UTE.AI.GO.030080-2.01,TROPICAL BIOENERGIA,Sem Pendências,GO,Biomassa,Bagaço de Cana de Açúcar,SE,"58,279,000.00",#REF!,50.000,,,0.000,19.700,0.1,73,73,73,7.300,7.300,7.300,7.300,7.300,"1,279,836.000",95.00,R$/MWh,0.00,0.00,"121,584,420.00",#REF!,#REF!,0.00,0.00,0.00,7/1/2014,6/30/2034,Sim,"3,324.86",#REF!
,706,2011,LER,04ºLER,Leilão de Energia de Reserva,003/2011,SEQUOIA CAPITAL LTDA,01.355.495/0001-34,2014-ER20,EOL.CV.BA.030753-0.01,TAMANDUA MIRIM,Sem Pendências,BA,Eólica,Cinética do Vento,NE,"42,501,610.00",#REF!,24.000,,,0.000,13.600,0.1,136,136,136,13.600,13.600,13.600,13.600,13.600,"2,384,352.000",96.97,R$/MWh,0.00,0.00,"231,210,613.44",#REF!,#REF!,0.00,0.00,0.00,7/1/2014,6/30/2034,Sim,"3,324.86",#REF!
,707,2011,LER,04ºLER,Leilão de Energia de Reserva,003/2011,SANTA MARIA ENERGIAS RENOVÁVEIS S/A,12.053.787/0001-39,2014-ER20,EOL.CV.RN.030864-1.01,SM,Sem Pendências,RN,Eólica,Cinética do Vento,NE,"111,000,000.00",#REF!,30.000,,,0.000,15.700,0.1,157,157,157,15.700,15.700,15.700,15.700,15.700,"2,752,524.000",101.98,R$/MWh,0.00,0.00,"280,702,397.52",#REF!,#REF!,0.00,0.00,0.00,7/1/2014,6/30/2034,Sim,"3,324.86",#REF!
,708,2011,LER,04ºLER,Leilão de Energia de Reserva,003/2011,SEQUOIA CAPITAL LTDA,01.355.495/0001-34,2014-ER20,EOL.CV.BA.030731-9.01,TEIU,Sem Pendências,BA,Eólica,Cinética do Vento,NE,"74,230,250.00",#REF!,17.600,,,0.000,8.200,0.1,82,136,136,8.200,8.200,8.200,8.200,8.200,"1,437,624.000",99.98,R$/MWh,0.00,0.00,"143,733,647.52",#REF!,#REF!,0.00,0.00,0.00,7/1/2014,6/30/2034,Sim,"3,324.86",#REF!
,709,2011,LER,04ºLER,Leilão de Energia de Reserva,003/2011,VOLTALIA ENERGIA DO BRASIL LTDA,08.351.042/0001-89,2014-ER20,EOL.CV.RN.030831-5.01,CARNAÚBAS,Sem Pendências,RN,Eólica,Cinética do Vento,NE,"127,088,000.00",#REF!,27.200,,,0.000,13.100,0.1,131,148,148,13.100,13.100,13.100,13.100,13.100,"2,296,692.000",98.92,R$/MWh,0.00,0.00,"227,188,772.64",#REF!,#REF!,0.00,0.00,0.00,7/1/2014,6/30/2034,Sim,"3,324.86",#REF!
,710,2011,LER,04ºLER,Leilão de Energia de Reserva,003/2011,SEQUOIA CAPITAL LTDA,01.355.495/0001-34,2014-ER20,EOL.CV.BA.030752-1.01,CORRUPIÃO,Sem Pendências,BA,Eólica,Cinética do Vento,NE,"94,474,680.00",#REF!,22.400,,,0.000,13.700,0.1,137,136,136,13.700,13.700,13.700,13.700,13.700,"2,401,884.000",96.97,R$/MWh,0.00,0.00,"232,910,691.48",#REF!,#REF!,0.00,0.00,0.00,7/1/2014,6/30/2034,Sim,"3,324.86",#REF!
,711,2011,LER,04ºLER,Leilão de Energia de Reserva,003/2011,VOLTALIA ENERGIA DO BRASIL LTDA,08.351.042/0001-89,2014-ER20,EOL.CV.RN.030832-3.01,CARCARÁ 1,Sem Pendências,RN,Eólica,Cinética do Vento,NE,"142,685,000.00",#REF!,28.800,,,0.000,16.300,0.1,138,148,148,13.800,13.800,13.800,13.800,13.800,"2,419,416.000",99.92,R$/MWh,0.00,0.00,"241,748,046.72",#REF!,#REF!,0.00,0.00,0.00,7/1/2014,6/30/2034,Sim,"3,324.86",#REF!
,712,2011,LER,04ºLER,Leilão de Energia de Reserva,003/2011,CENTRAL GERADORA EÓLICA CORREDOR DO SENANDES II LTDA,11.607.351/0001-81,2014-ER20,EOL.CV.RS.030842-0.01,CORREDOR DO SENANDES II,Sem Pendências,RS,Eólica,Cinética do Vento,S,"83,002,150.00",#REF!,21.600,,,0.000,10.600,0.1,106,106,106,10.600,10.600,10.600,10.600,10.600,"1,858,392.000",99.50,R$/MWh,0.00,0.00,"184,910,004.00",#REF!,#REF!,0.00,0.00,0.00,7/1/2014,6/30/2034,Sim,"3,324.86",#REF!
,713,2011,LER,04ºLER,Leilão de Energia de Reserva,003/2011,CENTRAL GERADORA EÓLICA CORREDOR DO SENANDES III LTDA,11.608.813/0001-85,2014-ER20,EOL.CV.RS.030819-6.01,CORREDOR DO SENANDES III,Sem Pendências,RS,Eólica,Cinética do Vento,S,"103,706,950.00",#REF!,27.000,,,0.000,13.200,0.1,132,132,132,13.200,13.200,13.200,13.200,13.200,"2,314,224.000",99.50,R$/MWh,0.00,0.00,"230,265,288.00",#REF!,#REF!,0.00,0.00,0.00,7/1/2014,6/30/2034,Sim,"3,324.86",#REF!
,714,2011,LER,04ºLER,Leilão de Energia de Reserva,003/2011,CENTRAL GERADORA EÓLICA CORREDOR DO SENANDES IV LTDA,11.644.090/0001-70,2014-ER20,EOL.CV.RS.030840-4.01,CORREDOR DO SENANDES IV,Sem Pendências,RS,Eólica,Cinética do Vento,S,"103,706,950.00",#REF!,27.000,,,0.000,12.900,0.1,129,129,129,12.900,12.900,12.900,12.900,12.900,"2,261,628.000",99.50,R$/MWh,0.00,0.00,"225,031,986.00",#REF!,#REF!,0.00,0.00,0.00,7/1/2014,6/30/2034,Sim,"3,324.86",#REF!
,715,2011,LER,04ºLER,Leilão de Energia de Reserva,003/2011,SEQUOIA CAPITAL LTDA,01.355.495/0001-34,2014-ER20,EOL.CV.BA.030738-6.01,COQUEIRINHO,Sem Pendências,BA,Eólica,Cinética do Vento,NE,"39,671,180.00",#REF!,22.400,,,0.000,13.500,0.1,135,136,136,13.500,13.500,13.500,13.500,13.500,"2,366,820.000",96.97,R$/MWh,0.00,0.00,"229,510,535.40",#REF!,#REF!,0.00,0.00,0.00,7/1/2014,6/30/2034,Sim,"3,324.86",#REF!
,716,2011,LER,04ºLER,Leilão de Energia de Reserva,003/2011,VENTOS DE SÃO SEBASTIÃO ENERGIAS RENOVÁVEIS S/A,13.312.630/0001-43,2014-ER20,EOL.CV.CE.030839-0.01,VENTOS DE SEBASTIÃO,Outorga Revogada,CE,Eólica,Cinética do Vento,NE,"115,420,000.00",#REF!,30.000,,,0.000,13.400,0.1,134,134,134,13.400,13.400,13.400,13.400,13.400,"2,349,288.000",99.69,R$/MWh,0.00,0.00,"234,200,520.72",#REF!,#REF!,0.00,0.00,0.00,7/1/2014,6/30/2034,Sim,"3,324.86",#REF!
,717,2011,LER,04ºLER,Leilão de Energia de Reserva,003/2011,VENTOS DE SANTA ROSA ENERGIAS RENOVÁVEIS S/A,13.319.428/0001-43,2014-ER20,EOL.CV.CE.030783-1.01,VENTOS DE SANTA ROSA,Outorga Revogada,CE,Eólica,Cinética do Vento,NE,"115,420,000.00",#REF!,30.000,,,0.000,13.500,0.1,135,135,135,13.500,13.500,13.500,13.500,13.500,"2,366,820.000",99.21,R$/MWh,0.00,0.00,"234,812,212.20",#REF!,#REF!,0.00,0.00,0.00,7/1/2014,6/30/2034,Sim,"3,324.86",#REF!
,718,2011,LER,04ºLER,Leilão de Energia de Reserva,003/2011,VENTOS DE SANTO INÁCIO ENERGIAS RENOVÁVEIS S/A,13.319.395/0001-31,2014-ER20,EOL.CV.CE.030808-0.01,VENTOS DE SANTO INÁCIO,Outorga Revogada,CE,Eólica,Cinética do Vento,NE,"115,420,000.00",#REF!,30.000,,,0.000,13.200,0.1,132,132,132,13.200,13.200,13.200,13.200,13.200,"2,314,224.000",100.79,R$/MWh,0.00,0.00,"233,250,636.96",#REF!,#REF!,0.00,0.00,0.00,7/1/2014,6/30/2034,Sim,"3,324.86",#REF!
,719,2011,LER,04ºLER,Leilão de Energia de Reserva,003/2011,VENTOS DE SANTO URIEL ENERGIAS RENOVÁVEIS S/A,13.330.038/0001-74,2014-ER20,EOL.CV.RN.030828-5.01,VENTOS DE SANTO URIEL,Sem Pendências,RN,Eólica,Cinética do Vento,NE,"60,934,000.00",#REF!,16.100,,,0.000,9.000,0.1,90,90,90,9.000,9.000,9.000,9.000,9.000,"1,577,880.000",101.19,R$/MWh,0.00,0.00,"159,665,677.20",#REF!,#REF!,0.00,0.00,0.00,7/1/2014,6/30/2034,Sim,"3,324.86",#REF!
,720,2011,LER,04ºLER,Leilão de Energia de Reserva,003/2011,CENTRAL GERADORA EÓLICA VENTO ARAGANO I LTDA,11.639.659/0001-09,2014-ER20,EOL.CV.RS.030833-1.01,VENTO ARAGANO I,Sem Pendências,RS,Eólica,Cinética do Vento,S,"110,608,550.00",#REF!,28.800,,,0.000,13.800,0.1,138,138,138,13.800,13.800,13.800,13.800,13.800,"2,419,416.000",99.50,R$/MWh,0.00,0.00,"240,731,892.00",#REF!,#REF!,0.00,0.00,0.00,7/1/2014,6/30/2034,Sim,"3,324.86",#REF!
,721,2011,LER,04ºLER,Leilão de Energia de Reserva,003/2011,VENTOS DE SÃO GERALDO ENERGIAS RENOVÁVEIS S/A,13.319.412/0001-30,2014-ER20,EOL.CV.CE.030785-8.01,VENTOS DE SÃO GERALDO,Outorga Revogada,CE,Eólica,Cinética do Vento,NE,"115,420,000.00",#REF!,30.000,,,0.000,14.600,0.1,146,146,146,14.600,14.600,14.600,14.600,14.600,"2,559,672.000",99.11,R$/MWh,0.00,0.00,"253,689,091.92",#REF!,#REF!,0.00,0.00,0.00,7/1/2014,6/30/2034,Sim,"3,324.86",#REF!
,722,2011,LER,04ºLER,Leilão de Energia de Reserva,003/2011,LDC-SEV BIOENERGIA S/A - UNIDADE VALE DO ROSÁRIO,49.213.747/0001-17,2014-ER20,UTE.AI.SP.002958-0.01,VALE DO ROSÁRIO,Antecipação de Contrato,SP,Biomassa,Bagaço de Cana de Açúcar,SE,"1,100,000.00",#REF!,97.000,,,0.000,34.400,0.1,108,108,108,10.800,10.800,10.800,10.800,10.800,"1,893,456.000",101.50,R$/MWh,0.00,0.00,"192,185,784.00",#REF!,#REF!,0.00,0.00,0.00,7/1/2014,6/30/2034,Sim,"3,324.86",#REF!
,723,2011,LER,04ºLER,Leilão de Energia de Reserva,003/2011,GESTAMP,08.093.648/0001-61,2014-ER20,EOL.CV.RN.030856-0.01,PARQUE EÓLICO PELADO,Sem Pendências,RN,Eólica,Cinética do Vento,NE,"74,775,200.00",#REF!,20.000,,,0.000,9.000,0.1,90,90,90,9.000,9.000,9.000,9.000,9.000,"1,577,880.000",100.69,R$/MWh,0.00,0.00,"158,876,737.20",#REF!,#REF!,0.00,0.00,0.00,7/1/2014,6/30/2034,Sim,"3,324.86",#REF!
,724,2011,LER,04ºLER,Leilão de Energia de Reserva,003/2011,GESTAMP,08.093.648/0001-61,2014-ER20,EOL.CV.RN.030860-9.01,PARQUE EÓLICO LANCHINHA,Sem Pendências,RN,Eólica,Cinética do Vento,NE,"102,222,000.00",#REF!,28.000,,,0.000,13.200,0.1,132,90,90,13.200,13.200,13.200,13.200,13.200,"2,314,224.000",101.68,R$/MWh,0.00,0.00,"235,310,296.32",#REF!,#REF!,0.00,0.00,0.00,7/1/2014,6/30/2034,Sim,"3,324.86",#REF!
,725,2011,LER,04ºLER,Leilão de Energia de Reserva,003/2011,NOBLE BRASIL S/A,06.315.338/0024-05,2014-ER20,UTE.AI.SP.030271-6.01,NOBLE ENERGIA II,Antecipação de Contrato,SP,Biomassa,Bagaço de Cana de Açúcar,SE,0.00,#REF!,30.000,,,0.000,16.200,0.1,1,1,1,0.100,0.100,0.100,0.100,0.100,"17,532.000",98.78,R$/MWh,0.00,0.00,"1,731,810.96",#REF!,#REF!,0.00,0.00,0.00,7/1/2014,6/30/2034,Sim,"3,324.86",#REF!
,726,2011,LER,04ºLER,Leilão de Energia de Reserva,003/2011,ENERFIN,07.219.024/0001-85,2014-ER20,EOL.CV.RS.030734-3.01,PARQUE EÓLICO DOS ÍNDIOS 2,Sem Pendências,RS,Eólica,Cinética do Vento,S,"127,823,230.00",#REF!,28.000,,,0.000,11.500,0.1,115,115,115,11.500,11.500,11.500,11.500,11.500,"2,016,180.000",100.01,R$/MWh,0.00,0.00,"201,638,161.80",#REF!,#REF!,0.00,0.00,0.00,7/1/2014,6/30/2034,Sim,"3,324.86",#REF!
,727,2011,LER,04ºLER,Leilão de Energia de Reserva,003/2011,MIASSABA GERADORA EÓLICA S/A,08.664.111/0001-04,2014-ER20,EOL.CV.RN.030429-8.01,MIASSABA 4,Outorga Revogada,RN,Eólica,Cinética do Vento,NE,0.00,#REF!,28.800,,,0.000,13.500,0.1,135,135,135,13.500,13.500,13.500,13.500,13.500,"2,366,820.000",100.07,R$/MWh,0.00,0.00,"236,847,677.40",#REF!,#REF!,0.00,0.00,0.00,7/1/2014,6/30/2034,Sim,"3,324.86",#REF!
,728,2011,LER,04ºLER,Leilão de Energia de Reserva,003/2011,NOBLE BRASIL S/A,06.315.338/0024-05,2014-ER20,UTE.AI.SP.030303-8.01,MERIDIANO,Antecipação de Contrato,SP,Biomassa,Bagaço de Cana de Açúcar,SE,0.00,#REF!,60.000,,,0.000,18.800,0.1,1,1,1,0.100,0.100,0.100,0.100,0.100,"17,532.000",98.77,R$/MWh,0.00,0.00,"1,731,635.64",#REF!,#REF!,0.00,0.00,0.00,7/1/2014,6/30/2034,Sim,"3,324.86",#REF!
,729,2011,LER,04ºLER,Leilão de Energia de Reserva,003/2011,VOLTALIA ENERGIA DO BRASIL LTDA,08.351.042/0001-89,2014-ER20,EOL.CV.RN.030843-9.01,REDUTO,Sem Pendências,RN,Eólica,Cinética do Vento,NE,"128,922,000.00",#REF!,28.800,,,0.000,14.400,0.1,139,148,148,13.900,13.900,13.900,13.900,13.900,"2,436,948.000",98.92,R$/MWh,0.00,0.00,"241,062,896.16",#REF!,#REF!,0.00,0.00,0.00,7/1/2014,6/30/2034,Sim,"3,324.86",#REF!
,730,2011,LER,04ºLER,Leilão de Energia de Reserva,003/2011,CENTRAL EÓLICA PAU BRASIL LTDA,11.195.403/0001-50,2014-ER20,EOL.CV.CE.030809-9.01,PAU BRASIL,Contrato Rescindido,CE,Eólica,Cinética do Vento,NE,"52,227,000.00",#REF!,15.000,,,0.000,7.700,0.1,71,71,71,7.100,7.100,7.100,7.100,7.100,"1,244,772.000",99.70,R$/MWh,0.00,0.00,"124,103,768.40",#REF!,#REF!,0.00,0.00,0.00,7/1/2014,6/30/2034,Sim,"3,324.86",#REF!
,731,2011,LER,04ºLER,Leilão de Energia de Reserva,003/2011,BIOENERGY GERADORA DE ENERGIA LTDA,05.395.422/0001-27,2014-ER20,EOL.CV.RN.030858-7.01,CAIÇARA 2,Outorga Revogada,RN,Eólica,Cinética do Vento,NE,"105,970,000.00",#REF!,28.800,,,0.000,14.500,0.1,145,145,145,14.500,14.500,14.500,14.500,14.500,"2,542,140.000",100.07,R$/MWh,0.00,0.00,"254,391,949.80",#REF!,#REF!,0.00,0.00,0.00,7/1/2014,6/30/2034,Sim,"3,324.86",#REF!
,732,2011,LER,04ºLER,Leilão de Energia de Reserva,003/2011,BIOENERGY GERADORA DE ENERGIA LTDA,05.395.422/0001-27,2014-ER20,EOL.CV.RN.030859-5.01,CAIÇARA DO NORTE 1,Outorga Revogada,RN,Eólica,Cinética do Vento,NE,"105,970,000.00",#REF!,28.800,,,0.000,13.700,0.1,137,145,145,13.700,13.700,13.700,13.700,13.700,"2,401,884.000",100.07,R$/MWh,0.00,0.00,"240,356,531.88",#REF!,#REF!,0.00,0.00,0.00,7/1/2014,6/30/2034,Sim,"3,324.86",#REF!
,733,2011,LER,04ºLER,Leilão de Energia de Reserva,003/2011,SEQUOIA CAPITAL LTDA,01.355.495/0001-34,2014-ER20,EOL.CV.BA.030739-4.01,CAITITU,Sem Pendências,BA,Eólica,Cinética do Vento,NE,"36,837,700.00",#REF!,20.800,,,0.000,10.500,0.1,105,136,136,10.500,10.500,10.500,10.500,10.500,"1,840,860.000",99.98,R$/MWh,0.00,0.00,"184,049,182.80",#REF!,#REF!,0.00,0.00,0.00,7/1/2014,6/30/2034,Sim,"3,324.86",#REF!
,734,2011,LER,04ºLER,Leilão de Energia de Reserva,003/2011,BIOENERGÉTICA VALE DO PARACATU S/A,08.793.343/0001-62,2014-ER20,UTE.AI.MG.030063-2.01,BEVAP,Sem Pendências,MG,Biomassa,Bagaço de Cana de Açúcar,SE,0.00,#REF!,60.000,,,0.000,33.100,0.1,10,10,10,1.000,1.000,1.000,1.000,1.000,"175,320.000",100.09,R$/MWh,0.00,0.00,"17,547,778.80",#REF!,#REF!,0.00,0.00,0.00,7/1/2014,6/30/2034,Sim,"3,324.86",#REF!
,735,2011,LER,04ºLER,Leilão de Energia de Reserva,003/2011,GUAÇU GERAÇÃO DE ENERGIA S/A,12.912.915/0001-52,2014-ER20,UTE.FL.MT.030863-3.01,GUAÇU,Antecipação de Contrato,MT,Biomassa,Cavaco/ Resíduo de Madeira,SE,"86,735,000.00",#REF!,30.000,,,0.000,25.500,0.1,150,150,150,15.000,15.000,15.000,15.000,15.000,"2,629,800.000",101.99,R$/MWh,0.00,0.00,"268,213,302.00",#REF!,#REF!,0.00,0.00,0.00,7/1/2014,6/30/2034,Sim,"3,324.86",#REF!
,736,2011,LER,04ºLER,Leilão de Energia de Reserva,003/2011,IACO AGRÍCOLA S.A,07.895.728/0001-78,2014-ER20,UTE.AI.MS.030269-4.01,IACO,Sem Pendências,MS,Biomassa,Bagaço de Cana de Açúcar,SE,0.00,#REF!,30.000,,,0.000,12.800,0.1,40,40,40,4.000,4.000,4.000,4.000,4.000,"701,280.000",101.49,R$/MWh,0.00,0.00,"71,172,907.20",#REF!,#REF!,0.00,0.00,0.00,7/1/2014,6/30/2034,Sim,"3,324.86",#REF!
,737,2011,LER,04ºLER,Leilão de Energia de Reserva,003/2011,CENTRAL EOLICA FAMOSA I LTDA,11.203.667/0001-08,2014-ER20,EOL.CV.RN.030878-1.01,FAMOSA I,Outorga Revogada,RN,Eólica,Cinética do Vento,NE,"80,121,000.00",#REF!,22.500,,,0.000,11.100,0.1,104,104,104,10.400,10.400,10.400,10.400,10.400,"1,823,328.000",99.70,R$/MWh,0.00,0.00,"181,785,801.60",#REF!,#REF!,0.00,0.00,0.00,7/1/2014,6/30/2034,Sim,"3,324.86",#REF!
,738,2011,LER,04ºLER,Leilão de Energia de Reserva,003/2011,SEQUOIA CAPITAL LTDA,01.355.495/0001-34,2014-ER20,EOL.CV.BA.030751-3.01,INHAMBU,Sem Pendências,BA,Eólica,Cinética do Vento,NE,"45,335,050.00",#REF!,25.600,,,0.000,15.500,0.1,155,136,136,15.500,15.500,15.500,15.500,15.500,"2,717,460.000",96.97,R$/MWh,0.00,0.00,"263,512,096.20",#REF!,#REF!,0.00,0.00,0.00,7/1/2014,6/30/2034,Sim,"3,324.86",#REF!
,739,2011,LER,04ºLER,Leilão de Energia de Reserva,003/2011,SERVTEC ENERGIA LTDA,05.297.750/0001-90,2014-ER20,EOL.CV.CE.030841-2.01,MALHADINHA 1,Sem Pendências,CE,Eólica,Cinética do Vento,NE,"91,120,000.00",#REF!,22.000,,,0.000,12.800,0.1,120,120,120,12.000,12.000,12.000,12.000,12.000,"2,103,840.000",98.95,R$/MWh,0.00,0.00,"208,174,968.00",#REF!,#REF!,0.00,0.00,0.00,7/1/2014,6/30/2034,Sim,"3,324.86",#REF!
,740,2011,LER,04ºLER,Leilão de Energia de Reserva,003/2011,SEQUOIA CAPITAL LTDA,01.355.495/0001-34,2014-ER20,EOL.CV.BA.030732-7.01,ANGICAL,Sem Pendências,BA,Eólica,Cinética do Vento,NE,"67,582,050.00",#REF!,16.000,,,0.000,6.000,0.1,60,136,136,6.000,6.000,6.000,6.000,6.000,"1,051,920.000",99.98,R$/MWh,0.00,0.00,"105,170,961.60",#REF!,#REF!,0.00,0.00,0.00,7/1/2014,6/30/2034,Sim,"3,324.86",#REF!
,741,2011,LAJ,11ºLAJ,Leilão de Ajuste,002/2011,BTG PACTUAL,07.133.522/0001-00,P03M-SE-2011,-,-,Sem Pendências,-,-,-,SE,0.00,#REF!,0.000,,,0.000,0.000,0.5,32,0,32,16.000,0.000,0.000,0.000,16.000,"35,312.000",56.89,R$/MWh,0.00,0.00,"2,008,899.68",#REF!,#REF!,0.00,0.00,0.00,10/1/2011,12/31/2011,Não,"3,337.16",#REF!
,742,2011,LAJ,11ºLAJ,Leilão de Ajuste,002/2011,CHESF,33.541.368/0001-16,P03M-SE-2011,-,-,Sem Pendências,-,-,-,SE,0.00,#REF!,0.000,,,0.000,0.000,0.5,20,0,20,10.000,0.000,0.000,0.000,10.000,"22,070.000",57.39,R$/MWh,0.00,0.00,"1,266,597.30",#REF!,#REF!,0.00,0.00,0.00,10/1/2011,12/31/2011,Não,"3,337.16",#REF!
,743,2011,LAJ,11ºLAJ,Leilão de Ajuste,002/2011,CEMIG GERACAO,06.981.176/0001-58,P03M-SE-2011,-,-,Sem Pendências,-,-,-,SE,0.00,#REF!,0.000,,,0.000,0.000,0.5,72,0,72,36.000,0.000,0.000,0.000,36.000,"79,452.000",54.50,R$/MWh,0.00,0.00,"4,330,134.00",#REF!,#REF!,0.00,0.00,0.00,10/1/2011,12/31/2011,Não,"3,337.16",#REF!
,744,2011,LAJ,11ºLAJ,Leilão de Ajuste,002/2011,CELESC GERA,08.336.804/0001-78,P12M-S-2012 ,-,-,Sem Pendências,-,-,-,S,0.00,#REF!,0.000,,,0.000,0.000,0.5,5,0,5,2.500,0.000,0.000,0.000,2.500,"21,960.000",73.00,R$/MWh,0.00,0.00,"1,603,080.00",#REF!,#REF!,0.00,0.00,0.00,1/1/2012,12/31/2012,Não,"3,337.16",#REF!
,745,2011,LAJ,11ºLAJ,Leilão de Ajuste,002/2011,BIO ENERGIAS,09.571.846/0001-56,P03M-S-2011 ,-,-,Sem Pendências,-,-,-,S,0.00,#REF!,0.000,,,0.000,0.000,0.5,10,0,10,5.000,0.000,0.000,0.000,5.000,"11,035.000",55.58,R$/MWh,0.00,0.00,"613,325.30",#REF!,#REF!,0.00,0.00,0.00,10/1/2011,12/31/2011,Não,"3,337.16",#REF!
,746,2011,LAJ,11ºLAJ,Leilão de Ajuste,002/2011,DUKE PARANAPANEMA,02.998.301/0001-81,P03M-SE-2011,-,-,Sem Pendências,-,-,-,SE,0.00,#REF!,0.000,,,0.000,0.000,0.5,18,0,18,9.000,0.000,0.000,0.000,9.000,"19,863.000",50.00,R$/MWh,0.00,0.00,"993,150.00",#REF!,#REF!,0.00,0.00,0.00,10/1/2011,12/31/2011,Não,"3,337.16",#REF!
,747,2011,LAJ,11ºLAJ,Leilão de Ajuste,002/2011,SEAL ENERGY,10.671.322/0001-16,P03M-S-2011 ,-,-,Sem Pendências,-,-,-,S,0.00,#REF!,0.000,,,0.000,0.000,0.5,2,0,2,1.000,0.000,0.000,0.000,1.000,"2,207.000",55.58,R$/MWh,0.00,0.00,"122,665.06",#REF!,#REF!,0.00,0.00,0.00,10/1/2011,12/31/2011,Não,"3,337.16",#REF!
,748,2011,LAJ,11ºLAJ,Leilão de Ajuste,002/2011,SAFIRA,09.495.582/0001-07,P03M-S-2011 ,-,-,Sem Pendências,-,-,-,S,0.00,#REF!,0.000,,,0.000,0.000,0.5,2,0,2,1.000,0.000,0.000,0.000,1.000,"2,207.000",55.58,R$/MWh,0.00,0.00,"122,665.06",#REF!,#REF!,0.00,0.00,0.00,10/1/2011,12/31/2011,Não,"3,337.16",#REF!
,749,2011,LAJ,11ºLAJ,Leilão de Ajuste,002/2011,QUANTA GERACAO,07.642.982/0001-64,P03M-S-2011 ,-,-,Sem Pendências,-,-,-,S,0.00,#REF!,0.000,,,0.000,0.000,0.5,2,0,2,1.000,0.000,0.000,0.000,1.000,"2,207.000",55.58,R$/MWh,0.00,0.00,"122,665.06",#REF!,#REF!,0.00,0.00,0.00,10/1/2011,12/31/2011,Não,"3,337.16",#REF!
,750,2011,LAJ,11ºLAJ,Leilão de Ajuste,002/2011,CEMIG GERACAO,06.981.176/0001-58,P03M-S-2011 ,-,-,Sem Pendências,-,-,-,S,0.00,#REF!,0.000,,,0.000,0.000,0.5,26,0,26,13.000,0.000,0.000,0.000,13.000,"28,691.000",55.59,R$/MWh,0.00,0.00,"1,594,932.69",#REF!,#REF!,0.00,0.00,0.00,10/1/2011,12/31/2011,Não,"3,337.16",#REF!
,751,2011,LAJ,11ºLAJ,Leilão de Ajuste,002/2011,CELESC GERA,08.336.804/0001-78,P03M-S-2011 ,-,-,Sem Pendências,-,-,-,S,0.00,#REF!,0.000,,,0.000,0.000,0.5,5,0,5,2.500,0.000,0.000,0.000,2.500,"5,517.500",42.32,R$/MWh,0.00,0.00,"233,500.60",#REF!,#REF!,0.00,0.00,0.00,10/1/2011,12/31/2011,Não,"3,337.16",#REF!
,752,2011,LAJ,11ºLAJ,Leilão de Ajuste,002/2011,ELETRONORTE,00.357.038/0001-16,P03M-SE-2011,-,-,Sem Pendências,-,-,-,SE,0.00,#REF!,0.000,,,0.000,0.000,0.5,134,0,134,67.000,0.000,0.000,0.000,67.000,"147,869.000",57.44,R$/MWh,0.00,0.00,"8,493,595.36",#REF!,#REF!,0.00,0.00,0.00,10/1/2011,12/31/2011,Não,"3,337.16",#REF!
,753,2011,LAJ,11ºLAJ,Leilão de Ajuste,002/2011,BTG PACTUAL,07.133.522/0001-00,P12M-S-2012 ,-,-,Sem Pendências,-,-,-,S,0.00,#REF!,0.000,,,0.000,0.000,0.5,60,0,60,30.000,0.000,0.000,0.000,30.000,"263,520.000",73.49,R$/MWh,0.00,0.00,"19,366,084.80",#REF!,#REF!,0.00,0.00,0.00,1/1/2012,12/31/2012,Não,"3,337.16",#REF!
,754,2011,LAJ,11ºLAJ,Leilão de Ajuste,002/2011,SIRIUS ONE COM,13.145.928/0001-06,P03M-SE-2011,-,-,Sem Pendências,-,-,-,SE,0.00,#REF!,0.000,,,0.000,0.000,0.5,1,0,1,0.500,0.000,0.000,0.000,0.500,"1,103.500",57.42,R$/MWh,0.00,0.00,"63,362.97",#REF!,#REF!,0.00,0.00,0.00,10/1/2011,12/31/2011,Não,"3,337.16",#REF!
,755,2011,LAJ,11ºLAJ,Leilão de Ajuste,002/2011,SAFIRA,09.495.582/0001-07,P03M-SE-2011,-,-,Sem Pendências,-,-,-,SE,0.00,#REF!,0.000,,,0.000,0.000,0.5,2,0,2,1.000,0.000,0.000,0.000,1.000,"2,207.000",57.39,R$/MWh,0.00,0.00,"126,659.73",#REF!,#REF!,0.00,0.00,0.00,10/1/2011,12/31/2011,Não,"3,337.16",#REF!
,756,2011,LAJ,11ºLAJ,Leilão de Ajuste,002/2011,COMERC,58.177.643/0001-95,P12M-S-2012 ,-,-,Sem Pendências,-,-,-,S,0.00,#REF!,0.000,,,0.000,0.000,0.5,9,0,9,4.500,0.000,0.000,0.000,4.500,"39,528.000",74.89,R$/MWh,0.00,0.00,"2,960,251.92",#REF!,#REF!,0.00,0.00,0.00,1/1/2012,12/31/2012,Não,"3,337.16",#REF!
,757,2011,LAJ,11ºLAJ,Leilão de Ajuste,002/2011,COENERGY,07.298.835/0001-19,P12M-SE-2012 ,-,-,Sem Pendências,-,-,-,SE,0.00,#REF!,0.000,,,0.000,0.000,0.5,1,0,1,0.500,0.000,0.000,0.000,0.500,"4,392.000",67.50,R$/MWh,0.00,0.00,"296,460.00",#REF!,#REF!,0.00,0.00,0.00,1/1/2012,12/31/2012,Não,"3,337.16",#REF!
,758,2011,LAJ,11ºLAJ,Leilão de Ajuste,002/2011,BTG PACTUAL,07.133.522/0001-00,P03M-S-2011 ,-,-,Sem Pendências,-,-,-,S,0.00,#REF!,0.000,,,0.000,0.000,0.5,32,0,32,16.000,0.000,0.000,0.000,16.000,"35,312.000",55.58,R$/MWh,0.00,0.00,"1,962,640.96",#REF!,#REF!,0.00,0.00,0.00,10/1/2011,12/31/2011,Não,"3,337.16",#REF!
,759,2011,LEE,10ºLEE,Leilão de Energia Existente,008/2011,TRADENER,33.541.368/0001-16,QTD-03,UHE.PH.SE.027053-9.01,XINGÓ,Sem Pendências,SE,Hidrelétrica (UHE),Rio São Francisco,NE,0.00,#REF!,3.162,,,0.000,50.000,1.0,1,1,1,1.000,1.000,1.000,0.000,1.000,"26,304.000",80.00,R$/MWh,0.00,0.00,"2,104,320.00",#REF!,#REF!,0.00,0.00,0.00,1/1/2012,12/31/2014,Não,"3,369.28",#REF!
,760,2011,LEE,10ºLEE,Leilão de Energia Existente,008/2011,ELETRONORTE,00.357.038/0001-16,QTD-03,UHE.PH.PA.002889-4.01,TUCURUÍ,Sem Pendências,PA,Hidrelétrica (UHE),Rio Tocantins,N,0.00,#REF!,0.000,,,0.000,300.000,1.0,99,99,99,99.000,99.000,99.000,0.000,99.000,"2,604,096.000",80.00,R$/MWh,0.00,0.00,"208,327,680.00",#REF!,#REF!,0.00,0.00,0.00,1/1/2012,12/31/2014,Não,"3,369.28",#REF!
,761,2011,LEE,10ºLEE,Leilão de Energia Existente,008/2011,CEMIG GERACAO,06.981.176/0001-58,QTD-03,UHE.PH.GO.002704-9.01,UHE SÃO SIMÃO,Sem Pendências,MG,Hidrelétrica (UHE),Rio Parnaíba,SE,0.00,#REF!,0.000,,,0.000,124.000,1.0,85,85,85,85.000,85.000,85.000,0.000,85.000,"2,235,840.000",80.00,R$/MWh,0.00,0.00,"178,867,200.00",#REF!,#REF!,0.00,0.00,0.00,1/1/2012,12/31/2014,Não,"3,369.28",#REF!
,762,2011,LEE,10ºLEE,Leilão de Energia Existente,008/2011,CEEE,92.715.812/0001-31,QTD-03,UHE.PH.RS.027019-9.01,UHE ITAÚBA,Sem Pendências,RS,Hidrelétrica (UHE),Rio Jacuí,S,0.00,#REF!,500.400,,,0.000,190.000,1.0,10,10,10,10.000,10.000,10.000,0.000,10.000,"263,040.000",79.75,R$/MWh,0.00,0.00,"20,977,440.00",#REF!,#REF!,0.00,0.00,0.00,1/1/2012,12/31/2014,Não,"3,369.28",#REF!
,763,2011,LEN,13ºLEN,Leilão de Energia Nova,007/2011,VOLTALIA,08.351.042/0001-89,2016-OF20,EOL.CV.RN.030897-8.01,CARCARÁ 2,Sem Pendências,RN,Eólica,Cinética do Vento,NE,"101,889,000.00",#REF!,28.800,,,0.000,14.600,0.1,135,135,135,13.500,13.500,13.500,13.500,13.500,"2,366,820.000",107.03,R$/MWh,0.00,0.00,"253,320,744.60",#REF!,#REF!,"12,907,025.33","12,907,025.33","12,907,025.33",1/1/2016,12/31/2035,Não,"3,386.80",#REF!
,764,2011,LEN,13ºLEN,Leilão de Energia Nova,007/2011,CATAVENTOS EMBUACA,15.137.270/0001-16,2016-OF20,EOL.CV.CE.030899-4.01,CATAVENTOS EMBUACA,Outorga Revogada,CE,Eólica,Cinética do Vento,NE,"48,127,000.00",#REF!,12.000,,,0.000,6.700,0.1,62,62,62,6.200,6.200,6.200,6.200,6.200,"1,086,984.000",107.31,R$/MWh,0.00,0.00,"116,644,253.04",#REF!,#REF!,"5,958,026.40","5,958,026.40","5,958,026.40",1/1/2016,12/31/2035,Não,"3,386.80",#REF!
,765,2011,LEN,13ºLEN,Leilão de Energia Nova,007/2011,VOLTALIA,08.351.042/0001-89,2016-OF20,EOL.CV.RN.030915-0.02,CAIÇARA II,Sem Pendências,CE,Eólica,Cinética do Vento,NE,"67,768,000.00",#REF!,19.800,,,0.000,9.600,0.1,93,135,135,9.300,9.300,9.300,9.300,9.300,"1,630,476.000",107.98,R$/MWh,0.00,0.00,"176,058,798.48",#REF!,#REF!,"9,048,789.64","9,048,789.64","9,048,789.64",1/1/2016,12/31/2035,Não,"3,386.80",#REF!
,766,2011,LEN,13ºLEN,Leilão de Energia Nova,007/2011,VOLTALIA,08.351.042/0001-89,2016-OF20,EOL.CV.RN.030895-1.02,CAIÇARA I,Sem Pendências,CE,Eólica,Cinética do Vento,NE,"100,893,000.00",#REF!,30.600,,,0.000,14.600,0.1,135,135,135,13.500,13.500,13.500,13.500,13.500,"2,366,820.000",107.98,R$/MWh,0.00,0.00,"255,569,223.60",#REF!,#REF!,"13,139,577.81","13,139,577.81","13,139,577.81",1/1/2016,12/31/2035,Não,"3,386.80",#REF!
,767,2011,LEN,13ºLEN,Leilão de Energia Nova,007/2011,UCP,07.298.800/0001-80,2016-OF20,UTE.AI.SP.030024-1.01,CONQUISTA DO PONTAL,Contrato Rescindido,SP,Biomassa,Bagaço de Cana de Açúcar,SE,"86,754,000.00",#REF!,50.000,,,0.000,5.400,0.1,10,10,10,1.000,1.000,1.000,1.000,1.000,"175,320.000",95.00,R$/MWh,0.00,0.00,"16,655,400.00",#REF!,#REF!,"858,125.93","858,125.93","858,125.93",1/1/2016,12/31/2035,Não,"3,386.80",#REF!
,768,2011,LEN,13ºLEN,Leilão de Energia Nova,007/2011,ENERFIN,07.219.024/0001-85,2016-OF20,EOL.CV.RS.030877-3.01,FORÇA 1,Outorga Revogada,RS,Eólica,Cinética do Vento,S,"79,823,590.00",#REF!,22.000,,,0.000,9.900,0.1,99,99,99,9.900,9.900,9.900,9.900,9.900,"1,735,668.000",104.90,R$/MWh,0.00,0.00,"182,071,573.20",#REF!,#REF!,"9,167,347.60","9,167,347.60","9,167,347.60",1/1/2016,12/31/2035,Não,"3,386.80",#REF!
,769,2011,LEN,13ºLEN,Leilão de Energia Nova,007/2011,EDP RENOVÁVEIS,09.334.083/0001-20,2016-OF20,EOL.CV.RN.030933-8.01,BAIXA DO FEIJÃO II,Sem Pendências,RN,Eólica,Cinética do Vento,NE,"117,027,700.00",#REF!,30.000,,,0.000,14.400,0.1,140,140,140,14.000,14.000,14.000,14.000,14.000,"2,454,480.000",97.00,R$/MWh,0.00,0.00,"238,084,560.00",#REF!,#REF!,"12,207,191.11","12,207,191.11","12,207,191.11",1/1/2016,12/31/2035,Não,"3,386.80",#REF!
,770,2011,LEN,13ºLEN,Leilão de Energia Nova,007/2011,EDP RENOVÁVEIS,09.334.083/0001-20,2016-OF20,EOL.CV.RN.030934-6.01,BAIXA DO FEIJÃO III,Sem Pendências,RN,Eólica,Cinética do Vento,NE,"117,027,700.00",#REF!,30.000,,,0.000,14.300,0.1,139,140,140,13.900,13.900,13.900,13.900,13.900,"2,436,948.000",97.00,R$/MWh,0.00,0.00,"236,383,956.00",#REF!,#REF!,"12,102,716.39","12,102,716.39","12,102,716.39",1/1/2016,12/31/2035,Não,"3,386.80",#REF!
,771,2011,LEN,13ºLEN,Leilão de Energia Nova,007/2011,EDP RENOVÁVEIS,09.334.083/0001-20,2016-OF20,EOL.CV.RN.030932-0.01,BAIXA DO FEIJÃO I,Sem Pendências,RN,Eólica,Cinética do Vento,NE,"117,027,700.00",#REF!,30.000,,,0.000,14.800,0.1,144,140,140,14.400,14.400,14.400,14.400,14.400,"2,524,608.000",97.00,R$/MWh,0.00,0.00,"244,886,976.00",#REF!,#REF!,"12,557,049.08","12,557,049.08","12,557,049.08",1/1/2016,12/31/2035,Não,"3,386.80",#REF!
,772,2011,LEN,13ºLEN,Leilão de Energia Nova,007/2011,EDP RENOVÁVEIS,09.334.083/0001-20,2016-OF20,EOL.CV.RN.030931-1.01,BAIXA DO FEIJÃO IV,Sem Pendências,RN,Eólica,Cinética do Vento,NE,"117,027,700.00",#REF!,30.000,,,0.000,13.700,0.1,133,140,140,13.300,13.300,13.300,13.300,13.300,"2,331,756.000",97.00,R$/MWh,0.00,0.00,"226,180,332.00",#REF!,#REF!,"11,592,516.88","11,592,516.88","11,592,516.88",1/1/2016,12/31/2035,Não,"3,386.80",#REF!
,773,2011,LEN,13ºLEN,Leilão de Energia Nova,007/2011,SÃO CLEMENTE,10.513.084/0001-10,2016-OF20,EOL.CV.CE.030927-3.01,SÃO CLEMENTE,Data de Suprimento Alterada,CE,Eólica,Cinética do Vento,NE,"71,633,000.00",#REF!,19.200,,,0.000,9.300,0.1,82,82,82,8.200,8.200,8.200,8.200,8.200,"1,437,624.000",107.69,R$/MWh,0.00,0.00,"154,817,728.56",#REF!,#REF!,"7,920,914.64","7,920,914.64","7,920,914.64",1/1/2016,12/31/2035,Não,"3,386.80",#REF!
,774,2011,LEN,13ºLEN,Leilão de Energia Nova,007/2011,UPA,08.322.396/0001-03,2016-OF20,UTE.AI.GO.029999-5.01,PORTO DAS ÁGUAS FASE II,Sem Pendências,GO,Biomassa,Bagaço de Cana de Açúcar,SE,"149,100,000.00",#REF!,50.000,,,0.000,37.700,0.1,170,170,170,17.000,17.000,17.000,17.000,17.000,"2,980,440.000",103.46,R$/MWh,0.00,0.00,"308,356,322.40",#REF!,#REF!,"15,483,921.02","15,483,921.02","15,483,921.02",1/1/2016,12/31/2035,Não,"3,386.80",#REF!
,775,2011,LEN,13ºLEN,Leilão de Energia Nova,007/2011,SANTA CATARINA,10.570.108/0001-73,2016-OF20,EOL.CV.CE.030924-9.01,SANTA CATARINA,Sem Pendências,CE,Eólica,Cinética do Vento,NE,"52,855,000.00",#REF!,16.000,,,0.000,8.500,0.1,75,75,75,7.500,7.500,7.500,7.500,7.500,"1,314,900.000",107.70,R$/MWh,0.00,0.00,"141,614,730.00",#REF!,#REF!,"7,252,623.00","7,252,623.00","7,252,623.00",1/1/2016,12/31/2035,Não,"3,386.80",#REF!
,776,2011,LEN,13ºLEN,Leilão de Energia Nova,007/2011,GESTAMP,08.093.648/0001-61,2016-OF20,EOL.CV.RN.030900-1.01,PARQUE EÓLICO CABEÇO PRETO VI,Sem Pendências,RN,Eólica,Cinética do Vento,NE,"77,580,000.00",#REF!,19.800,,,0.000,9.500,0.1,95,95,95,9.500,9.500,9.500,9.500,9.500,"1,665,540.000",106.98,R$/MWh,0.00,0.00,"178,179,469.20",#REF!,#REF!,"9,092,875.60","9,092,875.60","9,092,875.60",1/1/2016,12/31/2035,Não,"3,386.80",#REF!
,777,2011,LEN,13ºLEN,Leilão de Energia Nova,007/2011,VOLTALIA,08.351.042/0001-89,2016-OF20,EOL.CV.RN.030898-6.01,TERRAL,Sem Pendências,RN,Eólica,Cinética do Vento,NE,"101,687,000.00",#REF!,28.800,,,0.000,16.000,0.1,135,135,135,13.500,13.500,13.500,13.500,13.500,"2,366,820.000",107.03,R$/MWh,0.00,0.00,"253,320,744.60",#REF!,#REF!,"12,910,492.80","12,910,492.80","12,910,492.80",1/1/2016,12/31/2035,Não,"3,386.80",#REF!
,778,2011,LEN,13ºLEN,Leilão de Energia Nova,007/2011,JANDAIA 1,10.570.098/0001-76,2016-OF20,EOL.CV.CE.030921-4.01,SÃO JANUÁRIO,Data de Suprimento Alterada,CE,Eólica,Cinética do Vento,NE,"71,633,000.00",#REF!,19.200,,,0.000,9.000,0.1,79,79,79,7.900,7.900,7.900,7.900,7.900,"1,385,028.000",107.69,R$/MWh,0.00,0.00,"149,153,665.32",#REF!,#REF!,"7,593,062.88","7,593,062.88","7,593,062.88",1/1/2016,12/31/2035,Não,"3,386.80",#REF!
,779,2011,LEN,13ºLEN,Leilão de Energia Nova,007/2011,PITOMBEIRA,10.513.671/0001-00,2016-OF20,EOL.CV.CE.030926-5.01,PITOMBEIRA,Sem Pendências,CE,Eólica,Cinética do Vento,NE,"91,226,000.00",#REF!,27.000,,,0.000,13.900,0.1,122,122,122,12.200,12.200,12.200,12.200,12.200,"2,138,904.000",107.70,R$/MWh,0.00,0.00,"230,359,960.80",#REF!,#REF!,"11,747,370.24","11,747,370.24","11,747,370.24",1/1/2016,12/31/2035,Não,"3,386.80",#REF!
,780,2011,LEN,13ºLEN,Leilão de Energia Nova,007/2011,ENERFIN,07.219.024/0001-85,2016-OF20,EOL.CV.RS.030894-3.01,PARQUE EÓLICO DOS ÍNDIOS 3,Sem Pendências,RS,Eólica,Cinética do Vento,S,"79,823,590.00",#REF!,22.000,,,0.000,8.800,0.1,88,99,99,8.800,8.800,8.800,8.800,8.800,"1,542,816.000",103.99,R$/MWh,0.00,0.00,"160,437,435.84",#REF!,#REF!,"8,046,381.12","8,046,381.12","8,046,381.12",1/1/2016,12/31/2035,Não,"3,386.80",#REF!
,781,2011,LEN,13ºLEN,Leilão de Energia Nova,007/2011,OLEOPLAN,88.676.127/0001-76,2016-OF20,EOL.CV.RS.030901-0.01,PONTAL 3B,Sem Pendências,RS,Eólica,Cinética do Vento,S,"102,142,400.00",#REF!,25.600,,,0.000,11.000,0.1,110,110,110,11.000,11.000,11.000,11.000,11.000,"1,928,520.000",106.97,R$/MWh,0.00,0.00,"206,293,784.40",#REF!,#REF!,"10,378,000.00","10,378,000.00","10,378,000.00",1/1/2016,12/31/2035,Não,"3,386.80",#REF!
,782,2011,LEN,13ºLEN,Leilão de Energia Nova,007/2011,JANDAIA 2,10.309.122/0001-18,2016-OF20,EOL.CV.CE.030918-4.01,UBATUBA,Sem Pendências,CE,Eólica,Cinética do Vento,NE,"44,967,000.00",#REF!,12.600,,,0.000,5.800,0.1,51,51,51,5.100,5.100,5.100,5.100,5.100,"894,132.000",107.69,R$/MWh,0.00,0.00,"96,289,075.08",#REF!,#REF!,"4,872,811.32","4,872,811.32","4,872,811.32",1/1/2016,12/31/2035,Não,"3,386.80",#REF!
,783,2011,LEN,13ºLEN,Leilão de Energia Nova,007/2011,HORIZONTE,13.669.646/0001-08,2016-OF20,EOL.CV.CE.030925-7.01,VENTOS DE HORIZONTE,Sem Pendências,CE,Eólica,Cinética do Vento,NE,"51,940,000.00",#REF!,14.400,,,0.000,7.300,0.1,64,64,64,6.400,6.400,6.400,6.400,6.400,"1,122,048.000",107.69,R$/MWh,0.00,0.00,"120,833,349.12",#REF!,#REF!,"6,142,932.48","6,142,932.48","6,142,932.48",1/1/2016,12/31/2035,Não,"3,386.80",#REF!
,784,2011,LEN,13ºLEN,Leilão de Energia Nova,007/2011,CAMPO FORMOSO II,13.344.233/0001-53,2016-OF20,EOL.CV.BA.031010-7.01,VENTOS DE CAMPO FORMOSO II,Sem Pendências,BA,Eólica,Cinética do Vento,NE,"102,940,000.00",#REF!,29.900,,,0.000,15.500,0.1,155,155,155,15.500,15.500,15.500,15.500,15.500,"2,717,460.000",102.49,R$/MWh,0.00,0.00,"278,512,475.40",#REF!,#REF!,"14,416,092.00","14,416,092.00","14,416,092.00",1/1/2016,12/31/2035,Não,"3,386.80",#REF!
,785,2011,LEN,13ºLEN,Leilão de Energia Nova,007/2011,MORRINHOS,13.344.294/0001-10,2016-OF20,EOL.CV.BA.030945-1.01,VENTOS DE MORRINHOS,Sem Pendências,BA,Eólica,Cinética do Vento,NE,"102,940,000.00",#REF!,29.900,,,0.000,15.000,0.1,150,150,150,15.000,15.000,15.000,15.000,15.000,"2,629,800.000",102.49,R$/MWh,0.00,0.00,"269,528,202.00",#REF!,#REF!,"14,007,186.00","14,007,186.00","14,007,186.00",1/1/2016,12/31/2035,Não,"3,386.80",#REF!
,786,2011,LEN,13ºLEN,Leilão de Energia Nova,007/2011,SERTÃO,13.344.224/0001-62,2016-OF20,EOL.CV.BA.030946-0.01,VENTOS DO SERTÃO,Sem Pendências,BA,Eólica,Cinética do Vento,NE,"102,940,000.00",#REF!,29.900,,,0.000,15.700,0.1,127,127,127,12.700,12.700,12.700,12.700,12.700,"2,226,564.000",109.40,R$/MWh,0.00,0.00,"243,586,101.60",#REF!,#REF!,"12,535,000.00","12,535,000.00","12,535,000.00",1/1/2016,12/31/2035,Não,"3,386.80",#REF!
,787,2011,LEN,13ºLEN,Leilão de Energia Nova,007/2011,CAMPO FORMOSO I,13.344.273/0001-03,2016-OF20,EOL.CV.BA.030943-5.01,VENTOS DE CAMPO FORMOSO I,Sem Pendências,BA,Eólica,Cinética do Vento,NE,"102,940,000.00",#REF!,29.900,,,0.000,15.500,0.1,155,155,155,15.500,15.500,15.500,15.500,15.500,"2,717,460.000",102.49,R$/MWh,0.00,0.00,"278,512,475.40",#REF!,#REF!,"14,416,092.00","14,416,092.00","14,416,092.00",1/1/2016,12/31/2035,Não,"3,386.80",#REF!
,788,2011,LEN,13ºLEN,Leilão de Energia Nova,007/2011,DESENVIX SA,00.622.416/0001-41,2016-H30,UHE.PH.SC.030938-9.01,UHE SÃO ROQUE,Contrato Rescindido,SC,Hidrelétrica (UHE),Rio Canoas,S,"652,002,390.00",#REF!,135.000,,,0.000,90.900,0.1,818,818,818,81.800,81.800,81.800,81.800,81.800,"21,512,745.600",91.20,R$/MWh,0.00,0.00,"1,961,962,398.72",#REF!,#REF!,0.00,0.00,0.00,1/1/2016,12/31/2045,Não,"3,386.80",#REF!
,789,2011,LEN,13ºLEN,Leilão de Energia Nova,007/2011,VENTOS DA ANDORINHA,13.344.313/0001-09,2016-OF20,EOL.CV.BA.030944-3.01,VENTOS DA ANDORINHA,Sem Pendências,BA,Eólica,Cinética do Vento,NE,"102,940,000.00",#REF!,29.900,,,0.000,15.900,0.1,159,159,159,15.900,15.900,15.900,15.900,15.900,"2,787,588.000",102.49,R$/MWh,0.00,0.00,"285,699,894.12",#REF!,#REF!,"14,915,217.00","14,915,217.00","14,915,217.00",1/1/2016,12/31/2035,Não,"3,386.80",#REF!
,790,2011,LEN,13ºLEN,Leilão de Energia Nova,007/2011,VOLTALIA,08.351.042/0001-89,2016-OF20,EOL.CV.RN.030902-8.02,JUNCO I,Sem Pendências,CE,Eólica,Cinética do Vento,NE,"100,893,000.00",#REF!,30.600,,,0.000,13.100,0.1,121,135,135,12.100,12.100,12.100,12.100,12.100,"2,121,372.000",107.98,R$/MWh,0.00,0.00,"229,065,748.56",#REF!,#REF!,"11,861,096.93","11,861,096.93","11,861,096.93",1/1/2016,12/31/2035,Não,"3,386.80",#REF!
,791,2011,LEN,13ºLEN,Leilão de Energia Nova,007/2011,JANDAIA,10.502.352/0001-07,2016-OF20,EOL.CV.CE.030929-0.01,JANDAIA,Data de Suprimento Alterada,CE,Eólica,Cinética do Vento,NE,"97,654,000.00",#REF!,28.800,,,0.000,14.100,0.1,117,117,117,11.700,11.700,11.700,11.700,11.700,"2,051,244.000",107.70,R$/MWh,0.00,0.00,"220,918,978.80",#REF!,#REF!,"11,328,440.75","11,328,440.75","11,328,440.75",1/1/2016,12/31/2035,Não,"3,386.80",#REF!
,792,2011,LEN,13ºLEN,Leilão de Energia Nova,007/2011,JANDAIA I,12.009.232/0001-90,2016-OF20,EOL.CV.CE.030907-9.01,JANDAIA I,Data de Suprimento Alterada,CE,Eólica,Cinética do Vento,NE,"69,473,000.00",#REF!,19.200,,,0.000,9.900,0.1,87,87,87,8.700,8.700,8.700,8.700,8.700,"1,525,284.000",107.70,R$/MWh,0.00,0.00,"164,273,086.80",#REF!,#REF!,"8,357,407.92","8,357,407.92","8,357,407.92",1/1/2016,12/31/2035,Não,"3,386.80",#REF!
,793,2011,LEN,13ºLEN,Leilão de Energia Nova,007/2011,GESTAMP,08.093.648/0001-61,2016-OF20,EOL.CV.RN.031025-5.01,MACAMBIRA I,Sem Pendências,RN,Eólica,Cinética do Vento,NE,"73,325,200.00",#REF!,20.000,,,0.000,9.700,0.1,97,95,95,9.700,9.700,9.700,9.700,9.700,"1,700,604.000",106.94,R$/MWh,0.00,0.00,"181,862,591.76",#REF!,#REF!,"9,326,905.68","9,326,905.68","9,326,905.68",1/1/2016,12/31/2035,Não,"3,386.80",#REF!
,794,2011,LEN,13ºLEN,Leilão de Energia Nova,007/2011,VOLTALIA,08.351.042/0001-89,2016-OF20,EOL.CV.RN.030914-1.02,JUNCO II,Sem Pendências,CE,Eólica,Cinética do Vento,NE,"100,893,000.00",#REF!,30.600,,,0.000,13.300,0.1,114,135,135,11.400,11.400,11.400,11.400,11.400,"1,998,648.000",107.98,R$/MWh,0.00,0.00,"215,814,011.04",#REF!,#REF!,"11,117,600.43","11,117,600.43","11,117,600.43",1/1/2016,12/31/2035,Não,"3,386.80",#REF!
,795,2011,LEN,13ºLEN,Leilão de Energia Nova,007/2011,ENERFIN,07.219.024/0001-85,2016-OF20,EOL.CV.RS.030908-7.01,FORÇA 3,Outorga Revogada,RS,Eólica,Cinética do Vento,S,"79,823,590.00",#REF!,22.000,,,0.000,9.500,0.1,95,99,99,9.500,9.500,9.500,9.500,9.500,"1,665,540.000",104.90,R$/MWh,0.00,0.00,"174,715,146.00",#REF!,#REF!,"8,869,778.00","8,869,778.00","8,869,778.00",1/1/2016,12/31/2035,Não,"3,386.80",#REF!
,796,2011,LEN,13ºLEN,Leilão de Energia Nova,007/2011,ENERFIN,07.219.024/0001-85,2016-OF20,EOL.CV.RS.030883-8.01,FORÇA 2,Outorga Revogada,RS,Eólica,Cinética do Vento,S,"102,258,910.00",#REF!,28.000,,,0.000,12.400,0.1,124,99,99,12.400,12.400,12.400,12.400,12.400,"2,173,968.000",104.90,R$/MWh,0.00,0.00,"228,049,243.20",#REF!,#REF!,"11,544,657.60","11,544,657.60","11,544,657.60",1/1/2016,12/31/2035,Não,"3,386.80",#REF!
,797,2011,LEN,13ºLEN,Leilão de Energia Nova,007/2011,GOIABEIRA,10.502.567/0001-10,2016-OF20,EOL.CV.CE.030920-6.01,GOIABEIRA,Sem Pendências,CE,Eólica,Cinética do Vento,NE,"67,233,000.00",#REF!,19.200,,,0.000,9.900,0.1,87,87,87,8.700,8.700,8.700,8.700,8.700,"1,525,284.000",107.70,R$/MWh,0.00,0.00,"164,273,086.80",#REF!,#REF!,"8,392,465.44","8,392,465.44","8,392,465.44",1/1/2016,12/31/2035,Não,"3,386.80",#REF!
,798,2011,LEN,13ºLEN,Leilão de Energia Nova,007/2011,GESTAMP,08.093.648/0001-61,2016-OF20,EOL.CV.RN.031015-8.01,PARQUE EÓLICO CABEÇO PRETO III,Sem Pendências,RN,Eólica,Cinética do Vento,NE,"110,237,000.00",#REF!,28.800,,,0.000,13.600,0.1,136,95,95,13.600,13.600,13.600,13.600,13.600,"2,384,352.000",108.12,R$/MWh,0.00,0.00,"257,796,138.24",#REF!,#REF!,"13,100,984.32","13,100,984.32","13,100,984.32",1/1/2016,12/31/2035,Não,"3,386.80",#REF!
,799,2011,LEN,13ºLEN,Leilão de Energia Nova,007/2011,WIND II,10.655.168/0001-99,2016-OF20,EOL.CV.RN.030889-7.01,MORRO DOS VENTOS II,Sem Pendências,RN,Eólica,Cinética do Vento,NE,"115,200,000.00",#REF!,28.800,,,0.000,15.300,0.1,151,151,151,15.100,15.100,15.100,15.100,15.100,"2,647,332.000",107.46,R$/MWh,0.00,0.00,"284,482,296.72",#REF!,#REF!,"14,767,058.70","14,767,058.70","14,767,058.70",1/1/2016,12/31/2035,Não,"3,386.80",#REF!
,800,2011,LEN,13ºLEN,Leilão de Energia Nova,007/2011,NS FÁTIMA,10.570.114/0001-20,2016-OF20,EOL.CV.CE.030930-3.01,NOSSA SENHORA DE FÁTIMA,Data de Suprimento Alterada,CE,Eólica,Cinética do Vento,NE,"97,654,000.00",#REF!,28.800,,,0.000,12.800,0.1,112,112,112,11.200,11.200,11.200,11.200,11.200,"1,963,584.000",107.69,R$/MWh,0.00,0.00,"211,458,360.96",#REF!,#REF!,"10,810,961.28","10,810,961.28","10,810,961.28",1/1/2016,12/31/2035,Não,"3,386.80",#REF!
,801,2011,LEN,13ºLEN,Leilão de Energia Nova,007/2011,GESTAMP,08.093.648/0001-61,2016-OF20,EOL.CV.RN.030876-5.01,PARQUE EÓLICO CABEÇO PRETO V,Sem Pendências,RN,Eólica,Cinética do Vento,NE,"110,237,000.00",#REF!,28.800,,,0.000,14.000,0.1,140,95,95,14.000,14.000,14.000,14.000,14.000,"2,454,480.000",106.96,R$/MWh,0.00,0.00,"262,531,180.80",#REF!,#REF!,"13,377,574.40","13,377,574.40","13,377,574.40",1/1/2016,12/31/2035,Não,"3,386.80",#REF!
,802,2011,LEN,13ºLEN,Leilão de Energia Nova,007/2011,BIOENERGY,05.395.422/0001-27,2016-OF20,EOL.CV.MA.030713-0.01,MARCO DOS VENTOS 1,Outorga Revogada,MA,Eólica,Cinética do Vento,NE,"105,970,000.00",#REF!,28.800,,,0.000,16.300,0.1,163,163,163,16.300,16.300,16.300,16.300,16.300,"2,857,716.000",104.34,R$/MWh,0.00,0.00,"298,174,087.44",#REF!,#REF!,"15,288,311.17","15,288,311.17","15,288,311.17",1/1/2016,12/31/2035,Não,"3,386.80",#REF!
,803,2011,LEN,13ºLEN,Leilão de Energia Nova,007/2011,GESTAMP,08.093.648/0001-61,2016-OF20,EOL.CV.RN.031026-3.01,MACAMBIRA II,Sem Pendências,RN,Eólica,Cinética do Vento,NE,"70,171,920.00",#REF!,18.000,,,0.000,9.000,0.1,90,95,95,9.000,9.000,9.000,9.000,9.000,"1,577,880.000",106.82,R$/MWh,0.00,0.00,"168,549,141.60",#REF!,#REF!,"8,671,688.80","8,671,688.80","8,671,688.80",1/1/2016,12/31/2035,Não,"3,386.80",#REF!
,804,2011,LEN,13ºLEN,Leilão de Energia Nova,007/2011,BIOENERGY,05.395.422/0001-27,2016-OF20,EOL.CV.MA.030714-9.01,MARCO DOS VENTOS 2,Outorga Revogada,MA,Eólica,Cinética do Vento,NE,"105,970,000.00",#REF!,28.800,,,0.000,16.300,0.1,163,163,163,16.300,16.300,16.300,16.300,16.300,"2,857,716.000",104.62,R$/MWh,0.00,0.00,"298,974,247.92",#REF!,#REF!,"15,288,311.17","15,288,311.17","15,288,311.17",1/1/2016,12/31/2035,Não,"3,386.80",#REF!
,805,2012,LAJ,12ºLAJ,Leilão de Ajuste,001/2012,LEROS ENERGIA,11.017.349/0001-52,P09M-S-2012,-,-,Sem Pendências,-,-,-,S,0.00,#REF!,0.000,,,0.000,0.000,0.5,2,0,2,1.000,0.000,0.000,0.000,1.000,"6,599.000",139.24,R$/MWh,0.00,0.00,"918,844.76",#REF!,#REF!,0.00,0.00,0.00,4/1/2012,12/31/2012,Não,"3,438.19",#REF!
,806,2012,LAJ,12ºLAJ,Leilão de Ajuste,001/2012,ALCOA,23.637.697/0001-01,P09M-S-2012,-,-,Sem Pendências,-,-,-,S,0.00,#REF!,0.000,,,0.000,0.000,0.5,8,0,8,4.000,0.000,0.000,0.000,4.000,"26,396.000",141.07,R$/MWh,0.00,0.00,"3,723,683.72",#REF!,#REF!,0.00,0.00,0.00,4/1/2012,12/31/2012,Não,"3,438.19",#REF!
,807,2012,LAJ,12ºLAJ,Leilão de Ajuste,001/2012,BTG PACTUAL,07.133.522/0001-00,P09M-S-2012,-,-,Sem Pendências,-,-,-,S,0.00,#REF!,0.000,,,0.000,0.000,0.5,17,0,17,8.500,0.000,0.000,0.000,8.500,"56,091.500",143.49,R$/MWh,0.00,0.00,"8,048,569.34",#REF!,#REF!,0.00,0.00,0.00,4/1/2012,12/31/2012,Não,"3,438.19",#REF!
,808,2012,LAJ,13ºLAJ,Leilão de Ajuste,002/2012,DELTA ENERGIA,04.802.543/0001-83,P06M-SE-2012,-,-,Sem Pendências,-,-,-,SE,0.00,#REF!,0.000,,,0.000,0.000,0.5,5,0,5,2.500,0.000,0.000,0.000,2.500,"11,037.500",114.98,R$/MWh,0.00,0.00,"1,269,091.75",#REF!,#REF!,0.00,0.00,0.00,7/1/2012,12/31/2012,Não,"3,479.94",#REF!
,809,2012,LAJ,13ºLAJ,Leilão de Ajuste,002/2012,BTG PACTUAL,07.133.522/0001-00,P06M-NE-2012,-,-,Sem Pendências,-,-,-,NE,0.00,#REF!,0.000,,,0.000,0.000,0.5,10,0,10,5.000,0.000,0.000,0.000,5.000,"22,075.000",123.04,R$/MWh,0.00,0.00,"2,716,108.00",#REF!,#REF!,0.00,0.00,0.00,7/1/2012,12/31/2012,Não,"3,479.94",#REF!
,810,2012,LAJ,13ºLAJ,Leilão de Ajuste,002/2012,ECOM,05.352.237/0001-55,P06M-NE-2012,-,-,Sem Pendências,-,-,-,NE,0.00,#REF!,0.000,,,0.000,0.000,0.5,24,0,24,12.000,0.000,0.000,0.000,12.000,"52,980.000",117.99,R$/MWh,0.00,0.00,"6,251,110.20",#REF!,#REF!,0.00,0.00,0.00,7/1/2012,12/31/2012,Não,"3,479.94",#REF!
,811,2012,LAJ,13ºLAJ,Leilão de Ajuste,002/2012,ENERTRADE,04.149.295/0001-13,P06M-NE-2012,-,-,Sem Pendências,-,-,-,NE,0.00,#REF!,0.000,,,0.000,0.000,0.5,20,0,20,10.000,0.000,0.000,0.000,10.000,"44,150.000",122.50,R$/MWh,0.00,0.00,"5,408,375.00",#REF!,#REF!,0.00,0.00,0.00,7/1/2012,12/31/2012,Não,"3,479.94",#REF!
,812,2012,LAJ,13ºLAJ,Leilão de Ajuste,002/2012,SAFIRA COM,09.495.582/0001-07,P06M-NE-2012,-,-,Sem Pendências,-,-,-,NE,0.00,#REF!,0.000,,,0.000,0.000,0.5,2,0,2,1.000,0.000,0.000,0.000,1.000,"4,415.000",122.34,R$/MWh,0.00,0.00,"540,131.10",#REF!,#REF!,0.00,0.00,0.00,7/1/2012,12/31/2012,Não,"3,479.94",#REF!
,813,2012,LAJ,13ºLAJ,Leilão de Ajuste,002/2012,BTG PACTUAL,07.133.522/0001-00,P06M-SE-2012,-,-,Sem Pendências,-,-,-,SE,0.00,#REF!,0.000,,,0.000,0.000,0.5,19,0,19,9.500,0.000,0.000,0.000,9.500,"41,942.500",114.90,R$/MWh,0.00,0.00,"4,819,193.25",#REF!,#REF!,0.00,0.00,0.00,7/1/2012,12/31/2012,Não,"3,479.94",#REF!
,814,2012,LAJ,13ºLAJ,Leilão de Ajuste,002/2012,BRASIL,13.145.928/0001-06,P06M-NE-2012,-,-,Sem Pendências,-,-,-,NE,0.00,#REF!,0.000,,,0.000,0.000,0.5,2,0,2,1.000,0.000,0.000,0.000,1.000,"4,415.000",123.00,R$/MWh,0.00,0.00,"543,045.00",#REF!,#REF!,0.00,0.00,0.00,7/1/2012,12/31/2012,Não,"3,479.94",#REF!
,815,2012,LAJ,13ºLAJ,Leilão de Ajuste,002/2012,MPX COM,09.185.485/0001-00,P03M-NE-2012,-,-,Sem Pendências,-,-,-,NE,0.00,#REF!,0.000,,,0.000,0.000,0.5,20,0,20,10.000,0.000,0.000,0.000,10.000,"22,080.000",126.72,R$/MWh,0.00,0.00,"2,797,977.60",#REF!,#REF!,0.00,0.00,0.00,7/1/2012,9/30/2012,Não,"3,479.94",#REF!
,816,2012,LAJ,13ºLAJ,Leilão de Ajuste,002/2012,ECOM,05.352.237/0001-55,P06M-SE-2012,-,-,Sem Pendências,-,-,-,SE,0.00,#REF!,0.000,,,0.000,0.000,0.5,2,0,2,1.000,0.000,0.000,0.000,1.000,"4,415.000",109.57,R$/MWh,0.00,0.00,"483,751.55",#REF!,#REF!,0.00,0.00,0.00,7/1/2012,12/31/2012,Não,"3,479.94",#REF!
,817,2012,LAJ,13ºLAJ,Leilão de Ajuste,002/2012,SAFIRA COM,09.495.582/0001-07,P03M-NE-2012,-,-,Sem Pendências,-,-,-,NE,0.00,#REF!,0.000,,,0.000,0.000,0.5,2,0,2,1.000,0.000,0.000,0.000,1.000,"2,208.000",128.88,R$/MWh,0.00,0.00,"284,567.04",#REF!,#REF!,0.00,0.00,0.00,7/1/2012,9/30/2012,Não,"3,479.94",#REF!
,818,2012,LAJ,13ºLAJ,Leilão de Ajuste,002/2012,BTG PACTUAL,07.133.522/0001-00,P03M-NE-2012,-,-,Sem Pendências,-,-,-,NE,0.00,#REF!,0.000,,,0.000,0.000,0.5,19,0,19,9.500,0.000,0.000,0.000,9.500,"20,976.000",124.55,R$/MWh,0.00,0.00,"2,612,560.80",#REF!,#REF!,0.00,0.00,0.00,7/1/2012,9/30/2012,Não,"3,479.94",#REF!
,819,2012,LAJ,13ºLAJ,Leilão de Ajuste,002/2012,MPX COM,09.185.485/0001-00,P03M-SE-2012,-,-,Sem Pendências,-,-,-,SE,0.00,#REF!,0.000,,,0.000,0.000,0.5,2,0,2,1.000,0.000,0.000,0.000,1.000,"2,208.000",116.00,R$/MWh,0.00,0.00,"256,128.00",#REF!,#REF!,0.00,0.00,0.00,7/1/2012,9/30/2012,Não,"3,479.94",#REF!
,820,2012,LAJ,13ºLAJ,Leilão de Ajuste,002/2012,ENERTRADE,04.149.295/0001-13,P03M-NE-2012,-,-,Sem Pendências,-,-,-,NE,0.00,#REF!,0.000,,,0.000,0.000,0.5,80,0,80,40.000,0.000,0.000,0.000,40.000,"88,320.000",129.18,R$/MWh,0.00,0.00,"11,409,177.60",#REF!,#REF!,0.00,0.00,0.00,7/1/2012,9/30/2012,Não,"3,479.94",#REF!
,821,2012,LAJ,14ºLAJ,Leilão de Ajuste,003/2012,BTG PACTUAL G,07.133.522/0001-00,P03M-NE-2012,-,-,Sem Pendências,-,-,-,NE,0.00,#REF!,0.000,,,0.000,0.000,0.5,34,0,34,17.000,0.000,0.000,0.000,17.000,"37,519.000",139.14,R$/MWh,0.00,0.00,"5,220,239.83",#REF!,#REF!,0.00,0.00,0.00,10/1/2012,12/31/2012,Não,"3,512.04",#REF!
,822,2012,LAJ,14ºLAJ,Leilão de Ajuste,003/2012,BTG PACTUAL G,07.133.522/0001-00,P03M-SE-2012,-,-,Sem Pendências,-,-,-,SE,0.00,#REF!,0.000,,,0.000,0.000,0.5,72,0,72,36.000,0.000,0.000,0.000,36.000,"79,452.000",130.32,R$/MWh,0.00,0.00,"10,354,446.83",#REF!,#REF!,0.00,0.00,0.00,10/1/2012,12/31/2012,Não,"3,512.04",#REF!
,823,2012,LAJ,14ºLAJ,Leilão de Ajuste,003/2012,MPX COM G,09.185.485/0001-00,P03M-SE-2012,-,-,Sem Pendências,-,-,-,SE,0.00,#REF!,0.000,,,0.000,0.000,0.5,4,0,4,2.000,0.000,0.000,0.000,2.000,"4,414.000",135.97,R$/MWh,0.00,0.00,"600,171.58",#REF!,#REF!,0.00,0.00,0.00,10/1/2012,12/31/2012,Não,"3,512.04",#REF!
,824,2012,LAJ,14ºLAJ,Leilão de Ajuste,003/2012,NGER G,11.819.487/0001-55,P03M-SE-2012,-,-,Sem Pendências,-,-,-,SE,0.00,#REF!,0.000,,,0.000,0.000,0.5,17,0,17,8.500,0.000,0.000,0.000,8.500,"18,759.500",131.21,R$/MWh,0.00,0.00,"2,461,488.40",#REF!,#REF!,0.00,0.00,0.00,10/1/2012,12/31/2012,Não,"3,512.04",#REF!
,825,2012,LAJ,14ºLAJ,Leilão de Ajuste,003/2012,BRASIL COM G,13.145.928/0001-06,P03M-NE-2012,-,-,Sem Pendências,-,-,-,NE,0.00,#REF!,0.000,,,0.000,0.000,0.5,1,0,1,0.500,0.000,0.000,0.000,0.500,"1,103.500",138.89,R$/MWh,0.00,0.00,"153,265.12",#REF!,#REF!,0.00,0.00,0.00,10/1/2012,12/31/2012,Não,"3,512.04",#REF!
,826,2012,LEN,15ºLEN,Leilão de Energia Nova,006/2012,EDP,03.983.431/0001-03,QTD30-2017,UHE.PH.AP.026792-9.01,SANTO ANTÔNIO DO JARI,Sem Pendências,AP,Hidrelétrica (UHE),Rio Jari,N,0.00,#REF!,73.400,,,0.000,21.600,0.1,209,209,209,20.900,20.900,20.900,20.900,20.900,"5,496,031.200",82.00,R$/MWh,0.00,0.00,"450,674,558.40",#REF!,#REF!,0.00,0.00,0.00,1/1/2017,12/31/2046,Não,"3,574.22",#REF!
,827,2012,LEN,15ºLEN,Leilão de Energia Nova,006/2012,RENOVA,04.848.623/0001-70,DIS20-2017,EOL.CV.BA.031120-0.01,SAO SALVADOR,Contrato Rescindido,BA,Eólica,Cinética do Vento,SE,"62,888,030.00",#REF!,22.400,,,0.000,10.600,0.1,102,102,102,10.200,10.200,10.200,10.200,10.200,"1,788,264.000",88.68,R$/MWh,0.00,0.00,"158,583,251.52",#REF!,#REF!,"8,047,934.64","8,047,934.64","8,047,934.64",1/1/2017,12/31/2036,Não,"3,574.22",#REF!
,828,2012,LEN,15ºLEN,Leilão de Energia Nova,006/2012,EDP,03.983.431/0001-03,QTD30-2017,UHE.PH.AP.031186-3.01,UHE CACHOEIRA CALDEIRAO,Sem Pendências,AP,Hidrelétrica (UHE),Rio Araguari,N,"855,930,626.00",#REF!,219.000,,,0.000,129.700,0.1,"1,297",209,209,129.700,129.700,129.700,129.700,129.700,"34,106,949.600",95.31,R$/MWh,0.00,0.00,"3,250,733,366.38",#REF!,#REF!,0.00,0.00,0.00,1/1/2017,12/31/2046,Não,"3,574.22",#REF!
,829,2012,LEN,15ºLEN,Leilão de Energia Nova,006/2012,EGP-SERRA AZUL,11.106.444/0001-22,DIS20-2017,EOL.CV.BA.031121-9.01,DOIS RIACHOS,Contrato Rescindido,BA,Eólica,Cinética do Vento,NE,"144,121,200.00",#REF!,29.900,,,0.000,13.900,0.1,139,139,139,13.900,13.900,13.900,13.900,13.900,"2,436,948.000",89.20,R$/MWh,0.00,0.00,"217,375,761.60",#REF!,#REF!,"11,292,903.51","11,292,903.51","11,292,903.51",1/1/2017,12/31/2036,Não,"3,574.22",#REF!
,830,2012,LEN,15ºLEN,Leilão de Energia Nova,006/2012,BIOENERGY - MA,05.395.422/0001-27,DIS20-2017,EOL.CV.MA.030706-8.01,VENTOS DO NORTE 4,Outorga Revogada,MA,Eólica,Cinética do Vento,NE,0.00,#REF!,28.800,,,0.000,16.700,0.1,167,167,167,16.700,16.700,16.700,16.700,16.700,"2,927,844.000",87.77,R$/MWh,0.00,0.00,"256,976,867.88",#REF!,#REF!,"13,129,106.91","13,129,106.91","13,129,106.91",1/1/2017,12/31/2036,Não,"3,574.22",#REF!
,831,2012,LEN,15ºLEN,Leilão de Energia Nova,006/2012,BIOENERGY - MA,05.395.422/0001-27,DIS20-2017,EOL.CV.MA.030703-3.01,VENTOS DO NORTE 1,Outorga Revogada,MA,Eólica,Cinética do Vento,NE,0.00,#REF!,28.800,,,0.000,16.600,0.1,166,167,167,16.600,16.600,16.600,16.600,16.600,"2,910,312.000",87.77,R$/MWh,0.00,0.00,"255,438,084.24",#REF!,#REF!,"13,033,320.56","13,033,320.56","13,033,320.56",1/1/2017,12/31/2036,Não,"3,574.22",#REF!
,832,2012,LEN,15ºLEN,Leilão de Energia Nova,006/2012,BIOENERGY - MA,05.395.422/0001-27,DIS20-2017,EOL.CV.MA.030708-4.01,VENTOS DO NORTE 6,Outorga Revogada,MA,Eólica,Cinética do Vento,NE,0.00,#REF!,28.800,,,0.000,16.400,0.1,164,167,167,16.400,16.400,16.400,16.400,16.400,"2,875,248.000",87.77,R$/MWh,0.00,0.00,"252,360,516.96",#REF!,#REF!,"12,899,613.19","12,899,613.19","12,899,613.19",1/1/2017,12/31/2036,Não,"3,574.22",#REF!
,833,2012,LEN,15ºLEN,Leilão de Energia Nova,006/2012,BIOENERGY - MA,05.395.422/0001-27,DIS20-2017,EOL.CV.MA.030707-6.01,VENTOS DO NORTE 5,Outorga Revogada,MA,Eólica,Cinética do Vento,NE,0.00,#REF!,28.800,,,0.000,16.700,0.1,167,167,167,16.700,16.700,16.700,16.700,16.700,"2,927,844.000",87.77,R$/MWh,0.00,0.00,"256,976,867.88",#REF!,#REF!,"13,103,945.64","13,103,945.64","13,103,945.64",1/1/2017,12/31/2036,Não,"3,574.22",#REF!
,834,2012,LEN,15ºLEN,Leilão de Energia Nova,006/2012,BIOENERGY - MA,05.395.422/0001-27,DIS20-2017,EOL.CV.MA.030705-0.01,VENTOS DO NORTE 3,Outorga Revogada,MA,Eólica,Cinética do Vento,NE,0.00,#REF!,28.800,,,0.000,16.600,0.1,166,167,167,16.600,16.600,16.600,16.600,16.600,"2,910,312.000",87.77,R$/MWh,0.00,0.00,"255,438,084.24",#REF!,#REF!,"13,041,166.93","13,041,166.93","13,041,166.93",1/1/2017,12/31/2036,Não,"3,574.22",#REF!
,835,2012,LEN,15ºLEN,Leilão de Energia Nova,006/2012,BIOENERGY - MA,05.395.422/0001-27,DIS20-2017,EOL.CV.MA.030704-1.01,VENTOS DO NORTE 2,Outorga Revogada,MA,Eólica,Cinética do Vento,NE,0.00,#REF!,28.800,,,0.000,17.000,0.1,170,167,167,17.000,17.000,17.000,17.000,17.000,"2,980,440.000",87.77,R$/MWh,0.00,0.00,"261,593,218.80",#REF!,#REF!,"13,418,668.37","13,418,668.37","13,418,668.37",1/1/2017,12/31/2036,Não,"3,574.22",#REF!
,836,2012,LEN,15ºLEN,Leilão de Energia Nova,006/2012,BIOENERGY - MA,05.395.422/0001-27,DIS20-2017,EOL.CV.MA.030709-2.01,VENTOS DO NORTE 7,Outorga Revogada,MA,Eólica,Cinética do Vento,NE,0.00,#REF!,28.800,,,0.000,16.200,0.1,160,167,167,16.000,16.000,16.000,16.000,16.000,"2,805,120.000",87.77,R$/MWh,0.00,0.00,"246,205,382.40",#REF!,#REF!,"12,569,597.46","12,569,597.46","12,569,597.46",1/1/2017,12/31/2036,Não,"3,574.22",#REF!
,837,2012,LEN,15ºLEN,Leilão de Energia Nova,006/2012,ENERFIN,07.219.024/0001-85,DIS20-2017,EOL.CV.RS.031129-4.01,GRANJA VARGAS 1,Outorga Revogada,RS,Eólica,Cinética do Vento,S,"102,258,910.00",#REF!,28.000,,,0.000,11.500,0.1,115,115,115,11.500,11.500,11.500,11.500,11.500,"2,016,180.000",87.50,R$/MWh,0.00,0.00,"176,415,750.00",#REF!,#REF!,"8,951,174.38","8,951,174.38","8,951,174.38",1/1/2017,12/31/2036,Não,"3,574.22",#REF!
,838,2013,LER,05ºLER,Leilão de Energia de Reserva,005/2013,CONSORCIO GRUPO BALEIA,00.000.000/0018-50,QTD-ER20,EOL.CV.CE.031466-8.01,SÃO CAETANO,Contrato Rescindido,CE,Eólica,Cinética do Vento,NE,"96,805,360.00",#REF!,25.200,,,0.000,11.000,0.1,101,101,101,10.100,10.100,10.100,10.100,10.100,"1,770,732.000",115.90,R$/MWh,0.00,0.00,"205,227,838.80",#REF!,#REF!,0.00,0.00,0.00,9/1/2015,8/31/2035,Não,"3,717.03",#REF!
,839,2013,LER,05ºLER,Leilão de Energia de Reserva,005/2013,CONSORCIO GRUPO BALEIA,00.000.000/0018-50,QTD-ER20,EOL.CV.CE.031423-4.01,SÃO GALVÃO,Contrato Rescindido,CE,Eólica,Cinética do Vento,NE,"84,535,880.00",#REF!,22.000,,,0.000,9.500,0.1,92,101,101,9.200,9.200,9.200,9.200,9.200,"1,612,944.000",115.90,R$/MWh,0.00,0.00,"186,940,209.60",#REF!,#REF!,0.00,0.00,0.00,9/1/2015,8/31/2035,Não,"3,717.03",#REF!
,840,2013,LER,05ºLER,Leilão de Energia de Reserva,005/2013,CONSORCIO GRUPO BALEIA,00.000.000/0018-50,QTD-ER20,EOL.CV.CE.031465-0.01,SÃO CAETANO I,Contrato Rescindido,CE,Eólica,Cinética do Vento,NE,"69,199,000.00",#REF!,18.000,,,0.000,7.700,0.1,64,101,101,6.400,6.400,6.400,6.400,6.400,"1,122,048.000",115.90,R$/MWh,0.00,0.00,"130,045,363.20",#REF!,#REF!,0.00,0.00,0.00,9/1/2015,8/31/2035,Não,"3,717.03",#REF!
,841,2013,LER,05ºLER,Leilão de Energia de Reserva,005/2013,CONSORCIO GRUPO PUNAÚ,00.000.000/0018-40,QTD-ER20,EOL.CV.RN.031629-6.01,PUNAÚ I,Contrato Rescindido,RN,Eólica,Cinética do Vento,NE,"92,203,960.00",#REF!,24.000,,,0.000,11.000,0.1,107,107,107,10.700,10.700,10.700,10.700,10.700,"1,875,924.000",111.81,R$/MWh,0.00,0.00,"209,747,062.44",#REF!,#REF!,0.00,0.00,0.00,9/1/2015,8/31/2035,Não,"3,717.03",#REF!
,842,2013,LER,05ºLER,Leilão de Energia de Reserva,005/2013,CONSORCIO GPEXPAN,00.000.000/0019-00,QTD-ER20,EOL.CV.BA.031431-5.01,TEIÚ 2,Sem Pendências,BA,Eólica,Cinética do Vento,NE,"40,161,150.00",#REF!,14.000,,,0.000,4.200,0.1,37,37,37,3.700,3.700,3.700,3.700,3.700,"648,684.000",105.95,R$/MWh,0.00,0.00,"68,728,069.80",#REF!,#REF!,0.00,0.00,0.00,9/1/2015,8/31/2035,Não,"3,717.03",#REF!
,843,2013,LER,05ºLER,Leilão de Energia de Reserva,005/2013,RNV,08.534.605/0001-74,QTD-ER20,EOL.CV.BA.031403-0.01,TABUA,Sem Pendências,BA,Eólica,Cinética do Vento,NE,"59,910,860.00",#REF!,15.000,,,0.000,7.400,0.1,74,74,74,7.400,7.400,7.400,7.400,7.400,"1,297,368.000",104.80,R$/MWh,0.00,0.00,"135,964,166.40",#REF!,#REF!,0.00,0.00,0.00,9/1/2015,8/31/2035,Não,"3,717.03",#REF!
,844,2013,LER,05ºLER,Leilão de Energia de Reserva,005/2013,RNV,08.534.605/0001-74,QTD-ER20,EOL.CV.BA.031406-4.01,TABOQUINHA,Sem Pendências,BA,Eólica,Cinética do Vento,NE,"86,431,240.00",#REF!,21.600,,,0.000,10.100,0.1,101,74,74,10.100,10.100,10.100,10.100,10.100,"1,770,732.000",105.99,R$/MWh,0.00,0.00,"187,679,884.68",#REF!,#REF!,0.00,0.00,0.00,9/1/2015,8/31/2035,Não,"3,717.03",#REF!
,845,2013,LER,05ºLER,Leilão de Energia de Reserva,005/2013,CONSORCIO EGP - SERRA AZUL,00.000.000/0017-60,QTD-ER20,EOL.CV.BA.031338-6.01,DAMASCENA,Sem Pendências,BA,Eólica,Cinética do Vento,NE,"144,121,200.00",#REF!,29.900,,,0.000,16.700,0.1,161,161,161,16.100,16.100,16.100,16.100,16.100,"2,822,652.000",98.50,R$/MWh,0.00,0.00,"278,031,222.00",#REF!,#REF!,0.00,0.00,0.00,9/1/2015,8/31/2035,Não,"3,717.03",#REF!
,846,2013,LER,05ºLER,Leilão de Energia de Reserva,005/2013,CONSORCIO GRUPO PUNAÚ,00.000.000/0018-40,QTD-ER20,EOL.CV.RN.031631-8.01,CARNAÚBA II,Contrato Rescindido,RN,Eólica,Cinética do Vento,NE,"69,199,000.00",#REF!,18.000,,,0.000,7.300,0.1,71,107,107,7.100,7.100,7.100,7.100,7.100,"1,244,772.000",111.85,R$/MWh,0.00,0.00,"139,227,748.20",#REF!,#REF!,0.00,0.00,0.00,9/1/2015,8/31/2035,Não,"3,717.03",#REF!
,847,2013,LER,05ºLER,Leilão de Energia de Reserva,005/2013,CONSORCIO GPEXPAN,00.000.000/0019-00,QTD-ER20,EOL.CV.BA.031447-1.01,CARCARÁ,Sem Pendências,BA,Eólica,Cinética do Vento,NE,"28,686,580.00",#REF!,10.000,,,0.000,4.600,0.1,46,37,37,4.600,4.600,4.600,4.600,4.600,"806,472.000",105.95,R$/MWh,0.00,0.00,"85,445,708.40",#REF!,#REF!,0.00,0.00,0.00,9/1/2015,8/31/2035,Não,"3,717.03",#REF!
,848,2013,LER,05ºLER,Leilão de Energia de Reserva,005/2013,CONSORCIO GRUPO PUNAÚ,00.000.000/0018-40,QTD-ER20,EOL.CV.RN.031626-1.01,CARNAÚBA I,Contrato Rescindido,RN,Eólica,Cinética do Vento,NE,"84,535,880.00",#REF!,22.000,,,0.000,9.400,0.1,91,107,107,9.100,9.100,9.100,9.100,9.100,"1,595,412.000",111.82,R$/MWh,0.00,0.00,"178,398,969.84",#REF!,#REF!,0.00,0.00,0.00,9/1/2015,8/31/2035,Não,"3,717.03",#REF!
,849,2013,LER,05ºLER,Leilão de Energia de Reserva,005/2013,CONSORCIO GRUPO PUNAÚ,00.000.000/0018-40,QTD-ER20,EOL.CV.RN.031630-0.01,CARNAÚBA V,Contrato Rescindido,RN,Eólica,Cinética do Vento,NE,"92,203,960.00",#REF!,24.000,,,0.000,10.100,0.1,98,107,107,9.800,9.800,9.800,9.800,9.800,"1,718,136.000",111.81,R$/MWh,0.00,0.00,"192,104,786.16",#REF!,#REF!,0.00,0.00,0.00,9/1/2015,8/31/2035,Não,"3,717.03",#REF!
,850,2013,LER,05ºLER,Leilão de Energia de Reserva,005/2013,CONSORCIO GPEXPAN,00.000.000/0019-00,QTD-ER20,EOL.CV.BA.031458-7.01,CORRUPIÃO 3,Sem Pendências,BA,Eólica,Cinética do Vento,NE,"40,161,150.00",#REF!,14.000,,,0.000,4.200,0.1,42,37,37,4.200,4.200,4.200,4.200,4.200,"736,344.000",105.95,R$/MWh,0.00,0.00,"78,015,646.80",#REF!,#REF!,0.00,0.00,0.00,9/1/2015,8/31/2035,Não,"3,717.03",#REF!
,851,2013,LER,05ºLER,Leilão de Energia de Reserva,005/2013,CONSORCIO GRUPO PUNAÚ,00.000.000/0018-40,QTD-ER20,EOL.CV.RN.031634-2.01,CERVANTES I,Contrato Rescindido,RN,Eólica,Cinética do Vento,NE,"61,530,550.00",#REF!,16.000,,,0.000,7.100,0.1,69,107,107,6.900,6.900,6.900,6.900,6.900,"1,209,708.000",111.81,R$/MWh,0.00,0.00,"135,257,451.48",#REF!,#REF!,0.00,0.00,0.00,9/1/2015,8/31/2035,Não,"3,717.03",#REF!
,852,2013,LER,05ºLER,Leilão de Energia de Reserva,005/2013,CONSORCIO GRUPO PUNAÚ,00.000.000/0018-40,QTD-ER20,EOL.CV.RN.031633-4.01,CERVANTES II,Contrato Rescindido,RN,Eólica,Cinética do Vento,NE,"46,193,720.00",#REF!,12.000,,,0.000,5.600,0.1,54,107,107,5.400,5.400,5.400,5.400,5.400,"946,728.000",111.84,R$/MWh,0.00,0.00,"105,882,059.52",#REF!,#REF!,0.00,0.00,0.00,9/1/2015,8/31/2035,Não,"3,717.03",#REF!
,853,2013,LER,05ºLER,Leilão de Energia de Reserva,005/2013,CONSORCIO GRUPO PUNAÚ,00.000.000/0018-40,QTD-ER20,EOL.CV.RN.031632-6.01,CARNAÚBA III,Contrato Rescindido,RN,Eólica,Cinética do Vento,NE,"61,947,000.00",#REF!,16.000,,,0.000,7.500,0.1,71,107,107,7.100,7.100,7.100,7.100,7.100,"1,244,772.000",111.83,R$/MWh,0.00,0.00,"139,202,852.76",#REF!,#REF!,0.00,0.00,0.00,9/1/2015,8/31/2035,Não,"3,717.03",#REF!
,854,2013,LER,05ºLER,Leilão de Energia de Reserva,005/2013,SANTA JOANA,15.674.288/0001-57,QTD-ER20,EOL.CV.PI.031392-0.01,VENTOS DE SANTA JOANA XVI,Antecipação de Contrato,PI,Eólica,Cinética do Vento,NE,"102,940,000.00",#REF!,30.000,,,0.000,17.400,0.1,153,153,153,15.300,15.300,15.300,15.300,15.300,"2,682,396.000",109.96,R$/MWh,0.00,0.00,"294,956,264.16",#REF!,#REF!,0.00,0.00,0.00,9/1/2015,8/31/2035,Não,"3,717.03",#REF!
,855,2013,LER,05ºLER,Leilão de Energia de Reserva,005/2013,SANTA JOANA,15.674.288/0001-57,QTD-ER20,EOL.CV.PI.031416-1.01,VENTOS DE SANTA JOANA XV,Antecipação de Contrato,PI,Eólica,Cinética do Vento,NE,"102,940,000.00",#REF!,30.000,,,0.000,16.200,0.1,150,153,153,15.000,15.000,15.000,15.000,15.000,"2,629,800.000",109.96,R$/MWh,0.00,0.00,"289,172,808.00",#REF!,#REF!,0.00,0.00,0.00,9/1/2015,8/31/2035,Não,"3,717.03",#REF!
,856,2013,LER,05ºLER,Leilão de Energia de Reserva,005/2013,SANTA JOANA,15.674.288/0001-57,QTD-ER20,EOL.CV.PI.031368-8.01,VENTOS DE SANTA JOANA XIV,Sem Pendências,PI,Eólica,Cinética do Vento,NE,"102,940,000.00",#REF!,30.000,,,0.000,14.900,0.1,147,153,153,14.700,14.700,14.700,14.700,14.700,"2,577,204.000",109.99,R$/MWh,0.00,0.00,"283,466,667.96",#REF!,#REF!,0.00,0.00,0.00,9/1/2015,8/31/2035,Não,"3,717.03",#REF!
,857,2013,LER,05ºLER,Leilão de Energia de Reserva,005/2013,SANTA JOANA,15.674.288/0001-57,QTD-ER20,EOL.CV.PI.031394-7.01,VENTOS DE SANTA JOANA XIII,Antecipação de Contrato,PI,Eólica,Cinética do Vento,NE,"102,940,000.00",#REF!,30.000,,,0.000,16.000,0.1,134,153,153,13.400,13.400,13.400,13.400,13.400,"2,349,288.000",109.96,R$/MWh,0.00,0.00,"258,327,708.48",#REF!,#REF!,0.00,0.00,0.00,9/1/2015,8/31/2035,Não,"3,717.03",#REF!
,858,2013,LER,05ºLER,Leilão de Energia de Reserva,005/2013,SANTA JOANA,15.674.288/0001-57,QTD-ER20,EOL.CV.PI.031414-5.01,VENTOS DE SANTA JOANA XII,Antecipação de Contrato,PI,Eólica,Cinética do Vento,NE,"102,940,000.00",#REF!,30.000,,,0.000,16.900,0.1,153,153,153,15.300,15.300,15.300,15.300,15.300,"2,682,396.000",109.96,R$/MWh,0.00,0.00,"294,956,264.16",#REF!,#REF!,0.00,0.00,0.00,9/1/2015,8/31/2035,Não,"3,717.03",#REF!
,859,2013,LER,05ºLER,Leilão de Energia de Reserva,005/2013,SANTA JOANA,15.674.288/0001-57,QTD-ER20,EOL.CV.PI.031388-2.01,VENTOS DE SANTA JOANA XI,Antecipação de Contrato,PI,Eólica,Cinética do Vento,NE,"102,940,000.00",#REF!,30.000,,,0.000,16.000,0.1,141,153,153,14.100,14.100,14.100,14.100,14.100,"2,472,012.000",109.96,R$/MWh,0.00,0.00,"271,822,439.52",#REF!,#REF!,0.00,0.00,0.00,9/1/2015,8/31/2035,Não,"3,717.03",#REF!
,860,2013,LER,05ºLER,Leilão de Energia de Reserva,005/2013,SANTA JOANA,15.674.288/0001-57,QTD-ER20,EOL.CV.PI.031417-0.01,VENTOS DE SANTA JOANA IX,Antecipação de Contrato,PI,Eólica,Cinética do Vento,NE,"102,940,000.00",#REF!,30.000,,,0.000,15.800,0.1,132,153,153,13.200,13.200,13.200,13.200,13.200,"2,314,224.000",109.96,R$/MWh,0.00,0.00,"254,472,071.04",#REF!,#REF!,0.00,0.00,0.00,9/1/2015,8/31/2035,Não,"3,717.03",#REF!
,861,2013,LER,05ºLER,Leilão de Energia de Reserva,005/2013,SANTA JOANA,15.674.288/0001-57,QTD-ER20,EOL.CV.PI.031393-9.01,VENTOS DE SANTA JOANA X,Antecipação de Contrato,PI,Eólica,Cinética do Vento,NE,"102,940,000.00",#REF!,30.000,,,0.000,16.000,0.1,136,153,153,13.600,13.600,13.600,13.600,13.600,"2,384,352.000",109.96,R$/MWh,0.00,0.00,"262,183,345.92",#REF!,#REF!,0.00,0.00,0.00,9/1/2015,8/31/2035,Não,"3,717.03",#REF!
,862,2013,LER,05ºLER,Leilão de Energia de Reserva,005/2013,SANTA JOANA,15.674.288/0001-57,QTD-ER20,EOL.CV.PI.031366-1.01,VENTOS DE SANTA JOANA VIII,Sem Pendências,PI,Eólica,Cinética do Vento,NE,"102,940,000.00",#REF!,30.000,,,0.000,15.700,0.1,156,153,153,15.600,15.600,15.600,15.600,15.600,"2,734,992.000",109.98,R$/MWh,0.00,0.00,"300,794,420.16",#REF!,#REF!,0.00,0.00,0.00,9/1/2015,8/31/2035,Não,"3,717.03",#REF!
,863,2013,LER,05ºLER,Leilão de Energia de Reserva,005/2013,SANTO ONOFRE,16.712.607/0001-34,QTD-ER20,EOL.CV.PI.031886-8.02,VENTOS DE SANTO ONOFRE III,Sem Pendências,PI,Eólica,Cinética do Vento,NE,"102,940,000.00",#REF!,30.000,,,0.000,16.700,0.1,167,167,167,16.700,16.700,16.700,16.700,16.700,"2,927,844.000",109.98,R$/MWh,0.00,0.00,"322,004,283.12",#REF!,#REF!,0.00,0.00,0.00,9/1/2015,8/31/2035,Não,"3,717.03",#REF!
,864,2013,LER,05ºLER,Leilão de Energia de Reserva,005/2013,RNV,08.534.605/0001-74,QTD-ER20,EOL.CV.BA.031424-2.01,VAQUETA,Sem Pendências,BA,Eólica,Cinética do Vento,NE,"93,791,320.00",#REF!,23.400,,,0.000,10.700,0.1,107,74,74,10.700,10.700,10.700,10.700,10.700,"1,875,924.000",105.55,R$/MWh,0.00,0.00,"198,003,778.20",#REF!,#REF!,0.00,0.00,0.00,9/1/2015,8/31/2035,Não,"3,717.03",#REF!
,865,2013,LER,05ºLER,Leilão de Energia de Reserva,005/2013,SANTA JOANA,15.674.288/0001-57,QTD-ER20,EOL.CV.PI.031361-0.01,VENTOS DE SANTA JOANA II,Sem Pendências,PI,Eólica,Cinética do Vento,NE,"102,940,000.00",#REF!,30.000,,,0.000,14.800,0.1,143,153,153,14.300,14.300,14.300,14.300,14.300,"2,507,076.000",109.99,R$/MWh,0.00,0.00,"275,753,289.24",#REF!,#REF!,0.00,0.00,0.00,9/1/2015,8/31/2035,Não,"3,717.03",#REF!
,866,2013,LER,05ºLER,Leilão de Energia de Reserva,005/2013,SANTA JOANA,15.674.288/0001-57,QTD-ER20,EOL.CV.PI.031367-0.01,VENTOS DE SANTA JOANA VI,Sem Pendências,PI,Eólica,Cinética do Vento,NE,"102,940,000.00",#REF!,30.000,,,0.000,15.100,0.1,151,153,153,15.100,15.100,15.100,15.100,15.100,"2,647,332.000",109.99,R$/MWh,0.00,0.00,"291,180,046.68",#REF!,#REF!,0.00,0.00,0.00,9/1/2015,8/31/2035,Não,"3,717.03",#REF!
,867,2013,LER,05ºLER,Leilão de Energia de Reserva,005/2013,SANTO ONOFRE,16.712.607/0001-34,QTD-ER20,EOL.CV.PI.031362-9.01,VENTOS DE SANTO ONOFRE II,Sem Pendências,PI,Eólica,Cinética do Vento,NE,"102,940,000.00",#REF!,30.000,,,0.000,16.600,0.1,159,167,167,15.900,15.900,15.900,15.900,15.900,"2,787,588.000",109.98,R$/MWh,0.00,0.00,"306,578,928.24",#REF!,#REF!,0.00,0.00,0.00,9/1/2015,8/31/2035,Não,"3,717.03",#REF!
,868,2013,LER,05ºLER,Leilão de Energia de Reserva,005/2013,SANTA BRIGIDA,13.329.870/0001-50,QTD-ER20,EOL.CV.PE.031365-3.01,VENTOS DE SANTA BRIGIDA I,Sem Pendências,PE,Eólica,Cinética do Vento,NE,"47,335,000.00",#REF!,13.500,,,0.000,6.600,0.1,66,66,66,6.600,6.600,6.600,6.600,6.600,"1,157,112.000",116.00,R$/MWh,0.00,0.00,"134,224,992.00",#REF!,#REF!,0.00,0.00,0.00,9/1/2015,8/31/2035,Não,"3,717.03",#REF!
,869,2013,LER,05ºLER,Leilão de Energia de Reserva,005/2013,SANTA BRIGIDA,13.329.870/0001-50,QTD-ER20,EOL.CV.PE.031354-8.01,VENTOS DE SANTA BRIGIDA III,Sem Pendências,PE,Eólica,Cinética do Vento,NE,"101,907,000.00",#REF!,29.700,,,0.000,14.400,0.1,144,66,66,14.400,14.400,14.400,14.400,14.400,"2,524,608.000",116.00,R$/MWh,0.00,0.00,"292,854,528.00",#REF!,#REF!,0.00,0.00,0.00,9/1/2015,8/31/2035,Não,"3,717.03",#REF!
,870,2013,LER,05ºLER,Leilão de Energia de Reserva,005/2013,SANTA BRIGIDA,13.329.870/0001-50,QTD-ER20,EOL.CV.PE.031370-0.01,VENTOS DE SANTA BRIGIDA IV,Sem Pendências,PE,Eólica,Cinética do Vento,NE,"101,907,000.00",#REF!,29.700,,,0.000,14.000,0.1,140,66,66,14.000,14.000,14.000,14.000,14.000,"2,454,480.000",116.00,R$/MWh,0.00,0.00,"284,719,680.00",#REF!,#REF!,0.00,0.00,0.00,9/1/2015,8/31/2035,Não,"3,717.03",#REF!
,871,2013,LER,05ºLER,Leilão de Energia de Reserva,005/2013,SANTA BRIGIDA,13.329.870/0001-50,QTD-ER20,EOL.CV.PE.031346-7.01,VENTOS DE SANTA BRIGIDA V,Sem Pendências,PE,Eólica,Cinética do Vento,NE,"101,907,000.00",#REF!,29.700,,,0.000,15.000,0.1,150,66,66,15.000,15.000,15.000,15.000,15.000,"2,629,800.000",116.00,R$/MWh,0.00,0.00,"305,056,800.00",#REF!,#REF!,0.00,0.00,0.00,9/1/2015,8/31/2035,Não,"3,717.03",#REF!
,872,2013,LER,05ºLER,Leilão de Energia de Reserva,005/2013,SANTA BRIGIDA,13.329.870/0001-50,QTD-ER20,EOL.CV.PE.031363-7.01,VENTOS DE SANTA BRIGIDA II,Sem Pendências,PE,Eólica,Cinética do Vento,NE,"101,907,000.00",#REF!,29.700,,,0.000,14.700,0.1,147,66,66,14.700,14.700,14.700,14.700,14.700,"2,577,204.000",116.00,R$/MWh,0.00,0.00,"298,955,664.00",#REF!,#REF!,0.00,0.00,0.00,9/1/2015,8/31/2035,Não,"3,717.03",#REF!
,873,2013,LER,05ºLER,Leilão de Energia de Reserva,005/2013,SANTA BRIGIDA,13.329.870/0001-50,QTD-ER20,EOL.CV.PE.031353-0.01,VENTOS DE SANTA BRIGIDA VI,Sem Pendências,PE,Eólica,Cinética do Vento,NE,"101,907,000.00",#REF!,29.700,,,0.000,15.100,0.1,151,66,66,15.100,15.100,15.100,15.100,15.100,"2,647,332.000",116.00,R$/MWh,0.00,0.00,"307,090,512.00",#REF!,#REF!,0.00,0.00,0.00,9/1/2015,8/31/2035,Não,"3,717.03",#REF!
,874,2013,LER,05ºLER,Leilão de Energia de Reserva,005/2013,SANTA BRIGIDA,13.329.870/0001-50,QTD-ER20,EOL.CV.PE.031422-6.01,VENTOS DE SANTA BRIGIDA VII,Sem Pendências,PE,Eólica,Cinética do Vento,NE,"101,907,000.00",#REF!,29.700,,,0.000,14.900,0.1,149,66,66,14.900,14.900,14.900,14.900,14.900,"2,612,268.000",116.00,R$/MWh,0.00,0.00,"303,023,088.00",#REF!,#REF!,0.00,0.00,0.00,9/1/2015,8/31/2035,Não,"3,717.03",#REF!
,875,2013,LER,05ºLER,Leilão de Energia de Reserva,005/2013,SANTO ONOFRE,16.712.607/0001-34,QTD-ER20,EOL.CV.PI.031364-5.01,VENTOS DE SANTO ONOFRE I,Sem Pendências,PI,Eólica,Cinética do Vento,NE,"102,940,000.00",#REF!,30.000,,,0.000,16.200,0.1,160,167,167,16.000,16.000,16.000,16.000,16.000,"2,805,120.000",109.98,R$/MWh,0.00,0.00,"308,507,097.60",#REF!,#REF!,0.00,0.00,0.00,9/1/2015,8/31/2035,Não,"3,717.03",#REF!
,876,2013,LER,05ºLER,Leilão de Energia de Reserva,005/2013,CONSORCIO GRUPO BALEIA,00.000.000/0018-50,QTD-ER20,EOL.CV.CE.031415-3.01,PITIMBU,Contrato Rescindido,CE,Eólica,Cinética do Vento,NE,"70,031,890.00",#REF!,18.000,,,0.000,7.200,0.1,64,101,101,6.400,6.400,6.400,6.400,6.400,"1,122,048.000",115.90,R$/MWh,0.00,0.00,"130,045,363.20",#REF!,#REF!,0.00,0.00,0.00,9/1/2015,8/31/2035,Não,"3,717.03",#REF!
,877,2013,LER,05ºLER,Leilão de Energia de Reserva,005/2013,CONSORCIO MBR1,00.000.000/0015-90,QTD-ER20,EOL.CV.BA.031336-0.01,MORRO BRANCO I,Sem Pendências,BA,Eólica,Cinética do Vento,NE,"103,950,000.00",#REF!,29.700,,,0.000,12.700,0.1,125,125,125,12.500,12.500,12.500,12.500,12.500,"2,191,500.000",115.80,R$/MWh,0.00,0.00,"253,775,700.00",#REF!,#REF!,0.00,0.00,0.00,9/1/2015,8/31/2035,Não,"3,717.03",#REF!
,878,2013,LER,05ºLER,Leilão de Energia de Reserva,005/2013,CONSORCIO MB,00.000.000/0015-60,QTD-ER20,EOL.CV.BA.031352-1.01,MUSSAMBÊ,Sem Pendências,BA,Eólica,Cinética do Vento,NE,"103,950,000.00",#REF!,29.700,,,0.000,11.500,0.1,114,114,114,11.400,11.400,11.400,11.400,11.400,"1,998,648.000",115.80,R$/MWh,0.00,0.00,"231,443,438.40",#REF!,#REF!,0.00,0.00,0.00,9/1/2015,8/31/2035,Não,"3,717.03",#REF!
,879,2013,LER,05ºLER,Leilão de Energia de Reserva,005/2013,CONSORCIO GPEXPAN,00.000.000/0019-00,QTD-ER20,EOL.CV.BA.031432-3.01,CAITITU 2,Sem Pendências,BA,Eólica,Cinética do Vento,NE,"40,161,150.00",#REF!,14.000,,,0.000,5.100,0.1,51,37,37,5.100,5.100,5.100,5.100,5.100,"894,132.000",105.95,R$/MWh,0.00,0.00,"94,733,285.40",#REF!,#REF!,0.00,0.00,0.00,9/1/2015,8/31/2035,Não,"3,717.03",#REF!
,880,2013,LER,05ºLER,Leilão de Energia de Reserva,005/2013,CONSORCIO GPEXPAN,00.000.000/0019-00,QTD-ER20,EOL.CV.BA.031459-5.01,CAITITU 3,Sem Pendências,BA,Eólica,Cinética do Vento,NE,"40,161,150.00",#REF!,14.000,,,0.000,4.700,0.1,47,37,37,4.700,4.700,4.700,4.700,4.700,"824,004.000",105.95,R$/MWh,0.00,0.00,"87,303,223.80",#REF!,#REF!,0.00,0.00,0.00,9/1/2015,8/31/2035,Não,"3,717.03",#REF!
,881,2013,LER,05ºLER,Leilão de Energia de Reserva,005/2013,CEC,09.341.337/0001-37,QTD-ER20,EOL.CV.BA.031342-4.01,CAETITÉ B,Sem Pendências,BA,Eólica,Cinética do Vento,NE,"88,587,000.00",#REF!,30.000,,,0.000,10.900,0.1,108,108,108,10.800,10.800,10.800,10.800,10.800,"1,893,456.000",116.29,R$/MWh,0.00,0.00,"220,189,998.24",#REF!,#REF!,0.00,0.00,0.00,9/1/2015,8/31/2035,Não,"3,717.03",#REF!
,882,2013,LER,05ºLER,Leilão de Energia de Reserva,005/2013,ENERFIN,07.219.024/0001-85,QTD-ER20,EOL.CV.RS.031515-0.01,CABO VERDE 5,Outorga Revogada,RS,Eólica,Cinética do Vento,S,"61,180,000.00",#REF!,16.100,,,0.000,5.400,0.1,54,54,54,5.400,5.400,5.400,5.400,5.400,"946,728.000",114.90,R$/MWh,0.00,0.00,"108,779,047.20",#REF!,#REF!,0.00,0.00,0.00,9/1/2015,8/31/2035,Não,"3,717.03",#REF!
,883,2013,LER,05ºLER,Leilão de Energia de Reserva,005/2013,CONSORCIO GRUPO BALEIA,00.000.000/0018-50,QTD-ER20,EOL.CV.CE.031463-3.01,CACHOEIRA,Contrato Rescindido,CE,Eólica,Cinética do Vento,NE,"46,193,540.00",#REF!,12.000,,,0.000,5.000,0.1,48,101,101,4.800,4.800,4.800,4.800,4.800,"841,536.000",115.90,R$/MWh,0.00,0.00,"97,534,022.40",#REF!,#REF!,0.00,0.00,0.00,9/1/2015,8/31/2035,Não,"3,717.03",#REF!
,884,2013,LER,05ºLER,Leilão de Energia de Reserva,005/2013,ENERFIN,07.219.024/0001-85,QTD-ER20,EOL.CV.RS.031516-8.01,CABO VERDE 4,Outorga Revogada,RS,Eólica,Cinética do Vento,S,"113,620,000.00",#REF!,29.900,,,0.000,10.100,0.1,101,54,54,10.100,10.100,10.100,10.100,10.100,"1,770,732.000",114.99,R$/MWh,0.00,0.00,"203,616,472.68",#REF!,#REF!,0.00,0.00,0.00,9/1/2015,8/31/2035,Não,"3,717.03",#REF!
,885,2013,LER,05ºLER,Leilão de Energia de Reserva,005/2013,CONSORCIO GRUPO BALEIA,00.000.000/0018-50,QTD-ER20,EOL.CV.CE.031464-1.01,BOM JESUS,Contrato Rescindido,CE,Eólica,Cinética do Vento,NE,"69,198,750.00",#REF!,18.000,,,0.000,8.100,0.1,79,101,101,7.900,7.900,7.900,7.900,7.900,"1,385,028.000",115.90,R$/MWh,0.00,0.00,"160,524,745.20",#REF!,#REF!,0.00,0.00,0.00,9/1/2015,8/31/2035,Não,"3,717.03",#REF!
,886,2013,LER,05ºLER,Leilão de Energia de Reserva,005/2013,CONSORCIO BA1,00.000.000/0015-70,QTD-ER20,EOL.CV.BA.031335-1.01,BARAÚNAS I,Sem Pendências,BA,Eólica,Cinética do Vento,NE,"103,950,000.00",#REF!,29.700,,,0.000,12.400,0.1,122,122,122,12.200,12.200,12.200,12.200,12.200,"2,138,904.000",115.80,R$/MWh,0.00,0.00,"247,685,083.20",#REF!,#REF!,0.00,0.00,0.00,9/1/2015,8/31/2035,Não,"3,717.03",#REF!
,887,2013,LER,05ºLER,Leilão de Energia de Reserva,005/2013,CEC,09.341.337/0001-37,QTD-ER20,EOL.CV.BA.031344-0.01,CAETITÉ A,Sem Pendências,BA,Eólica,Cinética do Vento,NE,"88,587,000.00",#REF!,30.000,,,0.000,12.100,0.1,119,108,108,11.900,11.900,11.900,11.900,11.900,"2,086,308.000",116.29,R$/MWh,0.00,0.00,"242,616,757.32",#REF!,#REF!,0.00,0.00,0.00,9/1/2015,8/31/2035,Não,"3,717.03",#REF!
,888,2013,LER,05ºLER,Leilão de Energia de Reserva,005/2013,RNV,08.534.605/0001-74,QTD-ER20,EOL.CV.BA.031405-6.01,JABUTICABA,Sem Pendências,BA,Eólica,Cinética do Vento,NE,"34,210,530.00",#REF!,9.000,,,0.000,4.500,0.1,45,74,74,4.500,4.500,4.500,4.500,4.500,"788,940.000",104.38,R$/MWh,0.00,0.00,"82,349,557.20",#REF!,#REF!,0.00,0.00,0.00,9/1/2015,8/31/2035,Não,"3,717.03",#REF!
,889,2013,LER,05ºLER,Leilão de Energia de Reserva,005/2013,RNV,08.534.605/0001-74,QTD-ER20,EOL.CV.BA.031407-2.01,FOLHA DE SERRA,Sem Pendências,BA,Eólica,Cinética do Vento,NE,"84,211,200.00",#REF!,21.000,,,0.000,9.700,0.1,97,74,74,9.700,9.700,9.700,9.700,9.700,"1,700,604.000",103.60,R$/MWh,0.00,0.00,"176,182,574.40",#REF!,#REF!,0.00,0.00,0.00,9/1/2015,8/31/2035,Não,"3,717.03",#REF!
,890,2013,LER,05ºLER,Leilão de Energia de Reserva,005/2013,CONSORCIO EGP - DESENVOLVIMENTO,00.000.000/0017-50,QTD-ER20,EOL.CV.BA.031355-6.01,ESPERANÇA,Sem Pendências,BA,Eólica,Cinética do Vento,NE,"139,561,000.00",#REF!,29.900,,,0.000,14.700,0.1,147,147,147,14.700,14.700,14.700,14.700,14.700,"2,577,204.000",102.40,R$/MWh,0.00,0.00,"263,905,689.60",#REF!,#REF!,0.00,0.00,0.00,9/1/2015,8/31/2035,Não,"3,717.03",#REF!
,891,2013,LER,05ºLER,Leilão de Energia de Reserva,005/2013,ENERFIN,07.219.024/0001-85,QTD-ER20,EOL.CV.RS.031522-2.01,GRANJA VARGAS 2,Outorga Revogada,RS,Eólica,Cinética do Vento,S,"69,920,000.00",#REF!,18.400,,,0.000,6.500,0.1,65,54,54,6.500,6.500,6.500,6.500,6.500,"1,139,580.000",114.90,R$/MWh,0.00,0.00,"130,937,742.00",#REF!,#REF!,0.00,0.00,0.00,9/1/2015,8/31/2035,Não,"3,717.03",#REF!
,892,2013,LER,05ºLER,Leilão de Energia de Reserva,005/2013,ENERFIN,07.219.024/0001-85,QTD-ER20,EOL.CV.RS.031521-4.01,GRANJA VARGAS 3,Outorga Revogada,RS,Eólica,Cinética do Vento,S,"61,180,000.00",#REF!,16.100,,,0.000,5.600,0.1,56,54,54,5.600,5.600,5.600,5.600,5.600,"981,792.000",114.90,R$/MWh,0.00,0.00,"112,807,900.80",#REF!,#REF!,0.00,0.00,0.00,9/1/2015,8/31/2035,Não,"3,717.03",#REF!
,893,2013,LER,05ºLER,Leilão de Energia de Reserva,005/2013,RNV,08.534.605/0001-74,QTD-ER20,EOL.CV.BA.031408-0.01,JACARANDA DO CERRADO,Sem Pendências,BA,Eólica,Cinética do Vento,NE,"84,211,200.00",#REF!,21.000,,,0.000,9.500,0.1,95,74,74,9.500,9.500,9.500,9.500,9.500,"1,665,540.000",103.99,R$/MWh,0.00,0.00,"173,199,504.60",#REF!,#REF!,0.00,0.00,0.00,9/1/2015,8/31/2035,Não,"3,717.03",#REF!
,894,2013,LER,05ºLER,Leilão de Energia de Reserva,005/2013,CONSORCIO EGP - SERRA AZUL,00.000.000/0017-60,QTD-ER20,EOL.CV.BA.031337-8.01,MANIÇOBA,Sem Pendências,BA,Eólica,Cinética do Vento,NE,"134,488,800.00",#REF!,29.900,,,0.000,16.100,0.1,155,161,161,15.500,15.500,15.500,15.500,15.500,"2,717,460.000",102.70,R$/MWh,0.00,0.00,"279,083,142.00",#REF!,#REF!,0.00,0.00,0.00,9/1/2015,8/31/2035,Não,"3,717.03",#REF!
,895,2013,LER,05ºLER,Leilão de Energia de Reserva,005/2013,RNV,08.534.605/0001-74,QTD-ER20,EOL.CV.BA.031404-8.01,ANGICO,Sem Pendências,BA,Eólica,Cinética do Vento,NE,"32,980,490.00",#REF!,8.100,,,0.000,3.900,0.1,39,74,74,3.900,3.900,3.900,3.900,3.900,"683,748.000",111.30,R$/MWh,0.00,0.00,"76,101,152.40",#REF!,#REF!,0.00,0.00,0.00,9/1/2015,8/31/2035,Não,"3,717.03",#REF!
,896,2013,LER,05ºLER,Leilão de Energia de Reserva,005/2013,CEA ENERGIA,10.187.906/0001-10,QTD-ER20,EOL.CV.BA.031356-4.01,ASSURUÁ VII,Sem Pendências,BA,Eólica,Cinética do Vento,NE,"69,169,000.00",#REF!,18.000,,,0.000,8.900,0.1,89,89,89,8.900,8.900,8.900,8.900,8.900,"1,560,348.000",102.79,R$/MWh,0.00,0.00,"160,388,170.92",#REF!,#REF!,0.00,0.00,0.00,9/1/2015,8/31/2035,Não,"3,717.03",#REF!
,897,2013,LER,05ºLER,Leilão de Energia de Reserva,005/2013,CEA ENERGIA,10.187.906/0001-10,QTD-ER20,EOL.CV.BA.031341-6.01,ASSURUÁ V,Sem Pendências,BA,Eólica,Cinética do Vento,NE,"90,864,000.00",#REF!,20.000,,,0.000,10.100,0.1,101,89,89,10.100,10.100,10.100,10.100,10.100,"1,770,732.000",102.78,R$/MWh,0.00,0.00,"181,995,834.96",#REF!,#REF!,0.00,0.00,0.00,9/1/2015,8/31/2035,Não,"3,717.03",#REF!
,898,2013,LER,05ºLER,Leilão de Energia de Reserva,005/2013,CEA ENERGIA,10.187.906/0001-10,QTD-ER20,EOL.CV.BA.031343-2.01,ASSURUÁ II,Sem Pendências,BA,Eólica,Cinética do Vento,NE,"112,558,000.00",#REF!,30.000,,,0.000,14.600,0.1,146,89,89,14.600,14.600,14.600,14.600,14.600,"2,559,672.000",102.77,R$/MWh,0.00,0.00,"263,057,491.44",#REF!,#REF!,0.00,0.00,0.00,9/1/2015,8/31/2035,Não,"3,717.03",#REF!
,899,2013,LER,05ºLER,Leilão de Energia de Reserva,005/2013,CONSORCIO GPEXPAN,00.000.000/0019-00,QTD-ER20,EOL.CV.BA.031433-1.01,ACAUÃ,Sem Pendências,BA,Eólica,Cinética do Vento,NE,"34,423,850.00",#REF!,12.000,,,0.000,3.100,0.1,26,37,37,2.600,2.600,2.600,2.600,2.600,"455,832.000",105.95,R$/MWh,0.00,0.00,"48,295,400.40",#REF!,#REF!,0.00,0.00,0.00,9/1/2015,8/31/2035,Não,"3,717.03",#REF!
,900,2013,LER,05ºLER,Leilão de Energia de Reserva,005/2013,CONSORCIO GPEXPAN,00.000.000/0019-00,QTD-ER20,EOL.CV.BA.031435-8.01,ANGICAL 2,Sem Pendências,BA,Eólica,Cinética do Vento,NE,"40,161,150.00",#REF!,14.000,,,0.000,5.100,0.1,49,37,37,4.900,4.900,4.900,4.900,4.900,"859,068.000",105.95,R$/MWh,0.00,0.00,"91,018,254.60",#REF!,#REF!,0.00,0.00,0.00,9/1/2015,8/31/2035,Não,"3,717.03",#REF!
,901,2013,LER,05ºLER,Leilão de Energia de Reserva,005/2013,RNV,08.534.605/0001-74,QTD-ER20,EOL.CV.BA.031418-8.01,ACÁCIA,Sem Pendências,BA,Eólica,Cinética do Vento,NE,"65,050,940.00",#REF!,16.200,,,0.000,6.900,0.1,69,74,74,6.900,6.900,6.900,6.900,6.900,"1,209,708.000",113.70,R$/MWh,0.00,0.00,"137,543,799.60",#REF!,#REF!,0.00,0.00,0.00,9/1/2015,8/31/2035,Não,"3,717.03",#REF!
,902,2013,LER,05ºLER,Leilão de Energia de Reserva,005/2013,RNV,08.534.605/0001-74,QTD-ER20,EOL.CV.BA.031402-1.01,ABIL,Sem Pendências,BA,Eólica,Cinética do Vento,NE,"94,201,360.00",#REF!,23.700,,,0.000,11.000,0.1,110,74,74,11.000,11.000,11.000,11.000,11.000,"1,928,520.000",105.20,R$/MWh,0.00,0.00,"202,880,304.00",#REF!,#REF!,0.00,0.00,0.00,9/1/2015,8/31/2035,Não,"3,717.03",#REF!
,903,2013,LER,05ºLER,Leilão de Energia de Reserva,005/2013,CONSORCIO GPEXPAN,00.000.000/0019-00,QTD-ER20,EOL.CV.BA.031434-0.01,ARAPAPÁ,Sem Pendências,BA,Eólica,Cinética do Vento,NE,"28,686,820.00",#REF!,10.000,,,0.000,2.200,0.1,19,37,37,1.900,1.900,1.900,1.900,1.900,"333,108.000",105.95,R$/MWh,0.00,0.00,"35,292,792.60",#REF!,#REF!,0.00,0.00,0.00,9/1/2015,8/31/2035,Não,"3,717.03",#REF!
,904,2013,LEN,16ºLEN,Leilão de Energia Nova,006/2013,SANTA HELENA ENERGIA,12.150.746/0001-60,QTD30-2018,PCH.PH.GO.031327-0.01,YPÊ,Sem Pendências,GO,Hidrelétrica (PCH),Rio Verde,SE,"149,483,000.00",#REF!,29.300,,,0.000,16.700,0.1,167,167,167,16.700,16.700,16.700,16.700,16.700,"4,391,565.600",131.20,R$/MWh,0.00,0.00,"576,173,406.72",#REF!,#REF!,0.00,0.00,0.00,1/1/2018,12/31/2047,Não,"3,717.03",#REF!
,905,2013,LEN,16ºLEN,Leilão de Energia Nova,006/2013,ALUPAR,08.364.948/0001-38,QTD30-2018,PCH.PH.GO.030973-7.01,VERDE 08,Contrato Rescindido,GO,Hidrelétrica (PCH),Rio Verde,SE,"204,796,000.00",#REF!,28.500,,,0.000,16.900,0.1,131,131,131,13.100,13.100,13.100,13.100,13.100,"3,444,880.800",130.00,R$/MWh,0.00,0.00,"447,834,504.00",#REF!,#REF!,0.00,0.00,0.00,1/1/2018,12/31/2047,Não,"3,717.03",#REF!
,906,2013,LEN,16ºLEN,Leilão de Energia Nova,006/2013,CES,00.000.000/0000-00,QTD30-2018,UHE.PH.MT.031428-5.01,UHE SINOP ,Data de Suprimento Alterada,MT,Hidrelétrica (UHE),Rio Teles Pires,SE,"1,777,429,780.00",#REF!,400.000,,,0.000,239.800,0.1,"2,158","2,158","2,158",215.800,215.800,215.800,215.800,215.800,"56,748,494.400",109.40,R$/MWh,0.00,0.00,"6,208,285,287.36",#REF!,#REF!,0.00,0.00,0.00,1/1/2018,12/31/2047,Não,"3,717.03",#REF!
,907,2013,LEN,16ºLEN,Leilão de Energia Nova,006/2013,EGP SALTO APIACAS,17.832.065/0001-04,QTD30-2018,UHE.PH.MT.031401-3.01,SALTO APIACÁS,Sem Pendências,MT,Hidrelétrica (UHE),Rio Apiacás,SE,"178,394,060.00",#REF!,45.000,,,0.000,22.900,0.1,224,224,224,22.400,22.400,22.400,22.400,22.400,"5,890,483.200",119.97,R$/MWh,0.00,0.00,"706,681,269.50",#REF!,#REF!,0.00,0.00,0.00,1/1/2018,12/31/2047,Não,"3,717.03",#REF!
,908,2013,LEN,16ºLEN,Leilão de Energia Nova,006/2013,ENERGÉTICA SANTA HELENA,37.216.363/0002-50,DIS25-2018,UTE.AI.MS.030173-6.01,SANTA HELENA,Outorga Revogada,MS,Biomassa,Bagaço de Cana de Açúcar,SE,"165,000,000.00",#REF!,45.000,,,0.000,15.200,0.1,152,152,152,15.200,15.200,15.200,15.200,15.200,"3,330,988.800",132.81,R$/MWh,0.00,0.00,"442,388,622.53",#REF!,#REF!,"17,841,888.68","17,841,888.68","17,841,888.68",1/1/2018,12/31/2042,Não,"3,717.03",#REF!
,909,2013,LEN,16ºLEN,Leilão de Energia Nova,006/2013,ELETROSUL,00.073.957/0001-68,QTD30-2018,PCH.PH.SC.030982-6.01,SANTO CRISTO,Contrato Rescindido,SC,Hidrelétrica (PCH),Rio Pelotinhas,S,"165,698,690.00",#REF!,19.500,,,0.000,10.800,0.1,5,5,5,0.500,0.500,0.500,0.500,0.500,"131,484.000",129.00,R$/MWh,0.00,0.00,"16,961,436.00",#REF!,#REF!,0.00,0.00,0.00,1/1/2018,12/31/2047,Não,"3,717.03",#REF!
,910,2013,LEN,16ºLEN,Leilão de Energia Nova,006/2013,DELTA,13.537.735/0003-62,DIS25-2018,UTE.AI.MG.028219-7.01,DELTA,Sem Pendências,MG,Biomassa,Bagaço de Cana de Açúcar,SE,"113,600,000.00",#REF!,40.000,,,0.000,23.800,0.1,190,190,190,19.000,19.000,19.000,19.000,19.000,"4,163,736.000",135.31,R$/MWh,0.00,0.00,"563,395,118.16",#REF!,#REF!,"22,968,720.00","22,968,720.00","22,968,720.00",1/1/2018,12/31/2042,Não,"3,717.03",#REF!
,911,2013,LEN,16ºLEN,Leilão de Energia Nova,006/2013,ELDORADO,05.620.523/0002-35,DIS25-2018,UTE.AI.MS.029193-5.01,ELDORADO AMPLIAÇÃO,Sem Pendências,MS,Biomassa,Bagaço de Cana de Açúcar,SE,"215,429,000.00",#REF!,116.000,,,0.000,52.200,0.1,522,522,522,52.200,52.200,52.200,52.200,52.200,"11,439,316.800",132.30,R$/MWh,0.00,0.00,"1,513,421,612.64",#REF!,#REF!,"61,309,100.00","61,309,100.00","61,309,100.00",1/1/2018,12/31/2042,Não,"3,717.03",#REF!
,912,2013,LEN,16ºLEN,Leilão de Energia Nova,006/2013,CANTO DO BURITI,14.780.903/0001-47,DIS25-2018,UTE.FL.PI.031347-5.01,CANTO DO BURITI,Outorga Revogada,PI,Biomassa,Cavaco/ Resíduo de Madeira,NE,"469,407,000.00",#REF!,150.000,,,0.000,119.100,0.1,"1,191","1,191","1,191",119.100,119.100,119.100,119.100,119.100,"26,100,050.400",136.69,R$/MWh,0.00,0.00,"3,567,615,889.18",#REF!,#REF!,"108,132,591.20","108,132,591.20","108,132,591.20",1/1/2018,12/31/2042,Não,"3,717.03",#REF!
,913,2013,LEN,16ºLEN,Leilão de Energia Nova,006/2013,EGP FAZENDA,17.018.327/0001-93,QTD30-2018,PCH.PH.MT.029734-8.01,DA FAZENDA,Sem Pendências,MT,Hidrelétrica (PCH),Rio Apiacás,SE,"126,336,230.00",#REF!,19.500,,,0.000,9.100,0.1,91,91,91,9.100,9.100,9.100,9.100,9.100,"2,393,008.800",120.00,R$/MWh,0.00,0.00,"287,161,056.00",#REF!,#REF!,0.00,0.00,0.00,1/1/2018,12/31/2047,Não,"3,717.03",#REF!
,914,2013,LEN,16ºLEN,Leilão de Energia Nova,006/2013,CANTU 2,04.502.574/0001-19,QTD30-2018,PCH.PH.PR.029180-3.01,CANTU 2,Sem Pendências,PR,Hidrelétrica (PCH),Rio Cantu,S,"112,082,180.00",#REF!,18.000,,,0.000,9.500,0.1,95,95,95,9.500,9.500,9.500,9.500,9.500,"2,498,196.000",128.99,R$/MWh,0.00,0.00,"322,242,302.04",#REF!,#REF!,0.00,0.00,0.00,1/1/2018,12/31/2047,Não,"3,717.03",#REF!
,915,2013,LEN,16ºLEN,Leilão de Energia Nova,006/2013,EGP CABEÇA DE BOI,16.993.629/0001-10,QTD30-2018,PCH.PH.MT.029733-0.01,CABEÇA DE BOI,Sem Pendências,MT,Hidrelétrica (PCH),Rio Apiacás,SE,"188,169,560.00",#REF!,29.683,,,0.000,13.600,0.1,136,136,136,13.600,13.600,13.600,13.600,13.600,"3,576,364.800",119.99,R$/MWh,0.00,0.00,"429,128,012.35",#REF!,#REF!,0.00,0.00,0.00,1/1/2018,12/31/2047,Não,"3,717.03",#REF!
,916,2013,LEN,16ºLEN,Leilão de Energia Nova,006/2013,RAIZEN,09.538.989/0001-66,DIS25-2018,UTE.AI.MS.030104-3.01,CAARAPÓ,Sem Pendências,MS,Biomassa,Bagaço de Cana de Açúcar,SE,"140,143,300.00",#REF!,38.000,,,0.000,17.000,0.1,153,153,153,15.300,15.300,15.300,15.300,15.300,"3,352,903.200",134.37,R$/MWh,0.00,0.00,"450,529,602.98",#REF!,#REF!,"18,512,062.60","18,512,062.60","18,512,062.60",1/1/2018,12/31/2042,Não,"3,717.03",#REF!
,917,2013,LEN,16ºLEN,Leilão de Energia Nova,006/2013,CGB,14.914.443/0001-00,DIS25-2018,UTE.FL.BA.031326-2.01,CAMPO GRANDE,Outorga Revogada,BA,Biomassa,Cavaco/ Resíduo de Madeira,NE,"496,407,000.00",#REF!,150.000,,,0.000,122.100,0.1,"1,221","1,221","1,221",122.100,122.100,122.100,122.100,122.100,"26,757,482.400",136.69,R$/MWh,0.00,0.00,"3,657,480,269.26",#REF!,#REF!,"111,277,585.11","111,277,585.11","111,277,585.11",1/1/2018,12/31/2042,Não,"3,717.03",#REF!
,918,2013,LEN,16ºLEN,Leilão de Energia Nova,006/2013,TANABI,47.080.619/0030-51,DIS25-2018,UTE.AI.SP.030095-0.01,GUARANI TANABI,Sem Pendências,SP,Biomassa,Bagaço de Cana de Açúcar,SE,"93,750,000.00",#REF!,34.000,,,0.000,15.000,0.1,106,106,106,10.600,10.600,10.600,10.600,10.600,"2,322,926.400",134.89,R$/MWh,0.00,0.00,"313,339,542.10",#REF!,#REF!,"12,867,140.28","12,867,140.28","12,867,140.28",1/1/2018,12/31/2042,Não,"3,717.03",#REF!
,919,2013,LEN,16ºLEN,Leilão de Energia Nova,006/2013,TANABI,47.080.619/0030-51,DIS25-2018,UTE.AI.SP.031445-5.01,GUARANI TANABI 2,Sem Pendências,SP,Biomassa,Bagaço de Cana de Açúcar,SE,"85,676,600.00",#REF!,34.000,,,0.000,16.000,0.1,113,106,106,11.300,11.300,11.300,11.300,11.300,"2,476,327.200",133.89,R$/MWh,0.00,0.00,"331,555,448.81",#REF!,#REF!,"13,688,856.99","13,688,856.99","13,688,856.99",1/1/2018,12/31/2042,Não,"3,717.03",#REF!
,920,2013,LEN,16ºLEN,Leilão de Energia Nova,006/2013,MANOPLA,05.643.940/0001-12,QTD30-2018,PCH.PH.PE.030572-3.01,MANOPLA,Sem Pendências,PE,Hidrelétrica (PCH),Rio Sirinhaém,NE,"44,959,060.00",#REF!,5.000,,,0.000,2.600,0.1,26,26,26,2.600,2.600,2.600,2.600,2.600,"683,716.800",128.99,R$/MWh,0.00,0.00,"88,192,630.03",#REF!,#REF!,0.00,0.00,0.00,1/1/2018,12/31/2047,Não,"3,717.03",#REF!
,921,2013,LEN,16ºLEN,Leilão de Energia Nova,006/2013,PCH MATA VELHA,11.083.857/0001-39,QTD30-2018,PCH.PH.MG.028607-9.01,MATA VELHA,Sem Pendências,MG,Hidrelétrica (PCH),Rio Preto,SE,"178,544,660.00",#REF!,24.000,,,0.000,13.100,0.1,127,127,127,12.700,12.700,12.700,12.700,12.700,"3,339,693.600",128.99,R$/MWh,0.00,0.00,"430,787,077.46",#REF!,#REF!,0.00,0.00,0.00,1/1/2018,12/31/2047,Não,"3,717.03",#REF!
,922,2013,LEN,16ºLEN,Leilão de Energia Nova,006/2013,AMANDINA,07.903.169/0001-09,DIS25-2018,UTE.AI.MS.030115-9.01,AMANDINA,Sem Pendências,MS,Biomassa,Bagaço de Cana de Açúcar,SE,"94,329,630.00",#REF!,40.000,,,0.000,13.300,0.1,100,100,100,10.000,10.000,10.000,10.000,10.000,"2,191,440.000",135.00,R$/MWh,0.00,0.00,"295,844,400.00",#REF!,#REF!,"12,082,615.68","12,082,615.68","12,082,615.68",1/1/2018,12/31/2042,Não,"3,717.03",#REF!
,923,2013,LEN,17ºLEN,Leilão de Energia Nova,009/2013,VERACE 34,18.500.000/0000-00,DIS-2016,EOL.CV.RS.031601-6.01,VERACE 34,Contrato Rescindido,RS,Eólica,Cinética do Vento,S,"76,903,310.00",#REF!,16.000,,,0.000,6.700,0.1,47,47,47,4.700,4.700,4.700,4.700,4.700,"824,004.000",123.90,R$/MWh,0.00,0.00,"102,094,095.60",#REF!,#REF!,"5,137,752.87","5,137,752.87","5,137,752.87",1/1/2016,12/31/2035,Não,"3,760.30",#REF!
,924,2013,LEN,17ºLEN,Leilão de Energia Nova,009/2013,VERACE 30,18.400.000/0000-02,DIS-2016,EOL.CV.RS.031602-4.01,VERACE 30,Contrato Rescindido,RS,Eólica,Cinética do Vento,S,"96,129,150.00",#REF!,20.000,,,0.000,8.200,0.1,58,58,58,5.800,5.800,5.800,5.800,5.800,"1,016,856.000",123.90,R$/MWh,0.00,0.00,"125,988,458.40",#REF!,#REF!,"6,367,824.70","6,367,824.70","6,367,824.70",1/1/2016,12/31/2035,Não,"3,760.30",#REF!
,925,2013,LEN,17ºLEN,Leilão de Energia Nova,009/2013,VERACE 31,18.400.000/0000-03,DIS-2016,EOL.CV.RS.031558-3.01,VERACE 31,Contrato Rescindido,RS,Eólica,Cinética do Vento,S,"48,064,560.00",#REF!,10.000,,,0.000,4.200,0.1,30,30,30,3.000,3.000,3.000,3.000,3.000,"525,960.000",123.90,R$/MWh,0.00,0.00,"65,166,444.00",#REF!,#REF!,"3,284,831.61","3,284,831.61","3,284,831.61",1/1/2016,12/31/2035,Não,"3,760.30",#REF!
,926,2013,LEN,17ºLEN,Leilão de Energia Nova,009/2013,VERACE 35,18.500.000/0000-01,DIS-2016,EOL.CV.RS.031539-7.01,VERACE 35,Contrato Rescindido,RS,Eólica,Cinética do Vento,S,"67,290,400.00",#REF!,14.000,,,0.000,5.800,0.1,41,41,41,4.100,4.100,4.100,4.100,4.100,"718,812.000",123.90,R$/MWh,0.00,0.00,"89,060,806.80",#REF!,#REF!,"4,497,099.42","4,497,099.42","4,497,099.42",1/1/2016,12/31/2035,Não,"3,760.30",#REF!
,927,2013,LEN,17ºLEN,Leilão de Energia Nova,009/2013,VERACE 36,18.500.000/0000-02,DIS-2016,EOL.CV.RS.031610-5.01,VERACE 36,Contrato Rescindido,RS,Eólica,Cinética do Vento,S,"115,354,960.00",#REF!,24.000,,,0.000,9.700,0.1,68,68,68,6.800,6.800,6.800,6.800,6.800,"1,192,176.000",123.90,R$/MWh,0.00,0.00,"147,710,606.40",#REF!,#REF!,"7,471,537.15","7,471,537.15","7,471,537.15",1/1/2016,12/31/2035,Não,"3,760.30",#REF!
,928,2013,LEN,17ºLEN,Leilão de Energia Nova,009/2013,VERACE 26,18.300.000/0000-02,DIS-2016,EOL.CV.RS.031559-1.01,VERACE 26,Contrato Rescindido,RS,Eólica,Cinética do Vento,S,"76,903,310.00",#REF!,16.000,,,0.000,7.000,0.1,49,49,49,4.900,4.900,4.900,4.900,4.900,"859,068.000",123.90,R$/MWh,0.00,0.00,"106,438,525.20",#REF!,#REF!,"5,392,689.20","5,392,689.20","5,392,689.20",1/1/2016,12/31/2035,Não,"3,760.30",#REF!
,929,2013,LEN,17ºLEN,Leilão de Energia Nova,009/2013,VERACE 28,18.400.000/0000-00,DIS-2016,EOL.CV.RS.031578-8.01,VERACE 28,Contrato Rescindido,RS,Eólica,Cinética do Vento,S,"67,290,400.00",#REF!,14.000,,,0.000,5.900,0.1,42,42,42,4.200,4.200,4.200,4.200,4.200,"736,344.000",123.90,R$/MWh,0.00,0.00,"91,233,021.60",#REF!,#REF!,"4,629,084.22","4,629,084.22","4,629,084.22",1/1/2016,12/31/2035,Não,"3,760.30",#REF!
,930,2013,LEN,17ºLEN,Leilão de Energia Nova,009/2013,VERACE 27,18.300.000/0000-03,DIS-2016,EOL.CV.RS.031600-8.01,VERACE 27,Contrato Rescindido,RS,Eólica,Cinética do Vento,S,"86,516,240.00",#REF!,18.000,,,0.000,7.900,0.1,56,56,56,5.600,5.600,5.600,5.600,5.600,"981,792.000",123.90,R$/MWh,0.00,0.00,"121,644,028.80",#REF!,#REF!,"6,146,926.58","6,146,926.58","6,146,926.58",1/1/2016,12/31/2035,Não,"3,760.30",#REF!
,931,2013,LEN,17ºLEN,Leilão de Energia Nova,009/2013,VERACE 29,18.400.000/0000-01,DIS-2016,EOL.CV.RS.031557-5.01,VERACE 29,Contrato Rescindido,RS,Eólica,Cinética do Vento,S,"96,129,150.00",#REF!,20.000,,,0.000,8.300,0.1,59,59,59,5.900,5.900,5.900,5.900,5.900,"1,034,388.000",123.90,R$/MWh,0.00,0.00,"128,160,673.20",#REF!,#REF!,"6,459,162.53","6,459,162.53","6,459,162.53",1/1/2016,12/31/2035,Não,"3,760.30",#REF!
,932,2013,LEN,17ºLEN,Leilão de Energia Nova,009/2013,POVO NOVO,17.400.000/0000-00,DIS-2016,EOL.CV.RS.031562-1.01,POVO NOVO,Outorga Revogada,RS,Eólica,Cinética do Vento,S,"32,583,650.00",#REF!,7.500,,,0.000,2.900,0.1,29,29,29,2.900,2.900,2.900,2.900,2.900,"508,428.000",125.90,R$/MWh,0.00,0.00,"64,011,085.20",#REF!,#REF!,"3,232,871.44","3,232,871.44","3,232,871.44",1/1/2016,12/31/2035,Não,"3,760.30",#REF!
,933,2013,LEN,17ºLEN,Leilão de Energia Nova,009/2013,CSVIII,20.600.000/0000-00,DIS-2016,EOL.CV.PE.031560-5.01,SERRA DAS VACAS III,Sem Pendências,PE,Eólica,Cinética do Vento,NE,"122,640,000.00",#REF!,30.000,,,0.000,11.000,0.1,110,110,110,11.000,11.000,11.000,11.000,11.000,"1,928,520.000",122.88,R$/MWh,0.00,0.00,"236,976,537.60",#REF!,#REF!,"11,898,581.74","11,898,581.74","11,898,581.74",1/1/2016,12/31/2035,Não,"3,760.30",#REF!
,934,2013,LEN,17ºLEN,Leilão de Energia Nova,009/2013,CSVII,20.500.000/0000-00,DIS-2016,EOL.CV.PE.031540-0.01,SERRA DAS VACAS II,Sem Pendências,PE,Eólica,Cinética do Vento,NE,"122,640,000.00",#REF!,30.000,,,0.000,9.900,0.1,99,99,99,9.900,9.900,9.900,9.900,9.900,"1,735,668.000",122.88,R$/MWh,0.00,0.00,"213,278,883.84",#REF!,#REF!,"10,673,967.88","10,673,967.88","10,673,967.88",1/1/2016,12/31/2035,Não,"3,760.30",#REF!
,935,2013,LEN,17ºLEN,Leilão de Energia Nova,009/2013,CSVIV,20.800.000/0000-00,DIS-2016,EOL.CV.PE.031574-5.01,SERRA DAS VACAS IV,Sem Pendências,PE,Eólica,Cinética do Vento,NE,"122,640,000.00",#REF!,30.000,,,0.000,10.500,0.1,105,105,105,10.500,10.500,10.500,10.500,10.500,"1,840,860.000",122.88,R$/MWh,0.00,0.00,"226,204,876.80",#REF!,#REF!,"11,363,065.99","11,363,065.99","11,363,065.99",1/1/2016,12/31/2035,Não,"3,760.30",#REF!
,936,2013,LEN,17ºLEN,Leilão de Energia Nova,009/2013,CSV,20.400.000/0000-00,DIS-2016,EOL.CV.PE.031537-0.01,SERRA DAS VACAS I,Sem Pendências,PE,Eólica,Cinética do Vento,NE,"124,446,750.00",#REF!,30.000,,,0.000,12.200,0.1,122,122,122,12.200,12.200,12.200,12.200,12.200,"2,138,904.000",122.88,R$/MWh,0.00,0.00,"262,828,523.52",#REF!,#REF!,"13,188,782.25","13,188,782.25","13,188,782.25",1/1/2016,12/31/2035,Não,"3,760.30",#REF!
,937,2013,LEN,17ºLEN,Leilão de Energia Nova,009/2013,CHUÍ 09,18.500.000/0000-03,DIS-2016,EOL.CV.RS.031517-6.01,CHUÍ 09,Contrato Rescindido,RS,Eólica,Cinética do Vento,S,"96,129,150.00",#REF!,20.000,,,0.000,7.800,0.1,55,55,55,5.500,5.500,5.500,5.500,5.500,"964,260.000",123.90,R$/MWh,0.00,0.00,"119,471,814.00",#REF!,#REF!,"6,032,541.60","6,032,541.60","6,032,541.60",1/1/2016,12/31/2035,Não,"3,760.30",#REF!
,938,2013,LEN,17ºLEN,Leilão de Energia Nova,009/2013,CAPÃO DO INGLÊS,18.200.000/0000-02,DIS-2016,EOL.CV.RS.031510-9.01,CAPÃO DO INGLÊS,Sem Pendências,RS,Eólica,Cinética do Vento,S,"53,879,530.00",#REF!,10.000,,,0.000,3.900,0.1,28,28,28,2.800,2.800,2.800,2.800,2.800,"490,896.000",126.00,R$/MWh,0.00,0.00,"61,852,896.00",#REF!,#REF!,"3,143,520.13","3,143,520.13","3,143,520.13",1/1/2016,12/31/2035,Não,"3,760.30",#REF!
,939,2013,LEN,17ºLEN,Leilão de Energia Nova,009/2013,GPEXPAN,18.100.000/0000-00,DIS-2016,EOL.CV.BA.031518-4.01,COQUEIRINHO 2,Sem Pendências,BA,Eólica,Cinética do Vento,NE,"34,423,850.00",#REF!,20.000,,,0.000,8.500,0.1,73,73,73,7.300,7.300,7.300,7.300,7.300,"1,279,836.000",122.86,R$/MWh,0.00,0.00,"157,240,650.96",#REF!,#REF!,"7,999,693.64","7,999,693.64","7,999,693.64",1/1/2016,12/31/2035,Não,"3,760.30",#REF!
,940,2013,LEN,17ºLEN,Leilão de Energia Nova,009/2013,COXILHA SECA,18.200.000/0000-01,DIS-2016,EOL.CV.RS.031487-0.01,COXILHA SECA,Sem Pendências,RS,Eólica,Cinética do Vento,S,"132,366,920.00",#REF!,30.000,,,0.000,11.800,0.1,83,83,83,8.300,8.300,8.300,8.300,8.300,"1,455,156.000",126.00,R$/MWh,0.00,0.00,"183,349,656.00",#REF!,#REF!,"9,294,375.17","9,294,375.17","9,294,375.17",1/1/2016,12/31/2035,Não,"3,760.30",#REF!
,941,2013,LEN,17ºLEN,Leilão de Energia Nova,009/2013,CURUPIRA,17.600.000/0000-00,DIS-2016,EOL.CV.RS.031535-4.01,CURUPIRA,Outorga Revogada,RS,Eólica,Cinética do Vento,S,"96,038,510.00",#REF!,25.000,,,0.000,9.600,0.1,92,92,92,9.200,9.200,9.200,9.200,9.200,"1,612,944.000",125.90,R$/MWh,0.00,0.00,"203,069,649.60",#REF!,#REF!,"10,276,613.90","10,276,613.90","10,276,613.90",1/1/2016,12/31/2035,Não,"3,760.30",#REF!
,942,2013,LEN,17ºLEN,Leilão de Energia Nova,009/2013,SANTA JOANA IV,19.100.000/0000-02,DIS-2016,EOL.CV.PI.031520-6.01,VENTOS DE SANTA JOANA IV,Sem Pendências,PI,Eólica,Cinética do Vento,NE,"105,250,000.00",#REF!,30.000,,,0.000,14.200,0.1,142,142,142,14.200,14.200,14.200,14.200,14.200,"2,489,544.000",125.37,R$/MWh,0.00,0.00,"312,114,131.28",#REF!,#REF!,"16,465,409.77","16,465,409.77","16,465,409.77",1/1/2016,12/31/2035,Não,"3,760.30",#REF!
,943,2013,LEN,17ºLEN,Leilão de Energia Nova,009/2013,SANTA JOANA V,19.100.000/0000-03,DIS-2016,EOL.CV.PI.031538-9.01,VENTOS DE SANTA JOANA V,Sem Pendências,PI,Eólica,Cinética do Vento,NE,"105,250,000.00",#REF!,30.000,,,0.000,14.100,0.1,141,141,141,14.100,14.100,14.100,14.100,14.100,"2,472,012.000",125.37,R$/MWh,0.00,0.00,"309,916,144.44",#REF!,#REF!,"16,345,659.60","16,345,659.60","16,345,659.60",1/1/2016,12/31/2035,Não,"3,760.30",#REF!
,944,2013,LEN,17ºLEN,Leilão de Energia Nova,009/2013,SANTA JOANA III,19.100.000/0000-01,DIS-2016,EOL.CV.PI.031580-0.01,VENTOS DE SANTA JOANA III,Sem Pendências,PI,Eólica,Cinética do Vento,NE,"105,250,000.00",#REF!,30.000,,,0.000,14.300,0.1,134,134,134,13.400,13.400,13.400,13.400,13.400,"2,349,288.000",125.37,R$/MWh,0.00,0.00,"294,530,236.56",#REF!,#REF!,"15,515,960.85","15,515,960.85","15,515,960.85",1/1/2016,12/31/2035,Não,"3,760.30",#REF!
,945,2013,LEN,17ºLEN,Leilão de Energia Nova,009/2013,SANTA JOANA I,19.100.000/0000-00,DIS-2016,EOL.CV.PI.031581-8.01,VENTOS DE SANTA JOANA I,Sem Pendências,PI,Eólica,Cinética do Vento,NE,"105,250,000.00",#REF!,30.000,,,0.000,14.700,0.1,147,147,147,14.700,14.700,14.700,14.700,14.700,"2,577,204.000",125.37,R$/MWh,0.00,0.00,"323,104,065.48",#REF!,#REF!,"17,069,496.11","17,069,496.11","17,069,496.11",1/1/2016,12/31/2035,Não,"3,760.30",#REF!
,946,2013,LEN,17ºLEN,Leilão de Energia Nova,009/2013,SANTO AUGUSTO V,18.900.000/0000-04,DIS-2016,EOL.CV.PI.031661-0.01,VENTOS DE SANTO AUGUSTO V,Sem Pendências,PI,Eólica,Cinética do Vento,NE,"102,940,000.00",#REF!,30.000,,,0.000,16.200,0.1,134,134,134,13.400,13.400,13.400,13.400,13.400,"2,349,288.000",125.38,R$/MWh,0.00,0.00,"294,553,729.44",#REF!,#REF!,"15,349,466.38","15,349,466.38","15,349,466.38",1/1/2016,12/31/2035,Não,"3,760.30",#REF!
,947,2013,LEN,17ºLEN,Leilão de Energia Nova,009/2013,SANTA JOANA VII,19.100.000/0000-04,DIS-2016,EOL.CV.PI.031597-4.01,VENTOS DE SANTA JOANA VII,Sem Pendências,PI,Eólica,Cinética do Vento,NE,"105,250,000.00",#REF!,30.000,,,0.000,14.800,0.1,148,148,148,14.800,14.800,14.800,14.800,14.800,"2,594,736.000",125.37,R$/MWh,0.00,0.00,"325,302,052.32",#REF!,#REF!,"17,160,215.07","17,160,215.07","17,160,215.07",1/1/2016,12/31/2035,Não,"3,760.30",#REF!
,948,2013,LEN,17ºLEN,Leilão de Energia Nova,009/2013,SANTO AUGUSTO IV,18.900.000/0000-03,DIS-2016,EOL.CV.PI.031603-2.01,VENTOS DE SANTO AUGUSTO IV,Sem Pendências,PI,Eólica,Cinética do Vento,NE,"102,940,000.00",#REF!,30.000,,,0.000,15.700,0.1,154,154,154,15.400,15.400,15.400,15.400,15.400,"2,699,928.000",125.37,R$/MWh,0.00,0.00,"338,489,973.36",#REF!,#REF!,"17,670,746.12","17,670,746.12","17,670,746.12",1/1/2016,12/31/2035,Não,"3,760.30",#REF!
,949,2013,LEN,17ºLEN,Leilão de Energia Nova,009/2013,SANTO AUGUSTO III,18.900.000/0000-02,DIS-2016,EOL.CV.PI.031662-8.01,VENTOS DE SANTO AUGUSTO III,Sem Pendências,PI,Eólica,Cinética do Vento,NE,"102,940,000.00",#REF!,30.000,,,0.000,15.600,0.1,140,140,140,14.000,14.000,14.000,14.000,14.000,"2,454,480.000",125.38,R$/MWh,0.00,0.00,"307,742,702.40",#REF!,#REF!,"16,040,114.34","16,040,114.34","16,040,114.34",1/1/2016,12/31/2035,Não,"3,760.30",#REF!
,950,2013,LEN,17ºLEN,Leilão de Energia Nova,009/2013,VERACE 25,18.300.000/0000-01,DIS-2016,EOL.CV.RS.031541-9.01,VERACE 25,Contrato Rescindido,RS,Eólica,Cinética do Vento,S,"38,451,650.00",#REF!,8.000,,,0.000,3.300,0.1,24,24,24,2.400,2.400,2.400,2.400,2.400,"420,768.000",123.90,R$/MWh,0.00,0.00,"52,133,155.20",#REF!,#REF!,"2,667,668.50","2,667,668.50","2,667,668.50",1/1/2016,12/31/2035,Não,"3,760.30",#REF!
,951,2013,LEN,17ºLEN,Leilão de Energia Nova,009/2013,VERACE 24,18.300.000/0000-00,DIS-2016,EOL.CV.RS.031561-3.01,VERACE 24,Contrato Rescindido,RS,Eólica,Cinética do Vento,S,"105,742,050.00",#REF!,22.000,,,0.000,9.200,0.1,65,65,65,6.500,6.500,6.500,6.500,6.500,"1,139,580.000",123.90,R$/MWh,0.00,0.00,"141,193,962.00",#REF!,#REF!,"7,155,956.08","7,155,956.08","7,155,956.08",1/1/2016,12/31/2035,Não,"3,760.30",#REF!
,952,2013,LEN,17ºLEN,Leilão de Energia Nova,009/2013,MORRINHOS II,19.700.000/0000-00,DIS-2016,EOL.CV.BA.031563-0.01,VENTOS DE GUARÁS I,Sem Pendências,BA,Eólica,Cinética do Vento,NE,"111,050,000.00",#REF!,30.000,,,0.000,15.900,0.1,155,155,155,15.500,15.500,15.500,15.500,15.500,"2,717,460.000",118.00,R$/MWh,0.00,0.00,"320,660,280.00",#REF!,#REF!,"16,500,209.75","16,500,209.75","16,500,209.75",1/1/2016,12/31/2035,Não,"3,760.30",#REF!
,953,2013,LEN,17ºLEN,Leilão de Energia Nova,009/2013,ENERPLAN,15.355.380/0001-54,DIS-2016,EOL.CV.RS.031509-5.01,PONTAL 2A,Sem Pendências,RS,Eólica,Cinética do Vento,S,"97,362,000.00",#REF!,21.600,,,0.000,7.100,0.1,71,71,71,7.100,7.100,7.100,7.100,7.100,"1,244,772.000",125.90,R$/MWh,0.00,0.00,"156,716,794.80",#REF!,#REF!,"7,718,332.16","7,718,332.16","7,718,332.16",1/1/2016,12/31/2035,Não,"3,760.30",#REF!
,954,2013,LEN,17ºLEN,Leilão de Energia Nova,009/2013,GPEXPAN,18.100.000/0000-00,DIS-2016,EOL.CV.BA.031511-7.01,PAPAGAIO,Sem Pendências,BA,Eólica,Cinética do Vento,NE,"34,423,850.00",#REF!,18.000,,,0.000,4.900,0.1,47,47,47,4.700,4.700,4.700,4.700,4.700,"824,004.000",122.58,R$/MWh,0.00,0.00,"101,006,410.32",#REF!,#REF!,"5,130,547.04","5,130,547.04","5,130,547.04",1/1/2016,12/31/2035,Não,"3,760.30",#REF!
,955,2013,LEN,17ºLEN,Leilão de Energia Nova,009/2013,CEC,09.341.337/0001-37,DIS-2016,EOL.CV.BA.031523-0.01,CAETITÉ C,Sem Pendências,BA,Eólica,Cinética do Vento,NE,"36,010,000.00",#REF!,15.000,,,0.000,4.000,0.1,39,39,39,3.900,3.900,3.900,3.900,3.900,"683,748.000",125.46,R$/MWh,0.00,0.00,"85,783,024.08",#REF!,#REF!,"4,387,229.44","4,387,229.44","4,387,229.44",1/1/2016,12/31/2035,Não,"3,760.30",#REF!
,956,2013,LEN,17ºLEN,Leilão de Energia Nova,009/2013,GALPÕES,18.200.000/0000-00,DIS-2016,EOL.CV.RS.031477-3.01,GALPÕES,Sem Pendências,RS,Eólica,Cinética do Vento,S,"45,975,800.00",#REF!,8.000,,,0.000,3.000,0.1,21,21,21,2.100,2.100,2.100,2.100,2.100,"368,172.000",126.00,R$/MWh,0.00,0.00,"46,389,672.00",#REF!,#REF!,"2,374,735.04","2,374,735.04","2,374,735.04",1/1/2016,12/31/2035,Não,"3,760.30",#REF!
,957,2013,LEN,17ºLEN,Leilão de Energia Nova,009/2013,ITAREMA,13.234.214/0001-74,DIS-2016,EOL.CV.CE.031483-8.01,ITAREMA II,Sem Pendências,CE,Eólica,Cinética do Vento,NE,"94,916,000.00",#REF!,30.000,,,0.000,15.400,0.1,130,130,130,13.000,13.000,13.000,13.000,13.000,"2,279,160.000",125.48,R$/MWh,0.00,0.00,"285,988,996.80",#REF!,#REF!,"14,730,797.18","14,730,797.18","14,730,797.18",1/1/2016,12/31/2035,Não,"3,760.30",#REF!
,958,2013,LEN,17ºLEN,Leilão de Energia Nova,009/2013,ITAREMA,13.234.214/0001-74,DIS-2016,EOL.CV.CE.031485-4.01,ITAREMA I,Sem Pendências,CE,Eólica,Cinética do Vento,NE,"88,587,000.00",#REF!,28.000,,,0.000,16.900,0.1,135,135,135,13.500,13.500,13.500,13.500,13.500,"2,366,820.000",125.47,R$/MWh,0.00,0.00,"296,964,905.40",#REF!,#REF!,"15,152,845.67","15,152,845.67","15,152,845.67",1/1/2016,12/31/2035,Não,"3,760.30",#REF!
,959,2013,LEN,17ºLEN,Leilão de Energia Nova,009/2013,FAZENDA VERA CRUZ,17.500.000/0000-00,DIS-2016,EOL.CV.RS.031536-2.01,FAZENDA VERA CRUZ,Outorga Revogada,RS,Eólica,Cinética do Vento,S,"86,452,990.00",#REF!,22.500,,,0.000,8.500,0.1,82,82,82,8.200,8.200,8.200,8.200,8.200,"1,437,624.000",125.90,R$/MWh,0.00,0.00,"180,996,861.60",#REF!,#REF!,"9,143,075.09","9,143,075.09","9,143,075.09",1/1/2016,12/31/2035,Não,"3,760.30",#REF!
,960,2013,LEN,17ºLEN,Leilão de Energia Nova,009/2013,ITAREMA,13.234.214/0001-74,DIS-2016,EOL.CV.CE.031482-0.01,ITAREMA V,Sem Pendências,CE,Eólica,Cinética do Vento,NE,"90,365,000.00",#REF!,26.000,,,0.000,12.100,0.1,94,94,94,9.400,9.400,9.400,9.400,9.400,"1,648,008.000",125.49,R$/MWh,0.00,0.00,"206,808,523.92",#REF!,#REF!,"10,672,907.76","10,672,907.76","10,672,907.76",1/1/2016,12/31/2035,Não,"3,760.30",#REF!
,961,2013,LEN,17ºLEN,Leilão de Energia Nova,009/2013,ITAREMA,13.234.214/0001-74,DIS-2016,EOL.CV.CE.031484-6.01,ITAREMA III,Sem Pendências,CE,Eólica,Cinética do Vento,NE,"44,299,000.00",#REF!,14.000,,,0.000,8.500,0.1,76,76,76,7.600,7.600,7.600,7.600,7.600,"1,332,432.000",125.50,R$/MWh,0.00,0.00,"167,220,216.00",#REF!,#REF!,"8,569,334.37","8,569,334.37","8,569,334.37",1/1/2016,12/31/2035,Não,"3,760.30",#REF!
,962,2013,LEN,18ºLEN,Leilão de Energia Nova,010/2013,VOLTALIA,08.351.042/0001-89,DISES-2018,EOL.CV.RN.031765-9.01,VILA PARÁ III,Antecipação de Contrato,RN,Eólica,Cinética do Vento,NE,"90,882,430.00",#REF!,30.000,,,0.000,13.900,0.1,105,105,105,10.500,10.500,10.500,10.500,10.500,"1,810,609.500",120.37,R$/MWh,0.00,0.00,"217,943,065.52",#REF!,#REF!,"7,527,504.25","11,216,352.65","11,216,352.65",5/1/2018,12/31/2037,Não,"3,780.61",#REF!
,963,2013,LEN,18ºLEN,Leilão de Energia Nova,010/2013,VISTA ALEGRE I,14.180.940/0001-14,DIST-2018,UTE.AI.MS.029994-4.01,VISTA ALEGRE I,Sem Pendências,MS,Biomassa,Bagaço de Cana de Açúcar,SE,"94,554,240.00",#REF!,30.000,,,0.000,22.200,0.1,156,156,156,15.600,15.600,15.600,15.600,15.600,"3,373,702.800",133.01,R$/MWh,0.00,0.00,"448,736,209.43",#REF!,#REF!,"12,362,143.80","18,420,204.06","18,420,204.06",5/1/2018,12/31/2042,Não,"3,780.61",#REF!
,964,2013,LEN,18ºLEN,Leilão de Energia Nova,010/2013,UVA2,33.700.000/0000-00,DIST-2018,UTE.AI.MS.031702-0.01,VISTA ALEGRE II,Sem Pendências,MS,Biomassa,Bagaço de Cana de Açúcar,SE,"94,554,240.00",#REF!,30.000,,,0.000,20.400,0.1,204,204,204,20.400,20.400,20.400,20.400,20.400,"4,411,765.200",133.00,R$/MWh,0.00,0.00,"586,764,771.60",#REF!,#REF!,"16,516,343.34","24,610,166.30","24,610,166.30",5/1/2018,12/31/2042,Não,"3,780.61",#REF!
,965,2013,LEN,18ºLEN,Leilão de Energia Nova,010/2013,VOLTALIA,08.351.042/0001-89,DISES-2018,EOL.CV.RN.031759-4.01,VILA PARÁ I,Antecipação de Contrato,RN,Eólica,Cinética do Vento,NE,"90,882,430.00",#REF!,30.000,,,0.000,14.200,0.1,118,105,105,11.800,11.800,11.800,11.800,11.800,"2,034,780.200",119.13,R$/MWh,0.00,0.00,"242,403,365.23",#REF!,#REF!,"8,361,807.94","12,459,506.31","12,459,506.31",5/1/2018,12/31/2037,Não,"3,780.61",#REF!
,966,2013,LEN,18ºLEN,Leilão de Energia Nova,010/2013,VOLTALIA,08.351.042/0001-89,DISES-2018,EOL.CV.RN.031750-0.01,VILA AMAZONAS V,Antecipação de Contrato,RN,Eólica,Cinética do Vento,NE,"90,882,430.00",#REF!,30.000,,,0.000,14.800,0.1,105,105,105,10.500,10.500,10.500,10.500,10.500,"1,810,609.500",120.36,R$/MWh,0.00,0.00,"217,924,959.42",#REF!,#REF!,"7,526,979.55","11,215,570.82","11,215,570.82",5/1/2018,12/31/2037,Não,"3,780.61",#REF!
,967,2013,LEN,18ºLEN,Leilão de Energia Nova,010/2013,VOLTALIA,08.351.042/0001-89,DISES-2018,EOL.CV.RN.031757-8.01,VILA PARÁ II,Antecipação de Contrato,RN,Eólica,Cinética do Vento,NE,"90,882,430.00",#REF!,30.000,,,0.000,14.000,0.1,106,105,105,10.600,10.600,10.600,10.600,10.600,"1,827,853.400",120.38,R$/MWh,0.00,0.00,"220,036,992.29",#REF!,#REF!,"7,611,634.07","11,341,710.23","11,341,710.23",5/1/2018,12/31/2037,Não,"3,780.61",#REF!
,968,2013,LEN,18ºLEN,Leilão de Energia Nova,010/2013,CRNV&M,36.800.000/0000-00,DISES-2018,EOL.CV.BA.031752-7.01,UMBURANAS 13,Contrato Rescindido,BA,Eólica,Cinética do Vento,NE,"81,843,380.00",#REF!,18.900,,,0.000,10.300,0.1,100,100,100,10.000,10.000,10.000,10.000,10.000,"1,724,390.000",117.77,R$/MWh,0.00,0.00,"203,081,410.30",#REF!,#REF!,"7,050,625.57","10,505,779.89","10,505,779.89",5/1/2018,12/31/2037,Não,"3,780.61",#REF!
,969,2013,LEN,18ºLEN,Leilão de Energia Nova,010/2013,CRNV&M,36.800.000/0000-00,DISES-2018,EOL.CV.BA.031753-5.01,UMBURANAS 14,Outorga Revogada,BA,Eólica,Cinética do Vento,NE,"108,050,960.00",#REF!,24.900,,,0.000,12.200,0.1,119,100,100,11.900,11.900,11.900,11.900,11.900,"2,052,024.100",119.75,R$/MWh,0.00,0.00,"245,729,885.98",#REF!,#REF!,"8,486,339.45","12,645,064.39","12,645,064.39",5/1/2018,12/31/2037,Não,"3,780.61",#REF!
,970,2013,LEN,18ºLEN,Leilão de Energia Nova,010/2013,CRNV&M,36.800.000/0000-00,DISES-2018,EOL.CV.BA.031756-0.01,UMBURANAS 18,Contrato Rescindido,BA,Eólica,Cinética do Vento,NE,"35,806,790.00",#REF!,8.100,,,0.000,4.400,0.1,42,100,100,4.200,4.200,4.200,4.200,4.200,"724,243.800",119.75,R$/MWh,0.00,0.00,"86,728,195.05",#REF!,#REF!,"2,978,829.85","4,438,603.42","4,438,603.42",5/1/2018,12/31/2037,Não,"3,780.61",#REF!
,971,2013,LEN,18ºLEN,Leilão de Energia Nova,010/2013,CRNV&M,36.800.000/0000-00,DISES-2018,EOL.CV.BA.031751-9.01,UMBURANAS 12,Outorga Revogada,BA,Eólica,Cinética do Vento,NE,"92,610,910.00",#REF!,22.800,,,0.000,12.000,0.1,117,100,100,11.700,11.700,11.700,11.700,11.700,"2,017,536.300",117.77,R$/MWh,0.00,0.00,"237,605,250.05",#REF!,#REF!,"8,264,206.61","12,314,075.51","12,314,075.51",5/1/2018,12/31/2037,Não,"3,780.61",#REF!
,972,2013,LEN,18ºLEN,Leilão de Energia Nova,010/2013,CRNV&M,36.800.000/0000-00,DISES-2018,EOL.CV.BA.031755-1.01,UMBURANAS 16,Contrato Rescindido,BA,Eólica,Cinética do Vento,NE,"97,625,710.00",#REF!,27.000,,,0.000,14.100,0.1,127,100,100,12.700,12.700,12.700,12.700,12.700,"2,189,975.300",119.75,R$/MWh,0.00,0.00,"262,249,542.18",#REF!,#REF!,"9,078,891.81","13,527,996.64","13,527,996.64",5/1/2018,12/31/2037,Não,"3,780.61",#REF!
,973,2013,LEN,18ºLEN,Leilão de Energia Nova,010/2013,CRNV&M,36.800.000/0000-00,DISES-2018,EOL.CV.BA.031754-3.01,UMBURANAS 15,Contrato Rescindido,BA,Eólica,Cinética do Vento,NE,"81,086,370.00",#REF!,18.900,,,0.000,9.600,0.1,94,100,100,9.400,9.400,9.400,9.400,9.400,"1,620,926.600",119.75,R$/MWh,0.00,0.00,"194,105,960.35",#REF!,#REF!,"6,709,640.42","9,997,695.20","9,997,695.20",5/1/2018,12/31/2037,Não,"3,780.61",#REF!
,974,2013,LEN,18ºLEN,Leilão de Energia Nova,010/2013,SANTA ROSA,40.300.000/0000-00,DISES-2018,EOL.CV.CE.031830-2.01,UIRAPURU,Outorga Revogada,CE,Eólica,Cinética do Vento,NE,"104,204,000.00",#REF!,28.000,,,0.000,12.600,0.1,112,112,112,11.200,11.200,11.200,11.200,11.200,"1,931,316.800",121.10,R$/MWh,0.00,0.00,"233,882,464.48",#REF!,#REF!,"8,343,534.97","12,432,278.67","12,432,278.67",5/1/2018,12/31/2037,Não,"3,780.61",#REF!
,975,2013,LEN,18ºLEN,Leilão de Energia Nova,010/2013,CRNV&M,36.800.000/0000-00,DISES-2018,EOL.CV.BA.031738-1.01,UMBURANAS 1,Contrato Rescindido,BA,Eólica,Cinética do Vento,NE,"98,244,980.00",#REF!,27.000,,,0.000,14.500,0.1,141,100,100,14.100,14.100,14.100,14.100,14.100,"2,431,389.900",117.77,R$/MWh,0.00,0.00,"286,344,788.52",#REF!,#REF!,"9,933,140.96","14,800,870.02","14,800,870.02",5/1/2018,12/31/2037,Não,"3,780.61",#REF!
,976,2013,LEN,18ºLEN,Leilão de Energia Nova,010/2013,TERRA NOVA,32.200.000/0000-00,QTD-2018 ,UHE.PH.PA.031444-7.01,UHE SÃO MANOEL,Antecipação de Contrato,PA,Hidrelétrica (UHE),Rio Teles Pires,SE,"2,292,951,980.00",#REF!,700.000,,,0.000,421.700,0.1,"4,095","4,095","4,095",409.500,409.500,409.500,409.500,409.500,"106,505,626.500",83.49,R$/MWh,0.00,0.00,"8,892,154,756.49",#REF!,#REF!,0.00,0.00,0.00,5/1/2018,12/31/2047,Não,"3,780.61",#REF!
,977,2013,LEN,18ºLEN,Leilão de Energia Nova,010/2013,CRNV&M,36.800.000/0000-00,DISES-2018,EOL.CV.BA.031744-6.01,UMBURANAS 11,Contrato Rescindido,BA,Eólica,Cinética do Vento,NE,"67,409,910.00",#REF!,15.000,,,0.000,7.400,0.1,72,100,100,7.200,7.200,7.200,7.200,7.200,"1,241,560.800",117.77,R$/MWh,0.00,0.00,"146,218,615.42",#REF!,#REF!,"5,115,560.67","7,622,437.74","7,622,437.74",5/1/2018,12/31/2037,Não,"3,780.61",#REF!
,978,2013,LEN,18ºLEN,Leilão de Energia Nova,010/2013,CRNV&M,36.800.000/0000-00,DISES-2018,EOL.CV.BA.031742-0.01,UMBURANAS 10,Contrato Rescindido,BA,Eólica,Cinética do Vento,NE,"82,966,570.00",#REF!,21.000,,,0.000,10.700,0.1,104,100,100,10.400,10.400,10.400,10.400,10.400,"1,793,365.600",117.77,R$/MWh,0.00,0.00,"211,204,666.71",#REF!,#REF!,"7,328,765.67","10,920,222.36","10,920,222.36",5/1/2018,12/31/2037,Não,"3,780.61",#REF!
,979,2013,LEN,18ºLEN,Leilão de Energia Nova,010/2013,CRNV&M,36.800.000/0000-00,DISES-2018,EOL.CV.BA.031743-8.01,UMBURANAS 9,Contrato Rescindido,BA,Eólica,Cinética do Vento,NE,"72,059,450.00",#REF!,18.000,,,0.000,8.800,0.1,86,100,100,8.600,8.600,8.600,8.600,8.600,"1,482,975.400",119.75,R$/MWh,0.00,0.00,"177,586,304.15",#REF!,#REF!,"6,165,719.49","9,187,226.19","9,187,226.19",5/1/2018,12/31/2037,Não,"3,780.61",#REF!
,980,2013,LEN,18ºLEN,Leilão de Energia Nova,010/2013,CRNV&M,36.800.000/0000-00,DISES-2018,EOL.CV.BA.031832-9.01,UMBURANAS 8,Contrato Rescindido,BA,Eólica,Cinética do Vento,NE,"28,168,660.00",#REF!,24.300,,,0.000,12.800,0.1,125,100,100,12.500,12.500,12.500,12.500,12.500,"2,155,487.500",117.77,R$/MWh,0.00,0.00,"253,851,762.88",#REF!,#REF!,"8,776,969.67","13,078,117.76","13,078,117.76",5/1/2018,12/31/2037,Não,"3,780.61",#REF!
,981,2013,LEN,18ºLEN,Leilão de Energia Nova,010/2013,CRNV&M,36.800.000/0000-00,DISES-2018,EOL.CV.BA.031737-3.01,UMBURANAS 5,Contrato Rescindido,BA,Eólica,Cinética do Vento,NE,"81,692,060.00",#REF!,18.900,,,0.000,9.500,0.1,93,100,100,9.300,9.300,9.300,9.300,9.300,"1,603,682.700",119.75,R$/MWh,0.00,0.00,"192,041,003.33",#REF!,#REF!,"6,648,447.86","9,906,515.26","9,906,515.26",5/1/2018,12/31/2037,Não,"3,780.61",#REF!
,982,2013,LEN,18ºLEN,Leilão de Energia Nova,010/2013,CENTRAL AVENTURA,17.227.909/0001-80,DISES-2018,EOL.CV.RN.031826-4.01,UMBUZEIROS,Antecipação de Contrato,RN,Eólica,Cinética do Vento,NE,"104,506,950.00",#REF!,30.000,,,0.000,12.400,0.1,116,116,116,11.600,11.600,11.600,11.600,11.600,"2,000,292.400",108.90,R$/MWh,0.00,0.00,"217,831,842.36",#REF!,#REF!,"7,749,103.75","11,546,546.84","11,546,546.84",5/1/2018,12/31/2037,Não,"3,780.61",#REF!
,983,2013,LEN,18ºLEN,Leilão de Energia Nova,010/2013,CRNV&M,36.800.000/0000-00,DISES-2018,EOL.CV.BA.031796-9.01,UMBURANAS 6,Contrato Rescindido,BA,Eólica,Cinética do Vento,NE,"71,979,410.00",#REF!,21.600,,,0.000,11.600,0.1,113,100,100,11.300,11.300,11.300,11.300,11.300,"1,948,560.700",118.76,R$/MWh,0.00,0.00,"231,411,068.73",#REF!,#REF!,"7,989,765.07","11,905,144.08","11,905,144.08",5/1/2018,12/31/2037,Não,"3,780.61",#REF!
,984,2013,LEN,18ºLEN,Leilão de Energia Nova,010/2013,CRNV&M,36.800.000/0000-00,DISES-2018,EOL.CV.BA.031831-0.01,UMBURANAS 7,Outorga Revogada,BA,Eólica,Cinética do Vento,NE,"28,763,780.00",#REF!,24.300,,,0.000,11.700,0.1,113,100,100,11.300,11.300,11.300,11.300,11.300,"1,948,560.700",119.75,R$/MWh,0.00,0.00,"233,340,143.83",#REF!,#REF!,"8,072,629.73","12,028,616.51","12,028,616.51",5/1/2018,12/31/2037,Não,"3,780.61",#REF!
,985,2013,LEN,18ºLEN,Leilão de Energia Nova,010/2013,VFGE,12.985.237/0001-58,DISES-2018,EOL.CV.RN.031645-8.01,UNIÃO DOS VENTOS 12,Antecipação de Contrato,RN,Eólica,Cinética do Vento,NE,"123,316,000.00",#REF!,27.200,,,0.000,14.200,0.1,99,99,99,9.900,9.900,9.900,9.900,9.900,"1,707,146.100",115.00,R$/MWh,0.00,0.00,"196,321,801.50",#REF!,#REF!,"6,809,645.70","10,146,708.00","10,146,708.00",5/1/2018,12/31/2037,Não,"3,780.61",#REF!
,986,2013,LEN,18ºLEN,Leilão de Energia Nova,010/2013,SMGE,13.783.102/0001-72,DISES-2018,EOL.CV.RN.031642-3.01,UNIÃO DOS VENTOS 15,Contrato Rescindido,RN,Eólica,Cinética do Vento,NE,"135,914,530.00",#REF!,30.000,,,0.000,13.400,0.1,94,94,94,9.400,9.400,9.400,9.400,9.400,"1,620,926.600",115.00,R$/MWh,0.00,0.00,"186,406,559.00",#REF!,#REF!,"6,485,066.11","9,663,068.40","9,663,068.40",5/1/2018,12/31/2037,Não,"3,780.61",#REF!
,987,2013,LEN,18ºLEN,Leilão de Energia Nova,010/2013,VFGE,12.985.237/0001-58,DISES-2018,EOL.CV.RN.031643-1.01,UNIÃO DOS VENTOS 14,Antecipação de Contrato,RN,Eólica,Cinética do Vento,NE,"123,316,000.00",#REF!,22.100,,,0.000,11.900,0.1,83,99,99,8.300,8.300,8.300,8.300,8.300,"1,431,243.700",115.00,R$/MWh,0.00,0.00,"164,593,025.50",#REF!,#REF!,"5,682,747.22","8,467,573.68","8,467,573.68",5/1/2018,12/31/2037,Não,"3,780.61",#REF!
,988,2013,LEN,18ºLEN,Leilão de Energia Nova,010/2013,SMGE,13.783.102/0001-72,DISES-2018,EOL.CV.RN.031652-0.01,UNIÃO DOS VENTOS 16,Contrato Rescindido,RN,Eólica,Cinética do Vento,NE,"135,847,630.00",#REF!,30.000,,,0.000,12.700,0.1,89,94,94,8.900,8.900,8.900,8.900,8.900,"1,534,707.100",115.00,R$/MWh,0.00,0.00,"176,491,316.50",#REF!,#REF!,"6,163,661.18","9,184,159.20","9,184,159.20",5/1/2018,12/31/2037,Não,"3,780.61",#REF!
,989,2013,LEN,18ºLEN,Leilão de Energia Nova,010/2013,VFGE,12.985.237/0001-58,DISES-2018,EOL.CV.RN.031697-0.01,UNIÃO DOS VENTOS 13,Antecipação de Contrato,RN,Eólica,Cinética do Vento,NE,"82,212,000.00",#REF!,20.400,,,0.000,10.700,0.1,75,99,99,7.500,7.500,7.500,7.500,7.500,"1,293,292.500",115.00,R$/MWh,0.00,0.00,"148,728,637.50",#REF!,#REF!,"5,136,335.32","7,653,393.00","7,653,393.00",5/1/2018,12/31/2037,Não,"3,780.61",#REF!
,990,2013,LEN,18ºLEN,Leilão de Energia Nova,010/2013,CRNV&M,36.800.000/0000-00,DISES-2018,EOL.CV.BA.031725-0.01,UMBURANAS 4,Outorga Revogada,BA,Eólica,Cinética do Vento,NE,"82,620,790.00",#REF!,18.900,,,0.000,9.900,0.1,97,100,100,9.700,9.700,9.700,9.700,9.700,"1,672,658.300",119.75,R$/MWh,0.00,0.00,"200,300,831.43",#REF!,#REF!,"6,926,414.93","10,320,699.91","10,320,699.91",5/1/2018,12/31/2037,Não,"3,780.61",#REF!
,991,2013,LEN,18ºLEN,Leilão de Energia Nova,010/2013,CRNV&M,36.800.000/0000-00,DISES-2018,EOL.CV.BA.031741-1.01,UMBURANAS 3,Contrato Rescindido,BA,Eólica,Cinética do Vento,NE,"83,589,900.00",#REF!,18.900,,,0.000,10.100,0.1,98,100,100,9.800,9.800,9.800,9.800,9.800,"1,689,902.200",118.76,R$/MWh,0.00,0.00,"200,692,785.27",#REF!,#REF!,"6,966,709.35","10,380,740.58","10,380,740.58",5/1/2018,12/31/2037,Não,"3,780.61",#REF!
,992,2013,LEN,18ºLEN,Leilão de Energia Nova,010/2013,CRNV&M,36.800.000/0000-00,DISES-2018,EOL.CV.BA.031740-3.01,UMBURANAS 2,Contrato Rescindido,BA,Eólica,Cinética do Vento,NE,"99,773,540.00",#REF!,27.000,,,0.000,14.300,0.1,139,100,100,13.900,13.900,13.900,13.900,13.900,"2,396,902.100",117.77,R$/MWh,0.00,0.00,"282,283,160.32",#REF!,#REF!,"9,789,655.79","14,587,070.03","14,587,070.03",5/1/2018,12/31/2037,Não,"3,780.61",#REF!
,993,2013,LEN,18ºLEN,Leilão de Energia Nova,010/2013,REN,14.659.499/0001-58,QTD-2018 ,PCH.PH.GO.029663-5.01,RENIC,Sem Pendências,GO,Hidrelétrica (PCH),Rio Bonito,SE,"23,411,500.00",#REF!,16.000,,,0.000,6.550,0.1,25,25,25,2.500,2.500,2.500,2.500,2.500,"650,217.500",136.90,R$/MWh,0.00,0.00,"89,014,775.75",#REF!,#REF!,0.00,0.00,0.00,5/1/2018,12/31/2047,Não,"3,780.61",#REF!
,994,2013,LEN,18ºLEN,Leilão de Energia Nova,010/2013,QIII,08.895.900/0001-56,QTD-2018 ,PCH.PH.MG.030618-5.01,QUARTEL III,Outorga Revogada,MG,Hidrelétrica (PCH),Rio Paraúna,SE,"120,321,420.00",#REF!,30.000,,,0.000,14.100,0.1,140,140,140,14.000,14.000,14.000,14.000,14.000,"3,641,218.000",139.20,R$/MWh,0.00,0.00,"506,857,545.60",#REF!,#REF!,0.00,0.00,0.00,5/1/2018,12/31/2047,Não,"3,780.61",#REF!
,995,2013,LEN,18ºLEN,Leilão de Energia Nova,010/2013,USC2,33.900.000/0000-00,DIST-2018,UTE.AI.SP.031739-0.02,SANTA CÂNDIDA II,Antecipação de Contrato,SP,Biomassa,Bagaço de Cana de Açúcar,SE,"218,840,730.00",#REF!,55.000,,,0.000,23.100,0.1,228,228,228,22.800,22.800,22.800,22.800,22.800,"4,930,796.400",133.02,R$/MWh,0.00,0.00,"655,894,537.13",#REF!,#REF!,"18,149,675.21","27,043,911.35","27,043,911.35",5/1/2018,12/31/2042,Não,"3,780.61",#REF!
,996,2013,LEN,18ºLEN,Leilão de Energia Nova,010/2013,SANTA ROSA,40.300.000/0000-00,DISES-2018,EOL.CV.CE.031829-9.01,SANTA ROSA,Outorga Revogada,CE,Eólica,Cinética do Vento,NE,"76,682,000.00",#REF!,20.000,,,0.000,8.400,0.1,74,112,112,7.400,7.400,7.400,7.400,7.400,"1,276,048.600",121.10,R$/MWh,0.00,0.00,"154,529,485.46",#REF!,#REF!,"5,523,493.37","8,230,277.58","8,230,277.58",5/1/2018,12/31/2037,Não,"3,780.61",#REF!
,997,2013,LEN,18ºLEN,Leilão de Energia Nova,010/2013,QI,09.015.347/0001-82,QTD-2018 ,PCH.PH.MG.030616-9.01,QUARTEL I,Outorga Revogada,MG,Hidrelétrica (PCH),Rio Paraúna,SE,"143,734,680.00",#REF!,30.000,,,0.000,14.000,0.1,139,139,139,13.900,13.900,13.900,13.900,13.900,"3,615,209.300",139.20,R$/MWh,0.00,0.00,"503,237,134.56",#REF!,#REF!,0.00,0.00,0.00,5/1/2018,12/31/2047,Não,"3,780.61",#REF!
,998,2013,LEN,18ºLEN,Leilão de Energia Nova,010/2013,QII,09.015.526/0001-10,QTD-2018 ,PCH.PH.MG.030617-7.01,QUARTEL II,Outorga Revogada,MG,Hidrelétrica (PCH),Rio Paraúna,SE,"147,755,020.00",#REF!,30.000,,,0.000,14.200,0.1,141,141,141,14.100,14.100,14.100,14.100,14.100,"3,667,226.700",139.20,R$/MWh,0.00,0.00,"510,477,956.64",#REF!,#REF!,0.00,0.00,0.00,5/1/2018,12/31/2047,Não,"3,780.61",#REF!
,999,2013,LEN,18ºLEN,Leilão de Energia Nova,010/2013,UTE SANTO ANGELO,19.537.471/0001-61,DIST-2018,UTE.AI.MG.029116-1.01,SANTO ÂNGELO,Antecipação de Contrato,MG,Biomassa,Bagaço de Cana de Açúcar,SE,"55,000,000.00",#REF!,30.000,,,0.000,13.900,0.1,105,105,105,10.500,10.500,10.500,10.500,10.500,"2,270,761.500",135.45,R$/MWh,0.00,0.00,"307,574,645.18",#REF!,#REF!,"8,861,664.46","13,204,317.17","13,204,317.17",5/1/2018,12/31/2042,Não,"3,780.61",#REF!
,1000,2013,LEN,18ºLEN,Leilão de Energia Nova,010/2013,TBL,14.897.684/0001-80,QTD-2018 ,PCH.PH.GO.029648-1.01,TAMBORIL,Sem Pendências,GO,Hidrelétrica (PCH),Rio Bonito,SE,"21,856,700.00",#REF!,29.330,,,0.000,12.910,0.1,70,70,70,7.000,7.000,7.000,7.000,7.000,"1,820,609.000",136.90,R$/MWh,0.00,0.00,"249,241,372.10",#REF!,#REF!,0.00,0.00,0.00,5/1/2018,12/31/2047,Não,"3,780.61",#REF!
,1001,2013,LEN,18ºLEN,Leilão de Energia Nova,010/2013,GPEXPAN,30.500.000/0000-00,DISES-2018,EOL.CV.BA.031606-7.01,TAMANDUÁ MIRIM 2,Sem Pendências,BA,Eólica,Cinética do Vento,NE,"45,898,450.00",#REF!,24.000,,,0.000,8.000,0.1,72,72,72,7.200,7.200,7.200,7.200,7.200,"1,241,560.800",119.70,R$/MWh,0.00,0.00,"148,614,827.76",#REF!,#REF!,"5,211,639.54","7,765,600.00","7,765,600.00",5/1/2018,12/31/2037,Não,"3,780.61",#REF!
,1002,2013,LEN,18ºLEN,Leilão de Energia Nova,010/2013,OMEGA SERRA DAS AGULHAS,03.803.650/0001-63,QTD-2018 ,PCH.PH.MG.031207-0.01,SERRA DAS AGULHAS,Antecipação de Contrato,MG,Hidrelétrica (PCH),Rio Pardo Pequeno,SE,"125,667,440.00",#REF!,28.000,,,0.000,11.700,0.1,117,117,117,11.700,11.700,11.700,11.700,11.700,"3,043,017.900",134.90,R$/MWh,0.00,0.00,"410,503,114.71",#REF!,#REF!,0.00,0.00,0.00,5/1/2018,12/31/2047,Não,"3,780.61",#REF!
,1003,2013,LEN,18ºLEN,Leilão de Energia Nova,010/2013,SERRA DO MEL,40.200.000/0000-00,DISES-2018,EOL.CV.RN.032040-4.01,SERRA DO MEL III,Outorga Revogada,RN,Eólica,Cinética do Vento,NE,"110,187,000.00",#REF!,28.000,,,0.000,12.500,0.1,122,122,122,12.200,12.200,12.200,12.200,12.200,"2,103,755.800",121.09,R$/MWh,0.00,0.00,"254,743,789.82",#REF!,#REF!,"8,817,520.98","13,138,541.21","13,138,541.21",5/1/2018,12/31/2037,Não,"3,780.61",#REF!
,1004,2013,LEN,18ºLEN,Leilão de Energia Nova,010/2013,OMEGA DELTA 5,34.100.000/0000-00,DISES-2018,EOL.CV.PI.031666-0.01,TESTA BRANCA I,Antecipação de Contrato,PI,Eólica,Cinética do Vento,NE,"106,417,070.00",#REF!,30.000,,,0.000,14.800,0.1,110,110,110,11.000,11.000,11.000,11.000,11.000,"1,896,829.000",117.50,R$/MWh,0.00,0.00,"222,877,407.50",#REF!,#REF!,"7,910,139.44","11,786,497.96","11,786,497.96",5/1/2018,12/31/2037,Não,"3,780.61",#REF!
,1005,2013,LEN,18ºLEN,Leilão de Energia Nova,010/2013,SERRA DO MEL,40.200.000/0000-00,DISES-2018,EOL.CV.RN.031841-8.01,SERRA DO MEL II,Outorga Revogada,RN,Eólica,Cinética do Vento,NE,"110,187,000.00",#REF!,28.000,,,0.000,12.800,0.1,125,122,122,12.500,12.500,12.500,12.500,12.500,"2,155,487.500",121.09,R$/MWh,0.00,0.00,"261,007,981.38",#REF!,#REF!,"9,035,146.20","13,462,813.53","13,462,813.53",5/1/2018,12/31/2037,Não,"3,780.61",#REF!
,1006,2013,LEN,18ºLEN,Leilão de Energia Nova,010/2013,SERRA DO MEL,40.200.000/0000-00,DISES-2018,EOL.CV.RN.031664-4.02,SERRA DO MEL I,Outorga Revogada,RN,Eólica,Cinética do Vento,NE,"110,187,000.00",#REF!,28.000,,,0.000,13.000,0.1,126,122,122,12.600,12.600,12.600,12.600,12.600,"2,172,731.400",121.09,R$/MWh,0.00,0.00,"263,096,045.23",#REF!,#REF!,"9,072,113.52","13,517,896.66","13,517,896.66",5/1/2018,12/31/2037,Não,"3,780.61",#REF!
,1007,2013,LEN,18ºLEN,Leilão de Energia Nova,010/2013,NESA,14.099.409/0001-11,DISES-2018,EOL.CV.RN.031608-3.01,CATANDUBA II,Outorga Revogada,RN,Eólica,Cinética do Vento,NE,"78,874,000.00",#REF!,30.000,,,0.000,12.100,0.1,121,121,121,12.100,12.100,12.100,12.100,12.100,"2,086,511.900",121.80,R$/MWh,0.00,0.00,"254,137,149.42",#REF!,#REF!,"8,899,093.09","13,260,087.68","13,260,087.68",5/1/2018,12/31/2037,Não,"3,780.61",#REF!
,1008,2013,LEN,18ºLEN,Leilão de Energia Nova,010/2013,NESA,14.099.409/0001-11,DISES-2018,EOL.CV.RN.031605-9.01,CATANDUBA I,Outorga Revogada,RN,Eólica,Cinética do Vento,NE,"78,865,710.00",#REF!,30.000,,,0.000,13.300,0.1,133,121,121,13.300,13.300,13.300,13.300,13.300,"2,293,438.700",121.80,R$/MWh,0.00,0.00,"279,340,833.66",#REF!,#REF!,"9,774,355.07","14,564,271.20","14,564,271.20",5/1/2018,12/31/2037,Não,"3,780.61",#REF!
,1009,2013,LEN,18ºLEN,Leilão de Energia Nova,010/2013,CEA ENERGIA,10.187.906/0001-10,DISES-2018,EOL.CV.BA.031628-8.01,CAPOEIRAS II,Outorga Revogada,BA,Eólica,Cinética do Vento,NE,"141,870,000.00",#REF!,30.000,,,0.000,13.900,0.1,139,139,139,13.900,13.900,13.900,13.900,13.900,"2,396,902.100",118.76,R$/MWh,0.00,0.00,"284,656,093.40",#REF!,#REF!,"10,174,720.63","15,160,835.64","15,160,835.64",5/1/2018,12/31/2037,Não,"3,780.61",#REF!
,1010,2013,LEN,18ºLEN,Leilão de Energia Nova,010/2013,CEA ENERGIA,10.187.906/0001-10,DISES-2018,EOL.CV.BA.031577-0.01,CURRAL DE PEDRAS IV,Outorga Revogada,BA,Eólica,Cinética do Vento,NE,"96,270,000.00",#REF!,20.000,,,0.000,8.900,0.1,89,139,139,8.900,8.900,8.900,8.900,8.900,"1,534,707.100",118.78,R$/MWh,0.00,0.00,"182,292,509.34",#REF!,#REF!,"6,521,027.95","9,716,653.32","9,716,653.32",5/1/2018,12/31/2037,Não,"3,780.61",#REF!
,1011,2013,LEN,18ºLEN,Leilão de Energia Nova,010/2013,CHESF,33.541.368/0001-16,DISES-2018,EOL.CV.BA.031524-9.01,CASA NOVA III,Antecipação de Contrato,BA,Eólica,Cinética do Vento,NE,"125,872,750.00",#REF!,24.000,,,0.000,5.500,0.1,55,55,55,5.500,5.500,5.500,5.500,5.500,"948,414.500",118.95,R$/MWh,0.00,0.00,"112,813,904.78",#REF!,#REF!,"4,172,448.44","6,217,154.00","6,217,154.00",5/1/2018,12/31/2037,Não,"3,780.61",#REF!
,1012,2013,LEN,18ºLEN,Leilão de Energia Nova,010/2013,CHESF,33.541.368/0001-16,DISES-2018,EOL.CV.BA.031519-2.01,CASA NOVA II,Antecipação de Contrato,BA,Eólica,Cinética do Vento,NE,"125,872,750.00",#REF!,28.000,,,0.000,7.100,0.1,71,55,55,7.100,7.100,7.100,7.100,7.100,"1,224,316.900",118.95,R$/MWh,0.00,0.00,"145,632,495.26",#REF!,#REF!,"5,387,767.27","8,028,039.00","8,028,039.00",5/1/2018,12/31/2037,Não,"3,780.61",#REF!
,1013,2013,LEN,18ºLEN,Leilão de Energia Nova,010/2013,CEA ENERGIA,10.187.906/0001-10,DISES-2018,EOL.CV.BA.031609-1.01,CURRAL DE PEDRAS III,Outorga Revogada,BA,Eólica,Cinética do Vento,NE,"141,870,000.00",#REF!,30.000,,,0.000,13.200,0.1,132,139,139,13.200,13.200,13.200,13.200,13.200,"2,276,194.800",118.78,R$/MWh,0.00,0.00,"270,366,418.34",#REF!,#REF!,"9,679,397.24","14,422,779.36","14,422,779.36",5/1/2018,12/31/2037,Não,"3,780.61",#REF!
,1014,2013,LEN,18ºLEN,Leilão de Energia Nova,010/2013,CEA ENERGIA,10.187.906/0001-10,DISES-2018,EOL.CV.BA.031650-4.01,CAPOEIRAS I,Outorga Revogada,BA,Eólica,Cinética do Vento,NE,"123,628,000.00",#REF!,26.000,,,0.000,11.500,0.1,115,139,139,11.500,11.500,11.500,11.500,11.500,"1,983,048.500",118.80,R$/MWh,0.00,0.00,"235,586,161.80",#REF!,#REF!,"8,428,075.61","12,558,248.40","12,558,248.40",5/1/2018,12/31/2037,Não,"3,780.61",#REF!
,1015,2013,LEN,18ºLEN,Leilão de Energia Nova,010/2013,CASA DOS VENTOS I,40.500.000/0000-00,DISES-2018,EOL.CV.BA.031800-0.01,VENTOS DE SANTO ANTONIO,Outorga Revogada,BA,Eólica,Cinética do Vento,NE,"96,077,000.00",#REF!,28.000,,,0.000,16.100,0.1,139,139,139,13.900,13.900,13.900,13.900,13.900,"2,396,902.100",120.01,R$/MWh,0.00,0.00,"287,652,221.02",#REF!,#REF!,"10,136,166.28","15,103,387.76","15,103,387.76",5/1/2018,12/31/2037,Não,"3,780.61",#REF!
,1016,2013,LEN,18ºLEN,Leilão de Energia Nova,010/2013,SANTO AUGUSTO,15.674.444/0001-80,DISES-2018,EOL.CV.PI.031746-2.02,VENTOS DE SANTO AUGUSTO I,Antecipação de Contrato,PI,Eólica,Cinética do Vento,NE,"54,890,000.00",#REF!,16.000,,,0.000,8.200,0.1,82,82,82,8.200,8.200,8.200,8.200,8.200,"1,413,999.800",120.47,R$/MWh,0.00,0.00,"170,344,555.91",#REF!,#REF!,"6,049,588.60","9,014,185.43","9,014,185.43",5/1/2018,12/31/2037,Não,"3,780.61",#REF!
,1017,2013,LEN,18ºLEN,Leilão de Energia Nova,010/2013,CASA DOS VENTOS I,40.500.000/0000-00,DISES-2018,EOL.CV.BA.031774-8.01,VENTOS DE SANTA VERA,Outorga Revogada,BA,Eólica,Cinética do Vento,NE,"96,077,000.00",#REF!,28.000,,,0.000,15.200,0.1,131,139,139,13.100,13.100,13.100,13.100,13.100,"2,258,950.900",120.02,R$/MWh,0.00,0.00,"271,119,287.02",#REF!,#REF!,"9,552,028.87","14,232,994.20","14,232,994.20",5/1/2018,12/31/2037,Não,"3,780.61",#REF!
,1018,2013,LEN,18ºLEN,Leilão de Energia Nova,010/2013,VENTOS DA BAHIA,34.800.000/0000-00,DISES-2018,EOL.CV.BA.031758-6.01,VENTOS DA BAHIA II,Antecipação de Contrato,BA,Eólica,Cinética do Vento,NE,"114,046,540.00",#REF!,30.000,,,0.000,13.100,0.1,127,127,127,12.700,12.700,12.700,12.700,12.700,"2,189,975.300",117.74,R$/MWh,0.00,0.00,"257,847,691.82",#REF!,#REF!,"8,931,343.55","13,308,142.46","13,308,142.46",5/1/2018,12/31/2037,Não,"3,780.61",#REF!
,1019,2013,LEN,18ºLEN,Leilão de Energia Nova,010/2013,CASA DOS VENTOS I,40.500.000/0000-00,DISES-2018,EOL.CV.BA.031797-7.01,VENTOS DE SANTA MARCELLA,Outorga Revogada,BA,Eólica,Cinética do Vento,NE,"96,077,000.00",#REF!,28.000,,,0.000,13.600,0.1,117,139,139,11.700,11.700,11.700,11.700,11.700,"2,017,536.300",120.02,R$/MWh,0.00,0.00,"242,144,706.73",#REF!,#REF!,"8,517,710.22","12,691,808.39","12,691,808.39",5/1/2018,12/31/2037,Não,"3,780.61",#REF!
,1020,2013,LEN,18ºLEN,Leilão de Energia Nova,010/2013,SANTO AUGUSTO,15.674.444/0001-80,DISES-2018,EOL.CV.PI.031747-0.02,VENTOS DE SANTO AUGUSTO II,Antecipação de Contrato,PI,Eólica,Cinética do Vento,NE,"102,940,000.00",#REF!,30.000,,,0.000,15.700,0.1,133,82,82,13.300,13.300,13.300,13.300,13.300,"2,293,438.700",120.48,R$/MWh,0.00,0.00,"276,313,494.58",#REF!,#REF!,"9,823,475.91","14,637,463.68","14,637,463.68",5/1/2018,12/31/2037,Não,"3,780.61",#REF!
,1021,2013,LEN,18ºLEN,Leilão de Energia Nova,010/2013,SANTO AUGUSTO,15.674.444/0001-80,DISES-2018,EOL.CV.PI.031766-7.01,VENTOS DE SANTO AUGUSTO VI,Antecipação de Contrato,PI,Eólica,Cinética do Vento,NE,"102,940,000.00",#REF!,30.000,,,0.000,16.400,0.1,149,82,82,14.900,14.900,14.900,14.900,14.900,"2,569,341.100",120.47,R$/MWh,0.00,0.00,"309,528,522.32",#REF!,#REF!,"11,008,880.20","16,403,774.55","16,403,774.55",5/1/2018,12/31/2037,Não,"3,780.61",#REF!
,1022,2013,LEN,18ºLEN,Leilão de Energia Nova,010/2013,VENTOS DA BAHIA,34.800.000/0000-00,DISES-2018,EOL.CV.BA.031771-3.01,VENTOS DA BAHIA VIII,Antecipação de Contrato,BA,Eólica,Cinética do Vento,NE,"114,046,540.00",#REF!,30.000,,,0.000,13.300,0.1,129,127,127,12.900,12.900,12.900,12.900,12.900,"2,224,463.100",117.74,R$/MWh,0.00,0.00,"261,908,285.39",#REF!,#REF!,"9,053,671.76","13,490,417.52","13,490,417.52",5/1/2018,12/31/2037,Não,"3,780.61",#REF!
,1023,2013,LEN,18ºLEN,Leilão de Energia Nova,010/2013,VENTOS DA BAHIA,34.800.000/0000-00,DISES-2018,EOL.CV.BA.031770-5.01,VENTOS DA BAHIA IV,Antecipação de Contrato,BA,Eólica,Cinética do Vento,NE,"44,875,150.00",#REF!,12.000,,,0.000,5.500,0.1,53,127,127,5.300,5.300,5.300,5.300,5.300,"913,926.700",117.74,R$/MWh,0.00,0.00,"107,605,729.66",#REF!,#REF!,"3,741,536.70","5,575,074.24","5,575,074.24",5/1/2018,12/31/2037,Não,"3,780.61",#REF!
,1024,2013,LEN,18ºLEN,Leilão de Energia Nova,010/2013,SANTA ROSA,40.300.000/0000-00,DISES-2018,EOL.CV.CE.032015-3.01,VENTOS DE ANGELIM,Outorga Revogada,CE,Eólica,Cinética do Vento,NE,"88,727,000.00",#REF!,24.000,,,0.000,10.300,0.1,91,112,112,9.100,9.100,9.100,9.100,9.100,"1,569,194.900",121.10,R$/MWh,0.00,0.00,"190,029,502.39",#REF!,#REF!,"6,759,453.16","10,071,918.64","10,071,918.64",5/1/2018,12/31/2037,Não,"3,780.61",#REF!
,1025,2013,LEN,18ºLEN,Leilão de Energia Nova,010/2013,SANTO AUGUSTO,15.674.444/0001-80,DISES-2018,EOL.CV.PI.031749-7.01,VENTOS DE SANTO AUGUSTO VII,Antecipação de Contrato,PI,Eólica,Cinética do Vento,NE,"54,890,000.00",#REF!,16.000,,,0.000,8.400,0.1,82,82,82,8.200,8.200,8.200,8.200,8.200,"1,413,999.800",120.48,R$/MWh,0.00,0.00,"170,358,695.90",#REF!,#REF!,"6,071,765.13","9,047,229.55","9,047,229.55",5/1/2018,12/31/2037,Não,"3,780.61",#REF!
,1026,2013,LEN,18ºLEN,Leilão de Energia Nova,010/2013,CASA DOS VENTOS I,40.500.000/0000-00,DISES-2018,EOL.CV.BA.031773-0.01,VENTOS DE SANTA MADALENA,Outorga Revogada,BA,Eólica,Cinética do Vento,NE,"96,077,000.00",#REF!,28.000,,,0.000,14.700,0.1,127,139,139,12.700,12.700,12.700,12.700,12.700,"2,189,975.300",120.01,R$/MWh,0.00,0.00,"262,818,935.75",#REF!,#REF!,"9,283,114.77","13,832,298.93","13,832,298.93",5/1/2018,12/31/2037,Não,"3,780.61",#REF!
,1027,2013,LEN,18ºLEN,Leilão de Energia Nova,010/2013,CASA DOS VENTOS I,40.500.000/0000-00,DISES-2018,EOL.CV.BA.031794-2.01,VENTOS DE SANTA LUIZA,Outorga Revogada,BA,Eólica,Cinética do Vento,NE,"96,077,000.00",#REF!,28.000,,,0.000,14.200,0.1,122,139,139,12.200,12.200,12.200,12.200,12.200,"2,103,755.800",120.01,R$/MWh,0.00,0.00,"252,471,733.56",#REF!,#REF!,"8,923,432.06","13,296,353.94","13,296,353.94",5/1/2018,12/31/2037,Não,"3,780.61",#REF!
,1028,2013,LEN,18ºLEN,Leilão de Energia Nova,010/2013,CASA DOS VENTOS I,40.500.000/0000-00,DISES-2018,EOL.CV.BA.031772-1.01,VENTOS DE SÃO BENTO,Outorga Revogada,BA,Eólica,Cinética do Vento,NE,"96,077,000.00",#REF!,28.000,,,0.000,14.400,0.1,124,139,139,12.400,12.400,12.400,12.400,12.400,"2,138,243.600",120.01,R$/MWh,0.00,0.00,"256,610,614.44",#REF!,#REF!,"9,064,505.08","13,506,559.71","13,506,559.71",5/1/2018,12/31/2037,Não,"3,780.61",#REF!
,1029,2013,LEN,18ºLEN,Leilão de Energia Nova,010/2013,CASA DOS VENTOS I,40.500.000/0000-00,DISES-2018,EOL.CV.BA.031833-7.01,VENTOS DE SÃO CIRILO,Outorga Revogada,BA,Eólica,Cinética do Vento,NE,"96,077,000.00",#REF!,28.000,,,0.000,14.700,0.1,127,139,139,12.700,12.700,12.700,12.700,12.700,"2,189,975.300",120.02,R$/MWh,0.00,0.00,"262,840,835.51",#REF!,#REF!,"9,263,967.67","13,803,768.80","13,803,768.80",5/1/2018,12/31/2037,Não,"3,780.61",#REF!
,1030,2013,LEN,18ºLEN,Leilão de Energia Nova,010/2013,SANTO ESTEVÃO,16.603.346/0001-14,DISES-2018,EOL.CV.PE.031763-2.01,VENTOS DE SANTO ESTEVÃO III,Antecipação de Contrato,PE,Eólica,Cinética do Vento,NE,"102,940,000.00",#REF!,30.000,,,0.000,15.600,0.1,126,126,126,12.600,12.600,12.600,12.600,12.600,"2,172,731.400",120.48,R$/MWh,0.00,0.00,"261,770,679.07",#REF!,#REF!,"9,448,678.69","14,078,997.34","14,078,997.34",5/1/2018,12/31/2037,Não,"3,780.61",#REF!
,1031,2013,LEN,18ºLEN,Leilão de Energia Nova,010/2013,SANTO ESTEVÃO,16.603.346/0001-14,DISES-2018,EOL.CV.PE.031764-0.01,VENTOS DE SANTO ESTEVÃO V,Antecipação de Contrato,PE,Eólica,Cinética do Vento,NE,"102,940,000.00",#REF!,30.000,,,0.000,14.800,0.1,135,126,126,13.500,13.500,13.500,13.500,13.500,"2,327,926.500",120.47,R$/MWh,0.00,0.00,"280,445,305.46",#REF!,#REF!,"10,138,814.28","15,107,333.41","15,107,333.41",5/1/2018,12/31/2037,Não,"3,780.61",#REF!
,1032,2013,LEN,18ºLEN,Leilão de Energia Nova,010/2013,CASA DOS VENTOS I,40.500.000/0000-00,DISES-2018,EOL.CV.BA.031799-3.01,VENTOS DE SÃO JOÃO,Outorga Revogada,BA,Eólica,Cinética do Vento,NE,"96,077,000.00",#REF!,28.000,,,0.000,15.000,0.1,129,139,139,12.900,12.900,12.900,12.900,12.900,"2,224,463.100",120.01,R$/MWh,0.00,0.00,"266,957,816.63",#REF!,#REF!,"9,432,779.60","14,055,306.91","14,055,306.91",5/1/2018,12/31/2037,Não,"3,780.61",#REF!
,1033,2013,LEN,18ºLEN,Leilão de Energia Nova,010/2013,CASA DOS VENTOS I,40.500.000/0000-00,DISES-2018,EOL.CV.BA.031803-5.01,VENTOS DE SÃO RAFAEL,Outorga Revogada,BA,Eólica,Cinética do Vento,NE,"96,077,000.00",#REF!,28.000,,,0.000,13.800,0.1,119,139,139,11.900,11.900,11.900,11.900,11.900,"2,052,024.100",120.02,R$/MWh,0.00,0.00,"246,283,932.48",#REF!,#REF!,"8,684,794.90","12,940,772.80","12,940,772.80",5/1/2018,12/31/2037,Não,"3,780.61",#REF!
,1034,2013,LEN,18ºLEN,Leilão de Energia Nova,010/2013,SANTO AUGUSTO,15.674.444/0001-80,DISES-2018,EOL.CV.PI.031767-5.01,VENTOS DE SANTO AUGUSTO VIII,Antecipação de Contrato,PI,Eólica,Cinética do Vento,NE,"54,890,000.00",#REF!,16.000,,,0.000,8.800,0.1,88,82,82,8.800,8.800,8.800,8.800,8.800,"1,517,463.200",120.47,R$/MWh,0.00,0.00,"182,808,791.70",#REF!,#REF!,"6,523,092.64","9,719,729.80","9,719,729.80",5/1/2018,12/31/2037,Não,"3,780.61",#REF!
,1035,2013,LEN,18ºLEN,Leilão de Energia Nova,010/2013,SANTO ESTEVÃO,16.603.346/0001-14,DISES-2018,EOL.CV.PE.031762-4.01,VENTOS DE SANTO ESTEVÃO II,Antecipação de Contrato,PE,Eólica,Cinética do Vento,NE,"102,940,000.00",#REF!,30.000,,,0.000,15.400,0.1,114,126,126,11.400,11.400,11.400,11.400,11.400,"1,965,804.600",121.49,R$/MWh,0.00,0.00,"238,825,600.85",#REF!,#REF!,"8,623,069.63","12,848,799.11","12,848,799.11",5/1/2018,12/31/2037,Não,"3,780.61",#REF!
,1036,2013,LEN,18ºLEN,Leilão de Energia Nova,010/2013,SANTO ESTEVÃO,16.603.346/0001-14,DISES-2018,EOL.CV.PE.031761-6.01,VENTOS DE SANTO ESTEVÃO I,Antecipação de Contrato,PE,Eólica,Cinética do Vento,NE,"102,940,000.00",#REF!,30.000,,,0.000,16.500,0.1,116,126,126,11.600,11.600,11.600,11.600,11.600,"2,000,292.400",120.48,R$/MWh,0.00,0.00,"240,995,228.35",#REF!,#REF!,"8,693,632.80","12,953,941.71","12,953,941.71",5/1/2018,12/31/2037,Não,"3,780.61",#REF!
,1037,2013,LEN,18ºLEN,Leilão de Energia Nova,010/2013,MORRO GRANDE,08.804.894/0001-84,QTD-2018 ,PCH.PH.RS.030950-8.01,MORRO GRANDE,Data de Suprimento Alterada,RS,Hidrelétrica (PCH),Rio Ituim,S,"27,096,000.00",#REF!,9.800,,,0.000,4.380,0.1,11,11,11,1.100,1.100,1.100,1.100,1.100,"286,095.700",139.00,R$/MWh,0.00,0.00,"39,767,302.30",#REF!,#REF!,0.00,0.00,0.00,5/1/2018,12/31/2047,Não,"3,780.61",#REF!
,1038,2013,LEN,18ºLEN,Leilão de Energia Nova,010/2013,MUTUM,08.939.759/0001-46,QTD-2018 ,PCH.PH.MT.031042-5.01,NOVA MUTUM,Sem Pendências,MT,Hidrelétrica (PCH),Rio dos Patos,SE,"68,460,000.00",#REF!,14.000,,,0.000,6.120,0.1,12,12,12,1.200,1.200,1.200,1.200,1.200,"312,104.400",139.00,R$/MWh,0.00,0.00,"43,382,511.60",#REF!,#REF!,0.00,0.00,0.00,5/1/2018,12/31/2047,Não,"3,780.61",#REF!
,1039,2013,LEN,18ºLEN,Leilão de Energia Nova,010/2013,CPFLCHEI,34.400.000/0000-00,DISES-2018,EOL.CV.CE.031736-5.01,PEDRA CHEIROSA,Antecipação de Contrato,CE,Eólica,Cinética do Vento,NE,"103,370,000.00",#REF!,26.000,,,0.000,13.600,0.1,136,136,136,13.600,13.600,13.600,13.600,13.600,"2,345,170.400",117.40,R$/MWh,0.00,0.00,"275,323,004.96",#REF!,#REF!,"9,977,475.32","14,866,930.39","14,866,930.39",5/1/2018,12/31/2037,Não,"3,780.61",#REF!
,1040,2013,LEN,18ºLEN,Leilão de Energia Nova,010/2013,CPFLCHEII,34.500.000/0000-00,DISES-2018,EOL.CV.CE.031698-9.01,PEDRA CHEIROSA II,Antecipação de Contrato,CE,Eólica,Cinética do Vento,NE,"95,418,000.00",#REF!,24.000,,,0.000,12.500,0.1,125,125,125,12.500,12.500,12.500,12.500,12.500,"2,155,487.500",117.39,R$/MWh,0.00,0.00,"253,032,677.63",#REF!,#REF!,"9,207,495.80","13,719,622.93","13,719,622.93",5/1/2018,12/31/2037,Não,"3,780.61",#REF!
,1041,2013,LEN,18ºLEN,Leilão de Energia Nova,010/2013,ARARA AZUL,40.100.000/0000-00,DISES-2018,EOL.CV.RN.032001-3.01,OURO VERDE III,Outorga Revogada,RN,Eólica,Cinética do Vento,NE,"86,922,000.00",#REF!,25.000,,,0.000,9.400,0.1,86,86,86,8.600,8.600,8.600,8.600,8.600,"1,482,975.400",121.30,R$/MWh,0.00,0.00,"179,884,916.02",#REF!,#REF!,"6,256,785.26","9,322,918.68","9,322,918.68",5/1/2018,12/31/2037,Não,"3,780.61",#REF!
,1042,2013,LEN,18ºLEN,Leilão de Energia Nova,010/2013,OMEGA DELTA 4,09.438.017/0001-08,DISES-2018,EOL.CV.PI.030639-8.01,PORTO DO DELTA,Antecipação de Contrato,PI,Eólica,Cinética do Vento,NE,"106,417,070.00",#REF!,30.004,,,0.000,12.700,0.1,127,127,127,12.700,12.700,12.700,12.700,12.700,"2,189,975.300",117.46,R$/MWh,0.00,0.00,"257,234,498.74",#REF!,#REF!,"9,165,853.72","13,657,574.18","13,657,574.18",5/1/2018,12/31/2037,Não,"3,780.61",#REF!
,1043,2013,LEN,18ºLEN,Leilão de Energia Nova,010/2013,PGE,12.979.342/0001-84,QTD-2018 ,CGH.PH.SC.030794-7.02,PITO,Antecipação de Contrato,SC,Hidrelétrica (PCH),Rio Lajeado Passo Grande,S,"23,871,000.00",#REF!,4.000,,,0.000,2.300,0.1,23,23,23,2.300,2.300,2.300,2.300,2.300,"598,200.100",134.90,R$/MWh,0.00,0.00,"80,697,193.49",#REF!,#REF!,0.00,0.00,0.00,5/1/2018,12/31/2047,Não,"3,780.61",#REF!
,1044,2013,LEN,18ºLEN,Leilão de Energia Nova,010/2013,ARARA AZUL,40.100.000/0000-00,DISES-2018,EOL.CV.RN.031998-8.01,OURO VERDE I,Outorga Revogada,RN,Eólica,Cinética do Vento,NE,"95,427,000.00",#REF!,27.500,,,0.000,10.700,0.1,98,86,86,9.800,9.800,9.800,9.800,9.800,"1,689,902.200",121.30,R$/MWh,0.00,0.00,"204,985,136.86",#REF!,#REF!,"7,152,107.19","10,656,992.52","10,656,992.52",5/1/2018,12/31/2037,Não,"3,780.61",#REF!
,1045,2013,LEN,18ºLEN,Leilão de Energia Nova,010/2013,ARARA AZUL,40.100.000/0000-00,DISES-2018,EOL.CV.RN.032000-5.01,OURO VERDE II,Outorga Revogada,RN,Eólica,Cinética do Vento,NE,"103,932,000.00",#REF!,30.000,,,0.000,11.200,0.1,104,86,86,10.400,10.400,10.400,10.400,10.400,"1,793,365.600",121.30,R$/MWh,0.00,0.00,"217,535,247.28",#REF!,#REF!,"7,606,107.31","11,333,475.09","11,333,475.09",5/1/2018,12/31/2037,Não,"3,780.61",#REF!
,1046,2013,LEN,18ºLEN,Leilão de Energia Nova,010/2013,ATLANTIC,11.489.312/0001-27,DISES-2018,EOL.CV.RS.031646-6.01,AURA MANGUEIRA XIII,Antecipação de Contrato,RS,Eólica,Cinética do Vento,S,"51,730,000.00",#REF!,14.000,,,0.000,6.000,0.1,60,60,60,6.000,6.000,6.000,6.000,6.000,"1,034,634.000",119.49,R$/MWh,0.00,0.00,"123,628,416.66",#REF!,#REF!,"4,292,946.11","6,396,701.46","6,396,701.46",5/1/2018,12/31/2037,Não,"3,780.61",#REF!
,1047,2013,LEN,18ºLEN,Leilão de Energia Nova,010/2013,ATLANTIC,11.489.312/0001-27,DISES-2018,EOL.CV.RS.031647-4.01,AURA MANGUEIRA XV,Antecipação de Contrato,RS,Eólica,Cinética do Vento,S,"66,510,000.00",#REF!,18.000,,,0.000,7.900,0.1,79,60,60,7.900,7.900,7.900,7.900,7.900,"1,362,268.100",119.48,R$/MWh,0.00,0.00,"162,763,792.59",#REF!,#REF!,"5,652,735.57","8,422,854.84","8,422,854.84",5/1/2018,12/31/2037,Não,"3,780.61",#REF!
,1048,2013,LEN,18ºLEN,Leilão de Energia Nova,010/2013,ATLANTIC,11.489.312/0001-27,DISES-2018,EOL.CV.RS.031696-2.01,AURA MANGUEIRA VI,Antecipação de Contrato,RS,Eólica,Cinética do Vento,S,"103,460,000.00",#REF!,28.000,,,0.000,12.300,0.1,123,60,60,12.300,12.300,12.300,12.300,12.300,"2,120,999.700",119.48,R$/MWh,0.00,0.00,"253,417,044.16",#REF!,#REF!,"8,812,682.41","13,131,331.51","13,131,331.51",5/1/2018,12/31/2037,Não,"3,780.61",#REF!
,1049,2013,LEN,18ºLEN,Leilão de Energia Nova,010/2013,ATLANTIC,11.489.312/0001-27,DISES-2018,EOL.CV.RS.031663-6.01,AURA MIRIM IV,Antecipação de Contrato,RS,Eólica,Cinética do Vento,S,"51,730,000.00",#REF!,14.000,,,0.000,6.000,0.1,60,60,60,6.000,6.000,6.000,6.000,6.000,"1,034,634.000",119.50,R$/MWh,0.00,0.00,"123,638,763.00",#REF!,#REF!,"4,285,603.00","6,385,759.87","6,385,759.87",5/1/2018,12/31/2037,Não,"3,780.61",#REF!
,1050,2013,LEN,18ºLEN,Leilão de Energia Nova,010/2013,BARAUNAS II,33.500.000/0000-00,DISES-2018,EOL.CV.BA.031667-9.01,BARAÚNAS II,Antecipação de Contrato,BA,Eólica,Cinética do Vento,NE,"75,600,000.00",#REF!,21.600,,,0.000,7.800,0.1,78,78,78,7.800,7.800,7.800,7.800,7.800,"1,345,024.200",119.99,R$/MWh,0.00,0.00,"161,389,453.76",#REF!,#REF!,"5,735,380.59","8,546,000.00","8,546,000.00",5/1/2018,12/31/2037,Não,"3,780.61",#REF!
,1051,2013,LEN,18ºLEN,Leilão de Energia Nova,010/2013,BANDA DE COURO,33.300.000/0000-00,DISES-2018,EOL.CV.BA.031607-5.01,BANDA DE COURO,Antecipação de Contrato,BA,Eólica,Cinética do Vento,NE,"103,950,000.00",#REF!,29.700,,,0.000,12.900,0.1,125,125,125,12.500,12.500,12.500,12.500,12.500,"2,155,487.500",121.80,R$/MWh,0.00,0.00,"262,538,377.50",#REF!,#REF!,"9,247,344.86","13,779,000.00","13,779,000.00",5/1/2018,12/31/2037,Não,"3,780.61",#REF!
,1052,2013,LEN,18ºLEN,Leilão de Energia Nova,010/2013,ATLANTIC,11.489.312/0001-27,DISES-2018,EOL.CV.RS.031653-9.01,AURA MANGUEIRA XII,Antecipação de Contrato,RS,Eólica,Cinética do Vento,S,"59,120,000.00",#REF!,16.000,,,0.000,6.900,0.1,69,60,60,6.900,6.900,6.900,6.900,6.900,"1,189,829.100",119.48,R$/MWh,0.00,0.00,"142,160,780.87",#REF!,#REF!,"4,945,283.62","7,368,716.53","7,368,716.53",5/1/2018,12/31/2037,Não,"3,780.61",#REF!
,1053,2013,LEN,18ºLEN,Leilão de Energia Nova,010/2013,ARARA AZUL,40.100.000/0000-00,DISES-2018,EOL.CV.RN.031999-6.01,BENTEVI,Outorga Revogada,RN,Eólica,Cinética do Vento,NE,"53,630,000.00",#REF!,15.000,,,0.000,5.700,0.1,52,86,86,5.200,5.200,5.200,5.200,5.200,"896,682.800",121.30,R$/MWh,0.00,0.00,"108,767,623.64",#REF!,#REF!,"3,789,291.50","5,646,231.25","5,646,231.25",5/1/2018,12/31/2037,Não,"3,780.61",#REF!
,1054,2013,LEN,18ºLEN,Leilão de Energia Nova,010/2013,ATLANTIC,11.489.312/0001-27,DISES-2018,EOL.CV.RS.031719-5.01,AURA MANGUEIRA XI,Antecipação de Contrato,RS,Eólica,Cinética do Vento,S,"36,950,000.00",#REF!,10.000,,,0.000,4.300,0.1,43,60,60,4.300,4.300,4.300,4.300,4.300,"741,487.700",119.48,R$/MWh,0.00,0.00,"88,592,950.40",#REF!,#REF!,"3,090,527.24","4,605,038.04","4,605,038.04",5/1/2018,12/31/2037,Não,"3,780.61",#REF!
,1055,2013,LEN,18ºLEN,Leilão de Energia Nova,010/2013,ATLANTIC,11.489.312/0001-27,DISES-2018,EOL.CV.RS.031700-4.01,AURA MANGUEIRA IV,Antecipação de Contrato,RS,Eólica,Cinética do Vento,S,"81,290,000.00",#REF!,22.000,,,0.000,9.700,0.1,97,60,60,9.700,9.700,9.700,9.700,9.700,"1,672,658.300",119.48,R$/MWh,0.00,0.00,"199,849,213.68",#REF!,#REF!,"6,935,593.28","10,334,376.11","10,334,376.11",5/1/2018,12/31/2037,Não,"3,780.61",#REF!
,1056,2013,LEN,18ºLEN,Leilão de Energia Nova,010/2013,ATLANTIC,11.489.312/0001-27,DISES-2018,EOL.CV.RS.031705-5.01,AURA MANGUEIRA XVII,Antecipação de Contrato,RS,Eólica,Cinética do Vento,S,"51,730,000.00",#REF!,14.000,,,0.000,5.800,0.1,58,60,60,5.800,5.800,5.800,5.800,5.800,"1,000,146.200",119.48,R$/MWh,0.00,0.00,"119,497,467.98",#REF!,#REF!,"4,168,413.23","6,211,141.34","6,211,141.34",5/1/2018,12/31/2037,Não,"3,780.61",#REF!
,1057,2013,LEN,18ºLEN,Leilão de Energia Nova,010/2013,ATLANTIC,11.489.312/0001-27,DISES-2018,EOL.CV.RS.031699-7.01,AURA MIRIM VIII,Antecipação de Contrato,RS,Eólica,Cinética do Vento,S,"29,560,000.00",#REF!,8.000,,,0.000,3.300,0.1,33,60,60,3.300,3.300,3.300,3.300,3.300,"569,048.700",119.48,R$/MWh,0.00,0.00,"67,989,938.68",#REF!,#REF!,"2,380,452.61","3,546,991.81","3,546,991.81",5/1/2018,12/31/2037,Não,"3,780.61",#REF!
,1058,2013,LEN,18ºLEN,Leilão de Energia Nova,010/2013,EDP RENOVÁVEIS,09.334.083/0001-20,DISES-2018,EOL.CV.RN.031887-6.01,AVENTURA I,Antecipação de Contrato,RN,Eólica,Cinética do Vento,NE,"101,825,950.00",#REF!,26.000,,,0.000,10.500,0.1,105,105,105,10.500,10.500,10.500,10.500,10.500,"1,810,609.500",108.90,R$/MWh,0.00,0.00,"197,175,374.55",#REF!,#REF!,"6,962,655.34","10,374,699.91","10,374,699.91",5/1/2018,12/31/2037,Não,"3,780.61",#REF!
,1059,2013,LEN,18ºLEN,Leilão de Energia Nova,010/2013,ATLANTIC,11.489.312/0001-27,DISES-2018,EOL.CV.RS.031701-2.01,AURA MIRIM VI,Antecipação de Contrato,RS,Eólica,Cinética do Vento,S,"29,560,000.00",#REF!,8.000,,,0.000,3.400,0.1,34,60,60,3.400,3.400,3.400,3.400,3.400,"586,292.600",119.48,R$/MWh,0.00,0.00,"70,050,239.85",#REF!,#REF!,"2,441,970.91","3,638,657.12","3,638,657.12",5/1/2018,12/31/2037,Não,"3,780.61",#REF!
,1060,2013,LEN,18ºLEN,Leilão de Energia Nova,010/2013,BV CACIMBAS,32.800.000/0000-00,DISES-2018,EOL.CV.CE.031579-6.01,BONS VENTOS CACIMBAS 5,Sem Pendências,CE,Eólica,Cinética do Vento,NE,"96,971,900.00",#REF!,23.100,,,0.000,9.600,0.1,92,92,92,9.200,9.200,9.200,9.200,9.200,"1,586,438.800",121.58,R$/MWh,0.00,0.00,"192,879,229.30",#REF!,#REF!,"6,713,736.93","10,003,799.20","10,003,799.20",5/1/2018,12/31/2037,Não,"3,780.61",#REF!
,1061,2013,LEN,18ºLEN,Leilão de Energia Nova,010/2013,BV CACIMBAS,32.800.000/0000-00,DISES-2018,EOL.CV.CE.031627-0.01,BONS VENTOS CACIMBAS 3,Sem Pendências,CE,Eólica,Cinética do Vento,NE,"61,708,520.00",#REF!,14.700,,,0.000,6.000,0.1,60,92,92,6.000,6.000,6.000,6.000,6.000,"1,034,634.000",121.58,R$/MWh,0.00,0.00,"125,790,801.72",#REF!,#REF!,"4,385,921.60","6,535,239.53","6,535,239.53",5/1/2018,12/31/2037,Não,"3,780.61",#REF!
,1062,2013,LEN,18ºLEN,Leilão de Energia Nova,010/2013,BV CACIMBAS,32.800.000/0000-00,DISES-2018,EOL.CV.CE.031611-3.01,BONS VENTOS CACIMBAS 7,Sem Pendências,CE,Eólica,Cinética do Vento,NE,"70,525,000.00",#REF!,16.800,,,0.000,6.500,0.1,65,92,92,6.500,6.500,6.500,6.500,6.500,"1,120,853.500",121.58,R$/MWh,0.00,0.00,"136,273,368.53",#REF!,#REF!,"4,784,319.52","7,128,872.08","7,128,872.08",5/1/2018,12/31/2037,Não,"3,780.61",#REF!
,1063,2013,LEN,18ºLEN,Leilão de Energia Nova,010/2013,BV CACIMBAS,32.800.000/0000-00,DISES-2018,EOL.CV.CE.031621-0.01,BONS VENTOS CACIMBAS 4,Sem Pendências,CE,Eólica,Cinética do Vento,NE,"44,079,790.00",#REF!,10.500,,,0.000,4.300,0.1,43,92,92,4.300,4.300,4.300,4.300,4.300,"741,487.700",121.58,R$/MWh,0.00,0.00,"90,150,074.57",#REF!,#REF!,"3,117,457.33","4,645,165.20","4,645,165.20",5/1/2018,12/31/2037,Não,"3,780.61",#REF!
,1064,2013,LEN,18ºLEN,Leilão de Energia Nova,010/2013,GESTAMP,31.800.000/0000-00,DISES-2018,EOL.CV.RN.031651-2.01,CABEÇO VERMELHO,Sem Pendências,RN,Eólica,Cinética do Vento,NE,"117,913,000.00",#REF!,30.000,,,0.000,15.000,0.1,136,136,136,13.600,13.600,13.600,13.600,13.600,"2,345,170.400",119.72,R$/MWh,0.00,0.00,"280,763,800.29",#REF!,#REF!,"9,751,695.95","14,530,508.00","14,530,508.00",5/1/2018,12/31/2037,Não,"3,780.61",#REF!
,1065,2013,LEN,18ºLEN,Leilão de Energia Nova,010/2013,GESTAMP,31.800.000/0000-00,DISES-2018,EOL.CV.RN.031665-2.01,CABEÇO VERMELHO II,Sem Pendências,RN,Eólica,Cinética do Vento,NE,"78,234,000.00",#REF!,20.000,,,0.000,9.000,0.1,90,136,136,9.000,9.000,9.000,9.000,9.000,"1,551,951.000",120.72,R$/MWh,0.00,0.00,"187,351,524.72",#REF!,#REF!,"6,630,558.34","9,879,859.00","9,879,859.00",5/1/2018,12/31/2037,Não,"3,780.61",#REF!
,1066,2013,LEN,18ºLEN,Leilão de Energia Nova,010/2013,BV CACIMBAS,32.800.000/0000-00,DISES-2018,EOL.CV.CE.031644-0.01,BONS VENTOS CACIMBAS 2,Sem Pendências,CE,Eólica,Cinética do Vento,NE,"105,787,500.00",#REF!,25.200,,,0.000,9.800,0.1,93,92,92,9.300,9.300,9.300,9.300,9.300,"1,603,682.700",121.58,R$/MWh,0.00,0.00,"194,975,742.67",#REF!,#REF!,"6,813,854.42","10,152,979.20","10,152,979.20",5/1/2018,12/31/2037,Não,"3,780.61",#REF!
,1067,2013,LEN,18ºLEN,Leilão de Energia Nova,010/2013,ERB,12.901.925/0001-92,DIST-2018,UTE.FL.BA.030979-6.01,ERB CANDEIAS,Antecipação de Contrato,BA,Biomassa,Cavaco/ Resíduo de Madeira,NE,"38,400,000.00",#REF!,16.790,,,0.000,14.900,0.1,149,149,149,14.900,14.900,14.900,14.900,14.900,"3,222,318.700",135.49,R$/MWh,0.00,0.00,"436,591,960.66",#REF!,#REF!,"8,278,142.09","12,334,840.06","12,334,840.06",5/1/2018,12/31/2042,Não,"3,780.61",#REF!
,1068,2013,LEN,18ºLEN,Leilão de Energia Nova,010/2013,FAZENDA VELHA,11.792.420/0001-74,QTD-2018 ,PCH.PH.GO.031575-3.01,FAZENDA VELHA,Antecipação de Contrato,GO,Hidrelétrica (PCH),Rio Ariranha,SE,"68,541,970.00",#REF!,16.500,,,0.000,8.900,0.1,67,67,67,6.700,6.700,6.700,6.700,6.700,"1,742,582.900",131.95,R$/MWh,0.00,0.00,"229,933,813.66",#REF!,#REF!,0.00,0.00,0.00,5/1/2018,12/31/2047,Não,"3,780.61",#REF!
,1069,2013,LEN,18ºLEN,Leilão de Energia Nova,010/2013,JARDIM,08.805.726/0001-03,QTD-2018 ,PCH.PH.RS.030887-0.01,JARDIM,Antecipação de Contrato,RS,Hidrelétrica (PCH),Rio Turvo,S,"35,437,000.00",#REF!,9.000,,,0.000,4.460,0.1,11,11,11,1.100,1.100,1.100,1.100,1.100,"286,095.700",139.00,R$/MWh,0.00,0.00,"39,767,302.30",#REF!,#REF!,0.00,0.00,0.00,5/1/2018,12/31/2047,Não,"3,780.61",#REF!
,1070,2013,LEN,18ºLEN,Leilão de Energia Nova,010/2013,CASA DOS VENTOS I,40.500.000/0000-00,DISES-2018,EOL.CV.BA.031775-6.01,ITAGUAÇU DA BAHIA,Outorga Revogada,BA,Eólica,Cinética do Vento,NE,"96,077,000.00",#REF!,28.000,,,0.000,14.000,0.1,121,139,139,12.100,12.100,12.100,12.100,12.100,"2,086,511.900",120.02,R$/MWh,0.00,0.00,"250,423,158.24",#REF!,#REF!,"8,819,908.91","13,142,099.35","13,142,099.35",5/1/2018,12/31/2037,Não,"3,780.61",#REF!
,1071,2013,LEN,18ºLEN,Leilão de Energia Nova,010/2013,GARÇA BRANCA,10.514.202/0001-05,QTD-2018 ,PCH.PH.SC.031059-0.01,GARÇA BRANCA,Sem Pendências,SC,Hidrelétrica (PCH),Rio das Antas,S,"37,382,820.00",#REF!,6.500,,,0.000,3.400,0.1,32,32,32,3.200,3.200,3.200,3.200,3.200,"832,278.400",137.86,R$/MWh,0.00,0.00,"114,737,900.22",#REF!,#REF!,0.00,0.00,0.00,5/1/2018,12/31/2047,Não,"3,780.61",#REF!
,1072,2013,LEN,18ºLEN,Leilão de Energia Nova,010/2013,COOGERVAJAC,10.639.747/0001-48,QTD-2018 ,PCH.PH.RS.030637-1.01,LINHA JACINTO,Contrato Rescindido,RS,Hidrelétrica (PCH),Rio da Várzea,S,"101,616,060.00",#REF!,17.407,,,0.000,9.870,0.1,93,93,93,9.300,9.300,9.300,9.300,9.300,"2,418,809.100",137.98,R$/MWh,0.00,0.00,"333,747,279.62",#REF!,#REF!,0.00,0.00,0.00,5/1/2018,12/31/2047,Não,"3,780.61",#REF!
,1073,2013,LEN,18ºLEN,Leilão de Energia Nova,010/2013,CENTRAL AVENTURA,17.227.909/0001-80,DISES-2018,EOL.CV.RN.031802-7.01,JERICÓ,Antecipação de Contrato,RN,Eólica,Cinética do Vento,NE,"104,506,950.00",#REF!,30.000,,,0.000,11.900,0.1,114,116,116,11.400,11.400,11.400,11.400,11.400,"1,965,804.600",108.90,R$/MWh,0.00,0.00,"214,076,120.94",#REF!,#REF!,"7,618,796.37","11,352,382.41","11,352,382.41",5/1/2018,12/31/2037,Não,"3,780.61",#REF!
,1074,2013,LEN,18ºLEN,Leilão de Energia Nova,010/2013,COOGERVAAPA,10.639.802/0001-08,QTD-2018 ,PCH.PH.RS.030636-3.01,LINHA APARECIDA,Contrato Rescindido,RS,Hidrelétrica (PCH),Rio da Várzea,S,"134,476,550.00",#REF!,24.920,,,0.000,13.780,0.1,117,117,117,11.700,11.700,11.700,11.700,11.700,"3,043,017.900",136.98,R$/MWh,0.00,0.00,"416,832,591.94",#REF!,#REF!,0.00,0.00,0.00,5/1/2018,12/31/2047,Não,"3,780.61",#REF!
,1075,2013,LEN,18ºLEN,Leilão de Energia Nova,010/2013,CEC,10.618.009/0001-14,QTD-2018 ,PCH.PH.SC.031598-2.01,ADO POPINHAK,Antecipação de Contrato,SC,Hidrelétrica (PCH),Rio Canoas,S,"99,698,680.00",#REF!,19.300,,,0.000,10.440,0.1,104,104,104,10.400,10.400,10.400,10.400,10.400,"2,704,904.800",135.90,R$/MWh,0.00,0.00,"367,596,562.32",#REF!,#REF!,0.00,0.00,0.00,5/1/2018,12/31/2047,Não,"3,780.61",#REF!
,1076,2013,LEN,18ºLEN,Leilão de Energia Nova,010/2013,CENTRAL AVENTURA,17.227.909/0001-80,DISES-2018,EOL.CV.RN.031801-9.01,AROEIRA,Antecipação de Contrato,RN,Eólica,Cinética do Vento,NE,"104,506,950.00",#REF!,30.000,,,0.000,11.300,0.1,113,116,116,11.300,11.300,11.300,11.300,11.300,"1,948,560.700",108.90,R$/MWh,0.00,0.00,"212,198,260.23",#REF!,#REF!,"7,524,161.99","11,211,372.52","11,211,372.52",5/1/2018,12/31/2037,Não,"3,780.61",#REF!
,1077,2013,LEN,18ºLEN,Leilão de Energia Nova,010/2013,CEA ENERGIA,10.187.906/0001-10,DISES-2018,EOL.CV.BA.031615-6.01,ASSURUÁ I,Outorga Revogada,BA,Eólica,Cinética do Vento,NE,"141,870,000.00",#REF!,30.000,,,0.000,11.500,0.1,115,139,139,11.500,11.500,11.500,11.500,11.500,"1,983,048.500",118.80,R$/MWh,0.00,0.00,"235,586,161.80",#REF!,#REF!,"8,459,851.60","12,605,596.20","12,605,596.20",5/1/2018,12/31/2037,Não,"3,780.61",#REF!
,1078,2013,LEN,18ºLEN,Leilão de Energia Nova,010/2013,ARARA AZUL,40.100.000/0000-00,DISES-2018,EOL.CV.RN.032014-5.01,ARARA AZUL,Outorga Revogada,RN,Eólica,Cinética do Vento,NE,"95,427,000.00",#REF!,27.500,,,0.000,10.700,0.1,98,86,86,9.800,9.800,9.800,9.800,9.800,"1,689,902.200",121.30,R$/MWh,0.00,0.00,"204,985,136.86",#REF!,#REF!,"7,136,428.63","10,633,630.68","10,633,630.68",5/1/2018,12/31/2037,Não,"3,780.61",#REF!
,1079,2013,LEN,18ºLEN,Leilão de Energia Nova,010/2013,CEA ENERGIA,10.187.906/0001-10,DISES-2018,EOL.CV.BA.031604-0.01,ASSURUÁ VI,Outorga Revogada,BA,Eólica,Cinética do Vento,NE,"141,870,000.00",#REF!,30.000,,,0.000,13.800,0.1,138,139,139,13.800,13.800,13.800,13.800,13.800,"2,379,658.200",118.76,R$/MWh,0.00,0.00,"282,608,207.83",#REF!,#REF!,"10,095,030.79","15,042,093.84","15,042,093.84",5/1/2018,12/31/2037,Não,"3,780.61",#REF!
,1080,2013,LEN,18ºLEN,Leilão de Energia Nova,010/2013,ALUPAR,08.364.948/0001-38,QTD-2018 ,PCH.PH.MG.031668-7.01,ÁGUA LIMPA,Contrato Rescindido,MG,Hidrelétrica (PCH),Rio Piracicaba,SE,"142,410,110.00",#REF!,23.000,,,0.000,11.440,0.1,60,60,60,6.000,6.000,6.000,6.000,6.000,"1,560,522.000",138.00,R$/MWh,0.00,0.00,"215,352,036.00",#REF!,#REF!,0.00,0.00,0.00,5/1/2018,12/31/2047,Não,"3,780.61",#REF!
,1081,2013,LEE,12ºLEE,Leilão de Energia Existente,012/2013,VOTENER,03.984.862/0001-94,QTD-12M,-, -,Sem Pendências,SP,-,-,SE,0.00,#REF!,0.000,,,0.000,0.000,1.0,62,0,62,62.000,0.000,0.000,0.000,62.000,"543,120.000",191.58,R$/MWh,0.00,0.00,"104,050,929.60",#REF!,#REF!,0.00,0.00,0.00,1/1/2014,12/31/2014,Não,"3,780.61",#REF!
,1082,2013,LEE,12ºLEE,Leilão de Energia Existente,012/2013,CESP,60.933.603/0001-78,QTD-18M,UHE.PH.SP.002127-0.01,UHE PORTO PRIMAVERA (ENG SERGIO MOTTA),Sem Pendências,SP,Hidrelétrica (UHE),-,SE,0.00,#REF!,0.000,,,0.000,0.000,1.0,7,7,7,7.000,7.000,0.000,0.000,7.000,"91,735.000",165.20,R$/MWh,0.00,0.00,"15,154,622.00",#REF!,#REF!,0.00,0.00,0.00,1/1/2014,6/30/2015,Não,"3,780.61",#REF!
,1083,2013,LEE,12ºLEE,Leilão de Energia Existente,012/2013,CESP,60.933.603/0001-78,QTD-12M,UHE.PH.SP.002127-0.01,UHE PORTO PRIMAVERA (ENG SERGIO MOTTA),Sem Pendências,SP,Hidrelétrica (UHE),-,SE,0.00,#REF!,0.000,,,0.000,0.000,1.0,28,0,28,28.000,0.000,0.000,0.000,28.000,"245,280.000",191.60,R$/MWh,0.00,0.00,"46,995,648.00",#REF!,#REF!,0.00,0.00,0.00,1/1/2014,12/31/2014,Não,"3,780.61",#REF!
,1084,2013,LEE,12ºLEE,Leilão de Energia Existente,012/2013,FURNAS,23.274.194/0001-19,QTD-12M,UHE.PH.MG.002038-9.01,UHE MASCARENHAS DE MORAES,Sem Pendências,MG,Hidrelétrica (UHE),-,SE,0.00,#REF!,0.000,,,0.000,0.000,1.0,28,0,28,28.000,0.000,0.000,0.000,28.000,"245,280.000",191.38,R$/MWh,0.00,0.00,"46,941,686.40",#REF!,#REF!,0.00,0.00,0.00,1/1/2014,12/31/2014,Não,"3,780.61",#REF!
,1085,2013,LEE,12ºLEE,Leilão de Energia Existente,012/2013,EDP C,04.149.295/0001-13,QTD-12M,UHE.PH.ES.001432-0.01,UHE MASCARENHAS,Sem Pendências,ES,Hidrelétrica (UHE),-,SE,0.00,#REF!,0.000,,,0.000,0.000,1.0,8,0,8,8.000,0.000,0.000,0.000,8.000,"70,080.000",191.58,R$/MWh,0.00,0.00,"13,425,926.40",#REF!,#REF!,0.00,0.00,0.00,1/1/2014,12/31/2014,Não,"3,780.61",#REF!
,1086,2013,LEE,12ºLEE,Leilão de Energia Existente,012/2013,VOTENER,03.984.862/0001-94,QTD-12M,UHE.PH.GO.028758-0.01,UHE SALTO,Sem Pendências,GO,Hidrelétrica (UHE),-,SE,0.00,#REF!,0.000,,,0.000,0.000,1.0,62,0,62,62.000,0.000,0.000,0.000,62.000,"543,120.000",190.78,R$/MWh,0.00,0.00,"103,616,433.60",#REF!,#REF!,0.00,0.00,0.00,1/1/2014,12/31/2014,Não,"3,780.61",#REF!
,1087,2013,LEE,12ºLEE,Leilão de Energia Existente,012/2013,VOTENER,03.984.862/0001-94,QTD-12M,UHE.PH.MG.001574-1.01,UHE NOVA PONTE,Sem Pendências,MG,Hidrelétrica (UHE),-,SE,0.00,#REF!,0.000,,,0.000,0.000,1.0,42,0,62,42.000,0.000,0.000,0.000,42.000,"367,920.000",190.97,R$/MWh,0.00,0.00,"70,261,682.40",#REF!,#REF!,0.00,0.00,0.00,1/1/2014,12/31/2014,Não,"3,780.61",#REF!
,1088,2013,LEE,12ºLEE,Leilão de Energia Existente,012/2013,BIO ENERGIAS,09.571.846/0001-56,QTD-12M,UHE.PH.SP.002127-0.01,UHE PORTO PRIMAVERA (ENG SERGIO MOTTA),Sem Pendências,SP,Hidrelétrica (UHE),-,SE,0.00,#REF!,0.000,,,0.000,0.000,1.0,30,0,30,30.000,0.000,0.000,0.000,30.000,"262,800.000",191.49,R$/MWh,0.00,0.00,"50,323,572.00",#REF!,#REF!,0.00,0.00,0.00,1/1/2014,12/31/2014,Não,"3,780.61",#REF!
,1089,2013,LEE,12ºLEE,Leilão de Energia Existente,012/2013,CESP,60.933.603/0001-78,QTD-18M,UHE.PH.SP.001282-3.01,UHE JUPÍA (ENG SOUZA DIAS),Sem Pendências,SP,Hidrelétrica (UHE),-,SE,0.00,#REF!,0.000,,,0.000,0.000,1.0,28,7,7,28.000,28.000,0.000,0.000,28.000,"366,940.000",165.20,R$/MWh,0.00,0.00,"60,618,488.00",#REF!,#REF!,0.00,0.00,0.00,1/1/2014,6/30/2015,Não,"3,780.61",#REF!
,1090,2013,LEE,12ºLEE,Leilão de Energia Existente,012/2013,FURNAS,23.274.194/0001-19,QTD-12M,UHE.PH.GO.002731-6.01,UHE SERRA DA MESA,Sem Pendências,GO,Hidrelétrica (UHE),-,SE,0.00,#REF!,0.000,,,0.000,0.000,1.0,30,0,28,30.000,0.000,0.000,0.000,30.000,"262,800.000",191.39,R$/MWh,0.00,0.00,"50,297,292.00",#REF!,#REF!,0.00,0.00,0.00,1/1/2014,12/31/2014,Não,"3,780.61",#REF!
,1091,2013,LEE,12ºLEE,Leilão de Energia Existente,012/2013,BTG PACTUAL,07.133.522/0001-00,QTD-12M,UHE.PH.MG.001574-1.01,USINA NOVA PONTE,Sem Pendências,MG,Hidrelétrica (UHE),-,SE,0.00,#REF!,0.000,,,0.000,0.000,1.0,15,0,15,15.000,0.000,0.000,0.000,15.000,"131,400.000",191.59,R$/MWh,0.00,0.00,"25,174,926.00",#REF!,#REF!,0.00,0.00,0.00,1/1/2014,12/31/2014,Não,"3,780.61",#REF!
,1092,2013,LEE,12ºLEE,Leilão de Energia Existente,012/2013,TRADENER,02.691.745/0001-70,QTD-36M,UHE.PH.BA.002755-3.01,UHE SOBRADINHO,Sem Pendências,BA,Hidrelétrica (UHE),-,NE,0.00,#REF!,0.000,,,0.000,0.000,1.0,10,10,10,10.000,10.000,10.000,0.000,10.000,"263,040.000",149.80,R$/MWh,0.00,0.00,"39,403,392.00",#REF!,#REF!,0.00,0.00,0.00,1/1/2014,12/31/2016,Não,"3,780.61",#REF!
,1093,2013,LEE,12ºLEE,Leilão de Energia Existente,012/2013,ELETRONORTE,00.357.038/0001-16,QTD-36M,UHE.PH.PA.002889-4.01,TUCURUÍ,Sem Pendências,PA,Hidrelétrica (UHE),-,N,0.00,#REF!,0.000,,,0.000,0.000,1.0,783,783,783,783.000,783.000,783.000,0.000,783.000,"20,596,032.000",150.00,R$/MWh,0.00,0.00,"3,089,404,800.00",#REF!,#REF!,0.00,0.00,0.00,1/1/2014,12/31/2016,Não,"3,780.61",#REF!
,1094,2013,LEE,12ºLEE,Leilão de Energia Existente,012/2013,CESP,60.933.603/0001-78,QTD-12M,UHE.PH.SP.001282-3.01,UHE JUPÍA (ENG SOUZA DIAS),Sem Pendências,SP,Hidrelétrica (UHE),-,SE,0.00,#REF!,0.000,,,0.000,0.000,1.0,120,0,28,120.000,0.000,0.000,0.000,120.000,"1,051,200.000",191.60,R$/MWh,0.00,0.00,"201,409,920.00",#REF!,#REF!,0.00,0.00,0.00,1/1/2014,12/31/2014,Não,"3,780.61",#REF!
,1095,2013,LEE,12ºLEE,Leilão de Energia Existente,012/2013,COPEL GET,04.370.282/0001-70,QTD-12M,UHE.PH.PR.000984-9.01,UHE GOV. BENTO MUNHOZ DA ROCHA NETO,Sem Pendências,PR,Hidrelétrica (UHE),-,S,0.00,#REF!,0.000,,,0.000,0.000,1.0,96,0,96,96.000,0.000,0.000,0.000,96.000,"840,960.000",191.80,R$/MWh,0.00,0.00,"161,296,128.00",#REF!,#REF!,0.00,0.00,0.00,1/1/2014,12/31/2014,Não,"3,780.61",#REF!
,1096,2013,LEE,12ºLEE,Leilão de Energia Existente,012/2013,EDP C,04.149.295/0001-13,QTD-12M,UHE.PH.PR.000984-9.01,UHE GOV. BENTO MUNHOZ DA ROCHA NETO,Sem Pendências,PR,Hidrelétrica (UHE),-,S,0.00,#REF!,0.000,,,0.000,0.000,1.0,10,0,10,10.000,0.000,0.000,0.000,10.000,"87,600.000",190.48,R$/MWh,0.00,0.00,"16,686,048.00",#REF!,#REF!,0.00,0.00,0.00,1/1/2014,12/31/2014,Não,"3,780.61",#REF!
,1097,2013,LEE,12ºLEE,Leilão de Energia Existente,012/2013,EDP C,04.149.295/0001-13,QTD-12M,UHE.PH.PR.002591-7.01,UHE GOV. JOSÉ RICHA,Sem Pendências,PR,Hidrelétrica (UHE),-,S,0.00,#REF!,0.000,,,0.000,0.000,1.0,10,0,10,10.000,0.000,0.000,0.000,10.000,"87,600.000",189.98,R$/MWh,0.00,0.00,"16,642,248.00",#REF!,#REF!,0.00,0.00,0.00,1/1/2014,12/31/2014,Não,"3,780.61",#REF!
,1098,2013,LEE,12ºLEE,Leilão de Energia Existente,012/2013,ITIQUIRA,00.185.041/0001-08,QTD-12M,UHE.PH.MT.027244-2.01,UHE ITIQUIRA,Sem Pendências,MT,Hidrelétrica (UHE),-,SE,0.00,#REF!,0.000,,,0.000,0.000,1.0,8,0,8,8.000,0.000,0.000,0.000,8.000,"70,080.000",191.00,R$/MWh,0.00,0.00,"13,385,280.00",#REF!,#REF!,0.00,0.00,0.00,1/1/2014,12/31/2014,Não,"3,780.61",#REF!
,1099,2013,LEE,12ºLEE,Leilão de Energia Existente,012/2013,TRADENER,02.691.745/0001-70,QTD-12M,UHE.PH.PR.002715-4.01,UHE GOV. NEY BRAGA,Sem Pendências,PR,Hidrelétrica (UHE),-,S,0.00,#REF!,0.000,,,0.000,0.000,1.0,34,0,34,34.000,0.000,0.000,0.000,34.000,"297,840.000",191.60,R$/MWh,0.00,0.00,"57,066,144.00",#REF!,#REF!,0.00,0.00,0.00,1/1/2014,12/31/2014,Não,"3,780.61",#REF!
,1100,2013,LEE,12ºLEE,Leilão de Energia Existente,012/2013,TRADENER,02.691.745/0001-70,QTD-12M,UHE.PH.PR.000984-9.01,UHE GOV. BENTO MUNHOZ DA ROCHA NETO,Sem Pendências,PR,Hidrelétrica (UHE),-,S,0.00,#REF!,0.000,,,0.000,0.000,1.0,20,0,34,20.000,0.000,0.000,0.000,20.000,"175,200.000",191.60,R$/MWh,0.00,0.00,"33,568,320.00",#REF!,#REF!,0.00,0.00,0.00,1/1/2014,12/31/2014,Não,"3,780.61",#REF!
,1101,2013,LEE,12ºLEE,Leilão de Energia Existente,012/2013,TRADENER,02.691.745/0001-70,QTD-36M,UHE.PH.PR.000984-9.01,UHE GOV. BENTO MUNHOZ DA ROCHA NETO,Sem Pendências,PR,Hidrelétrica (UHE),-,S,0.00,#REF!,0.000,,,0.000,0.000,1.0,15,15,15,15.000,15.000,15.000,0.000,15.000,"394,560.000",149.79,R$/MWh,0.00,0.00,"59,101,142.40",#REF!,#REF!,0.00,0.00,0.00,1/1/2014,12/31/2016,Não,"3,780.61",#REF!
,1102,2013,LEE,12ºLEE,Leilão de Energia Existente,012/2013,CELESC GERA,08.336.804/0001-78,QTD-12M,UHE.PH.SC.000728-5.01,UHE CAVEIRAS,Sem Pendências,SC,Hidrelétrica (UHE),-,S,0.00,#REF!,0.000,,,0.000,0.000,1.0,1,0,1,1.000,0.000,0.000,0.000,1.000,"8,760.000",191.59,R$/MWh,0.00,0.00,"1,678,328.40",#REF!,#REF!,0.00,0.00,0.00,1/1/2014,12/31/2014,Não,"3,780.61",#REF!
,1103,2013,LEE,12ºLEE,Leilão de Energia Existente,012/2013,TRADENER,02.691.745/0001-70,QTD-36M,UHE.PH.PR.002715-4.01,UHE GOV. NEY BRAGA,Sem Pendências,PR,Hidrelétrica (UHE),-,S,0.00,#REF!,0.000,,,0.000,0.000,1.0,11,15,15,11.000,11.000,11.000,0.000,11.000,"289,344.000",149.79,R$/MWh,0.00,0.00,"43,340,837.76",#REF!,#REF!,0.00,0.00,0.00,1/1/2014,12/31/2016,Não,"3,780.61",#REF!
,1104,2013,LEE,12ºLEE,Leilão de Energia Existente,012/2013,CESP,60.933.603/0001-78,QTD-18M,UHE.PH.SP.001120-7.01,UHE ILHA SOLTEIRA,Sem Pendências,SP,Hidrelétrica (UHE),-,SE,0.00,#REF!,0.000,,,0.000,0.000,1.0,63,7,7,63.000,63.000,0.000,0.000,63.000,"825,615.000",165.20,R$/MWh,0.00,0.00,"136,391,598.00",#REF!,#REF!,0.00,0.00,0.00,1/1/2014,6/30/2015,Não,"3,780.61",#REF!
,1105,2013,LEE,12ºLEE,Leilão de Energia Existente,012/2013,CESP,60.933.603/0001-78,QTD-12M,UHE.PH.SP.001120-7.01,UHE ILHA SOLTEIRA,Sem Pendências,SP,Hidrelétrica (UHE),-,SE,0.00,#REF!,0.000,,,0.000,0.000,1.0,252,0,28,252.000,0.000,0.000,0.000,252.000,"2,207,520.000",191.60,R$/MWh,0.00,0.00,"422,960,832.00",#REF!,#REF!,0.00,0.00,0.00,1/1/2014,12/31/2014,Não,"3,780.61",#REF!
,1106,2013,LEE,12ºLEE,Leilão de Energia Existente,012/2013,FURNAS,23.274.194/0001-19,QTD-12M,UHE.PH.MG.001194-0.01,UHE ITUMBIARA,Sem Pendências,MG,Hidrelétrica (UHE),-,SE,0.00,#REF!,0.000,,,0.000,0.000,1.0,742,0,28,742.000,0.000,0.000,0.000,742.000,"6,499,920.000",191.37,R$/MWh,0.00,0.00,"1,243,889,690.40",#REF!,#REF!,0.00,0.00,0.00,1/1/2014,12/31/2014,Não,"3,780.61",#REF!
,1107,2013,LEE,12ºLEE,Leilão de Energia Existente,012/2013,CDSA,01.672.223/0001-68,QTD-12M,UHE.PH.GO.000528-2.01,CENTRAIS ELÉTRICAS CACHOEIRA DOURADA,Sem Pendências,ES,Hidrelétrica (UHE),-,SE,0.00,#REF!,0.000,,,0.000,0.000,1.0,10,0,10,10.000,0.000,0.000,0.000,10.000,"87,600.000",191.00,R$/MWh,0.00,0.00,"16,731,600.00",#REF!,#REF!,0.00,0.00,0.00,1/1/2014,12/31/2014,Não,"3,780.61",#REF!
,1108,2013,LEE,12ºLEE,Leilão de Energia Existente,012/2013,PBEN,05.195.759/0001-90,QTD-12M,UTE.GN.RJ.027888-2.01,GOV. LEONEL BRIZOLA,Sem Pendências,RJ,Gás Natural,Gás Natural,SE,0.00,#REF!,"1,058.300",,,0.000,986.600,1.0,10,0,10,10.000,0.000,0.000,0.000,10.000,"87,600.000",191.60,R$/MWh,0.00,0.00,"16,784,160.00",#REF!,#REF!,0.00,0.00,0.00,1/1/2014,12/31/2014,Não,"3,780.61",#REF!
,1109,2013,LEE,12ºLEE,Leilão de Energia Existente,012/2013,NOBLE 60,06.315.338/0150-60,QTD-12M,UTE.AI.SP.029655-4.01,UTE POTIRENDABA,Sem Pendências,SP,Biomassa,-,SE,0.00,#REF!,0.000,,,0.000,0.000,1.0,1,0,1,1.000,0.000,0.000,0.000,1.000,"8,760.000",190.00,R$/MWh,0.00,0.00,"1,664,400.00",#REF!,#REF!,0.00,0.00,0.00,1/1/2014,12/31/2014,Não,"3,780.61",#REF!
,1110,2013,LEE,12ºLEE,Leilão de Energia Existente,012/2013,EDP C,04.149.295/0001-13,QTD-12M,UHE.PH.TO.001304-8.01,AHE LAJEADO,Sem Pendências,TO,Hidrelétrica (UHE),-,SE,0.00,#REF!,0.000,,,0.000,0.000,1.0,35,0,8,35.000,0.000,0.000,0.000,35.000,"306,600.000",190.98,R$/MWh,0.00,0.00,"58,554,468.00",#REF!,#REF!,0.00,0.00,0.00,1/1/2014,12/31/2014,Não,"3,780.61",#REF!
,1111,2014,LEE,13ºLEE,Leilão de Energia Existente,005/2014,SAO BORJA,10.420.690/0001-91,2014-DIS,UTE.AI.RS.029583-3.01,SAO BORJA,Sem Pendências,RS,Biomassa,Casca de Arroz,S,0.00,#REF!,0.000,,,0.000,0.000,1.0,1,1,1,1.000,1.000,1.000,1.000,1.000,"49,703.000",260.80,R$/MWh,0.00,0.00,"12,962,542.40",#REF!,#REF!,"1,629,893.96","2,428,622.40","2,428,622.40",5/1/2014,12/31/2019,Não,"3,898.38",#REF!
,1112,2014,LEE,13ºLEE,Leilão de Energia Existente,005/2014,FURNAS,23.274.194/0001-19,2014-QTD,UHE.PH.GO.002731-6.01,SERRA DA MESA,Sem Pendências,GO,Hidrelétrica (UHE),-,SE,0.00,#REF!,0.000,,,0.000,0.000,1.0,382,382,382,382.000,382.000,382.000,382.000,382.000,"18,986,546.000",270.80,R$/MWh,0.00,0.00,"5,141,556,656.80",#REF!,#REF!,0.00,0.00,0.00,5/1/2014,12/31/2019,Não,"3,898.38",#REF!
,1113,2014,LEE,13ºLEE,Leilão de Energia Existente,005/2014,VOTENER,03.984.862/0001-94,2014-QTD,UHE.PH.GO.028760-1.01,SALTO RIO VERDINHO,Sem Pendências,GO,Hidrelétrica (UHE),-,SE,0.00,#REF!,0.000,,,0.000,0.000,1.0,58,58,58,58.000,58.000,58.000,58.000,58.000,"2,882,774.000",270.75,R$/MWh,0.00,0.00,"780,511,060.50",#REF!,#REF!,0.00,0.00,0.00,5/1/2014,12/31/2019,Não,"3,898.38",#REF!
,1114,2014,LEE,13ºLEE,Leilão de Energia Existente,005/2014,ENGIE BR GER,02.474.103/0001-19,2014-QTD,UHE.PH.PR.002672-7.01,SALTO SANTIAGO,Sem Pendências,PR,Hidrelétrica (UHE),-,S,0.00,#REF!,0.000,,,0.000,0.000,1.0,150,150,150,150.000,150.000,150.000,150.000,150.000,"7,455,450.000",270.69,R$/MWh,0.00,0.00,"2,018,115,760.50",#REF!,#REF!,0.00,0.00,0.00,5/1/2014,12/31/2019,Não,"3,898.38",#REF!
,1115,2014,LEE,13ºLEE,Leilão de Energia Existente,005/2014,QUANTA GERACAO,07.642.982/0001-64,2014-QTD,PCH.PH.MG.002856-8.01,TOMBOS,Sem Pendências,RJ,Hidrelétrica (PCH),-,SE,0.00,#REF!,0.000,,,0.000,0.000,1.0,1,1,1,1.000,1.000,1.000,1.000,1.000,"49,703.000",270.80,R$/MWh,0.00,0.00,"13,459,572.40",#REF!,#REF!,0.00,0.00,0.00,5/1/2014,12/31/2019,Não,"3,898.38",#REF!
,1116,2014,LEE,13ºLEE,Leilão de Energia Existente,005/2014,ELETRONORTE,00.357.038/0001-16,2014-QTD,UHE.PH.PA.002889-4.01,TUCURUÍ,Sem Pendências,PA,Hidrelétrica (UHE),-,N,0.00,#REF!,0.000,,,0.000,0.000,1.0,280,280,280,280.000,280.000,280.000,280.000,280.000,"13,916,840.000",271.00,R$/MWh,0.00,0.00,"3,771,463,640.00",#REF!,#REF!,0.00,0.00,0.00,5/1/2014,12/31/2019,Não,"3,898.38",#REF!
,1117,2014,LEE,13ºLEE,Leilão de Energia Existente,005/2014,VOTENER,03.984.862/0001-94,2014-QTD,UHE.PH.MG.027483-6.01,CAPIM BRANCO 1,Sem Pendências,MG,Hidrelétrica (UHE),-,SE,0.00,#REF!,0.000,,,0.000,0.000,1.0,13,58,58,13.000,13.000,13.000,13.000,13.000,"646,139.000",270.69,R$/MWh,0.00,0.00,"174,903,365.91",#REF!,#REF!,0.00,0.00,0.00,5/1/2014,12/31/2019,Não,"3,898.38",#REF!
,1118,2014,LEE,13ºLEE,Leilão de Energia Existente,005/2014,VOTENER,03.984.862/0001-94,2014-QTD,UHE.PH.SC.027401-1.01,CAMPOS NOVOS,Sem Pendências,SC,Hidrelétrica (UHE),-,S,0.00,#REF!,0.000,,,0.000,0.000,1.0,164,164,164,164.000,164.000,164.000,164.000,164.000,"8,151,292.000",270.79,R$/MWh,0.00,0.00,"2,207,288,360.68",#REF!,#REF!,0.00,0.00,0.00,5/1/2014,12/31/2019,Não,"3,898.38",#REF!
,1119,2014,LEE,13ºLEE,Leilão de Energia Existente,005/2014,VOTENER,03.984.862/0001-94,2014-QTD,UHE.PH.SP.002077-0.01,PIRAJU,Sem Pendências,SP,Hidrelétrica (UHE),-,SE,0.00,#REF!,0.000,,,0.000,0.000,1.0,42,58,58,42.000,42.000,42.000,42.000,42.000,"2,087,526.000",270.75,R$/MWh,0.00,0.00,"565,197,664.50",#REF!,#REF!,0.00,0.00,0.00,5/1/2014,12/31/2019,Não,"3,898.38",#REF!
,1120,2014,LEE,13ºLEE,Leilão de Energia Existente,005/2014,BTG PACTUAL,07.133.522/0001-00,2014-QTD,-,-,Sem Pendências,SP,-,-,SE,0.00,#REF!,0.000,,,0.000,0.000,1.0,149,149,149,149.000,149.000,149.000,149.000,149.000,"7,405,747.000",270.68,R$/MWh,0.00,0.00,"2,004,587,597.96",#REF!,#REF!,0.00,0.00,0.00,5/1/2014,12/31/2019,Não,"3,898.38",#REF!
,1121,2014,LEE,13ºLEE,Leilão de Energia Existente,005/2014,PETROBRAS PIE,33.000.167/0001-01,2014-DIS,UTE.GN.RJ.027952-8.01,BARBOSA LIMA SOBRINHO,Sem Pendências,RJ,Gás Natural,Gás Natural,SE,0.00,#REF!,385.900,,,0.000,343.000,1.0,58,58,58,58.000,58.000,58.000,58.000,58.000,"2,882,774.000",262.00,R$/MWh,0.00,0.00,"755,286,788.00",#REF!,#REF!,"43,062,137.80","64,164,709.50","64,164,709.50",5/1/2014,12/31/2019,Não,"3,898.38",#REF!
,1122,2014,LEE,13ºLEE,Leilão de Energia Existente,005/2014,VOTENER,03.984.862/0001-94,2014-QTD,UHE.PH.RS.027556-5.01,BARRA GRANDE,Sem Pendências,SC,Hidrelétrica (UHE),-,S,0.00,#REF!,0.000,,,0.000,0.000,1.0,50,164,164,50.000,50.000,50.000,50.000,50.000,"2,485,150.000",270.70,R$/MWh,0.00,0.00,"672,730,105.00",#REF!,#REF!,0.00,0.00,0.00,5/1/2014,12/31/2019,Não,"3,898.38",#REF!
,1123,2014,LEE,13ºLEE,Leilão de Energia Existente,005/2014,QUANTA GERACAO,07.642.982/0001-64,2014-QTD,PCH.PH.RJ.000928-8.01,FAGUNDES,Sem Pendências,RJ,Hidrelétrica (PCH),-,SE,0.00,#REF!,0.000,,,0.000,0.000,1.0,2,1,1,2.000,2.000,2.000,2.000,2.000,"99,406.000",270.80,R$/MWh,0.00,0.00,"26,919,144.80",#REF!,#REF!,0.00,0.00,0.00,5/1/2014,12/31/2019,Não,"3,898.38",#REF!
,1124,2014,LEE,13ºLEE,Leilão de Energia Existente,005/2014,PETROBRAS PIE,33.000.167/0001-01,2014-DIS,UTE.GN.SP.028014-3.01,EUZÉBIO ROCHA,Sem Pendências,SP,Gás Natural,Gás Natural,SE,0.00,#REF!,249.900,,,0.000,205.600,1.0,56,58,58,56.000,56.000,56.000,56.000,56.000,"2,783,368.000",262.00,R$/MWh,0.00,0.00,"729,242,416.00",#REF!,#REF!,"58,892,503.77","87,752,735.68","87,752,735.68",5/1/2014,12/31/2019,Não,"3,898.38",#REF!
,1125,2014,LEE,13ºLEE,Leilão de Energia Existente,005/2014,ITIQUIRA,00.185.041/0001-08,2014-QTD,UHE.PH.MT.027244-2.01,ITIQUIRA I,Sem Pendências,MT,Hidrelétrica (UHE),-,SE,0.00,#REF!,0.000,,,0.000,0.000,1.0,25,25,25,25.000,25.000,25.000,25.000,25.000,"1,242,575.000",269.78,R$/MWh,0.00,0.00,"335,221,883.50",#REF!,#REF!,0.00,0.00,0.00,5/1/2014,12/31/2019,Não,"3,898.38",#REF!
,1126,2014,LEE,13ºLEE,Leilão de Energia Existente,005/2014,PETROBRAS PIE,33.000.167/0001-01,2014-DIS,UTE.GN.RJ.027888-2.01,GOV. LEONEL BRIZOLA,Sem Pendências,RJ,Gás Natural,Gás Natural,SE,0.00,#REF!,"1,058.300",,,0.000,986.600,1.0,253,58,58,253.000,253.000,253.000,253.000,253.000,"12,574,859.000",262.00,R$/MWh,0.00,0.00,"3,294,613,058.00",#REF!,#REF!,"198,428,548.28","295,668,325.05","295,668,325.05",5/1/2014,12/31/2019,Não,"3,898.38",#REF!
,1127,2014,LEE,13ºLEE,Leilão de Energia Existente,005/2014,PETROBRAS PIE,33.000.167/0001-01,2014-DIS,UTE.GN.MS.027975-7.01,LUIS CARLOS PRESTES,Sem Pendências,MS,Gás Natural,Gás Natural,SE,0.00,#REF!,385.819,,,0.000,335.800,1.0,207,58,58,207.000,207.000,207.000,207.000,207.000,"10,288,521.000",262.00,R$/MWh,0.00,0.00,"2,695,592,502.00",#REF!,#REF!,"143,098,454.42","213,223,755.87","213,223,755.87",5/1/2014,12/31/2019,Não,"3,898.38",#REF!
,1128,2014,LEE,13ºLEE,Leilão de Energia Existente,005/2014,EDP C,04.149.295/0001-13,2014-QTD,UHE.PH.TO.001304-8.01,LAJEADO,Sem Pendências,TO,Hidrelétrica (UHE),-,SE,0.00,#REF!,0.000,,,0.000,0.000,1.0,5,5,5,5.000,5.000,5.000,5.000,5.000,"248,515.000",270.79,R$/MWh,0.00,0.00,"67,295,376.85",#REF!,#REF!,0.00,0.00,0.00,5/1/2014,12/31/2019,Não,"3,898.38",#REF!
,1129,2014,LEE,13ºLEE,Leilão de Energia Existente,005/2014,FURNAS,23.274.194/0001-19,2014-QTD,UHE.PH.MG.002038-9.01,MASCARENHAS DE MORAES (PEIXOTO),Sem Pendências,MG,Hidrelétrica (UHE),-,SE,0.00,#REF!,0.000,,,0.000,0.000,1.0,149,382,382,149.000,149.000,149.000,149.000,149.000,"7,405,747.000",271.00,R$/MWh,0.00,0.00,"2,006,957,437.00",#REF!,#REF!,0.00,0.00,0.00,5/1/2014,12/31/2019,Não,"3,898.38",#REF!
,1130,2014,LEE,13ºLEE,Leilão de Energia Existente,005/2014,QUANTA GERACAO,07.642.982/0001-64,2014-QTD,PCH.PH.RJ.000140-6.01,AREAL,Sem Pendências,RJ,Hidrelétrica (PCH),-,SE,0.00,#REF!,0.000,,,0.000,0.000,1.0,1,1,1,1.000,1.000,1.000,1.000,1.000,"49,703.000",270.80,R$/MWh,0.00,0.00,"13,459,572.40",#REF!,#REF!,0.00,0.00,0.00,5/1/2014,12/31/2019,Não,"3,898.38",#REF!
,1131,2014,LEN,19ºLEN,Leilão de Energia Nova,003/2014,CONSÓRCIO QUATRO VENTOS,30.000.000/0000-00,DIS-2017,EOL.CV.PE.031809-4.01,QUATRO VENTOS,Contrato Rescindido,PE,Eólica,Cinética do Vento,NE,"78,422,880.00",#REF!,22.000,,,0.000,9.400,0.1,94,94,94,9.400,9.400,9.400,9.400,9.400,"1,648,008.000",129.80,R$/MWh,0.00,0.00,"213,911,438.40",#REF!,#REF!,"10,743,524.81","10,743,524.81","10,743,524.81",1/1/2017,12/31/2036,Sim,"3,942.55",#REF!
,1132,2014,LEN,19ºLEN,Leilão de Energia Nova,003/2014,SANTO ANTONIO ENERGIA,09.391.823/0001-60,QTD-2017,UHE.PH.RO.029707-0.01,SANTO ANTÔNIO,Sem Pendências,RO,Hidrelétrica (UHE),Rio Madeira,SE,"1,591,518,120.00",#REF!,417.600,,,0.000,206.200,0.1,"1,296","1,296","1,296",129.600,129.600,129.600,129.600,129.600,"34,080,652.800",121.00,R$/MWh,0.00,0.00,"4,123,758,988.80",#REF!,#REF!,0.00,0.00,0.00,1/1/2017,12/31/2046,Sim,"3,942.55",#REF!
,1133,2014,LEN,19ºLEN,Leilão de Energia Nova,003/2014,CONSÓRCIO SANTANA II,31.000.000/0000-00,DIS-2017,EOL.CV.RN.031811-6.01,SANTANA II,Sem Pendências,RN,Eólica,Cinética do Vento,NE,"164,194,500.00",#REF!,24.000,,,0.000,12.900,0.1,129,129,129,12.900,12.900,12.900,12.900,12.900,"2,261,628.000",128.98,R$/MWh,0.00,0.00,"291,704,779.44",#REF!,#REF!,"14,798,077.43","14,798,077.43","14,798,077.43",1/1/2017,12/31/2036,Sim,"3,942.55",#REF!
,1134,2014,LEN,19ºLEN,Leilão de Energia Nova,003/2014,CONSÓRCIO SANTANA I,21.000.000/0000-00,DIS-2017,EOL.CV.RN.031810-8.01,SANTANA I,Sem Pendências,RN,Eólica,Cinética do Vento,NE,"197,439,950.00",#REF!,30.000,,,0.000,17.200,0.1,172,172,172,17.200,17.200,17.200,17.200,17.200,"3,015,504.000",128.98,R$/MWh,0.00,0.00,"388,939,705.92",#REF!,#REF!,"19,702,698.16","19,702,698.16","19,702,698.16",1/1/2017,12/31/2036,Sim,"3,942.55",#REF!
,1135,2014,LEN,19ºLEN,Leilão de Energia Nova,003/2014,VENTOS DE SÃO CLEMENTE 8,16.000.000/0000-00,DIS-2017,EOL.CV.PE.031825-6.01,VENTOS DE SÃO CLEMENTE 8,Sem Pendências,PE,Eólica,Cinética do Vento,NE,"68,635,000.00",#REF!,20.000,,,0.000,9.500,0.1,95,95,95,9.500,9.500,9.500,9.500,9.500,"1,665,540.000",129.98,R$/MWh,0.00,0.00,"216,486,889.20",#REF!,#REF!,"11,189,551.89","11,189,551.89","11,189,551.89",1/1/2017,12/31/2036,Sim,"3,942.55",#REF!
,1136,2014,LEN,19ºLEN,Leilão de Energia Nova,003/2014,VENTOS DE SÃO CLEMENTE 7,15.000.000/0000-00,DIS-2017,EOL.CV.PE.031824-8.01,VENTOS DE SÃO CLEMENTE 7,Sem Pendências,PE,Eólica,Cinética do Vento,NE,"82,357,000.00",#REF!,24.000,,,0.000,10.700,0.1,107,107,107,10.700,10.700,10.700,10.700,10.700,"1,875,924.000",129.98,R$/MWh,0.00,0.00,"243,832,601.52",#REF!,#REF!,"12,693,209.70","12,693,209.70","12,693,209.70",1/1/2017,12/31/2036,Sim,"3,942.55",#REF!
,1137,2014,LEN,19ºLEN,Leilão de Energia Nova,003/2014,VENTOS DE SÃO CLEMENTE 5,13.000.000/0000-00,DIS-2017,EOL.CV.PE.031822-1.01,VENTOS DE SÃO CLEMENTE 5,Sem Pendências,PE,Eólica,Cinética do Vento,NE,"102,940,000.00",#REF!,30.000,,,0.000,15.700,0.1,157,157,157,15.700,15.700,15.700,15.700,15.700,"2,752,524.000",129.97,R$/MWh,0.00,0.00,"357,745,544.28",#REF!,#REF!,"18,542,289.99","18,542,289.99","18,542,289.99",1/1/2017,12/31/2036,Sim,"3,942.55",#REF!
,1138,2014,LEN,19ºLEN,Leilão de Energia Nova,003/2014,VENTOS DE SÃO CLEMENTE 2,80.000.000/0000-00,DIS-2017,EOL.CV.PE.031819-1.01,VENTOS DE SÃO CLEMENTE 2,Sem Pendências,PE,Eólica,Cinética do Vento,NE,"102,940,000.00",#REF!,30.000,,,0.000,14.200,0.1,142,142,142,14.200,14.200,14.200,14.200,14.200,"2,489,544.000",129.98,R$/MWh,0.00,0.00,"323,590,929.12",#REF!,#REF!,"16,833,947.52","16,833,947.52","16,833,947.52",1/1/2017,12/31/2036,Sim,"3,942.55",#REF!
,1139,2014,LEN,19ºLEN,Leilão de Energia Nova,003/2014,VENTOS DE SÃO CLEMENTE 4,12.000.000/0000-00,DIS-2017,EOL.CV.PE.031821-3.01,VENTOS DE SÃO CLEMENTE 4,Sem Pendências,PE,Eólica,Cinética do Vento,NE,"102,940,000.00",#REF!,30.000,,,0.000,14.600,0.1,146,146,146,14.600,14.600,14.600,14.600,14.600,"2,559,672.000",129.97,R$/MWh,0.00,0.00,"332,680,569.84",#REF!,#REF!,"17,297,362.55","17,297,362.55","17,297,362.55",1/1/2017,12/31/2036,Sim,"3,942.55",#REF!
,1140,2014,LEN,19ºLEN,Leilão de Energia Nova,003/2014,VENTOS DE SÃO CLEMENTE 3,11.000.000/0000-00,DIS-2017,EOL.CV.PE.031820-5.01,VENTOS DE SÃO CLEMENTE 3,Sem Pendências,PE,Eólica,Cinética do Vento,NE,"102,940,000.00",#REF!,30.000,,,0.000,14.500,0.1,145,145,145,14.500,14.500,14.500,14.500,14.500,"2,542,140.000",129.97,R$/MWh,0.00,0.00,"330,401,935.80",#REF!,#REF!,"17,135,346.58","17,135,346.58","17,135,346.58",1/1/2017,12/31/2036,Sim,"3,942.55",#REF!
,1141,2014,LEN,19ºLEN,Leilão de Energia Nova,003/2014,VENTOS DE SÃO CLEMENTE 1,90.000.000/0000-00,DIS-2017,EOL.CV.PE.031818-3.01,VENTOS DE SÃO CLEMENTE 1,Sem Pendências,PE,Eólica,Cinética do Vento,NE,"102,940,000.00",#REF!,30.000,,,0.000,15.300,0.1,153,153,153,15.300,15.300,15.300,15.300,15.300,"2,682,396.000",129.97,R$/MWh,0.00,0.00,"348,631,008.12",#REF!,#REF!,"18,046,064.83","18,046,064.83","18,046,064.83",1/1/2017,12/31/2036,Sim,"3,942.55",#REF!
,1142,2014,LEN,19ºLEN,Leilão de Energia Nova,003/2014,VENTOS DE SÃO CLEMENTE 6,14.000.000/0000-00,DIS-2017,EOL.CV.PE.031823-0.01,VENTOS DE SÃO CLEMENTE 6,Sem Pendências,PE,Eólica,Cinética do Vento,NE,"89,219,000.00",#REF!,26.000,,,0.000,13.300,0.1,133,133,133,13.300,13.300,13.300,13.300,13.300,"2,331,756.000",129.97,R$/MWh,0.00,0.00,"303,058,327.32",#REF!,#REF!,"15,670,157.85","15,670,157.85","15,670,157.85",1/1/2017,12/31/2036,Sim,"3,942.55",#REF!
,1143,2014,LEN,19ºLEN,Leilão de Energia Nova,003/2014,CONSÓRCIO OURO BRANCO,20.000.000/0000-00,DIS-2017,EOL.CV.PE.031807-8.01,OURO BRANCO 1,Contrato Rescindido,PE,Eólica,Cinética do Vento,NE,"103,951,200.00",#REF!,30.000,,,0.000,13.900,0.1,139,139,139,13.900,13.900,13.900,13.900,13.900,"2,436,948.000",129.80,R$/MWh,0.00,0.00,"316,315,850.40",#REF!,#REF!,"15,908,484.69","15,908,484.69","15,908,484.69",1/1/2017,12/31/2036,Sim,"3,942.55",#REF!
,1144,2014,LEN,19ºLEN,Leilão de Energia Nova,003/2014,CONSÓRCIO OURO BRANCO,20.000.000/0000-00,DIS-2017,EOL.CV.PE.031808-6.01,OURO BRANCO 2,Contrato Rescindido,PE,Eólica,Cinética do Vento,NE,"103,951,200.00",#REF!,30.000,,,0.000,14.700,0.1,147,139,139,14.700,14.700,14.700,14.700,14.700,"2,577,204.000",129.80,R$/MWh,0.00,0.00,"334,521,079.20",#REF!,#REF!,"16,835,156.62","16,835,156.62","16,835,156.62",1/1/2017,12/31/2036,Sim,"3,942.55",#REF!
,1145,2014,LEN,19ºLEN,Leilão de Energia Nova,003/2014,ATLANTIC,11.489.312/0001-27,DIS-2017,EOL.CV.RS.031806-0.01,AURA MIRIM II,Sem Pendências,RS,Eólica,Cinética do Vento,S,"96,070,000.00",#REF!,26.000,,,0.000,10.800,0.1,108,108,108,10.800,10.800,10.800,10.800,10.800,"1,893,456.000",129.50,R$/MWh,0.00,0.00,"245,202,552.00",#REF!,#REF!,"12,443,416.37","12,443,416.37","12,443,416.37",1/1/2017,12/31/2036,Sim,"3,942.55",#REF!
,1146,2014,LEN,19ºLEN,Leilão de Energia Nova,003/2014,ATLANTIC,11.489.312/0001-27,DIS-2017,EOL.CV.RS.031805-1.01,AURA MANGUEIRA VII,Sem Pendências,RS,Eólica,Cinética do Vento,S,"81,290,000.00",#REF!,22.000,,,0.000,9.600,0.1,96,108,108,9.600,9.600,9.600,9.600,9.600,"1,683,072.000",129.50,R$/MWh,0.00,0.00,"217,957,824.00",#REF!,#REF!,"11,097,037.26","11,097,037.26","11,097,037.26",1/1/2017,12/31/2036,Sim,"3,942.55",#REF!
,1147,2014,LEN,19ºLEN,Leilão de Energia Nova,003/2014,FORÇA EÓLICA,12.227.426/0001-61,DIS-2017,EOL.CV.RN.031812-4.01,CALANGO 6,Sem Pendências,RN,Eólica,Cinética do Vento,NE,"191,309,720.00",#REF!,30.000,,,0.000,18.500,0.1,185,185,185,18.500,18.500,18.500,18.500,18.500,"3,243,420.000",128.98,R$/MWh,0.00,0.00,"418,336,311.60",#REF!,#REF!,"21,421,750.79","21,421,750.79","21,421,750.79",1/1/2017,12/31/2036,Sim,"3,942.55",#REF!
,1148,2014,LEN,19ºLEN,Leilão de Energia Nova,003/2014,ITAREMA,13.234.214/0001-74,DIS-2017,EOL.CV.CE.031817-5.01,ITAREMA VIII,Sem Pendências,CE,Eólica,Cinética do Vento,NE,"69,242,000.00",#REF!,21.000,,,0.000,10.200,0.1,91,91,91,9.100,9.100,9.100,9.100,9.100,"1,595,412.000",131.00,R$/MWh,0.00,0.00,"208,998,972.00",#REF!,#REF!,"10,634,646.79","10,634,646.79","10,634,646.79",1/1/2017,12/31/2036,Sim,"3,942.55",#REF!
,1149,2014,LEN,19ºLEN,Leilão de Energia Nova,003/2014,ITAREMA,13.234.214/0001-74,DIS-2017,EOL.CV.CE.031816-7.01,ITAREMA VII,Sem Pendências,CE,Eólica,Cinética do Vento,NE,"69,242,000.00",#REF!,21.000,,,0.000,10.900,0.1,93,91,91,9.300,9.300,9.300,9.300,9.300,"1,630,476.000",130.98,R$/MWh,0.00,0.00,"213,559,746.48",#REF!,#REF!,"10,822,279.23","10,822,279.23","10,822,279.23",1/1/2017,12/31/2036,Sim,"3,942.55",#REF!
,1150,2014,LEN,19ºLEN,Leilão de Energia Nova,003/2014,ITAREMA,13.234.214/0001-74,DIS-2017,EOL.CV.CE.031815-9.01,ITAREMA VI,Sem Pendências,CE,Eólica,Cinética do Vento,NE,"79,136,000.00",#REF!,24.000,,,0.000,12.200,0.1,107,91,91,10.700,10.700,10.700,10.700,10.700,"1,875,924.000",130.97,R$/MWh,0.00,0.00,"245,689,766.28",#REF!,#REF!,"12,482,921.16","12,482,921.16","12,482,921.16",1/1/2017,12/31/2036,Sim,"3,942.55",#REF!
,1151,2014,LEN,19ºLEN,Leilão de Energia Nova,003/2014,ITAREMA,13.234.214/0001-74,DIS-2017,EOL.CV.CE.031813-2.01,ITAREMA IV,Sem Pendências,CE,Eólica,Cinética do Vento,NE,"66,351,000.00",#REF!,21.000,,,0.000,11.100,0.1,94,91,91,9.400,9.400,9.400,9.400,9.400,"1,648,008.000",130.99,R$/MWh,0.00,0.00,"215,872,567.92",#REF!,#REF!,"10,995,158.17","10,995,158.17","10,995,158.17",1/1/2017,12/31/2036,Sim,"3,942.55",#REF!
,1152,2014,LEN,19ºLEN,Leilão de Energia Nova,003/2014,ITAREMA,13.234.214/0001-74,DIS-2017,EOL.CV.CE.031814-0.01,ITAREMA IX,Sem Pendências,CE,Eólica,Cinética do Vento,NE,"95,446,000.00",#REF!,30.000,,,0.000,15.300,0.1,123,91,91,12.300,12.300,12.300,12.300,12.300,"2,156,436.000",131.89,R$/MWh,0.00,0.00,"284,412,344.04",#REF!,#REF!,"14,460,698.97","14,460,698.97","14,460,698.97",1/1/2017,12/31/2036,Sim,"3,942.55",#REF!
,1153,2014,LER,06ºLER,Leilão de Energia de Reserva,008/2014,CUTIA,10.979.076/0001-64,QTD-UEE-ER20,EOL.CV.RN.032356-0.01,POTIGUAR,Sem Pendências,RN,Eólica,Cinética do Vento,NE,"112,070,000.00",#REF!,28.800,,,0.000,11.500,0.1,113,113,113,11.300,11.300,11.300,11.300,11.300,"1,981,116.000",144.00,R$/MWh,0.00,0.00,"285,280,704.00",#REF!,#REF!,0.00,0.00,0.00,10/1/2017,9/30/2037,Não,"3,991.24",#REF!
,1154,2014,LER,06ºLER,Leilão de Energia de Reserva,008/2014,RNV,08.534.605/0001-74,QTD-UEE-ER20,EOL.CV.BA.032364-0.01,QUINA,Sem Pendências,BA,Eólica,Cinética do Vento,NE,"46,317,420.00",#REF!,10.800,,,0.000,5.200,0.1,52,52,52,5.200,5.200,5.200,5.200,5.200,"911,664.000",138.90,R$/MWh,0.00,0.00,"126,630,129.60",#REF!,#REF!,0.00,0.00,0.00,10/1/2017,9/30/2037,Não,"3,991.24",#REF!
,1155,2014,LER,06ºLER,Leilão de Energia de Reserva,008/2014,PEC,07.157.459/0001-42,QTD-UEE-ER20,EOL.CV.PE.032361-6.01,SERRA DAS VACAS VII,Sem Pendências,PE,Eólica,Cinética do Vento,NE,"117,130,000.00",#REF!,26.000,,,0.000,11.000,0.1,110,110,110,11.000,11.000,11.000,11.000,11.000,"1,928,520.000",143.77,R$/MWh,0.00,0.00,"277,263,320.40",#REF!,#REF!,0.00,0.00,0.00,10/1/2017,9/30/2037,Não,"3,991.24",#REF!
,1156,2014,LER,06ºLER,Leilão de Energia de Reserva,008/2014,RIO ENERGY EOL IV,19.299.341/0001-38,QTD-UES-ER20,UFV.RS.BA.032334-9.01,SOLAR CAETITÉ 3,Contrato Rescindido,BA,Solar Fotovoltaica,Radiação Solar Global,NE,"140,007,000.00",#REF!,29.970,,,0.000,6.600,0.1,66,66,66,6.600,6.600,6.600,6.600,6.600,"1,157,112.000",207.52,R$/MWh,0.00,0.00,"240,123,882.24",#REF!,#REF!,0.00,0.00,0.00,10/1/2017,9/30/2037,Não,"3,991.24",#REF!
,1157,2014,LER,06ºLER,Leilão de Energia de Reserva,008/2014,RIO ENERGY EOL IV,19.299.341/0001-38,QTD-UES-ER20,UFV.RS.BA.032333-0.01,SOLAR CAETITÉ 2,Contrato Rescindido,BA,Solar Fotovoltaica,Radiação Solar Global,NE,"140,007,000.00",#REF!,29.970,,,0.000,6.600,0.1,66,66,66,6.600,6.600,6.600,6.600,6.600,"1,157,112.000",207.52,R$/MWh,0.00,0.00,"240,123,882.24",#REF!,#REF!,0.00,0.00,0.00,10/1/2017,9/30/2037,Não,"3,991.24",#REF!
,1158,2014,LER,06ºLER,Leilão de Energia de Reserva,008/2014,PEC,07.157.459/0001-42,QTD-UEE-ER20,EOL.CV.PE.032360-8.01,SERRA DAS VACAS V,Sem Pendências,PE,Eólica,Cinética do Vento,NE,"117,130,000.00",#REF!,26.000,,,0.000,11.600,0.1,116,110,110,11.600,11.600,11.600,11.600,11.600,"2,033,712.000",143.77,R$/MWh,0.00,0.00,"292,386,774.24",#REF!,#REF!,0.00,0.00,0.00,10/1/2017,9/30/2037,Não,"3,991.24",#REF!
,1159,2014,LER,06ºLER,Leilão de Energia de Reserva,008/2014,RIO ENERGY EOL IV,19.299.341/0001-38,QTD-UES-ER20,UFV.RS.BA.032332-2.01,SOLAR CAETITÉ 1,Contrato Rescindido,BA,Solar Fotovoltaica,Radiação Solar Global,NE,"140,007,000.00",#REF!,29.970,,,0.000,6.600,0.1,66,66,66,6.600,6.600,6.600,6.600,6.600,"1,157,112.000",207.52,R$/MWh,0.00,0.00,"240,123,882.24",#REF!,#REF!,0.00,0.00,0.00,10/1/2017,9/30/2037,Não,"3,991.24",#REF!
,1160,2014,LER,06ºLER,Leilão de Energia de Reserva,008/2014,CEA ENERGIA,10.187.906/0001-10,QTD-UEE-ER20,EOL.CV.BA.032346-2.01,CURRAL DE PEDRAS II,Sem Pendências,BA,Eólica,Cinética do Vento,NE,"112,439,180.00",#REF!,30.000,,,0.000,13.500,0.1,135,135,135,13.500,13.500,13.500,13.500,13.500,"2,366,820.000",142.90,R$/MWh,0.00,0.00,"338,218,578.00",#REF!,#REF!,0.00,0.00,0.00,10/1/2017,9/30/2037,Não,"3,991.24",#REF!
,1161,2014,LER,06ºLER,Leilão de Energia de Reserva,008/2014,DRACENAS,53.000.000/0000-00,QTD-UES-ER20,UFV.RS.SP.032315-2.01,DRACENA 4,Sem Pendências,SP,Solar Fotovoltaica,Radiação Solar Global,SE,"128,320,000.00",#REF!,30.000,,,0.000,5.900,0.1,59,59,59,5.900,5.900,5.900,5.900,5.900,"1,034,388.000",217.75,R$/MWh,0.00,0.00,"225,237,987.00",#REF!,#REF!,0.00,0.00,0.00,10/1/2017,9/30/2037,Não,"3,991.24",#REF!
,1162,2014,LER,06ºLER,Leilão de Energia de Reserva,008/2014,CEA ENERGIA,10.187.906/0001-10,QTD-UEE-ER20,EOL.CV.BA.032348-9.01,DIAMANTE III,Sem Pendências,BA,Eólica,Cinética do Vento,NE,"67,464,320.00",#REF!,18.000,,,0.000,7.900,0.1,79,135,135,7.900,7.900,7.900,7.900,7.900,"1,385,028.000",142.90,R$/MWh,0.00,0.00,"197,920,501.20",#REF!,#REF!,0.00,0.00,0.00,10/1/2017,9/30/2037,Não,"3,991.24",#REF!
,1163,2014,LER,06ºLER,Leilão de Energia de Reserva,008/2014,DRACENAS,53.000.000/0000-00,QTD-UES-ER20,UFV.RS.SP.032312-8.01,DRACENA 1,Sem Pendências,SP,Solar Fotovoltaica,Radiação Solar Global,SE,"128,320,000.00",#REF!,30.000,,,0.000,5.900,0.1,59,59,59,5.900,5.900,5.900,5.900,5.900,"1,034,388.000",217.75,R$/MWh,0.00,0.00,"225,237,987.00",#REF!,#REF!,0.00,0.00,0.00,10/1/2017,9/30/2037,Não,"3,991.24",#REF!
,1164,2014,LER,06ºLER,Leilão de Energia de Reserva,008/2014,DRACENAS,53.000.000/0000-00,QTD-UES-ER20,UFV.RS.SP.032313-6.01,DRACENA 2,Sem Pendências,SP,Solar Fotovoltaica,Radiação Solar Global,SE,"128,320,000.00",#REF!,30.000,,,0.000,5.900,0.1,59,59,59,5.900,5.900,5.900,5.900,5.900,"1,034,388.000",217.75,R$/MWh,0.00,0.00,"225,237,987.00",#REF!,#REF!,0.00,0.00,0.00,10/1/2017,9/30/2037,Não,"3,991.24",#REF!
,1165,2014,LER,06ºLER,Leilão de Energia de Reserva,008/2014,CUTIA,10.979.076/0001-64,QTD-UEE-ER20,EOL.CV.RN.030699-1.01,DREEN GUAJIRU,Sem Pendências,RN,Eólica,Cinética do Vento,NE,"83,815,190.00",#REF!,21.600,,,0.000,8.300,0.1,83,113,113,8.300,8.300,8.300,8.300,8.300,"1,455,156.000",144.00,R$/MWh,0.00,0.00,"209,542,464.00",#REF!,#REF!,0.00,0.00,0.00,10/1/2017,9/30/2037,Não,"3,991.24",#REF!
,1166,2014,LER,06ºLER,Leilão de Energia de Reserva,008/2014,CEA ENERGIA,10.187.906/0001-10,QTD-UEE-ER20,EOL.CV.BA.032344-6.01,CAPOEIRAS III,Sem Pendências,BA,Eólica,Cinética do Vento,NE,"104,942,040.00",#REF!,28.000,,,0.000,11.600,0.1,116,135,135,11.600,11.600,11.600,11.600,11.600,"2,033,712.000",142.92,R$/MWh,0.00,0.00,"290,658,119.04",#REF!,#REF!,0.00,0.00,0.00,10/1/2017,9/30/2037,Não,"3,991.24",#REF!
,1167,2014,LER,06ºLER,Leilão de Energia de Reserva,008/2014,CUTIA,10.979.076/0001-64,QTD-UEE-ER20,EOL.CV.RN.030701-7.01,DREEN CUTIA,Sem Pendências,RN,Eólica,Cinética do Vento,NE,"97,618,170.00",#REF!,25.200,,,0.000,9.600,0.1,96,113,113,9.600,9.600,9.600,9.600,9.600,"1,683,072.000",144.00,R$/MWh,0.00,0.00,"242,362,368.00",#REF!,#REF!,0.00,0.00,0.00,10/1/2017,9/30/2037,Não,"3,991.24",#REF!
,1168,2014,LER,06ºLER,Leilão de Energia de Reserva,008/2014,CEA ENERGIA,10.187.906/0001-10,QTD-UEE-ER20,EOL.CV.BA.032345-4.01,CURRAL DE PEDRAS I,Sem Pendências,BA,Eólica,Cinética do Vento,NE,"74,960,450.00",#REF!,20.000,,,0.000,9.000,0.1,90,135,135,9.000,9.000,9.000,9.000,9.000,"1,577,880.000",142.90,R$/MWh,0.00,0.00,"225,479,052.00",#REF!,#REF!,0.00,0.00,0.00,10/1/2017,9/30/2037,Não,"3,991.24",#REF!
,1169,2014,LER,06ºLER,Leilão de Energia de Reserva,008/2014,DRACENAS,53.000.000/0000-00,QTD-UES-ER20,UFV.RS.SP.032314-4.01,DRACENA 3,Contrato Rescindido,SP,Solar Fotovoltaica,Radiação Solar Global,SE,"128,265,000.00",#REF!,30.000,,,0.000,5.900,0.1,59,59,59,5.900,5.900,5.900,5.900,5.900,"1,034,388.000",217.75,R$/MWh,0.00,0.00,"225,237,987.00",#REF!,#REF!,0.00,0.00,0.00,10/1/2017,9/30/2037,Não,"3,991.24",#REF!
,1170,2014,LER,06ºLER,Leilão de Energia de Reserva,008/2014,CEA ENERGIA,10.187.906/0001-10,QTD-UEE-ER20,EOL.CV.BA.032347-0.01,DIAMANTE II,Sem Pendências,BA,Eólica,Cinética do Vento,NE,"67,464,320.00",#REF!,18.000,,,0.000,7.700,0.1,77,135,135,7.700,7.700,7.700,7.700,7.700,"1,349,964.000",142.91,R$/MWh,0.00,0.00,"192,923,355.24",#REF!,#REF!,0.00,0.00,0.00,10/1/2017,9/30/2037,Não,"3,991.24",#REF!
,1171,2014,LER,06ºLER,Leilão de Energia de Reserva,008/2014,EGP-SOWITEC-DELFINA,44.000.000/0000-00,QTD-UEE-ER20,EOL.CV.BA.032359-4.01,DELFINA V,Sem Pendências,BA,Eólica,Cinética do Vento,NE,"113,154,420.00",#REF!,30.000,,,0.000,13.600,0.1,136,136,136,13.600,13.600,13.600,13.600,13.600,"2,384,352.000",138.88,R$/MWh,0.00,0.00,"331,138,805.76",#REF!,#REF!,0.00,0.00,0.00,10/1/2017,9/30/2037,Não,"3,991.24",#REF!
,1172,2014,LER,06ºLER,Leilão de Energia de Reserva,008/2014,EGP-SOWITEC-DELFINA,44.000.000/0000-00,QTD-UEE-ER20,EOL.CV.BA.032358-6.01,DELFINA II,Sem Pendências,BA,Eólica,Cinética do Vento,NE,"113,154,420.00",#REF!,30.000,,,0.000,13.600,0.1,136,136,136,13.600,13.600,13.600,13.600,13.600,"2,384,352.000",138.87,R$/MWh,0.00,0.00,"331,114,962.24",#REF!,#REF!,0.00,0.00,0.00,10/1/2017,9/30/2037,Não,"3,991.24",#REF!
,1173,2014,LER,06ºLER,Leilão de Energia de Reserva,008/2014,EGP-SOWITEC-DELFINA,44.000.000/0000-00,QTD-UEE-ER20,EOL.CV.BA.032357-8.01,DELFINA I,Sem Pendências,BA,Eólica,Cinética do Vento,NE,"113,154,420.00",#REF!,30.000,,,0.000,13.600,0.1,136,136,136,13.600,13.600,13.600,13.600,13.600,"2,384,352.000",138.89,R$/MWh,0.00,0.00,"331,162,649.28",#REF!,#REF!,0.00,0.00,0.00,10/1/2017,9/30/2037,Não,"3,991.24",#REF!
,1174,2014,LER,06ºLER,Leilão de Energia de Reserva,008/2014,COREMAS I,14.285.232/0001-48,QTD-UES-ER20,UFV.RS.PB.032311-0.01,COREMAS I,Sem Pendências,PB,Solar Fotovoltaica,Radiação Solar Global,NE,"125,372,000.00",#REF!,30.000,,,0.000,6.900,0.1,67,67,67,6.700,6.700,6.700,6.700,6.700,"1,174,644.000",219.78,R$/MWh,0.00,0.00,"258,163,258.32",#REF!,#REF!,0.00,0.00,0.00,10/1/2017,9/30/2037,Não,"3,991.24",#REF!
,1175,2014,LER,06ºLER,Leilão de Energia de Reserva,008/2014,SOLATIO,49.000.000/0000-00,QTD-UES-ER20,UFV.RS.MG.032340-3.01,VAZANTE 2,Sem Pendências,MG,Solar Fotovoltaica,Radiação Solar Global,SE,"128,320,000.00",#REF!,30.000,,,0.000,6.000,0.1,60,60,60,6.000,6.000,6.000,6.000,6.000,"1,051,920.000",216.12,R$/MWh,0.00,0.00,"227,340,950.40",#REF!,#REF!,0.00,0.00,0.00,10/1/2017,9/30/2037,Não,"3,991.24",#REF!
,1176,2014,LER,06ºLER,Leilão de Energia de Reserva,008/2014,VSEER,16.603.346/0001-14,QTD-UEE-ER20,EOL.CV.PE.032365-9.01,VENTOS DE SANTO ESTEVÃO IV,Sem Pendências,PE,Eólica,Cinética do Vento,NE,"108,087,000.00",#REF!,30.000,,,0.000,14.200,0.1,142,142,142,14.200,14.200,14.200,14.200,14.200,"2,489,544.000",142.99,R$/MWh,0.00,0.00,"355,979,896.56",#REF!,#REF!,0.00,0.00,0.00,10/1/2017,9/30/2037,Não,"3,991.24",#REF!
,1177,2014,LER,06ºLER,Leilão de Energia de Reserva,008/2014,VSVER,16.519.518/0001-76,QTD-UEE-ER20,EOL.CV.PI.032366-7.01,VENTOS DE SANTO ONOFRE IV,Antecipação de Contrato,PI,Eólica,Cinética do Vento,NE,"108,090,000.00",#REF!,30.000,,,0.000,13.600,0.1,136,136,136,13.600,13.600,13.600,13.600,13.600,"2,384,352.000",142.99,R$/MWh,0.00,0.00,"340,938,492.48",#REF!,#REF!,0.00,0.00,0.00,10/1/2017,9/30/2037,Não,"3,991.24",#REF!
,1178,2014,LER,06ºLER,Leilão de Energia de Reserva,008/2014,VSVER,16.519.518/0001-76,QTD-UEE-ER20,EOL.CV.PI.032368-3.01,VENTOS DE SÃO VIRGILIO 03,Antecipação de Contrato,PI,Eólica,Cinética do Vento,NE,"64,852,200.00",#REF!,18.000,,,0.000,9.200,0.1,92,136,136,9.200,9.200,9.200,9.200,9.200,"1,612,944.000",142.99,R$/MWh,0.00,0.00,"230,634,862.56",#REF!,#REF!,0.00,0.00,0.00,10/1/2017,9/30/2037,Não,"3,991.24",#REF!
,1179,2014,LER,06ºLER,Leilão de Energia de Reserva,008/2014,SOLATIO,49.000.000/0000-00,QTD-UES-ER20,UFV.RS.MG.032341-1.01,VAZANTE 3,Sem Pendências,MG,Solar Fotovoltaica,Radiação Solar Global,SE,"128,320,000.00",#REF!,30.000,,,0.000,6.000,0.1,60,60,60,6.000,6.000,6.000,6.000,6.000,"1,051,920.000",216.12,R$/MWh,0.00,0.00,"227,340,950.40",#REF!,#REF!,0.00,0.00,0.00,10/1/2017,9/30/2037,Não,"3,991.24",#REF!
,1180,2014,LER,06ºLER,Leilão de Energia de Reserva,008/2014,VSVER,16.519.518/0001-76,QTD-UEE-ER20,EOL.CV.PI.032367-5.01,VENTOS DE SÃO VIRGILIO 01,Antecipação de Contrato,PI,Eólica,Cinética do Vento,NE,"108,087,000.00",#REF!,30.000,,,0.000,15.200,0.1,152,136,136,15.200,15.200,15.200,15.200,15.200,"2,664,864.000",142.99,R$/MWh,0.00,0.00,"381,048,903.36",#REF!,#REF!,0.00,0.00,0.00,10/1/2017,9/30/2037,Não,"3,991.24",#REF!
,1181,2014,LER,06ºLER,Leilão de Energia de Reserva,008/2014,SOLATIO,49.000.000/0000-00,QTD-UES-ER20,UFV.RS.MG.032339-0.01,VAZANTE 1,Sem Pendências,MG,Solar Fotovoltaica,Radiação Solar Global,SE,"128,320,000.00",#REF!,30.000,,,0.000,6.000,0.1,60,60,60,6.000,6.000,6.000,6.000,6.000,"1,051,920.000",216.12,R$/MWh,0.00,0.00,"227,340,950.40",#REF!,#REF!,0.00,0.00,0.00,10/1/2017,9/30/2037,Não,"3,991.24",#REF!
,1182,2014,LER,06ºLER,Leilão de Energia de Reserva,008/2014,CUTIA,10.979.076/0001-64,QTD-UEE-ER20,EOL.CV.RN.032355-1.01,PARAÍSO DOS VENTOS DO NORDESTE,Sem Pendências,RN,Eólica,Cinética do Vento,NE,"115,688,070.00",#REF!,30.000,,,0.000,10.600,0.1,106,113,113,10.600,10.600,10.600,10.600,10.600,"1,858,392.000",144.00,R$/MWh,0.00,0.00,"267,608,448.00",#REF!,#REF!,0.00,0.00,0.00,10/1/2017,9/30/2037,Não,"3,991.24",#REF!
,1183,2014,LER,06ºLER,Leilão de Energia de Reserva,008/2014,CGE,34.000.000/0000-00,QTD-UEE-ER20,EOL.CV.RN.032353-5.01,PEDRA RAJADA II,Sem Pendências,RN,Eólica,Cinética do Vento,NE,"87,277,000.00",#REF!,20.000,,,0.000,10.100,0.1,101,101,101,10.100,10.100,10.100,10.100,10.100,"1,770,732.000",140.88,R$/MWh,0.00,0.00,"249,460,724.16",#REF!,#REF!,0.00,0.00,0.00,10/1/2017,9/30/2037,Não,"3,991.24",#REF!
,1184,2014,LER,06ºLER,Leilão de Energia de Reserva,008/2014,CGE,34.000.000/0000-00,QTD-UEE-ER20,EOL.CV.RN.032352-7.01,PEDRA RAJADA,Sem Pendências,RN,Eólica,Cinética do Vento,NE,"87,277,000.00",#REF!,20.000,,,0.000,11.000,0.1,110,101,101,11.000,11.000,11.000,11.000,11.000,"1,928,520.000",140.88,R$/MWh,0.00,0.00,"271,689,897.60",#REF!,#REF!,0.00,0.00,0.00,10/1/2017,9/30/2037,Não,"3,991.24",#REF!
,1185,2014,LER,06ºLER,Leilão de Energia de Reserva,008/2014,RNV,08.534.605/0001-74,QTD-UEE-ER20,EOL.CV.BA.032362-4.01,MULUNGU,Sem Pendências,BA,Eólica,Cinética do Vento,NE,"59,982,900.00",#REF!,14.700,,,0.000,6.500,0.1,65,52,52,6.500,6.500,6.500,6.500,6.500,"1,139,580.000",138.90,R$/MWh,0.00,0.00,"158,287,662.00",#REF!,#REF!,0.00,0.00,0.00,10/1/2017,9/30/2037,Não,"3,991.24",#REF!
,1186,2014,LER,06ºLER,Leilão de Energia de Reserva,008/2014,RNV,08.534.605/0001-74,QTD-UEE-ER20,EOL.CV.BA.032363-2.01,PAU SANTO,Sem Pendências,BA,Eólica,Cinética do Vento,NE,"71,516,120.00",#REF!,18.000,,,0.000,9.200,0.1,92,52,52,9.200,9.200,9.200,9.200,9.200,"1,612,944.000",138.90,R$/MWh,0.00,0.00,"224,037,921.60",#REF!,#REF!,0.00,0.00,0.00,10/1/2017,9/30/2037,Não,"3,991.24",#REF!
,1187,2014,LER,06ºLER,Leilão de Energia de Reserva,008/2014,RNV,08.534.605/0001-74,QTD-UES-ER20,UFV.RS.BA.032336-5.01,CAETITÉ II,Contrato Rescindido,BA,Solar Fotovoltaica,Radiação Solar Global,NE,"148,950,000.00",#REF!,29.750,,,0.000,6.500,0.1,65,65,65,6.500,6.500,6.500,6.500,6.500,"1,139,580.000",220.30,R$/MWh,0.00,0.00,"251,049,474.00",#REF!,#REF!,0.00,0.00,0.00,10/1/2017,9/30/2037,Não,"3,991.24",#REF!
,1188,2014,LER,06ºLER,Leilão de Energia de Reserva,008/2014,RNV,08.534.605/0001-74,QTD-UES-ER20,UFV.RS.BA.032335-7.01,CAETITÉ I,Contrato Rescindido,BA,Solar Fotovoltaica,Radiação Solar Global,NE,"148,950,000.00",#REF!,29.750,,,0.000,6.500,0.1,65,65,65,6.500,6.500,6.500,6.500,6.500,"1,139,580.000",220.30,R$/MWh,0.00,0.00,"251,049,474.00",#REF!,#REF!,0.00,0.00,0.00,10/1/2017,9/30/2037,Não,"3,991.24",#REF!
,1189,2014,LER,06ºLER,Leilão de Energia de Reserva,008/2014,RNV,08.534.605/0001-74,QTD-UES-ER20,UFV.RS.BA.032338-1.01,CAETITÉ V,Contrato Rescindido,BA,Solar Fotovoltaica,Radiação Solar Global,NE,"53,425,000.00",#REF!,10.500,,,0.000,2.300,0.1,23,65,65,2.300,2.300,2.300,2.300,2.300,"403,236.000",220.30,R$/MWh,0.00,0.00,"88,832,890.80",#REF!,#REF!,0.00,0.00,0.00,10/1/2017,9/30/2037,Não,"3,991.24",#REF!
,1190,2014,LER,06ºLER,Leilão de Energia de Reserva,008/2014,RNV,08.534.605/0001-74,QTD-UES-ER20,UFV.RS.BA.032337-3.01,CAETITÉ IV,Contrato Rescindido,BA,Solar Fotovoltaica,Radiação Solar Global,NE,"148,950,000.00",#REF!,29.750,,,0.000,6.500,0.1,65,65,65,6.500,6.500,6.500,6.500,6.500,"1,139,580.000",220.30,R$/MWh,0.00,0.00,"251,049,474.00",#REF!,#REF!,0.00,0.00,0.00,10/1/2017,9/30/2037,Não,"3,991.24",#REF!
,1191,2014,LER,06ºLER,Leilão de Energia de Reserva,008/2014,EGP BONDIA,43.000.000/0000-00,QTD-UES-ER20,UFV.RS.BA.032317-9.01,ITUVERAVA 2,Sem Pendências,BA,Solar Fotovoltaica,Radiação Solar Global,NE,"156,636,000.00",#REF!,30.000,,,0.000,8.400,0.1,84,84,84,8.400,8.400,8.400,8.400,8.400,"1,472,688.000",214.84,R$/MWh,0.00,0.00,"316,392,289.92",#REF!,#REF!,0.00,0.00,0.00,10/1/2017,9/30/2037,Não,"3,991.24",#REF!
,1192,2014,LER,06ºLER,Leilão de Energia de Reserva,008/2014,EGP BONDIA,43.000.000/0000-00,QTD-UES-ER20,UFV.RS.BA.032316-0.01,ITUVERAVA 1,Antecipação de Contrato,BA,Solar Fotovoltaica,Radiação Solar Global,NE,"156,636,000.00",#REF!,30.000,,,0.000,8.400,0.1,84,84,84,8.400,8.400,8.400,8.400,8.400,"1,472,688.000",214.83,R$/MWh,0.00,0.00,"316,377,563.04",#REF!,#REF!,0.00,0.00,0.00,10/1/2017,9/30/2037,Não,"3,991.24",#REF!
,1193,2014,LER,06ºLER,Leilão de Energia de Reserva,008/2014,EGP BONDIA,43.000.000/0000-00,QTD-UES-ER20,UFV.RS.BA.032318-7.01,ITUVERAVA 3,Sem Pendências,BA,Solar Fotovoltaica,Radiação Solar Global,NE,"156,636,000.00",#REF!,30.000,,,0.000,8.400,0.1,84,84,84,8.400,8.400,8.400,8.400,8.400,"1,472,688.000",214.85,R$/MWh,0.00,0.00,"316,407,016.80",#REF!,#REF!,0.00,0.00,0.00,10/1/2017,9/30/2037,Não,"3,991.24",#REF!
,1194,2014,LER,06ºLER,Leilão de Energia de Reserva,008/2014,EGP BONDIA,43.000.000/0000-00,QTD-UES-ER20,UFV.RS.BA.032319-5.01,ITUVERAVA 4,Sem Pendências,BA,Solar Fotovoltaica,Radiação Solar Global,NE,"156,636,000.00",#REF!,30.000,,,0.000,8.400,0.1,84,84,84,8.400,8.400,8.400,8.400,8.400,"1,472,688.000",214.86,R$/MWh,0.00,0.00,"316,421,743.68",#REF!,#REF!,0.00,0.00,0.00,10/1/2017,9/30/2037,Não,"3,991.24",#REF!
,1195,2014,LER,06ºLER,Leilão de Energia de Reserva,008/2014,EGP BONDIA,43.000.000/0000-00,QTD-UES-ER20,UFV.RS.BA.032320-9.01,ITUVERAVA 5,Sem Pendências,BA,Solar Fotovoltaica,Radiação Solar Global,NE,"156,636,000.00",#REF!,30.000,,,0.000,8.400,0.1,84,84,84,8.400,8.400,8.400,8.400,8.400,"1,472,688.000",214.87,R$/MWh,0.00,0.00,"316,436,470.56",#REF!,#REF!,0.00,0.00,0.00,10/1/2017,9/30/2037,Não,"3,991.24",#REF!
,1196,2014,LER,06ºLER,Leilão de Energia de Reserva,008/2014,EGP BONDIA,43.000.000/0000-00,QTD-UES-ER20,UFV.RS.BA.032321-7.01,ITUVERAVA 6,Sem Pendências,BA,Solar Fotovoltaica,Radiação Solar Global,NE,"156,636,000.00",#REF!,30.000,,,0.000,8.400,0.1,84,84,84,8.400,8.400,8.400,8.400,8.400,"1,472,688.000",214.88,R$/MWh,0.00,0.00,"316,451,197.44",#REF!,#REF!,0.00,0.00,0.00,10/1/2017,9/30/2037,Não,"3,991.24",#REF!
,1197,2014,LER,06ºLER,Leilão de Energia de Reserva,008/2014,FRV MASSAPE,17.026.946/0001-20,QTD-UES-ER20,UFV.RS.CE.032325-0.01,FRV MASSAPÊ,Outorga Revogada,CE,Solar Fotovoltaica,Radiação Solar Global,NE,"139,490,000.00",#REF!,30.000,,,0.000,7.100,0.1,71,71,71,7.100,7.100,7.100,7.100,7.100,"1,244,772.000",200.82,R$/MWh,0.00,0.00,"249,975,113.04",#REF!,#REF!,0.00,0.00,0.00,10/1/2017,9/30/2037,Não,"3,991.24",#REF!
,1198,2014,LER,06ºLER,Leilão de Energia de Reserva,008/2014,CUTIA,10.979.076/0001-64,QTD-UEE-ER20,EOL.CV.RN.030700-9.01,GE JANGADA,Sem Pendências,RN,Eólica,Cinética do Vento,NE,"114,867,770.00",#REF!,30.000,,,0.000,10.300,0.1,103,113,113,10.300,10.300,10.300,10.300,10.300,"1,805,796.000",144.00,R$/MWh,0.00,0.00,"260,034,624.00",#REF!,#REF!,0.00,0.00,0.00,10/1/2017,9/30/2037,Não,"3,991.24",#REF!
,1199,2014,LER,06ºLER,Leilão de Energia de Reserva,008/2014,EGP BONDIA,43.000.000/0000-00,QTD-UES-ER20,UFV.RS.BA.032322-5.01,ITUVERAVA 7,Sem Pendências,BA,Solar Fotovoltaica,Radiação Solar Global,NE,"156,636,000.00",#REF!,30.000,,,0.000,8.400,0.1,84,84,84,8.400,8.400,8.400,8.400,8.400,"1,472,688.000",214.89,R$/MWh,0.00,0.00,"316,465,924.32",#REF!,#REF!,0.00,0.00,0.00,10/1/2017,9/30/2037,Não,"3,991.24",#REF!
,1200,2014,LER,06ºLER,Leilão de Energia de Reserva,008/2014,CUTIA,10.979.076/0001-64,QTD-UEE-ER20,EOL.CV.RN.030702-5.01,GE MARIA HELENA,Sem Pendências,RN,Eólica,Cinética do Vento,NE,"114,867,770.00",#REF!,30.000,,,0.000,12.000,0.1,120,113,113,12.000,12.000,12.000,12.000,12.000,"2,103,840.000",144.00,R$/MWh,0.00,0.00,"302,952,960.00",#REF!,#REF!,0.00,0.00,0.00,10/1/2017,9/30/2037,Não,"3,991.24",#REF!
,1201,2014,LER,06ºLER,Leilão de Energia de Reserva,008/2014,FCR III,20.589.037/0001-04,QTD-UES-ER20,UFV.RS.GO.032323-3.01,FCR III ITAPURANGA,Sem Pendências,GO,Solar Fotovoltaica,Radiação Solar Global,SE,"52,910,000.00",#REF!,10.000,,,0.000,1.800,0.1,18,18,18,1.800,1.800,1.800,1.800,1.800,"315,576.000",220.00,R$/MWh,0.00,0.00,"69,426,720.00",#REF!,#REF!,0.00,0.00,0.00,10/1/2017,9/30/2037,Não,"3,991.24",#REF!
,1202,2014,LER,06ºLER,Leilão de Energia de Reserva,008/2014,INHARÉ,59.000.000/0000-00,QTD-UES-ER20,UFV.RS.RN.032331-4.01,INHARÉ I,Outorga Revogada,RN,Solar Fotovoltaica,Radiação Solar Global,NE,"133,279,000.00",#REF!,30.000,,,0.000,7.700,0.1,77,77,77,7.700,7.700,7.700,7.700,7.700,"1,349,964.000",218.70,R$/MWh,0.00,0.00,"295,237,126.80",#REF!,#REF!,0.00,0.00,0.00,10/1/2017,9/30/2037,Não,"3,991.24",#REF!
,1203,2014,LER,06ºLER,Leilão de Energia de Reserva,008/2014,GUAIMBE,54.000.000/0000-00,QTD-UES-ER20,UFV.RS.SP.032328-4.01,GUAIMBE 3,Sem Pendências,SP,Solar Fotovoltaica,Radiação Solar Global,SE,"127,818,000.00",#REF!,30.000,,,0.000,5.900,0.1,59,59,59,5.900,5.900,5.900,5.900,5.900,"1,034,388.000",220.80,R$/MWh,0.00,0.00,"228,392,870.40",#REF!,#REF!,0.00,0.00,0.00,10/1/2017,9/30/2037,Não,"3,991.24",#REF!
,1204,2014,LER,06ºLER,Leilão de Energia de Reserva,008/2014,GUAIMBE,54.000.000/0000-00,QTD-UES-ER20,UFV.RS.SP.032327-6.01,GUAIMBE 2,Sem Pendências,SP,Solar Fotovoltaica,Radiação Solar Global,SE,"127,818,000.00",#REF!,30.000,,,0.000,5.900,0.1,59,59,59,5.900,5.900,5.900,5.900,5.900,"1,034,388.000",215.95,R$/MWh,0.00,0.00,"223,376,088.60",#REF!,#REF!,0.00,0.00,0.00,10/1/2017,9/30/2037,Não,"3,991.24",#REF!
,1205,2014,LER,06ºLER,Leilão de Energia de Reserva,008/2014,GUAIMBE,54.000.000/0000-00,QTD-UES-ER20,UFV.RS.SP.032326-8.01,GUAIMBE 1,Sem Pendências,SP,Solar Fotovoltaica,Radiação Solar Global,SE,"127,818,000.00",#REF!,30.000,,,0.000,5.900,0.1,59,59,59,5.900,5.900,5.900,5.900,5.900,"1,034,388.000",215.95,R$/MWh,0.00,0.00,"223,376,088.60",#REF!,#REF!,0.00,0.00,0.00,10/1/2017,9/30/2037,Não,"3,991.24",#REF!
,1206,2014,LER,06ºLER,Leilão de Energia de Reserva,008/2014,GUAIMBE,54.000.000/0000-00,QTD-UES-ER20,UFV.RS.SP.032330-6.01,GUAIMBE 5,Sem Pendências,SP,Solar Fotovoltaica,Radiação Solar Global,SE,"127,206,000.00",#REF!,30.000,,,0.000,5.900,0.1,59,59,59,5.900,5.900,5.900,5.900,5.900,"1,034,388.000",220.80,R$/MWh,0.00,0.00,"228,392,870.40",#REF!,#REF!,0.00,0.00,0.00,10/1/2017,9/30/2037,Não,"3,991.24",#REF!
,1207,2014,LER,06ºLER,Leilão de Energia de Reserva,008/2014,FRV BANABUIU,17.344.867/0001-67,QTD-UES-ER20,UFV.RS.CE.032324-1.01,FRV BANABUIÚ,Contrato Rescindido,CE,Solar Fotovoltaica,Radiação Solar Global,NE,"140,050,000.00",#REF!,30.000,,,0.000,7.300,0.1,73,73,73,7.300,7.300,7.300,7.300,7.300,"1,279,836.000",200.84,R$/MWh,0.00,0.00,"257,042,262.24",#REF!,#REF!,0.00,0.00,0.00,10/1/2017,9/30/2037,Não,"3,991.24",#REF!
,1208,2014,LER,06ºLER,Leilão de Energia de Reserva,008/2014,GUAIMBE,54.000.000/0000-00,QTD-UES-ER20,UFV.RS.SP.032329-2.01,GUAIMBE 4,Sem Pendências,SP,Solar Fotovoltaica,Radiação Solar Global,SE,"127,533,000.00",#REF!,30.000,,,0.000,5.900,0.1,59,59,59,5.900,5.900,5.900,5.900,5.900,"1,034,388.000",220.80,R$/MWh,0.00,0.00,"228,392,870.40",#REF!,#REF!,0.00,0.00,0.00,10/1/2017,9/30/2037,Não,"3,991.24",#REF!
,1209,2014,LER,06ºLER,Leilão de Energia de Reserva,008/2014,CUTIA,10.979.076/0001-64,QTD-UEE-ER20,EOL.CV.RN.032354-3.01,ESPERANÇA DO NORDESTE,Sem Pendências,RN,Eólica,Cinética do Vento,NE,"116,088,070.00",#REF!,30.000,,,0.000,9.100,0.1,91,113,113,9.100,9.100,9.100,9.100,9.100,"1,595,412.000",144.00,R$/MWh,0.00,0.00,"229,739,328.00",#REF!,#REF!,0.00,0.00,0.00,10/1/2017,9/30/2037,Não,"3,991.24",#REF!
,1210,2014,LER,06ºLER,Leilão de Energia de Reserva,008/2014,CEA ENERGIA,10.187.906/0001-10,QTD-UEE-ER20,EOL.CV.BA.032349-7.01,LARANJEIRAS I,Sem Pendências,BA,Eólica,Cinética do Vento,NE,"104,942,040.00",#REF!,28.000,,,0.000,11.700,0.1,117,135,135,11.700,11.700,11.700,11.700,11.700,"2,051,244.000",142.92,R$/MWh,0.00,0.00,"293,163,792.48",#REF!,#REF!,0.00,0.00,0.00,10/1/2017,9/30/2037,Não,"3,991.24",#REF!
,1211,2014,LER,06ºLER,Leilão de Energia de Reserva,008/2014,CEA ENERGIA,10.187.906/0001-10,QTD-UEE-ER20,EOL.CV.BA.032350-0.01,LARANJEIRAS II,Sem Pendências,BA,Eólica,Cinética do Vento,NE,"112,439,180.00",#REF!,30.000,,,0.000,13.200,0.1,132,135,135,13.200,13.200,13.200,13.200,13.200,"2,314,224.000",142.91,R$/MWh,0.00,0.00,"330,725,751.84",#REF!,#REF!,0.00,0.00,0.00,10/1/2017,9/30/2037,Não,"3,991.24",#REF!
,1212,2014,LER,06ºLER,Leilão de Energia de Reserva,008/2014,CEA ENERGIA,10.187.906/0001-10,QTD-UEE-ER20,EOL.CV.BA.032351-9.01,LARANJEIRAS V,Sem Pendências,BA,Eólica,Cinética do Vento,NE,"97,447,900.00",#REF!,26.000,,,0.000,10.800,0.1,108,135,135,10.800,10.800,10.800,10.800,10.800,"1,893,456.000",142.92,R$/MWh,0.00,0.00,"270,612,731.52",#REF!,#REF!,0.00,0.00,0.00,10/1/2017,9/30/2037,Não,"3,991.24",#REF!
,1213,2014,LER,06ºLER,Leilão de Energia de Reserva,008/2014,CEA ENERGIA,10.187.906/0001-10,QTD-UEE-ER20,EOL.CV.BA.032342-0.01,ASSURUÁ III,Sem Pendências,BA,Eólica,Cinética do Vento,NE,"44,974,870.00",#REF!,12.000,,,0.000,5.900,0.1,59,135,135,5.900,5.900,5.900,5.900,5.900,"1,034,388.000",142.90,R$/MWh,0.00,0.00,"147,814,045.20",#REF!,#REF!,0.00,0.00,0.00,10/1/2017,9/30/2037,Não,"3,991.24",#REF!
,1214,2014,LER,06ºLER,Leilão de Energia de Reserva,008/2014,CEA ENERGIA,10.187.906/0001-10,QTD-UEE-ER20,EOL.CV.BA.032343-8.01,ASSURUÁ IV,Sem Pendências,BA,Eólica,Cinética do Vento,NE,"112,439,180.00",#REF!,30.000,,,0.000,13.100,0.1,131,135,135,13.100,13.100,13.100,13.100,13.100,"2,296,692.000",142.90,R$/MWh,0.00,0.00,"328,197,286.80",#REF!,#REF!,0.00,0.00,0.00,10/1/2017,9/30/2037,Não,"3,991.24",#REF!
,1215,2014,LEN,20ºLEN,Leilão de Energia Nova,006/2014,CRNVEM2,46.500.000/0000-00,DISES-2019,EOL.CV.BA.033635-1.01,UMBURANAS 19,Sem Pendências,BA,Eólica,Cinética do Vento,NE,"98,904,610.00",#REF!,25.800,,,0.000,12.100,0.1,118,118,118,11.800,11.800,11.800,11.800,11.800,"2,068,776.000",136.42,R$/MWh,0.00,0.00,"282,222,421.92",#REF!,#REF!,"14,470,482.71","14,470,482.71","14,470,482.71",1/1/2019,12/31/2038,Não,"4,008.00",#REF!
,1216,2014,LEN,20ºLEN,Leilão de Energia Nova,006/2014,CRNVEM2,46.500.000/0000-00,DISES-2019,EOL.CV.BA.033637-8.01,UMBURANAS 23,Sem Pendências,BA,Eólica,Cinética do Vento,NE,"66,284,850.00",#REF!,16.500,,,0.000,7.300,0.1,71,118,118,7.100,7.100,7.100,7.100,7.100,"1,244,772.000",136.42,R$/MWh,0.00,0.00,"169,811,796.24",#REF!,#REF!,"8,611,686.93","8,611,686.93","8,611,686.93",1/1/2019,12/31/2038,Não,"4,008.00",#REF!
,1217,2014,LEN,20ºLEN,Leilão de Energia Nova,006/2014,CRNVEM2,46.500.000/0000-00,DISES-2019,EOL.CV.BA.033636-0.01,UMBURANAS 21,Sem Pendências,BA,Eólica,Cinética do Vento,NE,"85,490,390.00",#REF!,24.300,,,0.000,10.600,0.1,103,118,118,10.300,10.300,10.300,10.300,10.300,"1,805,796.000",136.42,R$/MWh,0.00,0.00,"246,346,690.32",#REF!,#REF!,"12,604,348.39","12,604,348.39","12,604,348.39",1/1/2019,12/31/2038,Não,"4,008.00",#REF!
,1218,2014,LEN,20ºLEN,Leilão de Energia Nova,006/2014,CRNVEM2,46.500.000/0000-00,DISES-2019,EOL.CV.BA.033639-4.01,UMBURANAS 25,Sem Pendências,BA,Eólica,Cinética do Vento,NE,"68,385,180.00",#REF!,17.100,,,0.000,7.700,0.1,75,118,118,7.500,7.500,7.500,7.500,7.500,"1,314,900.000",136.42,R$/MWh,0.00,0.00,"179,378,658.00",#REF!,#REF!,"9,182,525.09","9,182,525.09","9,182,525.09",1/1/2019,12/31/2038,Não,"4,008.00",#REF!
,1219,2014,LEN,20ºLEN,Leilão de Energia Nova,006/2014,CRNVEM2,46.500.000/0000-00,DISES-2019,EOL.CV.BA.033634-3.01,UMBURANAS 17,Sem Pendências,BA,Eólica,Cinética do Vento,NE,"93,595,250.00",#REF!,24.300,,,0.000,11.700,0.1,114,118,118,11.400,11.400,11.400,11.400,11.400,"1,998,648.000",136.42,R$/MWh,0.00,0.00,"272,655,560.16",#REF!,#REF!,"13,937,327.32","13,937,327.32","13,937,327.32",1/1/2019,12/31/2038,Não,"4,008.00",#REF!
,1220,2014,LEN,20ºLEN,Leilão de Energia Nova,006/2014,UTERG,41.600.000/0000-00,DIST-2019,UTE.GN.RS.032956-8.01,RIO GRANDE,Outorga Revogada,RS,Gás Natural,Gás Natural,S,"2,945,078,370.00",#REF!,"1,238.000",,,0.000,605.200,0.1,"6,042","6,042","6,042",604.200,604.200,604.200,604.200,604.200,"132,406,804.800",206.50,R$/MWh,0.00,0.00,"27,342,005,191.20",#REF!,#REF!,"620,142,031.98","620,142,031.98","620,142,031.98",1/1/2019,12/31/2043,Não,"4,008.00",#REF!
,1221,2014,LEN,20ºLEN,Leilão de Energia Nova,006/2014,PDESA,10.655.216/0001-49,QTD-2019 ,PCH.PH.MT.030239-2.01,PRESENTE DE DEUS,Contrato não Adjudicado,MT,Hidrelétrica (PCH),Rio Juína,SE,"83,930,210.00",#REF!,13.000,,,0.000,8.500,0.1,85,85,85,8.500,8.500,8.500,8.500,8.500,"2,235,432.000",162.50,R$/MWh,0.00,0.00,"363,257,700.00",#REF!,#REF!,0.00,0.00,0.00,1/1/2019,12/31/2048,Não,"4,008.00",#REF!
,1222,2014,LEN,20ºLEN,Leilão de Energia Nova,006/2014,CSM,40.000.000/0000-00,DISES-2019,EOL.CV.RN.033647-5.01,SÃO MIGUEL III,Sem Pendências,RN,Eólica,Cinética do Vento,NE,"87,477,000.00",#REF!,22.000,,,0.000,8.400,0.1,84,84,84,8.400,8.400,8.400,8.400,8.400,"1,472,688.000",136.97,R$/MWh,0.00,0.00,"201,714,075.36",#REF!,#REF!,"10,406,421.19","10,406,421.19","10,406,421.19",1/1/2019,12/31/2038,Não,"4,008.00",#REF!
,1223,2014,LEN,20ºLEN,Leilão de Energia Nova,006/2014,CSM,40.000.000/0000-00,DISES-2019,EOL.CV.RN.033643-2.01,SÃO BENTO DO NORTE III,Sem Pendências,RN,Eólica,Cinética do Vento,NE,"87,477,000.00",#REF!,22.000,,,0.000,9.600,0.1,96,84,84,9.600,9.600,9.600,9.600,9.600,"1,683,072.000",136.97,R$/MWh,0.00,0.00,"230,530,371.84",#REF!,#REF!,"11,973,475.46","11,973,475.46","11,973,475.46",1/1/2019,12/31/2038,Não,"4,008.00",#REF!
,1224,2014,LEN,20ºLEN,Leilão de Energia Nova,006/2014,CSM,40.000.000/0000-00,DISES-2019,EOL.CV.RN.033645-9.01,SÃO MIGUEL II,Sem Pendências,RN,Eólica,Cinética do Vento,NE,"87,477,000.00",#REF!,22.000,,,0.000,8.400,0.1,84,84,84,8.400,8.400,8.400,8.400,8.400,"1,472,688.000",136.97,R$/MWh,0.00,0.00,"201,714,075.36",#REF!,#REF!,"10,423,494.03","10,423,494.03","10,423,494.03",1/1/2019,12/31/2038,Não,"4,008.00",#REF!
,1225,2014,LEN,20ºLEN,Leilão de Energia Nova,006/2014,CSM,40.000.000/0000-00,DISES-2019,EOL.CV.RN.033642-4.01,SÃO BENTO DO NORTE II,Sem Pendências,RN,Eólica,Cinética do Vento,NE,"91,134,800.00",#REF!,24.200,,,0.000,10.000,0.1,100,84,84,10.000,10.000,10.000,10.000,10.000,"1,753,200.000",136.97,R$/MWh,0.00,0.00,"240,135,804.00",#REF!,#REF!,"12,463,951.95","12,463,951.95","12,463,951.95",1/1/2019,12/31/2038,Não,"4,008.00",#REF!
,1226,2014,LEN,20ºLEN,Leilão de Energia Nova,006/2014,CSM,40.000.000/0000-00,DISES-2019,EOL.CV.RN.033640-8.01,SÃO BENTO DO NORTE I,Sem Pendências,RN,Eólica,Cinética do Vento,NE,"91,134,800.00",#REF!,24.200,,,0.000,9.700,0.1,97,84,84,9.700,9.700,9.700,9.700,9.700,"1,700,604.000",136.97,R$/MWh,0.00,0.00,"232,931,729.88",#REF!,#REF!,"12,081,852.23","12,081,852.23","12,081,852.23",1/1/2019,12/31/2038,Não,"4,008.00",#REF!
,1227,2014,LEN,20ºLEN,Leilão de Energia Nova,006/2014,CSM,40.000.000/0000-00,DISES-2019,EOL.CV.RN.033644-0.01,SÃO MIGUEL I,Sem Pendências,RN,Eólica,Cinética do Vento,NE,"87,477,000.00",#REF!,22.000,,,0.000,8.700,0.1,87,84,84,8.700,8.700,8.700,8.700,8.700,"1,525,284.000",136.97,R$/MWh,0.00,0.00,"208,918,149.48",#REF!,#REF!,"10,834,069.47","10,834,069.47","10,834,069.47",1/1/2019,12/31/2038,Não,"4,008.00",#REF!
,1228,2014,LEN,20ºLEN,Leilão de Energia Nova,006/2014,FEB,12.227.426/0001-61,DISES-2019,EOL.CV.PB.033663-7.01,CANOAS,Sem Pendências,PB,Eólica,Cinética do Vento,NE,"98,192,290.00",#REF!,30.000,,,0.000,17.100,0.1,161,161,161,16.100,16.100,16.100,16.100,16.100,"2,822,652.000",136.24,R$/MWh,0.00,0.00,"384,558,108.48",#REF!,#REF!,"19,946,016.00","19,946,016.00","19,946,016.00",1/1/2019,12/31/2038,Não,"4,008.00",#REF!
,1229,2014,LEN,20ºLEN,Leilão de Energia Nova,006/2014,CNE,10.377.329/0001-20,DIST-2019,-NÃOTEMCEG,CNE,Contrato não Adjudicado,GO,Biomassa,Bagaço de Cana de Açúcar,SE,"231,600,100.00",#REF!,105.000,,,0.000,59.800,0.1,430,430,430,43.000,43.000,43.000,43.000,43.000,"9,423,192.000",205.23,R$/MWh,0.00,0.00,"1,933,921,694.16",#REF!,#REF!,"78,822,410.00","78,822,410.00","78,822,410.00",1/1/2019,12/31/2043,Não,"4,008.00",#REF!
,1230,2014,LEN,20ºLEN,Leilão de Energia Nova,006/2014,YTI,11.917.605/0001-68,DIST-2019,UTE.FL.MS.033378-6.01,COSTA RICA I,Outorga Revogada,MS,Biomassa,Cavaco/ Resíduo de Madeira,SE,"860,940,000.00",#REF!,163.999,,,0.000,135.100,0.1,"1,100","1,100","1,100",110.000,110.000,110.000,110.000,110.000,"24,105,840.000",207.32,R$/MWh,0.00,0.00,"4,997,622,748.80",#REF!,#REF!,"158,101,000.00","158,101,000.00","158,101,000.00",1/1/2019,12/31/2043,Não,"4,008.00",#REF!
,1231,2014,LEN,20ºLEN,Leilão de Energia Nova,006/2014,CDESA,10.655.003/0001-17,QTD-2019 ,PCH.PH.MT.030255-4.01,COMODORO,Contrato não Adjudicado,MT,Hidrelétrica (PCH),Rio Juína,SE,"72,260,350.00",#REF!,10.000,,,0.000,6.200,0.1,62,62,62,6.200,6.200,6.200,6.200,6.200,"1,630,550.400",162.50,R$/MWh,0.00,0.00,"264,964,440.00",#REF!,#REF!,0.00,0.00,0.00,1/1/2019,12/31/2048,Não,"4,008.00",#REF!
,1232,2014,LEN,20ºLEN,Leilão de Energia Nova,006/2014,DELTA,13.537.735/0003-62,DIST-2019,UTE.AI.MG.028219-7.01,DELTA,Sem Pendências,MG,Biomassa,Bagaço de Cana de Açúcar,SE,"30,000,000.00",#REF!,30.000,,,0.000,6.400,0.1,64,64,64,6.400,6.400,6.400,6.400,6.400,"1,402,521.600",197.00,R$/MWh,0.00,0.00,"276,296,755.20",#REF!,#REF!,"11,598,520.32","11,598,520.32","11,598,520.32",1/1/2019,12/31/2043,Não,"4,008.00",#REF!
,1233,2014,LEN,20ºLEN,Leilão de Energia Nova,006/2014,EGP-CASA DOS VENTOS I,42.100.000/0000-00,DISES-2019,EOL.CV.BA.033650-5.01,VENTOS DO SÃO MARIO,Sem Pendências,BA,Eólica,Cinética do Vento,NE,"100,881,200.00",#REF!,28.000,,,0.000,13.900,0.1,98,98,98,9.800,9.800,9.800,9.800,9.800,"1,718,136.000",137.00,R$/MWh,0.00,0.00,"235,384,632.00",#REF!,#REF!,"12,130,669.72","12,130,669.72","12,130,669.72",1/1/2019,12/31/2038,Não,"4,008.00",#REF!
,1234,2014,LEN,20ºLEN,Leilão de Energia Nova,006/2014,EGP-CASA DOS VENTOS I,42.100.000/0000-00,DISES-2019,EOL.CV.BA.033652-1.01,VENTOS DO SÃO PAULO,Sem Pendências,BA,Eólica,Cinética do Vento,NE,"100,881,200.00",#REF!,28.000,,,0.000,13.800,0.1,97,98,98,9.700,9.700,9.700,9.700,9.700,"1,700,604.000",135.25,R$/MWh,0.00,0.00,"230,006,691.00",#REF!,#REF!,"11,856,792.13","11,856,792.13","11,856,792.13",1/1/2019,12/31/2038,Não,"4,008.00",#REF!
,1235,2014,LEN,20ºLEN,Leilão de Energia Nova,006/2014,VENTOS DE SAO VIRGILIO,16.519.518/0001-76,DISES-2019,EOL.CV.PI.033667-0.01,VENTOS DE SÃO VIRGILIO 02,Sem Pendências,PI,Eólica,Cinética do Vento,NE,"108,087,000.00",#REF!,30.000,,,0.000,15.400,0.1,154,154,154,15.400,15.400,15.400,15.400,15.400,"2,699,928.000",136.99,R$/MWh,0.00,0.00,"369,863,136.72",#REF!,#REF!,"19,552,251.42","19,552,251.42","19,552,251.42",1/1/2019,12/31/2038,Não,"4,008.00",#REF!
,1236,2014,LEN,20ºLEN,Leilão de Energia Nova,006/2014,EGP-CASA DOS VENTOS I,42.100.000/0000-00,DISES-2019,EOL.CV.BA.033648-3.01,VENTOS DA SANTA DULCE,Sem Pendências,BA,Eólica,Cinética do Vento,NE,"100,881,200.00",#REF!,28.000,,,0.000,12.800,0.1,90,98,98,9.000,9.000,9.000,9.000,9.000,"1,577,880.000",135.27,R$/MWh,0.00,0.00,"213,439,827.60",#REF!,#REF!,"11,035,952.37","11,035,952.37","11,035,952.37",1/1/2019,12/31/2038,Não,"4,008.00",#REF!
,1237,2014,LEN,20ºLEN,Leilão de Energia Nova,006/2014,EGP-CASA DOS VENTOS I,42.100.000/0000-00,DISES-2019,EOL.CV.BA.033649-1.01,VENTOS DA SANTA ESPERANÇA,Sem Pendências,BA,Eólica,Cinética do Vento,NE,"100,881,200.00",#REF!,28.000,,,0.000,13.100,0.1,92,98,98,9.200,9.200,9.200,9.200,9.200,"1,612,944.000",135.26,R$/MWh,0.00,0.00,"218,166,805.44",#REF!,#REF!,"11,222,028.44","11,222,028.44","11,222,028.44",1/1/2019,12/31/2038,Não,"4,008.00",#REF!
,1238,2014,LEN,20ºLEN,Leilão de Energia Nova,006/2014,UTE PORTO DAS AGUAS,08.322.396/0001-03,DIST-2019,UTE.AI.GO.029999-5.01,PORTO DAS ÁGUAS,Sem Pendências,GO,Biomassa,Bagaço de Cana de Açúcar,SE,"45,000,000.00",#REF!,90.000,,,0.000,26.100,0.1,185,185,185,18.500,18.500,18.500,18.500,18.500,"4,054,164.000",199.93,R$/MWh,0.00,0.00,"810,549,008.52",#REF!,#REF!,"32,671,296.00","32,671,296.00","32,671,296.00",1/1/2019,12/31/2043,Não,"4,008.00",#REF!
,1239,2014,LEN,20ºLEN,Leilão de Energia Nova,006/2014,NOVO TEMPO,41.500.000/0000-00,DIST-2019,UTE.GN.PE.032955-0.01,NOVO TEMPO,Data de Suprimento Alterada,PE,Gás Natural,Gás Natural,NE,"3,052,175,380.00",#REF!,"1,238.000",,,0.000,611.900,0.1,"6,109","6,109","6,109",610.900,610.900,610.900,610.900,610.900,"133,875,069.600",206.50,R$/MWh,0.00,0.00,"27,645,201,872.40",#REF!,#REF!,"626,161,298.66","626,161,298.66","626,161,298.66",1/1/2019,12/31/2043,Não,"4,008.00",#REF!
,1240,2014,LEN,20ºLEN,Leilão de Energia Nova,006/2014,UTPS,04.739.720/0001-24,DIST-2019,UTE.CM.RS.032282-2.01,PAMPA SUL,Sem Pendências,RS,Carvão,Carvão Mineral Nacional,S,"2,058,506,160.00",#REF!,340.000,,,0.000,323.500,0.1,"2,945","2,945","2,945",294.500,294.500,294.500,294.500,294.500,"64,537,908.000",201.98,R$/MWh,0.00,0.00,"13,035,366,657.84",#REF!,#REF!,"473,331,834.53","473,331,834.53","473,331,834.53",1/1/2019,12/31/2043,Não,"4,008.00",#REF!
,1241,2014,LEN,20ºLEN,Leilão de Energia Nova,006/2014,CLVI,16.756.943/0001-89,DISES-2019,EOL.CV.BA.033631-9.01,CAMPO LARGO VI,Sem Pendências,BA,Eólica,Cinética do Vento,NE,"112,800,000.00",#REF!,29.370,,,0.000,14.100,0.1,141,141,141,14.100,14.100,14.100,14.100,14.100,"2,472,012.000",135.46,R$/MWh,0.00,0.00,"334,858,745.52",#REF!,#REF!,"17,171,602.57","17,171,602.57","17,171,602.57",1/1/2019,12/31/2038,Não,"4,008.00",#REF!
,1242,2014,LEN,20ºLEN,Leilão de Energia Nova,006/2014,CLV,16.757.107/0001-19,DISES-2019,EOL.CV.BA.033630-0.01,CAMPO LARGO V,Sem Pendências,BA,Eólica,Cinética do Vento,NE,"112,800,000.00",#REF!,29.370,,,0.000,13.800,0.1,138,138,138,13.800,13.800,13.800,13.800,13.800,"2,419,416.000",135.47,R$/MWh,0.00,0.00,"327,758,285.52",#REF!,#REF!,"16,787,126.77","16,787,126.77","16,787,126.77",1/1/2019,12/31/2038,Não,"4,008.00",#REF!
,1243,2014,LEN,20ºLEN,Leilão de Energia Nova,006/2014,CLIV,16.756.341/0001-21,DISES-2019,EOL.CV.BA.033629-7.01,CAMPO LARGO IV,Sem Pendências,BA,Eólica,Cinética do Vento,NE,"112,800,000.00",#REF!,29.370,,,0.000,13.400,0.1,134,134,134,13.400,13.400,13.400,13.400,13.400,"2,349,288.000",135.48,R$/MWh,0.00,0.00,"318,281,538.24",#REF!,#REF!,"16,335,710.89","16,335,710.89","16,335,710.89",1/1/2019,12/31/2038,Não,"4,008.00",#REF!
,1244,2014,LEN,20ºLEN,Leilão de Energia Nova,006/2014,CLXXI,17.878.526/0001-71,DISES-2019,EOL.CV.BA.033633-5.01,CAMPO LARGO XXI,Sem Pendências,BA,Eólica,Cinética do Vento,NE,"124,697,410.00",#REF!,29.700,,,0.000,13.400,0.1,134,134,134,13.400,13.400,13.400,13.400,13.400,"2,349,288.000",135.44,R$/MWh,0.00,0.00,"318,187,566.72",#REF!,#REF!,"16,444,189.69","16,444,189.69","16,444,189.69",1/1/2019,12/31/2038,Não,"4,008.00",#REF!
,1245,2014,LEN,20ºLEN,Leilão de Energia Nova,006/2014,CLVII,16.757.011/0001-50,DISES-2019,EOL.CV.BA.033632-7.01,CAMPO LARGO VII,Sem Pendências,BA,Eólica,Cinética do Vento,NE,"112,800,000.00",#REF!,29.370,,,0.000,14.100,0.1,141,141,141,14.100,14.100,14.100,14.100,14.100,"2,472,012.000",135.45,R$/MWh,0.00,0.00,"334,834,025.40",#REF!,#REF!,"17,239,552.16","17,239,552.16","17,239,552.16",1/1/2019,12/31/2038,Não,"4,008.00",#REF!
,1246,2014,LEN,20ºLEN,Leilão de Energia Nova,006/2014,GESTAMP,41.100.000/0000-00,DISES-2019,EOL.CV.RN.033666-1.01,BOA ESPERANÇA I,Sem Pendências,RN,Eólica,Cinética do Vento,NE,"116,217,000.00",#REF!,28.000,,,0.000,14.400,0.1,144,144,144,14.400,14.400,14.400,14.400,14.400,"2,524,608.000",135.48,R$/MWh,0.00,0.00,"342,033,891.84",#REF!,#REF!,"17,476,497.72","17,476,497.72","17,476,497.72",1/1/2019,12/31/2038,Não,"4,008.00",#REF!
,1247,2014,LEN,20ºLEN,Leilão de Energia Nova,006/2014,ATLANTIC,11.489.312/0001-27,DISES-2019,EOL.CV.PI.033625-4.01,AURA QUEIMADA NOVA 03,Sem Pendências,PI,Eólica,Cinética do Vento,NE,"33,255,000.00",#REF!,9.000,,,0.000,4.500,0.1,45,45,45,4.500,4.500,4.500,4.500,4.500,"788,940.000",135.50,R$/MWh,0.00,0.00,"106,901,370.00",#REF!,#REF!,"5,512,044.80","5,512,044.80","5,512,044.80",1/1/2019,12/31/2038,Não,"4,008.00",#REF!
,1248,2014,LEN,20ºLEN,Leilão de Energia Nova,006/2014,CLIII,16.755.810/0001-98,DISES-2019,EOL.CV.BA.033628-9.01,CAMPO LARGO III,Sem Pendências,BA,Eólica,Cinética do Vento,NE,"112,800,000.00",#REF!,29.370,,,0.000,13.800,0.1,138,138,138,13.800,13.800,13.800,13.800,13.800,"2,419,416.000",135.49,R$/MWh,0.00,0.00,"327,806,673.84",#REF!,#REF!,"16,812,040.62","16,812,040.62","16,812,040.62",1/1/2019,12/31/2038,Não,"4,008.00",#REF!
,1249,2014,LEN,20ºLEN,Leilão de Energia Nova,006/2014,GUARANI,47.080.619/0011-99,DIST-2019,UTE.AI.SP.033380-8.01,GUARANI CRUZ ALTA 2,Sem Pendências,SP,Biomassa,Bagaço de Cana de Açúcar,SE,"62,147,000.00",#REF!,25.000,,,0.000,11.400,0.1,80,80,80,8.000,8.000,8.000,8.000,8.000,"1,753,152.000",198.50,R$/MWh,0.00,0.00,"348,000,672.00",#REF!,#REF!,"15,200,220.00","15,200,220.00","15,200,220.00",1/1/2019,12/31/2043,Não,"4,008.00",#REF!
,1250,2014,LEN,20ºLEN,Leilão de Energia Nova,006/2014,UTE IACANGA,07.280.328/0001-58,DIST-2019,UTE.AI.SP.029636-8.01,IACANGA AMPLIAÇÃO,Sem Pendências,SP,Biomassa,Bagaço de Cana de Açúcar,SE,"10,600,000.00",#REF!,18.000,,,0.000,5.600,0.1,40,40,40,4.000,4.000,4.000,4.000,4.000,"876,576.000",201.90,R$/MWh,0.00,0.00,"176,980,694.40",#REF!,#REF!,"7,513,927.44","7,513,927.44","7,513,927.44",1/1/2019,12/31/2043,Não,"4,008.00",#REF!
,1251,2014,LEN,20ºLEN,Leilão de Energia Nova,006/2014,UTEFE,08.791.234/0001-06,DIST-2019,UTE.AI.SP.028058-5.01,FERRARI,Sem Pendências,SP,Biomassa,Bagaço de Cana de Açúcar,SE,"90,080,000.00",#REF!,15.000,,,0.000,12.400,0.1,98,98,98,9.800,9.800,9.800,9.800,9.800,"2,147,611.200",202.00,R$/MWh,0.00,0.00,"433,817,462.40",#REF!,#REF!,"17,699,028.55","17,699,028.55","17,699,028.55",1/1/2019,12/31/2043,Não,"4,008.00",#REF!
,1252,2014,LEN,20ºLEN,Leilão de Energia Nova,006/2014,FEB,12.227.426/0001-61,DISES-2019,EOL.CV.PB.033664-5.01,LAGOA 1,Sem Pendências,PB,Eólica,Cinética do Vento,NE,"98,192,290.00",#REF!,30.000,,,0.000,18.600,0.1,172,161,161,17.200,17.200,17.200,17.200,17.200,"3,015,504.000",136.24,R$/MWh,0.00,0.00,"410,832,264.96",#REF!,#REF!,"21,193,071.00","21,193,071.00","21,193,071.00",1/1/2019,12/31/2038,Não,"4,008.00",#REF!
,1253,2014,LEN,20ºLEN,Leilão de Energia Nova,006/2014,AME,02.341.467/0001-20,DIST-2019,UTE.GN.AM.031888-4.01,MAUÁ 3,Sem Pendências,AM,Gás Natural,Gás Natural,N,"1,231,542,350.00",#REF!,583.000,,,0.000,507.200,0.1,"4,844","4,844","4,844",484.400,484.400,484.400,484.400,484.400,"106,153,353.600",203.50,R$/MWh,0.00,0.00,"21,602,207,457.60",#REF!,#REF!,"760,407,244.80","760,407,244.80","760,407,244.80",1/1/2019,12/31/2043,Não,"4,008.00",#REF!
,1254,2014,LEN,20ºLEN,Leilão de Energia Nova,006/2014,FEB,12.227.426/0001-61,DISES-2019,EOL.CV.PB.033665-3.01,LAGOA 2,Sem Pendências,PB,Eólica,Cinética do Vento,NE,"98,192,290.00",#REF!,30.000,,,0.000,16.400,0.1,155,161,161,15.500,15.500,15.500,15.500,15.500,"2,717,460.000",136.24,R$/MWh,0.00,0.00,"370,226,750.40",#REF!,#REF!,"19,273,971.00","19,273,971.00","19,273,971.00",1/1/2019,12/31/2038,Não,"4,008.00",#REF!
,1255,2014,LEN,20ºLEN,Leilão de Energia Nova,006/2014,CEA,10.187.906/0001-10,DISES-2019,EOL.CV.BA.033626-2.01,LARANJEIRAS III,Sem Pendências,BA,Eólica,Cinética do Vento,NE,"97,447,900.00",#REF!,26.000,,,0.000,11.500,0.1,115,115,115,11.500,11.500,11.500,11.500,11.500,"2,016,180.000",136.50,R$/MWh,0.00,0.00,"275,208,570.00",#REF!,#REF!,"14,315,208.56","14,315,208.56","14,315,208.56",1/1/2019,12/31/2038,Não,"4,008.00",#REF!
,1256,2014,LEN,20ºLEN,Leilão de Energia Nova,006/2014,CEA,10.187.906/0001-10,DISES-2019,EOL.CV.BA.033627-0.01,LARANJEIRAS IX,Sem Pendências,BA,Eólica,Cinética do Vento,NE,"89,950,760.00",#REF!,24.000,,,0.000,9.400,0.1,94,115,115,9.400,9.400,9.400,9.400,9.400,"1,648,008.000",136.50,R$/MWh,0.00,0.00,"224,953,092.00",#REF!,#REF!,"11,715,021.98","11,715,021.98","11,715,021.98",1/1/2019,12/31/2038,Não,"4,008.00",#REF!
,1257,2014,LEN,20ºLEN,Leilão de Energia Nova,006/2014,LAJARI,09.020.211/0001-60,QTD-2019 ,PCH.PH.MT.033386-7.01,LAJARI,Sem Pendências,MT,Hidrelétrica (PCH),Rio Taquari,SE,"110,737,540.00",#REF!,20.880,,,0.000,10.900,0.1,90,90,90,9.000,9.000,9.000,9.000,9.000,"2,366,928.000",160.90,R$/MWh,0.00,0.00,"380,838,715.20",#REF!,#REF!,0.00,0.00,0.00,1/1/2019,12/31/2048,Não,"4,008.00",#REF!
,1258,2014,LEN,20ºLEN,Leilão de Energia Nova,006/2014,ATLANTIC,11.489.312/0001-27,DISES-2019,EOL.CV.PI.033623-8.01,AURA LAGOA DO BARRO 05,Sem Pendências,PI,Eólica,Cinética do Vento,NE,"88,680,000.00",#REF!,24.000,,,0.000,10.300,0.1,103,45,45,10.300,10.300,10.300,10.300,10.300,"1,805,796.000",135.50,R$/MWh,0.00,0.00,"244,685,358.00",#REF!,#REF!,"12,586,821.23","12,586,821.23","12,586,821.23",1/1/2019,12/31/2038,Não,"4,008.00",#REF!
,1259,2014,LEN,20ºLEN,Leilão de Energia Nova,006/2014,ATLANTIC,11.489.312/0001-27,DISES-2019,EOL.CV.PI.033620-3.01,AURA LAGOA DO BARRO 04,Sem Pendências,PI,Eólica,Cinética do Vento,NE,"99,765,000.00",#REF!,27.000,,,0.000,12.900,0.1,129,45,45,12.900,12.900,12.900,12.900,12.900,"2,261,628.000",135.50,R$/MWh,0.00,0.00,"306,450,594.00",#REF!,#REF!,"15,894,923.61","15,894,923.61","15,894,923.61",1/1/2019,12/31/2038,Não,"4,008.00",#REF!
,1260,2014,LEN,20ºLEN,Leilão de Energia Nova,006/2014,ATLANTIC,11.489.312/0001-27,DISES-2019,EOL.CV.PI.033618-1.01,AURA LAGOA DO BARRO 07,Sem Pendências,PI,Eólica,Cinética do Vento,NE,"99,765,000.00",#REF!,27.000,,,0.000,13.800,0.1,138,45,45,13.800,13.800,13.800,13.800,13.800,"2,419,416.000",135.50,R$/MWh,0.00,0.00,"327,830,868.00",#REF!,#REF!,"16,899,623.23","16,899,623.23","16,899,623.23",1/1/2019,12/31/2038,Não,"4,008.00",#REF!
,1261,2014,LEN,20ºLEN,Leilão de Energia Nova,006/2014,ATLANTIC,11.489.312/0001-27,DISES-2019,EOL.CV.PI.033624-6.01,AURA LAGOA DO BARRO 06,Sem Pendências,PI,Eólica,Cinética do Vento,NE,"99,765,000.00",#REF!,27.000,,,0.000,11.900,0.1,119,45,45,11.900,11.900,11.900,11.900,11.900,"2,086,308.000",135.50,R$/MWh,0.00,0.00,"282,694,734.00",#REF!,#REF!,"14,641,279.33","14,641,279.33","14,641,279.33",1/1/2019,12/31/2038,Não,"4,008.00",#REF!
,1262,2014,LEN,20ºLEN,Leilão de Energia Nova,006/2014,ATLANTIC,11.489.312/0001-27,DISES-2019,EOL.CV.PI.033622-0.01,AURA LAGOA DO BARRO 02,Sem Pendências,PI,Eólica,Cinética do Vento,NE,"99,765,000.00",#REF!,27.000,,,0.000,11.300,0.1,113,45,45,11.300,11.300,11.300,11.300,11.300,"1,981,116.000",135.50,R$/MWh,0.00,0.00,"268,441,218.00",#REF!,#REF!,"13,839,241.94","13,839,241.94","13,839,241.94",1/1/2019,12/31/2038,Não,"4,008.00",#REF!
,1263,2014,LEN,20ºLEN,Leilão de Energia Nova,006/2014,ATLANTIC,11.489.312/0001-27,DISES-2019,EOL.CV.PI.033621-1.01,AURA LAGOA DO BARRO 01,Sem Pendências,PI,Eólica,Cinética do Vento,NE,"99,765,000.00",#REF!,27.000,,,0.000,14.200,0.1,142,45,45,14.200,14.200,14.200,14.200,14.200,"2,489,544.000",135.50,R$/MWh,0.00,0.00,"337,333,212.00",#REF!,#REF!,"17,371,717.98","17,371,717.98","17,371,717.98",1/1/2019,12/31/2038,Não,"4,008.00",#REF!
,1264,2014,LEN,20ºLEN,Leilão de Energia Nova,006/2014,YPE,15.842.377/0001-65,DIST-2019,UTE.FL.AC.033377-8.01,ACRE,Outorga Revogada,AC,Biomassa,Cavaco/ Resíduo de Madeira,SE,"860,940,000.00",#REF!,163.999,,,0.000,135.100,0.1,"1,100","1,100","1,100",110.000,110.000,110.000,110.000,110.000,"24,105,840.000",206.90,R$/MWh,0.00,0.00,"4,987,498,296.00",#REF!,#REF!,"157,700,000.00","157,700,000.00","157,700,000.00",1/1/2019,12/31/2043,Não,"4,008.00",#REF!
,1265,2014,LEN,20ºLEN,Leilão de Energia Nova,006/2014,ATLANTIC,11.489.312/0001-27,DISES-2019,EOL.CV.PI.033619-0.01,AURA LAGOA DO BARRO 03,Sem Pendências,PI,Eólica,Cinética do Vento,NE,"99,765,000.00",#REF!,27.000,,,0.000,13.500,0.1,135,45,45,13.500,13.500,13.500,13.500,13.500,"2,366,820.000",135.50,R$/MWh,0.00,0.00,"320,704,110.00",#REF!,#REF!,"16,515,278.50","16,515,278.50","16,515,278.50",1/1/2019,12/31/2038,Não,"4,008.00",#REF!
,1266,2014,LEE,14ºLEE,Leilão de Energia Existente,010/2014,PETROBRAS PIE,33.000.167/0001-01,DIS-03ANOS-2015,UTE.GN.BA.028206-5.01,RÔMULO ALMEIDA,Sem Pendências,BA,Gás Natural,Gás Natural,NE,0.00,#REF!,138.000,,,0.000,115.300,1.0,95,95,95,95.000,95.000,95.000,0.000,95.000,"2,498,880.000",192.00,R$/MWh,0.00,0.00,"479,784,960.00",#REF!,#REF!,"59,115,327.00","59,115,327.00","59,115,327.00",1/1/2015,12/31/2017,Não,"4,028.44",#REF!
,1267,2014,LEE,14ºLEE,Leilão de Energia Existente,010/2014,PETROBRAS PIE,33.000.167/0001-01,DIS-03ANOS-2015,UTE.GN.MG.001096-0.01,AURELIANO CHAVES,Sem Pendências,MG,Gás Natural,Gás Natural,SE,0.00,#REF!,226.000,,,0.000,178.900,1.0,175,175,175,175.000,175.000,175.000,0.000,175.000,"4,603,200.000",191.99,R$/MWh,0.00,0.00,"883,768,368.00",#REF!,#REF!,"112,430,220.00","112,430,220.00","112,430,220.00",1/1/2015,12/31/2017,Não,"4,028.44",#REF!
,1268,2014,LEE,14ºLEE,Leilão de Energia Existente,010/2014,FURNAS,23.274.194/0001-19,QTD2-03ANOS-2015 ,-,-,Sem Pendências,-,-,-,SE,0.00,#REF!,0.000,,,0.000,0.000,1.0,352,352,352,352.000,352.000,352.000,0.000,352.000,"9,259,008.000",201.00,R$/MWh,0.00,0.00,"1,861,060,608.00",#REF!,#REF!,0.00,0.00,0.00,1/1/2015,12/31/2017,Não,"4,028.44",#REF!
,1269,2015,LAJ,18ºLAJ,Leilão de Ajuste,001/2014,EDP C,04.149.295/0001-13,P03M-N-2015,-,-,Sem Pendências,-,-,-,N,0.00,#REF!,0.000,,,0.000,0.000,0.5,16,0,16,8.000,0.000,0.000,0.000,8.000,"17,288.000",357.48,R$/MWh,0.00,0.00,"6,180,114.24",#REF!,#REF!,0.00,0.00,0.00,1/1/2015,3/31/2015,Não,"4,059.86",#REF!
,1270,2015,LAJ,18ºLAJ,Leilão de Ajuste,001/2014,DELTA ENERGIA,04.802.543/0001-83,P03M-S-2015,-,-,Sem Pendências,-,-,-,S,0.00,#REF!,0.000,,,0.000,0.000,0.5,20,0,20,10.000,0.000,0.000,0.000,10.000,"21,610.000",382.83,R$/MWh,0.00,0.00,"8,272,956.30",#REF!,#REF!,0.00,0.00,0.00,1/1/2015,3/31/2015,Não,"4,059.86",#REF!
,1271,2015,LAJ,18ºLAJ,Leilão de Ajuste,001/2014,COMPASS,10.966.735/0001-28,P03M-S-2015,-,-,Sem Pendências,-,-,-,S,0.00,#REF!,0.000,,,0.000,0.000,0.5,2,0,2,1.000,0.000,0.000,0.000,1.000,"2,161.000",386.83,R$/MWh,0.00,0.00,"835,939.63",#REF!,#REF!,0.00,0.00,0.00,1/1/2015,3/31/2015,Não,"4,059.86",#REF!
,1272,2015,LAJ,18ºLAJ,Leilão de Ajuste,001/2014,DELTA ENERGIA,04.802.543/0001-83,P03M-S-2015,-,-,Sem Pendências,-,-,-,S,0.00,#REF!,0.000,,,0.000,0.000,0.5,8,0,8,4.000,0.000,0.000,0.000,4.000,"8,644.000",386.83,R$/MWh,0.00,0.00,"3,343,758.52",#REF!,#REF!,0.00,0.00,0.00,1/1/2015,3/31/2015,Não,"4,059.86",#REF!
,1273,2015,LAJ,18ºLAJ,Leilão de Ajuste,001/2014,TRADENER,02.691.745/0001-70,P03M-S-2015,-,-,Sem Pendências,-,-,-,S,0.00,#REF!,0.000,,,0.000,0.000,0.5,100,0,100,50.000,0.000,0.000,0.000,50.000,"108,050.000",388.48,R$/MWh,0.00,0.00,"41,975,264.00",#REF!,#REF!,0.00,0.00,0.00,1/1/2015,3/31/2015,Não,"4,059.86",#REF!
,1274,2015,LAJ,18ºLAJ,Leilão de Ajuste,001/2014,COMERC,58.177.643/0001-95,P03M-S-2015,-,-,Sem Pendências,-,-,-,S,0.00,#REF!,0.000,,,0.000,0.000,0.5,8,0,8,4.000,0.000,0.000,0.000,4.000,"8,644.000",388.48,R$/MWh,0.00,0.00,"3,358,021.12",#REF!,#REF!,0.00,0.00,0.00,1/1/2015,3/31/2015,Não,"4,059.86",#REF!
,1275,2015,LAJ,18ºLAJ,Leilão de Ajuste,001/2014,CAPITALE,11.599.292/0001-47,P03M-S-2015,-,-,Sem Pendências,-,-,-,S,0.00,#REF!,0.000,,,0.000,0.000,0.5,20,0,20,10.000,0.000,0.000,0.000,10.000,"21,610.000",388.48,R$/MWh,0.00,0.00,"8,395,052.80",#REF!,#REF!,0.00,0.00,0.00,1/1/2015,3/31/2015,Não,"4,059.86",#REF!
,1276,2015,LAJ,18ºLAJ,Leilão de Ajuste,001/2014,DELTA ENERGIA,04.802.543/0001-83,P03M-SE-2015,-,-,Sem Pendências,-,-,-,SE,0.00,#REF!,0.000,,,0.000,0.000,0.5,28,0,28,14.000,0.000,0.000,0.000,14.000,"30,254.000",384.83,R$/MWh,0.00,0.00,"11,642,646.82",#REF!,#REF!,0.00,0.00,0.00,1/1/2015,3/31/2015,Não,"4,059.86",#REF!
,1277,2015,LAJ,18ºLAJ,Leilão de Ajuste,001/2014,VOTENER,03.984.862/0001-94,P03M-SE-2015,-,-,Sem Pendências,-,-,-,SE,0.00,#REF!,0.000,,,0.000,0.000,0.5,240,0,240,120.000,0.000,0.000,0.000,120.000,"259,320.000",386.83,R$/MWh,0.00,0.00,"100,312,755.60",#REF!,#REF!,0.00,0.00,0.00,1/1/2015,3/31/2015,Não,"4,059.86",#REF!
,1278,2015,LAJ,18ºLAJ,Leilão de Ajuste,001/2014,LIGHT COM,11.315.117/0001-80,P03M-SE-2015,-,-,Sem Pendências,-,-,-,SE,0.00,#REF!,0.000,,,0.000,0.000,0.5,18,0,18,9.000,0.000,0.000,0.000,9.000,"19,449.000",386.83,R$/MWh,0.00,0.00,"7,523,456.67",#REF!,#REF!,0.00,0.00,0.00,1/1/2015,3/31/2015,Não,"4,059.86",#REF!
,1279,2015,LAJ,18ºLAJ,Leilão de Ajuste,001/2014,DELTA ENERGIA,04.802.543/0001-83,P03M-SE-2015,-,-,Sem Pendências,-,-,-,SE,0.00,#REF!,0.000,,,0.000,0.000,0.5,8,0,8,4.000,0.000,0.000,0.000,4.000,"8,644.000",386.83,R$/MWh,0.00,0.00,"3,343,758.52",#REF!,#REF!,0.00,0.00,0.00,1/1/2015,3/31/2015,Não,"4,059.86",#REF!
,1280,2015,LAJ,18ºLAJ,Leilão de Ajuste,001/2014,CBA,61.409.892/0001-73,P03M-SE-2015,-,-,Sem Pendências,-,-,-,SE,0.00,#REF!,0.000,,,0.000,0.000,0.5,68,0,68,34.000,0.000,0.000,0.000,34.000,"73,474.000",386.83,R$/MWh,0.00,0.00,"28,421,947.42",#REF!,#REF!,0.00,0.00,0.00,1/1/2015,3/31/2015,Não,"4,059.86",#REF!
,1281,2015,LAJ,18ºLAJ,Leilão de Ajuste,001/2014,DELTA ENERGIA,04.802.543/0001-83,P03M-SE-2015,-,-,Sem Pendências,-,-,-,SE,0.00,#REF!,0.000,,,0.000,0.000,0.5,6,0,6,3.000,0.000,0.000,0.000,3.000,"6,483.000",388.48,R$/MWh,0.00,0.00,"2,518,515.84",#REF!,#REF!,0.00,0.00,0.00,1/1/2015,3/31/2015,Não,"4,059.86",#REF!
,1282,2015,LAJ,18ºLAJ,Leilão de Ajuste,001/2014,GUSA NORDESTE,07.636.657/0001-99,P06M-N-2015,-,-,Sem Pendências,-,-,-,N,0.00,#REF!,0.000,,,0.000,0.000,0.5,17,0,17,8.500,0.000,0.000,0.000,8.500,"36,932.500",318.08,R$/MWh,0.00,0.00,"11,747,489.60",#REF!,#REF!,0.00,0.00,0.00,1/1/2015,6/30/2015,Não,"4,059.86",#REF!
,1283,2015,LAJ,18ºLAJ,Leilão de Ajuste,001/2014,ECOM,05.352.237/0001-55,P06M-NE-2015,-,-,Sem Pendências,-,-,-,NE,0.00,#REF!,0.000,,,0.000,0.000,0.5,6,0,6,3.000,0.000,0.000,0.000,3.000,"13,035.000",388.48,R$/MWh,0.00,0.00,"5,063,836.80",#REF!,#REF!,0.00,0.00,0.00,1/1/2015,6/30/2015,Não,"4,059.86",#REF!
,1284,2015,LAJ,18ºLAJ,Leilão de Ajuste,001/2014,BTG PACTUAL,07.133.522/0001-00,P06M-NE-2015,-,-,Sem Pendências,-,-,-,NE,0.00,#REF!,0.000,,,0.000,0.000,0.5,100,0,100,50.000,0.000,0.000,0.000,50.000,"217,250.000",388.48,R$/MWh,0.00,0.00,"84,397,280.00",#REF!,#REF!,0.00,0.00,0.00,1/1/2015,6/30/2015,Não,"4,059.86",#REF!
,1285,2015,LAJ,18ºLAJ,Leilão de Ajuste,001/2014,CEMIG GERACAO,06.981.176/0001-58,P06M-S-2015,-,-,Sem Pendências,-,-,-,S,0.00,#REF!,0.000,,,0.000,0.000,0.5,40,0,40,20.000,0.000,0.000,0.000,20.000,"86,900.000",380.83,R$/MWh,0.00,0.00,"33,094,127.00",#REF!,#REF!,0.00,0.00,0.00,1/1/2015,6/30/2015,Não,"4,059.86",#REF!
,1286,2015,LAJ,18ºLAJ,Leilão de Ajuste,001/2014,CLIME TRADING,05.689.495/0001-21,P06M-S-2015,-,-,Sem Pendências,-,-,-,S,0.00,#REF!,0.000,,,0.000,0.000,0.5,4,0,4,2.000,0.000,0.000,0.000,2.000,"8,690.000",380.83,R$/MWh,0.00,0.00,"3,309,412.70",#REF!,#REF!,0.00,0.00,0.00,1/1/2015,6/30/2015,Não,"4,059.86",#REF!
,1287,2015,LAJ,18ºLAJ,Leilão de Ajuste,001/2014,BROOKFIELD,03.780.401/0001-08,P06M-S-2015,-,-,Sem Pendências,-,-,-,S,0.00,#REF!,0.000,,,0.000,0.000,0.5,20,0,20,10.000,0.000,0.000,0.000,10.000,"43,450.000",380.83,R$/MWh,0.00,0.00,"16,547,063.50",#REF!,#REF!,0.00,0.00,0.00,1/1/2015,6/30/2015,Não,"4,059.86",#REF!
,1288,2015,LAJ,18ºLAJ,Leilão de Ajuste,001/2014,PIE - RP,04.810.290/0001-90,P06M-S-2015,-,-,Sem Pendências,-,-,-,S,0.00,#REF!,0.000,,,0.000,0.000,0.5,100,0,100,50.000,0.000,0.000,0.000,50.000,"217,250.000",382.83,R$/MWh,0.00,0.00,"83,169,817.50",#REF!,#REF!,0.00,0.00,0.00,1/1/2015,6/30/2015,Não,"4,059.86",#REF!
,1289,2015,LAJ,18ºLAJ,Leilão de Ajuste,001/2014,BROOKFIELD,03.780.401/0001-08,P06M-S-2015,-,-,Sem Pendências,-,-,-,S,0.00,#REF!,0.000,,,0.000,0.000,0.5,10,0,10,5.000,0.000,0.000,0.000,5.000,"21,725.000",382.83,R$/MWh,0.00,0.00,"8,316,981.75",#REF!,#REF!,0.00,0.00,0.00,1/1/2015,6/30/2015,Não,"4,059.86",#REF!
,1290,2015,LAJ,18ºLAJ,Leilão de Ajuste,001/2014,CLIME TRADING,05.689.495/0001-21,P06M-S-2015,-,-,Sem Pendências,-,-,-,S,0.00,#REF!,0.000,,,0.000,0.000,0.5,8,0,8,4.000,0.000,0.000,0.000,4.000,"17,380.000",382.83,R$/MWh,0.00,0.00,"6,653,585.40",#REF!,#REF!,0.00,0.00,0.00,1/1/2015,6/30/2015,Não,"4,059.86",#REF!
,1291,2015,LAJ,18ºLAJ,Leilão de Ajuste,001/2014,BROOKFIELD,03.780.401/0001-08,P06M-S-2015,-,-,Sem Pendências,-,-,-,S,0.00,#REF!,0.000,,,0.000,0.000,0.5,10,0,10,5.000,0.000,0.000,0.000,5.000,"21,725.000",384.83,R$/MWh,0.00,0.00,"8,360,431.75",#REF!,#REF!,0.00,0.00,0.00,1/1/2015,6/30/2015,Não,"4,059.86",#REF!
,1292,2015,LAJ,18ºLAJ,Leilão de Ajuste,001/2014,BRASIL COM,13.145.928/0001-06,P06M-S-2015,-,-,Sem Pendências,-,-,-,S,0.00,#REF!,0.000,,,0.000,0.000,0.5,2,0,2,1.000,0.000,0.000,0.000,1.000,"4,345.000",384.83,R$/MWh,0.00,0.00,"1,672,086.35",#REF!,#REF!,0.00,0.00,0.00,1/1/2015,6/30/2015,Não,"4,059.86",#REF!
,1293,2015,LAJ,18ºLAJ,Leilão de Ajuste,001/2014,CLIME TRADING,05.689.495/0001-21,P06M-S-2015,-,-,Sem Pendências,-,-,-,S,0.00,#REF!,0.000,,,0.000,0.000,0.5,8,0,8,4.000,0.000,0.000,0.000,4.000,"17,380.000",384.83,R$/MWh,0.00,0.00,"6,688,345.40",#REF!,#REF!,0.00,0.00,0.00,1/1/2015,6/30/2015,Não,"4,059.86",#REF!
,1294,2015,LAJ,18ºLAJ,Leilão de Ajuste,001/2014,COMERC,58.177.643/0001-95,P06M-S-2015,-,-,Sem Pendências,-,-,-,S,0.00,#REF!,0.000,,,0.000,0.000,0.5,10,0,10,5.000,0.000,0.000,0.000,5.000,"21,725.000",384.83,R$/MWh,0.00,0.00,"8,360,431.75",#REF!,#REF!,0.00,0.00,0.00,1/1/2015,6/30/2015,Não,"4,059.86",#REF!
,1295,2015,LAJ,18ºLAJ,Leilão de Ajuste,001/2014,BTG PACTUAL,07.133.522/0001-00,P06M-S-2015,-,-,Sem Pendências,-,-,-,S,0.00,#REF!,0.000,,,0.000,0.000,0.5,646,0,646,323.000,0.000,0.000,0.000,323.000,"1,403,435.000",386.83,R$/MWh,0.00,0.00,"542,890,761.05",#REF!,#REF!,0.00,0.00,0.00,1/1/2015,6/30/2015,Não,"4,059.86",#REF!
,1296,2015,LAJ,18ºLAJ,Leilão de Ajuste,001/2014,MATRIX COM,17.858.631/0001-49,P06M-S-2015,-,-,Sem Pendências,-,-,-,S,0.00,#REF!,0.000,,,0.000,0.000,0.5,10,0,10,5.000,0.000,0.000,0.000,5.000,"21,725.000",386.49,R$/MWh,0.00,0.00,"8,396,495.25",#REF!,#REF!,0.00,0.00,0.00,1/1/2015,6/30/2015,Não,"4,059.86",#REF!
,1297,2015,LAJ,18ºLAJ,Leilão de Ajuste,001/2014,PIE - RP,04.810.290/0001-90,P06M-S-2015,-,-,Sem Pendências,-,-,-,S,0.00,#REF!,0.000,,,0.000,0.000,0.5,100,0,100,50.000,0.000,0.000,0.000,50.000,"217,250.000",386.82,R$/MWh,0.00,0.00,"84,036,645.00",#REF!,#REF!,0.00,0.00,0.00,1/1/2015,6/30/2015,Não,"4,059.86",#REF!
,1298,2015,LAJ,18ºLAJ,Leilão de Ajuste,001/2014,BRASIL COM,13.145.928/0001-06,P06M-S-2015,-,-,Sem Pendências,-,-,-,S,0.00,#REF!,0.000,,,0.000,0.000,0.5,2,0,2,1.000,0.000,0.000,0.000,1.000,"4,345.000",386.00,R$/MWh,0.00,0.00,"1,677,170.00",#REF!,#REF!,0.00,0.00,0.00,1/1/2015,6/30/2015,Não,"4,059.86",#REF!
,1299,2015,LAJ,18ºLAJ,Leilão de Ajuste,001/2014,CEMIG GERACAO,06.981.176/0001-58,P06M-S-2015,-,-,Sem Pendências,-,-,-,S,0.00,#REF!,0.000,,,0.000,0.000,0.5,60,0,60,30.000,0.000,0.000,0.000,30.000,"130,350.000",386.82,R$/MWh,0.00,0.00,"50,421,987.00",#REF!,#REF!,0.00,0.00,0.00,1/1/2015,6/30/2015,Não,"4,059.86",#REF!
,1300,2015,LAJ,18ºLAJ,Leilão de Ajuste,001/2014,DIFERENCIAL,07.393.256/0001-55,P06M-S-2015,-,-,Sem Pendências,-,-,-,S,0.00,#REF!,0.000,,,0.000,0.000,0.5,10,0,10,5.000,0.000,0.000,0.000,5.000,"21,725.000",385.89,R$/MWh,0.00,0.00,"8,383,460.25",#REF!,#REF!,0.00,0.00,0.00,1/1/2015,6/30/2015,Não,"4,059.86",#REF!
,1301,2015,LAJ,18ºLAJ,Leilão de Ajuste,001/2014,ALCOA,23.637.697/0001-01,P06M-S-2015,-,-,Sem Pendências,-,-,-,S,0.00,#REF!,0.000,,,0.000,0.000,0.5,50,0,50,25.000,0.000,0.000,0.000,25.000,"108,625.000",384.84,R$/MWh,0.00,0.00,"41,803,245.00",#REF!,#REF!,0.00,0.00,0.00,1/1/2015,6/30/2015,Não,"4,059.86",#REF!
,1302,2015,LAJ,18ºLAJ,Leilão de Ajuste,001/2014,COMERC,58.177.643/0001-95,P06M-S-2015,-,-,Sem Pendências,-,-,-,S,0.00,#REF!,0.000,,,0.000,0.000,0.5,16,0,16,8.000,0.000,0.000,0.000,8.000,"34,760.000",385.33,R$/MWh,0.00,0.00,"13,394,070.80",#REF!,#REF!,0.00,0.00,0.00,1/1/2015,6/30/2015,Não,"4,059.86",#REF!
,1303,2015,LAJ,18ºLAJ,Leilão de Ajuste,001/2014,CAPITALE,11.599.292/0001-47,P06M-S-2015,-,-,Sem Pendências,-,-,-,S,0.00,#REF!,0.000,,,0.000,0.000,0.5,40,0,40,20.000,0.000,0.000,0.000,20.000,"86,900.000",385.49,R$/MWh,0.00,0.00,"33,499,081.00",#REF!,#REF!,0.00,0.00,0.00,1/1/2015,6/30/2015,Não,"4,059.86",#REF!
,1304,2015,LAJ,18ºLAJ,Leilão de Ajuste,001/2014,BROOKFIELD,03.780.401/0001-08,P06M-S-2015,-,-,Sem Pendências,-,-,-,S,0.00,#REF!,0.000,,,0.000,0.000,0.5,10,0,10,5.000,0.000,0.000,0.000,5.000,"21,725.000",386.29,R$/MWh,0.00,0.00,"8,392,150.25",#REF!,#REF!,0.00,0.00,0.00,1/1/2015,6/30/2015,Não,"4,059.86",#REF!
,1305,2015,LAJ,18ºLAJ,Leilão de Ajuste,001/2014,COMPASS,10.966.735/0001-28,P06M-S-2015,-,-,Sem Pendências,-,-,-,S,0.00,#REF!,0.000,,,0.000,0.000,0.5,2,0,2,1.000,0.000,0.000,0.000,1.000,"4,345.000",385.83,R$/MWh,0.00,0.00,"1,676,431.35",#REF!,#REF!,0.00,0.00,0.00,1/1/2015,6/30/2015,Não,"4,059.86",#REF!
,1306,2015,LAJ,18ºLAJ,Leilão de Ajuste,001/2014,DELTA ENERGIA,04.802.543/0001-83,P06M-SE-2015,-,-,Sem Pendências,-,-,-,SE,0.00,#REF!,0.000,,,0.000,0.000,0.5,30,0,30,15.000,0.000,0.000,0.000,15.000,"65,175.000",384.83,R$/MWh,0.00,0.00,"25,081,295.25",#REF!,#REF!,0.00,0.00,0.00,1/1/2015,6/30/2015,Não,"4,059.86",#REF!
,1307,2015,LAJ,18ºLAJ,Leilão de Ajuste,001/2014,GUSA NORDESTE,07.636.657/0001-99,P06M-SE-2015,-,-,Sem Pendências,-,-,-,SE,0.00,#REF!,0.000,,,0.000,0.000,0.5,1,0,1,0.500,0.000,0.000,0.000,0.500,"2,172.500",386.83,R$/MWh,0.00,0.00,"840,388.18",#REF!,#REF!,0.00,0.00,0.00,1/1/2015,6/30/2015,Não,"4,059.86",#REF!
,1308,2015,LAJ,18ºLAJ,Leilão de Ajuste,001/2014,MATRIX COM,17.858.631/0001-49,P06M-SE-2015,-,-,Sem Pendências,-,-,-,SE,0.00,#REF!,0.000,,,0.000,0.000,0.5,20,0,20,10.000,0.000,0.000,0.000,10.000,"43,450.000",386.83,R$/MWh,0.00,0.00,"16,807,763.50",#REF!,#REF!,0.00,0.00,0.00,1/1/2015,6/30/2015,Não,"4,059.86",#REF!
,1309,2015,LAJ,18ºLAJ,Leilão de Ajuste,001/2014,VOTENER,03.984.862/0001-94,P06M-SE-2015,-,-,Sem Pendências,-,-,-,SE,0.00,#REF!,0.000,,,0.000,0.000,0.5,180,0,180,90.000,0.000,0.000,0.000,90.000,"391,050.000",386.83,R$/MWh,0.00,0.00,"151,269,871.50",#REF!,#REF!,0.00,0.00,0.00,1/1/2015,6/30/2015,Não,"4,059.86",#REF!
,1310,2015,LAJ,18ºLAJ,Leilão de Ajuste,001/2014,DELTA ENERGIA,04.802.543/0001-83,P06M-SE-2015,-,-,Sem Pendências,-,-,-,SE,0.00,#REF!,0.000,,,0.000,0.000,0.5,16,0,16,8.000,0.000,0.000,0.000,8.000,"34,760.000",386.83,R$/MWh,0.00,0.00,"13,446,210.80",#REF!,#REF!,0.00,0.00,0.00,1/1/2015,6/30/2015,Não,"4,059.86",#REF!
,1311,2015,LAJ,18ºLAJ,Leilão de Ajuste,001/2014,EDP C,04.149.295/0001-13,P06M-SE-2015,-,-,Sem Pendências,-,-,-,SE,0.00,#REF!,0.000,,,0.000,0.000,0.5,30,0,30,15.000,0.000,0.000,0.000,15.000,"65,175.000",386.83,R$/MWh,0.00,0.00,"25,211,645.25",#REF!,#REF!,0.00,0.00,0.00,1/1/2015,6/30/2015,Não,"4,059.86",#REF!
,1312,2015,LAJ,18ºLAJ,Leilão de Ajuste,001/2014,CBA,61.409.892/0001-73,P06M-SE-2015,-,-,Sem Pendências,-,-,-,SE,0.00,#REF!,0.000,,,0.000,0.000,0.5,112,0,112,56.000,0.000,0.000,0.000,56.000,"243,320.000",386.83,R$/MWh,0.00,0.00,"94,123,475.60",#REF!,#REF!,0.00,0.00,0.00,1/1/2015,6/30/2015,Não,"4,059.86",#REF!
,1313,2015,LAJ,18ºLAJ,Leilão de Ajuste,001/2014,COMERC,58.177.643/0001-95,P06M-SE-2015,-,-,Sem Pendências,-,-,-,SE,0.00,#REF!,0.000,,,0.000,0.000,0.5,4,0,4,2.000,0.000,0.000,0.000,2.000,"8,690.000",386.83,R$/MWh,0.00,0.00,"3,361,552.70",#REF!,#REF!,0.00,0.00,0.00,1/1/2015,6/30/2015,Não,"4,059.86",#REF!
,1314,2015,LAJ,18ºLAJ,Leilão de Ajuste,001/2014,SEAL TRADE,10.671.322/0001-16,P06M-SE-2015,-,-,Sem Pendências,-,-,-,SE,0.00,#REF!,0.000,,,0.000,0.000,0.5,5,0,5,2.500,0.000,0.000,0.000,2.500,"10,862.500",388.48,R$/MWh,0.00,0.00,"4,219,864.00",#REF!,#REF!,0.00,0.00,0.00,1/1/2015,6/30/2015,Não,"4,059.86",#REF!
,1315,2015,LAJ,18ºLAJ,Leilão de Ajuste,001/2014,PETROBRAS PIE,33.000.167/0001-01,P06M-SE-2015,-,-,Sem Pendências,-,-,-,SE,0.00,#REF!,0.000,,,0.000,0.000,0.5,410,0,410,205.000,0.000,0.000,0.000,205.000,"890,725.000",388.48,R$/MWh,0.00,0.00,"346,028,848.00",#REF!,#REF!,0.00,0.00,0.00,1/1/2015,6/30/2015,Não,"4,059.86",#REF!
,1316,2015,LAJ,18ºLAJ,Leilão de Ajuste,001/2014,NOBLE COM,11.199.567/0001-55,P06M-SE-2015,-,-,Sem Pendências,-,-,-,SE,0.00,#REF!,0.000,,,0.000,0.000,0.5,16,0,16,8.000,0.000,0.000,0.000,8.000,"34,760.000",388.48,R$/MWh,0.00,0.00,"13,503,564.80",#REF!,#REF!,0.00,0.00,0.00,1/1/2015,6/30/2015,Não,"4,059.86",#REF!
,1317,2015,LAJ,18ºLAJ,Leilão de Ajuste,001/2014,DELTA ENERGIA,04.802.543/0001-83,P06M-SE-2015,-,-,Sem Pendências,-,-,-,SE,0.00,#REF!,0.000,,,0.000,0.000,0.5,10,0,10,5.000,0.000,0.000,0.000,5.000,"21,725.000",388.48,R$/MWh,0.00,0.00,"8,439,728.00",#REF!,#REF!,0.00,0.00,0.00,1/1/2015,6/30/2015,Não,"4,059.86",#REF!
,1318,2015,LAJ,18ºLAJ,Leilão de Ajuste,001/2014,ECOM,05.352.237/0001-55,P06M-SE-2015,-,-,Sem Pendências,-,-,-,SE,0.00,#REF!,0.000,,,0.000,0.000,0.5,20,0,20,10.000,0.000,0.000,0.000,10.000,"43,450.000",388.48,R$/MWh,0.00,0.00,"16,879,456.00",#REF!,#REF!,0.00,0.00,0.00,1/1/2015,6/30/2015,Não,"4,059.86",#REF!
,1319,2015,LAJ,18ºLAJ,Leilão de Ajuste,001/2014,ALCOA,23.637.697/0001-01,P06M-SE-2015,-,-,Sem Pendências,-,-,-,SE,0.00,#REF!,0.000,,,0.000,0.000,0.5,50,0,50,25.000,0.000,0.000,0.000,25.000,"108,625.000",388.48,R$/MWh,0.00,0.00,"42,198,640.00",#REF!,#REF!,0.00,0.00,0.00,1/1/2015,6/30/2015,Não,"4,059.86",#REF!
,1320,2015,LAJ,18ºLAJ,Leilão de Ajuste,001/2014,EDP C,04.149.295/0001-13,P06M-SE-2015,-,-,Sem Pendências,-,-,-,SE,0.00,#REF!,0.000,,,0.000,0.000,0.5,30,0,30,15.000,0.000,0.000,0.000,15.000,"65,175.000",388.48,R$/MWh,0.00,0.00,"25,319,184.00",#REF!,#REF!,0.00,0.00,0.00,1/1/2015,6/30/2015,Não,"4,059.86",#REF!
,1321,2015,LAJ,18ºLAJ,Leilão de Ajuste,001/2014,COMERC,58.177.643/0001-95,P06M-SE-2015,-,-,Sem Pendências,-,-,-,SE,0.00,#REF!,0.000,,,0.000,0.000,0.5,36,0,36,18.000,0.000,0.000,0.000,18.000,"78,210.000",388.48,R$/MWh,0.00,0.00,"30,383,020.80",#REF!,#REF!,0.00,0.00,0.00,1/1/2015,6/30/2015,Não,"4,059.86",#REF!
,1322,2015,LAJ,18ºLAJ,Leilão de Ajuste,001/2014,CEMIG GERACAO,06.981.176/0001-58,P06M-SE-2015,-,-,Sem Pendências,-,-,-,SE,0.00,#REF!,0.000,,,0.000,0.000,0.5,500,0,500,250.000,0.000,0.000,0.000,250.000,"1,086,250.000",388.48,R$/MWh,0.00,0.00,"421,986,400.00",#REF!,#REF!,0.00,0.00,0.00,1/1/2015,6/30/2015,Não,"4,059.86",#REF!
,1323,2015,LAJ,18ºLAJ,Leilão de Ajuste,001/2014,CLIME TRADING,05.689.495/0001-21,P06M-SE-2015,-,-,Sem Pendências,-,-,-,SE,0.00,#REF!,0.000,,,0.000,0.000,0.5,6,0,6,3.000,0.000,0.000,0.000,3.000,"13,035.000",388.48,R$/MWh,0.00,0.00,"5,063,836.80",#REF!,#REF!,0.00,0.00,0.00,1/1/2015,6/30/2015,Não,"4,059.86",#REF!
,1324,2015,LAJ,18ºLAJ,Leilão de Ajuste,001/2014,MATRIX COM,17.858.631/0001-49,P06M-SE-2015,-,-,Sem Pendências,-,-,-,SE,0.00,#REF!,0.000,,,0.000,0.000,0.5,52,0,52,26.000,0.000,0.000,0.000,26.000,"112,970.000",388.48,R$/MWh,0.00,0.00,"43,886,585.60",#REF!,#REF!,0.00,0.00,0.00,1/1/2015,6/30/2015,Não,"4,059.86",#REF!
,1325,2015,LAJ,18ºLAJ,Leilão de Ajuste,001/2014,BTG PACTUAL,07.133.522/0001-00,P06M-SE-2015,-,-,Sem Pendências,-,-,-,SE,0.00,#REF!,0.000,,,0.000,0.000,0.5,854,0,854,427.000,0.000,0.000,0.000,427.000,"1,855,315.000",388.48,R$/MWh,0.00,0.00,"720,752,771.20",#REF!,#REF!,0.00,0.00,0.00,1/1/2015,6/30/2015,Não,"4,059.86",#REF!
,1326,2015,LAJ,18ºLAJ,Leilão de Ajuste,001/2014,BRASIL COM,13.145.928/0001-06,P06M-SE-2015,-,-,Sem Pendências,-,-,-,SE,0.00,#REF!,0.000,,,0.000,0.000,0.5,5,0,5,2.500,0.000,0.000,0.000,2.500,"10,862.500",388.48,R$/MWh,0.00,0.00,"4,219,864.00",#REF!,#REF!,0.00,0.00,0.00,1/1/2015,6/30/2015,Não,"4,059.86",#REF!
,1327,2015,LFA,03ºLFA,Leilão de Fontes Alternativas,002/2015,NOBLE,06.315.338/0001-19,BIO-2016,UTE.AI.SP.029655-4.01,POTIRENDABA,Sem Pendências,SP,Biomassa,Bagaço de Cana de Açúcar,SE,0.00,#REF!,40.200,,,0.000,13.200,0.1,100,100,100,10.000,10.000,10.000,10.000,10.000,"1,753,200.000",214.60,R$/MWh,0.00,0.00,"376,236,720.00",#REF!,#REF!,"19,250,039.90","19,250,039.90","19,250,039.90",1/1/2016,12/31/2035,Não,"4,215.26",#REF!
,1328,2015,LFA,03ºLFA,Leilão de Fontes Alternativas,002/2015,RIO PARDO,10.000.000/0000-00,BIO-2016,UTE.AI.SP.030065-9.01,RIO PARDO,Sem Pendências,SP,Biomassa,Bagaço de Cana de Açúcar,SE,0.00,#REF!,60.000,,,0.000,9.400,0.1,94,94,94,9.400,9.400,9.400,9.400,9.400,"1,648,008.000",212.00,R$/MWh,0.00,0.00,"349,377,696.00",#REF!,#REF!,"18,258,178.67","18,258,178.67","18,258,178.67",1/1/2016,12/31/2035,Não,"4,215.26",#REF!
,1329,2015,LFA,03ºLFA,Leilão de Fontes Alternativas,002/2015,TROPICAL,08.195.806/0001-94,BIO-2016,UTE.AI.GO.030080-2.01,TROPICAL BIOENERGIA,Sem Pendências,GO,Biomassa,Bagaço de Cana de Açúcar,SE,0.00,#REF!,70.000,,,0.000,26.800,0.1,175,175,175,17.500,17.500,17.500,17.500,17.500,"3,068,100.000",207.09,R$/MWh,0.00,0.00,"635,372,829.00",#REF!,#REF!,"33,500,000.00","33,500,000.00","33,500,000.00",1/1/2016,12/31/2035,Não,"4,215.26",#REF!
,1330,2015,LFA,03ºLFA,Leilão de Fontes Alternativas,002/2015,CRISTALANDIA,20.000.000/0000-00,EOL-2017,EOL.CV.BA.032082-0.01,CRISTALÂNDIA II,Sem Pendências,BA,Eólica,Cinética do Vento,NE,"146,921,100.00",#REF!,30.000,,,0.000,14.200,0.1,100,100,100,10.000,10.000,10.000,10.000,10.000,"1,753,200.000",177.46,R$/MWh,0.00,0.00,"311,122,872.00",#REF!,#REF!,"7,917,429.16","15,709,327.17","15,709,327.17",7/1/2017,6/30/2037,Não,"4,215.26",#REF!
,1331,2015,LFA,03ºLFA,Leilão de Fontes Alternativas,002/2015,CRISTALANDIA,20.000.000/0000-00,EOL-2017,EOL.CV.BA.032083-8.01,CRISTALÂNDIA III,Sem Pendências,BA,Eólica,Cinética do Vento,NE,"146,921,100.00",#REF!,30.000,,,0.000,14.000,0.1,100,100,100,9.800,9.800,9.800,9.800,9.800,"1,718,136.000",177.48,R$/MWh,0.00,0.00,"304,934,777.28",#REF!,#REF!,"7,754,908.18","15,386,861.99","15,386,861.99",7/1/2017,6/30/2037,Não,"4,215.26",#REF!
,1332,2015,LFA,03ºLFA,Leilão de Fontes Alternativas,002/2015,CEALCO,45.483.450/0021-64,BIO-2016,UTE.AI.SP.030036-5.01,CLEALCO QUEIROZ,Sem Pendências,SP,Biomassa,Bagaço de Cana de Açúcar,SE,0.00,#REF!,45.000,,,0.000,14.100,0.1,56,56,56,5.600,5.600,5.600,5.600,5.600,"981,792.000",206.52,R$/MWh,0.00,0.00,"202,759,683.84",#REF!,#REF!,"10,527,417.60","10,527,417.60","10,527,417.60",1/1/2016,12/31/2035,Não,"4,215.26",#REF!
,1333,2015,LFA,03ºLFA,Leilão de Fontes Alternativas,002/2015,CRISTALANDIA,20.000.000/0000-00,EOL-2017,EOL.CV.BA.032081-1.01,CRISTALÂNDIA I,Sem Pendências,BA,Eólica,Cinética do Vento,NE,"146,921,100.00",#REF!,30.000,,,0.000,14.100,0.1,100,100,100,9.900,9.900,9.900,9.900,9.900,"1,735,668.000",177.47,R$/MWh,0.00,0.00,"308,028,999.96",#REF!,#REF!,"7,827,717.76","15,531,326.75","15,531,326.75",7/1/2017,6/30/2037,Não,"4,215.26",#REF!
,1334,2015,LFA,03ºLFA,Leilão de Fontes Alternativas,002/2015,BIOSEV,49.213.747/0118-28,BIO-2016,UTE.AI.SP.002958-0.01,VALE DO ROSÁRIO,Sem Pendências,SP,Biomassa,Bagaço de Cana de Açúcar,SE,0.00,#REF!,69.700,,,0.000,34.400,0.1,52,52,52,5.200,5.200,5.200,5.200,5.200,"911,664.000",213.90,R$/MWh,0.00,0.00,"195,004,929.60",#REF!,#REF!,"10,320,177.80","10,320,177.80","10,320,177.80",1/1/2016,12/31/2035,Não,"4,215.26",#REF!
,1335,2015,LFA,03ºLFA,Leilão de Fontes Alternativas,002/2015,JM,02.635.522/0001-95,BIO-2016,UTE.AI.GO.028112-3.01,JALLES MACHADO,Sem Pendências,GO,Biomassa,Bagaço de Cana de Açúcar,SE,0.00,#REF!,20.730,,,0.000,7.900,0.1,67,67,67,6.700,6.700,6.700,6.700,6.700,"1,174,644.000",214.30,R$/MWh,0.00,0.00,"251,726,209.20",#REF!,#REF!,"13,149,575.00","13,149,575.00","13,149,575.00",1/1/2016,12/31/2035,Não,"4,215.26",#REF!
,1336,2015,LFA,03ºLFA,Leilão de Fontes Alternativas,002/2015,IACANGA AMPLIAÇÃO,07.280.328/0001-58,BIO-2016,UTE.AI.SP.029636-8.01,IACANGA AMPLIAÇÃO,Sem Pendências,SP,Biomassa,Bagaço de Cana de Açúcar,SE,0.00,#REF!,30.600,,,0.000,14.400,0.1,35,35,35,3.500,3.500,3.500,3.500,3.500,"613,620.000",209.35,R$/MWh,0.00,0.00,"128,461,347.00",#REF!,#REF!,"6,598,327.69","6,598,327.69","6,598,327.69",1/1/2016,12/31/2035,Não,"4,215.26",#REF!
,1337,2015,LFA,03ºLFA,Leilão de Fontes Alternativas,002/2015,ITUIUTABA,08.164.344/0001-48,BIO-2016,UTE.AI.MG.030094-2.01,ITUIUTABA,Sem Pendências,MG,Biomassa,Bagaço de Cana de Açúcar,SE,0.00,#REF!,53.200,,,0.000,14.400,0.1,93,93,93,9.300,9.300,9.300,9.300,9.300,"1,630,476.000",204.91,R$/MWh,0.00,0.00,"334,100,837.16",#REF!,#REF!,"17,336,816.29","17,336,816.29","17,336,816.29",1/1/2016,12/31/2035,Não,"4,215.26",#REF!
,1338,2015,LEN,21ºLEN,Leilão de Energia Nova,003/2015,SAVANA,11.151.033/0001-59,QTD-2020,PCH.PH.MS.029260-5.01,VERDE 4,Sem Pendências,MS,Hidrelétrica (PCH),Rio Verde,SE,"193,606,480.00",#REF!,19.000,,,0.000,13.820,0.1,134,134,134,13.400,13.400,13.400,13.400,13.400,"3,524,092.800",206.98,R$/MWh,0.00,0.00,"729,416,727.74",#REF!,#REF!,0.00,0.00,0.00,1/1/2020,12/31/2049,Não,"4,215.26",#REF!
,1339,2015,LEN,21ºLEN,Leilão de Energia Nova,003/2015,PHOENIX,11.150.969/0001-65,QTD-2020,PCH.PH.MS.029261-3.01,VERDE 4A,Sem Pendências,MS,Hidrelétrica (PCH),Rio Verde,SE,"267,987,130.00",#REF!,28.000,,,0.000,19.740,0.1,192,192,192,19.200,19.200,19.200,19.200,19.200,"5,049,446.400",206.49,R$/MWh,0.00,0.00,"1,042,660,187.14",#REF!,#REF!,0.00,0.00,0.00,1/1/2020,12/31/2049,Não,"4,215.26",#REF!
,1340,2015,LEN,21ºLEN,Leilão de Energia Nova,003/2015,ERB,15.419.901/0001-90,DIS-2020,UTE.AI.MG.031268-1.01,SANTA VITÓRIA,Sem Pendências,MG,Biomassa,Bagaço de Cana de Açúcar,SE,"245,200,000.00",#REF!,41.400,,,0.000,30.900,0.1,309,309,309,30.900,30.900,30.900,30.900,30.900,"6,772,291.200",272.00,R$/MWh,0.00,0.00,"1,842,063,206.40",#REF!,#REF!,"55,022,979.49","55,022,979.49","55,022,979.49",1/1/2020,12/31/2044,Não,"4,215.26",#REF!
,1341,2015,LEN,21ºLEN,Leilão de Energia Nova,003/2015,GEOMECANICA,42.163.162/0001-90,QTD-2020,PCH.PH.RJ.032922-3.02,SECRETÁRIO,Sem Pendências,RJ,Hidrelétrica (PCH),Rio Fagundes,SE,"14,182,690.00",#REF!,2.680,,,0.000,1.280,0.1,12,12,12,1.200,1.200,1.200,1.200,1.200,"315,590.400",202.99,R$/MWh,0.00,0.00,"64,061,695.30",#REF!,#REF!,0.00,0.00,0.00,1/1/2020,12/31/2049,Não,"4,215.26",#REF!
,1342,2015,LEN,21ºLEN,Leilão de Energia Nova,003/2015,CONSORCIO ITAOCARA,40.000.000/0000-00,QTD-2020,UHE.PH.RJ.027969-2.01,UHE ITAOCARA I,Contrato Rescindido,RJ,Hidrelétrica (UHE),Rio Paraíba do Sul,SE,"875,543,950.00",#REF!,150.000,,,0.000,93.400,0.1,892,892,892,89.200,89.200,89.200,89.200,89.200,"23,458,886.400",154.99,R$/MWh,0.00,0.00,"3,635,892,803.14",#REF!,#REF!,0.00,0.00,0.00,1/1/2020,12/31/2049,Não,"4,215.26",#REF!
,1343,2015,LEN,21ºLEN,Leilão de Energia Nova,003/2015,SERRA DOS CAVALINHOS,09.199.675/0001-86,QTD-2020,PCH.PH.RS.031324-6.01,SERRA DOS CAVALINHOS I,Sem Pendências,RS,Hidrelétrica (PCH),Rio das Antas,S,"219,620,880.00",#REF!,25.000,,,0.000,14.520,0.1,141,141,141,14.100,14.100,14.100,14.100,14.100,"3,708,187.200",206.48,R$/MWh,0.00,0.00,"765,666,493.06",#REF!,#REF!,0.00,0.00,0.00,1/1/2020,12/31/2049,Não,"4,215.26",#REF!
,1344,2015,LEN,21ºLEN,Leilão de Energia Nova,003/2015,MINAS,07.895.905/0001-16,QTD-2020,UHE.PH.PR.032923-1.01,TIBAGI MONTANTE,Sem Pendências,PR,Hidrelétrica (UHE),Rio Tibagi,S,"217,254,110.00",#REF!,32.000,,,0.000,20.260,0.1,190,190,190,19.000,19.000,19.000,19.000,19.000,"4,996,848.000",209.50,R$/MWh,0.00,0.00,"1,046,839,656.00",#REF!,#REF!,0.00,0.00,0.00,1/1/2020,12/31/2049,Não,"4,215.26",#REF!
,1345,2015,LEN,21ºLEN,Leilão de Energia Nova,003/2015,TIGRE,05.545.260/0001-66,QTD-2020,PCH.PH.PR.029222-2.01,TIGRE,Sem Pendências,PR,Hidrelétrica (PCH),Rio Marrecas,S,"29,677,000.00",#REF!,9.000,,,0.000,5.250,0.1,10,10,10,1.000,1.000,1.000,1.000,1.000,"262,992.000",195.00,R$/MWh,0.00,0.00,"51,283,440.00",#REF!,#REF!,0.00,0.00,0.00,1/1/2020,12/31/2049,Não,"4,215.26",#REF!
,1346,2015,LEN,21ºLEN,Leilão de Energia Nova,003/2015,CONFLUENCIA,05.104.205/0001-30,QTD-2020,PCH.PH.PR.029068-8.01,CONFLUÊNCIA,Data de Suprimento Alterada,PR,Hidrelétrica (PCH),Rio Marrecas,S,"129,600,000.00",#REF!,27.000,,,0.000,13.720,0.1,135,135,135,13.500,13.500,13.500,13.500,13.500,"3,550,392.000",205.00,R$/MWh,0.00,0.00,"727,830,360.00",#REF!,#REF!,0.00,0.00,0.00,1/1/2020,12/31/2049,Não,"4,215.26",#REF!
,1347,2015,LEN,21ºLEN,Leilão de Energia Nova,003/2015,CODORA,07.966.116/0001-29,DIS-2020,UTE.AI.GO.030355-0.01,CODORA,Sem Pendências,GO,Biomassa,Bagaço de Cana de Açúcar,SE,"20,895,200.00",#REF!,20.000,,,0.000,6.200,0.1,62,62,62,6.200,6.200,6.200,6.200,6.200,"1,358,841.600",278.50,R$/MWh,0.00,0.00,"378,437,385.60",#REF!,#REF!,"14,741,115.20","14,741,115.20","14,741,115.20",1/1/2020,12/31/2044,Não,"4,215.26",#REF!
,1348,2015,LEN,21ºLEN,Leilão de Energia Nova,003/2015,GPE SERGIPE,50.000.000/0000-00,DIS-2020,UTE.GN.SE.032228-8.01,PORTO DE SERGIPE I,Sem Pendências,SE,Gás Natural,Gás Natural,NE,"3,294,500,000.00",#REF!,"1,515.640",,,0.000,867.000,0.1,"8,670","8,670","8,670",867.000,867.000,867.000,867.000,867.000,"190,018,656.000",279.00,R$/MWh,0.00,0.00,"53,015,205,024.00",#REF!,#REF!,"1,250,071,127.14","1,250,071,127.14","1,250,071,127.14",1/1/2020,12/31/2044,Não,"4,215.26",#REF!
,1349,2015,LEN,21ºLEN,Leilão de Energia Nova,003/2015,BOA VISTA,09.551.294/0001-14,QTD-2020,PCH.PH.MG.033465-0.01,BOA VISTA II,Sem Pendências,MG,Hidrelétrica (PCH),Rio Verde,SE,"168,531,330.00",#REF!,26.500,,,0.000,14.410,0.1,140,140,140,14.000,14.000,14.000,14.000,14.000,"3,681,888.000",207.64,R$/MWh,0.00,0.00,"764,507,224.32",#REF!,#REF!,0.00,0.00,0.00,1/1/2020,12/31/2049,Não,"4,215.26",#REF!
,1350,2015,LEN,21ºLEN,Leilão de Energia Nova,003/2015,BOLT,12.524.216/0001-35,DIS-2020,UTE.FL.BA.033467-7.01,BOLTBAH,Sem Pendências,BA,Biomassa,Cavaco/ Resíduo de Madeira,NE,"227,561,000.00",#REF!,50.000,,,0.000,41.400,0.1,414,414,414,41.400,41.400,41.400,41.400,41.400,"9,073,555.200",272.01,R$/MWh,0.00,0.00,"2,468,097,749.95",#REF!,#REF!,"68,631,516.09","68,631,516.09","68,631,516.09",1/1/2020,12/31/2044,Não,"4,215.26",#REF!
,1351,2015,LEN,21ºLEN,Leilão de Energia Nova,003/2015,ATIAIA,06.015.859/0001-50,QTD-2020,PCH.PH.MS.032163-0.01,BANDEIRANTE,Sem Pendências,MS,Hidrelétrica (PCH),Rio Sucuriú,SE,"158,653,000.00",#REF!,27.150,,,0.000,18.400,0.1,165,165,165,16.500,16.500,16.500,16.500,16.500,"4,339,368.000",203.98,R$/MWh,0.00,0.00,"885,144,284.64",#REF!,#REF!,0.00,0.00,0.00,1/1/2020,12/31/2049,Não,"4,215.26",#REF!
,1352,2015,LEN,22ºLEN,Leilão de Energia Nova,004/2015,FORTUNA II,18.471.053/0001-56,QTD-2018 ,PCH.PH.MG.028426-2.01,FORTUNA II,Sem Pendências,MG,Hidrelétrica (PCH),Rio Corrente Grande,SE,"59,341,760.00",#REF!,9.000,,,0.000,4.660,0.1,46,46,46,4.600,4.600,4.600,4.600,4.600,"1,209,652.800",205.50,R$/MWh,0.00,0.00,"248,583,650.40",#REF!,#REF!,0.00,0.00,0.00,1/1/2018,12/31/2047,Sim,"4,337.11",#REF!
,1353,2015,LEN,22ºLEN,Leilão de Energia Nova,004/2015,PCH DAS PEDRAS,08.812.700/0001-92,QTD-2018 ,PCH.PH.SC.030575-8.01,DAS PEDRAS,Sem Pendências,SC,Hidrelétrica (PCH),Rio Chapecó,S,"34,528,750.00",#REF!,5.600,,,0.000,3.300,0.1,23,23,23,2.300,2.300,2.300,2.300,2.300,"604,826.400",207.00,R$/MWh,0.00,0.00,"125,199,064.80",#REF!,#REF!,0.00,0.00,0.00,1/1/2018,12/31/2047,Sim,"4,337.11",#REF!
,1354,2015,LEN,22ºLEN,Leilão de Energia Nova,004/2015,JACARE,18.471.064/0001-36,QTD-2018 ,PCH.PH.MG.028749-0.01,JACARE,Sem Pendências,MG,Hidrelétrica (PCH),Rio Guanhães,SE,"56,317,360.00",#REF!,9.000,,,0.000,4.990,0.1,49,49,49,4.900,4.900,4.900,4.900,4.900,"1,288,543.200",205.50,R$/MWh,0.00,0.00,"264,795,627.60",#REF!,#REF!,0.00,0.00,0.00,1/1/2018,12/31/2047,Sim,"4,337.11",#REF!
,1355,2015,LEN,22ºLEN,Leilão de Energia Nova,004/2015,DORES DE GUANHAES,18.471.058/0001-89,QTD-2018 ,PCH.PH.MG.028781-4.01,DORES DE GUANHAES,Sem Pendências,MG,Hidrelétrica (PCH),Rio Guanhães,SE,"85,761,310.00",#REF!,14.000,,,0.000,7.140,0.1,71,71,71,7.100,7.100,7.100,7.100,7.100,"1,867,072.800",205.50,R$/MWh,0.00,0.00,"383,683,460.40",#REF!,#REF!,0.00,0.00,0.00,1/1/2018,12/31/2047,Sim,"4,337.11",#REF!
,1356,2015,LEN,22ºLEN,Leilão de Energia Nova,004/2015,SENHORA DO PORTO,18.471.070/0001-93,QTD-2018 ,PCH.PH.MG.028735-0.01,SENHORA DO PORTO,Sem Pendências,MG,Hidrelétrica (PCH),Rio Guanhães,SE,"68,015,160.00",#REF!,12.000,,,0.000,6.510,0.1,65,65,65,6.500,6.500,6.500,6.500,6.500,"1,709,292.000",205.50,R$/MWh,0.00,0.00,"351,259,506.00",#REF!,#REF!,0.00,0.00,0.00,1/1/2018,12/31/2047,Sim,"4,337.11",#REF!
,1357,2015,LEN,22ºLEN,Leilão de Energia Nova,004/2015,CAROLINA,12.851.232/0001-32,QTD-2018 ,PCH.PH.RS.030723-8.01,SANTA CAROLINA,Sem Pendências,RS,Hidrelétrica (PCH),Rio Turvo,S,"40,095,000.00",#REF!,10.500,,,0.000,5.130,0.1,46,46,46,4.600,4.600,4.600,4.600,4.600,"1,209,652.800",203.00,R$/MWh,0.00,0.00,"245,559,518.40",#REF!,#REF!,0.00,0.00,0.00,1/1/2018,12/31/2047,Sim,"4,337.11",#REF!
,1358,2015,LEN,22ºLEN,Leilão de Energia Nova,004/2015,XAVANTINA,08.988.322/0001-00,QTD-2018 ,PCH.PH.SC.030263-5.01,XAVANTINA,Sem Pendências,SC,Hidrelétrica (PCH),Rio Irani,S,"38,021,610.00",#REF!,6.075,,,0.000,3.540,0.1,31,31,31,3.100,3.100,3.100,3.100,3.100,"815,200.800",202.85,R$/MWh,0.00,0.00,"165,363,482.28",#REF!,#REF!,0.00,0.00,0.00,1/1/2018,12/31/2047,Sim,"4,337.11",#REF!
,1359,2015,LEN,22ºLEN,Leilão de Energia Nova,004/2015,VENTOS DE SAO VICENTE,15.674.478/0001-74,DISE-2018,EOL.CV.PI.033136-8.01,VENTOS DE SAO VICENTE 10,Sem Pendências,PI,Eólica,Cinética do Vento,NE,"112,087,070.00",#REF!,29.900,,,0.000,14.000,0.1,137,137,137,13.700,13.700,13.700,13.700,13.700,"2,401,884.000",182.41,R$/MWh,0.00,0.00,"438,127,660.44",#REF!,#REF!,"22,811,785.25","22,811,785.25","22,811,785.25",1/1/2018,12/31/2037,Sim,"4,337.11",#REF!
,1360,2015,LEN,22ºLEN,Leilão de Energia Nova,004/2015,DELTA 3,15.191.561/0001-92,DISE-2018,EOL.CV.MA.033673-4.01,VENTOS DO NORTE 13,Sem Pendências,MA,Eólica,Cinética do Vento,N,"77,770,000.00",#REF!,30.000,,,0.000,13.100,0.1,128,128,128,12.800,12.800,12.800,12.800,12.800,"2,244,096.000",179.87,R$/MWh,0.00,0.00,"403,645,547.52",#REF!,#REF!,"20,700,034.10","20,700,034.10","20,700,034.10",1/1/2018,12/31/2037,Sim,"4,337.11",#REF!
,1361,2015,LEN,22ºLEN,Leilão de Energia Nova,004/2015,VENTOS DE SAO VICENTE,15.674.478/0001-74,DISE-2018,EOL.CV.PI.033138-4.01,VENTOS DE SAO VICENTE 14,Sem Pendências,PI,Eólica,Cinética do Vento,NE,"112,461,940.00",#REF!,30.000,,,0.000,15.600,0.1,137,137,137,14.500,14.500,14.500,14.500,14.500,"2,542,140.000",182.40,R$/MWh,0.00,0.00,"463,686,336.00",#REF!,#REF!,"24,105,432.78","24,105,432.78","24,105,432.78",1/1/2018,12/31/2037,Sim,"4,337.11",#REF!
,1362,2015,LEN,22ºLEN,Leilão de Energia Nova,004/2015,DELTA 3,15.191.561/0001-92,DISE-2018,EOL.CV.MA.033675-0.01,VENTOS DO NORTE 15,Sem Pendências,MA,Eólica,Cinética do Vento,N,"77,770,000.00",#REF!,30.000,,,0.000,13.100,0.1,128,128,128,12.800,12.800,12.800,12.800,12.800,"2,244,096.000",179.86,R$/MWh,0.00,0.00,"403,623,106.56",#REF!,#REF!,"20,604,434.48","20,604,434.48","20,604,434.48",1/1/2018,12/31/2037,Sim,"4,337.11",#REF!
,1363,2015,LEN,22ºLEN,Leilão de Energia Nova,004/2015,DELTA 3,15.191.561/0001-92,DISE-2018,EOL.CV.MA.033680-7.01,VENTOS DO NORTE 18,Sem Pendências,MA,Eólica,Cinética do Vento,N,"77,770,000.00",#REF!,30.000,,,0.000,13.800,0.1,128,128,128,13.500,13.500,13.500,13.500,13.500,"2,366,820.000",179.85,R$/MWh,0.00,0.00,"425,672,577.00",#REF!,#REF!,"21,771,990.96","21,771,990.96","21,771,990.96",1/1/2018,12/31/2037,Sim,"4,337.11",#REF!
,1364,2015,LEN,22ºLEN,Leilão de Energia Nova,004/2015,DELTA 3,15.191.561/0001-92,DISE-2018,EOL.CV.MA.033682-3.01,VENTOS MARANHENSES 01,Sem Pendências,MA,Eólica,Cinética do Vento,N,"77,770,000.00",#REF!,30.000,,,0.000,12.700,0.1,128,128,128,12.400,12.400,12.400,12.400,12.400,"2,173,968.000",179.88,R$/MWh,0.00,0.00,"391,053,363.84",#REF!,#REF!,"20,012,990.26","20,012,990.26","20,012,990.26",1/1/2018,12/31/2037,Sim,"4,337.11",#REF!
,1365,2015,LEN,22ºLEN,Leilão de Energia Nova,004/2015,VENTOS DE SAO VICENTE,15.674.478/0001-74,DISE-2018,EOL.CV.PI.033141-4.01,VENTOS DE SAO VICENTE 11,Sem Pendências,PI,Eólica,Cinética do Vento,NE,"112,087,070.00",#REF!,29.900,,,0.000,14.100,0.1,137,137,137,12.400,12.400,12.400,12.400,12.400,"2,173,968.000",182.42,R$/MWh,0.00,0.00,"396,575,242.56",#REF!,#REF!,"20,648,376.26","20,648,376.26","20,648,376.26",1/1/2018,12/31/2037,Sim,"4,337.11",#REF!
,1366,2015,LEN,22ºLEN,Leilão de Energia Nova,004/2015,VENTOS DE SAO VICENTE,15.674.478/0001-74,DISE-2018,EOL.CV.PI.033140-6.01,VENTOS DE SAO VICENTE 12,Sem Pendências,PI,Eólica,Cinética do Vento,NE,"112,461,940.00",#REF!,30.000,,,0.000,15.600,0.1,137,137,137,13.200,13.200,13.200,13.200,13.200,"2,314,224.000",182.41,R$/MWh,0.00,0.00,"422,137,599.84",#REF!,#REF!,"22,015,103.28","22,015,103.28","22,015,103.28",1/1/2018,12/31/2037,Sim,"4,337.11",#REF!
,1367,2015,LEN,22ºLEN,Leilão de Energia Nova,004/2015,SEPE,19.660.348/0001-33,DIST-2018,UTE.AI.RS.034046-4.01,SAO SEPE,Sem Pendências,RS,Biomassa,Casca de Arroz,S,"45,920,000.00",#REF!,8.000,,,0.000,6.800,0.1,62,62,62,6.200,6.200,6.200,6.200,6.200,"1,086,984.000",212.00,R$/MWh,0.00,0.00,"230,440,608.00",#REF!,#REF!,"8,525,287.57","8,525,287.57","8,525,287.57",1/1/2018,12/31/2037,Sim,"4,337.11",#REF!
,1368,2015,LEN,22ºLEN,Leilão de Energia Nova,004/2015,VENTOS DE SAO VICENTE,15.674.478/0001-74,DISE-2018,EOL.CV.PI.033139-2.01,VENTOS DE SAO VICENTE 13,Sem Pendências,PI,Eólica,Cinética do Vento,NE,"112,087,070.00",#REF!,29.900,,,0.000,13.700,0.1,137,137,137,11.600,11.600,11.600,11.600,11.600,"2,033,712.000",182.42,R$/MWh,0.00,0.00,"370,989,743.04",#REF!,#REF!,"19,306,275.02","19,306,275.02","19,306,275.02",1/1/2018,12/31/2037,Sim,"4,337.11",#REF!
,1369,2015,LEN,22ºLEN,Leilão de Energia Nova,004/2015,SANTA MONICA SPE II,16.849.271/0001-56,DISE-2018,EOL.CV.CE.032012-9.01,OURO VERDE,Sem Pendências,CE,Eólica,Cinética do Vento,NE,"149,178,440.00",#REF!,29.700,,,0.000,13.200,0.1,128,128,128,12.800,12.800,12.800,12.800,12.800,"2,244,096.000",181.49,R$/MWh,0.00,0.00,"407,280,983.04",#REF!,#REF!,"21,153,468.72","21,153,468.72","21,153,468.72",1/1/2018,12/31/2037,Sim,"4,337.11",#REF!
,1370,2015,LEN,22ºLEN,Leilão de Energia Nova,004/2015,DELTA 3,15.191.561/0001-92,DISE-2018,EOL.CV.MA.033683-1.01,VENTOS MARANHENSES 02,Sem Pendências,MA,Eólica,Cinética do Vento,N,"77,770,000.00",#REF!,30.000,,,0.000,13.000,0.1,128,128,128,12.700,12.700,12.700,12.700,12.700,"2,226,564.000",179.88,R$/MWh,0.00,0.00,"400,514,332.32",#REF!,#REF!,"20,437,703.82","20,437,703.82","20,437,703.82",1/1/2018,12/31/2037,Sim,"4,337.11",#REF!
,1371,2015,LEN,22ºLEN,Leilão de Energia Nova,004/2015,CACIMBAS,13.389.543/0001-94,DISE-2018,EOL.CV.CE.032011-0.01,CACIMBAS 1,Sem Pendências,CE,Eólica,Cinética do Vento,NE,"93,193,320.00",#REF!,18.900,,,0.000,10.200,0.1,99,99,99,9.900,9.900,9.900,9.900,9.900,"1,735,668.000",181.49,R$/MWh,0.00,0.00,"315,006,385.32",#REF!,#REF!,"16,230,732.85","16,230,732.85","16,230,732.85",1/1/2018,12/31/2037,Sim,"4,337.11",#REF!
,1372,2015,LEN,22ºLEN,Leilão de Energia Nova,004/2015,SANTA MONICA SPE,12.445.328/0001-09,DISE-2018,EOL.CV.CE.032013-7.01,SANTA MONICA I,Sem Pendências,CE,Eólica,Cinética do Vento,NE,"92,807,410.00",#REF!,18.900,,,0.000,10.000,0.1,97,97,97,9.700,9.700,9.700,9.700,9.700,"1,700,604.000",181.49,R$/MWh,0.00,0.00,"308,642,619.96",#REF!,#REF!,"16,184,737.78","16,184,737.78","16,184,737.78",1/1/2018,12/31/2037,Sim,"4,337.11",#REF!
,1373,2015,LEN,22ºLEN,Leilão de Energia Nova,004/2015,DELTA 3,15.191.561/0001-92,DISE-2018,EOL.CV.MA.033685-8.01,VENTOS MARANHENSES 04,Sem Pendências,MA,Eólica,Cinética do Vento,N,"77,770,000.00",#REF!,30.000,,,0.000,13.500,0.1,128,128,128,13.200,13.200,13.200,13.200,13.200,"2,314,224.000",179.86,R$/MWh,0.00,0.00,"416,236,328.64",#REF!,#REF!,"21,337,066.82","21,337,066.82","21,337,066.82",1/1/2018,12/31/2037,Sim,"4,337.11",#REF!
,1374,2015,LEN,22ºLEN,Leilão de Energia Nova,004/2015,DELTA 3,15.191.561/0001-92,DISE-2018,EOL.CV.MA.033684-0.01,VENTOS MARANHENSES 03,Sem Pendências,MA,Eólica,Cinética do Vento,N,"77,770,000.00",#REF!,30.000,,,0.000,13.100,0.1,128,128,128,12.800,12.800,12.800,12.800,12.800,"2,244,096.000",179.87,R$/MWh,0.00,0.00,"403,645,547.52",#REF!,#REF!,"20,646,676.05","20,646,676.05","20,646,676.05",1/1/2018,12/31/2037,Sim,"4,337.11",#REF!
,1375,2015,LEN,22ºLEN,Leilão de Energia Nova,004/2015,CLEALCO ,45.483.450/0021-64,DIST-2018,UTE.AI.SP.030036-5.01,CLEALCO QUEIROZ,Contrato não Adjudicado,SP,Biomassa,Bagaço de Cana de Açúcar,SE,"70,000,000.00",#REF!,28.500,,,0.000,14.500,0.1,145,145,145,14.500,14.500,14.500,14.500,14.500,"2,542,140.000",210.73,R$/MWh,0.00,0.00,"535,705,162.20",#REF!,#REF!,"28,639,199.40","28,639,199.40","28,639,199.40",1/1/2018,12/31/2037,Sim,"4,337.11",#REF!
,1376,2015,LEN,22ºLEN,Leilão de Energia Nova,004/2015,TESTA BRANCA III,18.495.534/0001-00,DISE-2018,EOL.CV.PI.033479-0.01,TESTA BRANCA III,Sem Pendências,PI,Eólica,Cinética do Vento,NE,"86,945,230.00",#REF!,22.000,,,0.000,8.800,0.1,86,86,86,8.600,8.600,8.600,8.600,8.600,"1,507,752.000",178.88,R$/MWh,0.00,0.00,"269,706,677.76",#REF!,#REF!,"13,778,966.41","13,778,966.41","13,778,966.41",1/1/2018,12/31/2037,Sim,"4,337.11",#REF!
,1377,2015,LEN,22ºLEN,Leilão de Energia Nova,004/2015,IMETAME,00.271.847/0001-00,DIST-2018,UTE.GN.BA.032545-7.01,PROSPERIDADE I,Sem Pendências,BA,Gás Natural,Gás Natural,NE,"93,306,000.00",#REF!,28.023,,,0.000,23.300,0.1,227,227,227,22.700,22.700,22.700,22.700,22.700,"3,979,764.000",214.25,R$/MWh,0.00,0.00,"852,664,437.00",#REF!,#REF!,"25,714,000.00","25,714,000.00","25,714,000.00",1/1/2018,12/31/2037,Sim,"4,337.11",#REF!
,1378,2015,LEN,22ºLEN,Leilão de Energia Nova,004/2015,VENTOS DE SAO VICENTE,15.674.478/0001-74,DISE-2018,EOL.CV.PI.033143-0.01,VENTOS DE SAO VICENTE 09,Sem Pendências,PI,Eólica,Cinética do Vento,NE,"112,087,070.00",#REF!,29.900,,,0.000,14.600,0.1,137,137,137,13.100,13.100,13.100,13.100,13.100,"2,296,692.000",182.41,R$/MWh,0.00,0.00,"418,939,587.72",#REF!,#REF!,"21,770,874.79","21,770,874.79","21,770,874.79",1/1/2018,12/31/2037,Sim,"4,337.11",#REF!
,1379,2015,LEN,22ºLEN,Leilão de Energia Nova,004/2015,TRAIRI II,09.265.464/0001-02,DISE-2018,EOL.CV.CE.032010-2.01,ESTRELA,Sem Pendências,CE,Eólica,Cinética do Vento,NE,"161,238,460.00",#REF!,29.700,,,0.000,14.000,0.1,136,136,136,13.600,13.600,13.600,13.600,13.600,"2,384,352.000",181.49,R$/MWh,0.00,0.00,"432,736,044.48",#REF!,#REF!,"22,370,301.53","22,370,301.53","22,370,301.53",1/1/2018,12/31/2037,Sim,"4,337.11",#REF!
,1380,2015,LEN,22ºLEN,Leilão de Energia Nova,004/2015,VENTOS DE SAO VICENTE,15.674.478/0001-74,DISE-2018,EOL.CV.PI.033144-9.01,VENTOS DE SAO VICENTE 08,Sem Pendências,PI,Eólica,Cinética do Vento,NE,"112,461,940.00",#REF!,30.000,,,0.000,16.000,0.1,137,137,137,14.500,14.500,14.500,14.500,14.500,"2,542,140.000",182.39,R$/MWh,0.00,0.00,"463,660,914.60",#REF!,#REF!,"24,132,800.00","24,132,800.00","24,132,800.00",1/1/2018,12/31/2037,Sim,"4,337.11",#REF!
,1381,2015,LER,07ºLER,Leilão de Energia de Reserva,008/2015,EGP-ALBA,08.084.537/0001-99,QTD-UES-ER20,UFV.RS.PI.033131-7.01,NOVA OLINDA 12,Sem Pendências,PI,Solar Fotovoltaica,Radiação Solar Global,NE,"208,147,450.00",#REF!,30.000,,,40.484,8.800,0.1,88,88,88,8.800,8.800,8.800,8.800,8.800,"1,542,816.000",302.83,R$/MWh,0.00,0.00,"467,210,969.28",#REF!,#REF!,0.00,0.00,0.00,8/1/2017,7/31/2037,Não,"4,337.11",#REF!
,1382,2015,LER,07ºLER,Leilão de Energia de Reserva,008/2015,SUNEDISON RENOVA,08.534.605/0001-74,QTD-UES-ER20,UFV.RS.BA.033782-0.01,SÃO PEDRO II,Sem Pendências,BA,Solar Fotovoltaica,Radiação Solar Global,NE,"122,224,000.00",#REF!,29.835,,,32.910,8.000,0.1,75,75,75,7.500,7.500,7.500,7.500,7.500,"1,314,900.000",305.51,R$/MWh,0.00,0.00,"401,715,099.00",#REF!,#REF!,0.00,0.00,0.00,8/1/2017,7/31/2037,Não,"4,337.11",#REF!
,1383,2015,LER,07ºLER,Leilão de Energia de Reserva,008/2015,EDENA,20.267.378/0001-63,QTD-UES-ER20,UFV.RS.BA.033588-6.01,VERDE VALE III,Sem Pendências,BA,Solar Fotovoltaica,Radiação Solar Global,NE,"66,355,000.00",#REF!,15.132,,,17.893,3.700,0.1,37,37,37,3.700,3.700,3.700,3.700,3.700,"648,684.000",302.92,R$/MWh,0.00,0.00,"196,499,357.28",#REF!,#REF!,0.00,0.00,0.00,8/1/2017,7/31/2037,Não,"4,337.11",#REF!
,1384,2015,LER,07ºLER,Leilão de Energia de Reserva,008/2015,VILA RENOVAVEL,11.641.401/0001-47,QTD-UES-ER20,UFV.RS.BA.034153-3.01,BJL 11,Data de Suprimento Alterada,BA,Solar Fotovoltaica,Radiação Solar Global,NE,"79,481,000.00",#REF!,20.000,,,25.502,5.000,0.1,50,50,50,5.000,5.000,5.000,5.000,5.000,"876,600.000",303.50,R$/MWh,0.00,0.00,"266,048,100.00",#REF!,#REF!,0.00,0.00,0.00,8/1/2017,7/31/2037,Não,"4,337.11",#REF!
,1385,2015,LER,07ºLER,Leilão de Energia de Reserva,008/2015,EGP-ALBA,08.084.537/0001-99,QTD-UES-ER20,UFV.RS.BA.033777-3.01,HORIZONTE MP 11,Sem Pendências,BA,Solar Fotovoltaica,Radiação Solar Global,NE,"112,770,380.00",#REF!,20.000,,,26.989,6.100,0.1,88,88,88,6.100,6.100,6.100,6.100,6.100,"1,069,452.000",301.83,R$/MWh,0.00,0.00,"322,792,697.16",#REF!,#REF!,0.00,0.00,0.00,8/1/2017,7/31/2037,Não,"4,337.11",#REF!
,1386,2015,LER,07ºLER,Leilão de Energia de Reserva,008/2015,MALTA,14.702.817/0001-16,QTD-UES-ER20,UFV.RS.PB.034086-3.01,MALTA,Sem Pendências,PB,Solar Fotovoltaica,Radiação Solar Global,NE,"121,258,000.00",#REF!,27.000,,,28.782,6.700,0.1,67,67,67,6.700,6.700,6.700,6.700,6.700,"1,174,644.000",296.00,R$/MWh,0.00,0.00,"347,694,624.00",#REF!,#REF!,0.00,0.00,0.00,8/1/2017,7/31/2037,Não,"4,337.11",#REF!
,1387,2015,LER,07ºLER,Leilão de Energia de Reserva,008/2015,COREMAS II,14.285.242/0001-83,QTD-UES-ER20,UFV.RS.PB.032926-6.01,COREMAS II,Sem Pendências,PB,Solar Fotovoltaica,Radiação Solar Global,NE,"143,042,000.00",#REF!,30.000,,,36.754,6.900,0.1,67,67,67,6.700,6.700,6.700,6.700,6.700,"1,174,644.000",301.88,R$/MWh,0.00,0.00,"354,601,530.72",#REF!,#REF!,0.00,0.00,0.00,8/1/2017,7/31/2037,Não,"4,337.11",#REF!
,1388,2015,LER,07ºLER,Leilão de Energia de Reserva,008/2015,ANGICO 1,15.740.835/0001-55,QTD-UES-ER20,UFV.RS.PB.034085-5.01,ANGICO 1,Sem Pendências,PB,Solar Fotovoltaica,Radiação Solar Global,NE,"121,258,000.00",#REF!,27.000,,,28.782,6.700,0.1,67,67,67,6.700,6.700,6.700,6.700,6.700,"1,174,644.000",296.00,R$/MWh,0.00,0.00,"347,694,624.00",#REF!,#REF!,0.00,0.00,0.00,8/1/2017,7/31/2037,Não,"4,337.11",#REF!
,1389,2015,LER,07ºLER,Leilão de Energia de Reserva,008/2015,SUNEDISON RENOVA,08.534.605/0001-74,QTD-UES-ER20,UFV.RS.BA.033784-6.01,SÃO PEDRO IV,Sem Pendências,BA,Solar Fotovoltaica,Radiação Solar Global,NE,"122,224,000.00",#REF!,29.835,,,32.910,8.000,0.1,75,75,75,7.500,7.500,7.500,7.500,7.500,"1,314,900.000",305.51,R$/MWh,0.00,0.00,"401,715,099.00",#REF!,#REF!,0.00,0.00,0.00,8/1/2017,7/31/2037,Não,"4,337.11",#REF!
,1390,2015,LER,07ºLER,Leilão de Energia de Reserva,008/2015,SOL MAIOR,21.256.402/0001-21,QTD-UES-ER20,UFV.RS.TO.033608-4.01,SOL MAIOR 2,Sem Pendências,TO,Solar Fotovoltaica,Radiação Solar Global,SE,"20,579,000.00",#REF!,5.000,,,5.772,1.200,0.1,12,12,12,1.200,1.200,1.200,1.200,1.200,"210,384.000",297.00,R$/MWh,0.00,0.00,"62,484,048.00",#REF!,#REF!,0.00,0.00,0.00,8/1/2017,7/31/2037,Não,"4,337.11",#REF!
,1391,2015,LER,07ºLER,Leilão de Energia de Reserva,008/2015,ASSURUA,19.525.936/0001-64,QTD-UES-ER20,UFV.RS.BA.034120-7.01,ASSURUÁ,Sem Pendências,BA,Solar Fotovoltaica,Radiação Solar Global,NE,"126,515,010.00",#REF!,30.000,,,38.160,8.800,0.1,86,86,86,8.600,8.600,8.600,8.600,8.600,"1,507,752.000",298.50,R$/MWh,0.00,0.00,"450,063,972.00",#REF!,#REF!,0.00,0.00,0.00,8/1/2017,7/31/2037,Não,"4,337.11",#REF!
,1392,2015,LER,07ºLER,Leilão de Energia de Reserva,008/2015,EGP-ALBA,08.084.537/0001-99,QTD-UES-ER20,UFV.RS.BA.033757-9.01,HORIZONTE MP 1,Sem Pendências,BA,Solar Fotovoltaica,Radiação Solar Global,NE,"156,675,570.00",#REF!,30.000,,,40.484,9.200,0.1,88,88,88,9.200,9.200,9.200,9.200,9.200,"1,612,944.000",301.83,R$/MWh,0.00,0.00,"486,834,887.52",#REF!,#REF!,0.00,0.00,0.00,8/1/2017,7/31/2037,Não,"4,337.11",#REF!
,1393,2015,LER,07ºLER,Leilão de Energia de Reserva,008/2015,EGP-ALBA,08.084.537/0001-99,QTD-UES-ER20,UFV.RS.BA.033759-5.01,HORIZONTE MP 2,Sem Pendências,BA,Solar Fotovoltaica,Radiação Solar Global,NE,"156,675,570.00",#REF!,30.000,,,40.484,9.200,0.1,88,88,88,9.200,9.200,9.200,9.200,9.200,"1,612,944.000",301.83,R$/MWh,0.00,0.00,"486,834,887.52",#REF!,#REF!,0.00,0.00,0.00,8/1/2017,7/31/2037,Não,"4,337.11",#REF!
,1394,2015,LER,07ºLER,Leilão de Energia de Reserva,008/2015,EGP-ALBA,08.084.537/0001-99,QTD-UES-ER20,UFV.RS.PI.033127-9.01,NOVA OLINDA 8,Sem Pendências,PI,Solar Fotovoltaica,Radiação Solar Global,NE,"208,147,450.00",#REF!,30.000,,,40.484,8.800,0.1,88,88,88,8.800,8.800,8.800,8.800,8.800,"1,542,816.000",302.83,R$/MWh,0.00,0.00,"467,210,969.28",#REF!,#REF!,0.00,0.00,0.00,8/1/2017,7/31/2037,Não,"4,337.11",#REF!
,1395,2015,LER,07ºLER,Leilão de Energia de Reserva,008/2015,EGP-ALBA,08.084.537/0001-99,QTD-UES-ER20,UFV.RS.PI.033133-3.01,NOVA OLINDA 14,Sem Pendências,PI,Solar Fotovoltaica,Radiação Solar Global,NE,"208,147,450.00",#REF!,30.000,,,40.484,8.800,0.1,88,88,88,8.800,8.800,8.800,8.800,8.800,"1,542,816.000",302.83,R$/MWh,0.00,0.00,"467,210,969.28",#REF!,#REF!,0.00,0.00,0.00,8/1/2017,7/31/2037,Não,"4,337.11",#REF!
,1396,2015,LER,07ºLER,Leilão de Energia de Reserva,008/2015,EGP-ALBA,08.084.537/0001-99,QTD-UES-ER20,UFV.RS.PI.033132-5.01,NOVA OLINDA 13,Sem Pendências,PI,Solar Fotovoltaica,Radiação Solar Global,NE,"208,147,450.00",#REF!,30.000,,,40.484,8.800,0.1,88,88,88,8.800,8.800,8.800,8.800,8.800,"1,542,816.000",302.83,R$/MWh,0.00,0.00,"467,210,969.28",#REF!,#REF!,0.00,0.00,0.00,8/1/2017,7/31/2037,Não,"4,337.11",#REF!
,1397,2015,LER,07ºLER,Leilão de Energia de Reserva,008/2015,EGP-ALBA,08.084.537/0001-99,QTD-UES-ER20,UFV.RS.PI.033129-5.01,NOVA OLINDA 10,Sem Pendências,PI,Solar Fotovoltaica,Radiação Solar Global,NE,"208,147,450.00",#REF!,30.000,,,40.484,8.800,0.1,88,88,88,8.800,8.800,8.800,8.800,8.800,"1,542,816.000",302.83,R$/MWh,0.00,0.00,"467,210,969.28",#REF!,#REF!,0.00,0.00,0.00,8/1/2017,7/31/2037,Não,"4,337.11",#REF!
,1398,2015,LER,07ºLER,Leilão de Energia de Reserva,008/2015,EGP-ALBA,08.084.537/0001-99,QTD-UES-ER20,UFV.RS.PI.033130-9.01,NOVA OLINDA 11,Sem Pendências,PI,Solar Fotovoltaica,Radiação Solar Global,NE,"208,147,450.00",#REF!,30.000,,,40.484,8.800,0.1,88,88,88,8.800,8.800,8.800,8.800,8.800,"1,542,816.000",302.83,R$/MWh,0.00,0.00,"467,210,969.28",#REF!,#REF!,0.00,0.00,0.00,8/1/2017,7/31/2037,Não,"4,337.11",#REF!
,1399,2015,LER,07ºLER,Leilão de Energia de Reserva,008/2015,EGP-ALBA,08.084.537/0001-99,QTD-UES-ER20,UFV.RS.PI.033128-7.01,NOVA OLINDA 9,Sem Pendências,PI,Solar Fotovoltaica,Radiação Solar Global,NE,"208,147,450.00",#REF!,30.000,,,40.484,8.800,0.1,88,88,88,8.800,8.800,8.800,8.800,8.800,"1,542,816.000",302.83,R$/MWh,0.00,0.00,"467,210,969.28",#REF!,#REF!,0.00,0.00,0.00,8/1/2017,7/31/2037,Não,"4,337.11",#REF!
,1400,2015,LER,07ºLER,Leilão de Energia de Reserva,008/2015,EGP-ALBA,08.084.537/0001-99,QTD-UES-ER20,UFV.RS.BA.034437-0.01,LAPA 2,Antecipação de Contrato,BA,Solar Fotovoltaica,Radiação Solar Global,NE,"155,200,810.00",#REF!,30.000,,,38.102,8.700,0.1,88,88,88,8.700,8.700,8.700,8.700,8.700,"1,525,284.000",303.83,R$/MWh,0.00,0.00,"463,427,037.72",#REF!,#REF!,0.00,0.00,0.00,8/1/2017,7/31/2037,Não,"4,337.11",#REF!
,1401,2015,LER,07ºLER,Leilão de Energia de Reserva,008/2015,SOBRAL I,14.512.276/0001-63,QTD-UES-ER20,UFV.RS.PI.034388-9.01,SOBRAL 1,Sem Pendências,PI,Solar Fotovoltaica,Radiação Solar Global,NE,"126,515,010.00",#REF!,30.000,,,35.100,7.800,0.1,78,78,78,7.800,7.800,7.800,7.800,7.800,"1,367,496.000",302.50,R$/MWh,0.00,0.00,"413,667,540.00",#REF!,#REF!,0.00,0.00,0.00,8/1/2017,7/31/2037,Não,"4,337.11",#REF!
,1402,2015,LER,07ºLER,Leilão de Energia de Reserva,008/2015,EGP-DESENVOLVIMENTO,08.084.537/0001-99,QTD-UES-ER20,UFV.RS.BA.032892-8.01,BOM JESUS DA LAPA I,Antecipação de Contrato,BA,Solar Fotovoltaica,Radiação Solar Global,NE,"165,600,000.00",#REF!,30.000,,,37.162,8.400,0.1,84,84,84,8.400,8.400,8.400,8.400,8.400,"1,472,688.000",304.83,R$/MWh,0.00,0.00,"448,919,483.04",#REF!,#REF!,0.00,0.00,0.00,8/1/2017,7/31/2037,Não,"4,337.11",#REF!
,1403,2015,LER,07ºLER,Leilão de Energia de Reserva,008/2015,PIRAPORA,17.518.117/0001-64,QTD-UES-ER20,UFV.RS.MG.033188-0.01,PIRAPORA 5,Sem Pendências,MG,Solar Fotovoltaica,Radiação Solar Global,SE,"128,165,000.00",#REF!,30.000,,,36.828,8.400,0.1,84,84,84,8.400,8.400,8.400,8.400,8.400,"1,472,688.000",302.00,R$/MWh,0.00,0.00,"444,751,776.00",#REF!,#REF!,0.00,0.00,0.00,8/1/2017,7/31/2037,Não,"4,337.11",#REF!
,1404,2015,LER,07ºLER,Leilão de Energia de Reserva,008/2015,PIRAPORA,17.518.117/0001-64,QTD-UES-ER20,UFV.RS.MG.033189-9.01,PIRAPORA 6,Sem Pendências,MG,Solar Fotovoltaica,Radiação Solar Global,SE,"128,168,000.00",#REF!,30.000,,,36.828,8.400,0.1,84,84,84,8.400,8.400,8.400,8.400,8.400,"1,472,688.000",296.45,R$/MWh,0.00,0.00,"436,578,357.60",#REF!,#REF!,0.00,0.00,0.00,8/1/2017,7/31/2037,Não,"4,337.11",#REF!
,1405,2015,LER,07ºLER,Leilão de Energia de Reserva,008/2015,PIRAPORA,17.518.117/0001-64,QTD-UES-ER20,UFV.RS.MG.033190-2.01,PIRAPORA 7,Sem Pendências,MG,Solar Fotovoltaica,Radiação Solar Global,SE,"128,168,000.00",#REF!,30.000,,,36.828,8.400,0.1,84,84,84,8.400,8.400,8.400,8.400,8.400,"1,472,688.000",299.00,R$/MWh,0.00,0.00,"440,333,712.00",#REF!,#REF!,0.00,0.00,0.00,8/1/2017,7/31/2037,Não,"4,337.11",#REF!
,1406,2015,LER,07ºLER,Leilão de Energia de Reserva,008/2015,PIRAPORA,17.518.117/0001-64,QTD-UES-ER20,UFV.RS.MG.033192-9.01,PIRAPORA 9,Sem Pendências,MG,Solar Fotovoltaica,Radiação Solar Global,SE,"128,168,000.00",#REF!,30.000,,,36.828,8.400,0.1,84,84,84,8.400,8.400,8.400,8.400,8.400,"1,472,688.000",299.00,R$/MWh,0.00,0.00,"440,333,712.00",#REF!,#REF!,0.00,0.00,0.00,8/1/2017,7/31/2037,Não,"4,337.11",#REF!
,1407,2015,LER,07ºLER,Leilão de Energia de Reserva,008/2015,PIRAPORA,17.518.117/0001-64,QTD-UES-ER20,UFV.RS.MG.033193-7.01,PIRAPORA 10,Sem Pendências,MG,Solar Fotovoltaica,Radiação Solar Global,SE,"128,168,000.00",#REF!,30.000,,,36.828,8.400,0.1,84,84,84,8.400,8.400,8.400,8.400,8.400,"1,472,688.000",296.45,R$/MWh,0.00,0.00,"436,578,357.60",#REF!,#REF!,0.00,0.00,0.00,8/1/2017,7/31/2037,Não,"4,337.11",#REF!
,1408,2015,LER,07ºLER,Leilão de Energia de Reserva,008/2015,EGP-DESENVOLVIMENTO,08.084.537/0001-99,QTD-UES-ER20,UFV.RS.BA.032893-6.01,BOM JESUS DA LAPA II,Antecipação de Contrato,BA,Solar Fotovoltaica,Radiação Solar Global,NE,"165,600,000.00",#REF!,30.000,,,37.162,8.400,0.1,84,84,84,8.400,8.400,8.400,8.400,8.400,"1,472,688.000",304.83,R$/MWh,0.00,0.00,"448,919,483.04",#REF!,#REF!,0.00,0.00,0.00,8/1/2017,7/31/2037,Não,"4,337.11",#REF!
,1409,2015,LER,07ºLER,Leilão de Energia de Reserva,008/2015,SERTAO I,17.034.676/0001-07,QTD-UES-ER20,UFV.RS.PI.034384-6.01,SERTAO 1,Sem Pendências,PI,Solar Fotovoltaica,Radiação Solar Global,NE,"126,332,000.00",#REF!,30.000,,,35.100,7.800,0.1,78,78,78,7.800,7.800,7.800,7.800,7.800,"1,367,496.000",304.50,R$/MWh,0.00,0.00,"416,402,532.00",#REF!,#REF!,0.00,0.00,0.00,8/1/2017,7/31/2037,Não,"4,337.11",#REF!
,1410,2015,LER,07ºLER,Leilão de Energia de Reserva,008/2015,EGP-ALBA,08.084.537/0001-99,QTD-UES-ER20,UFV.RS.BA.034333-1.01,LAPA 3,Antecipação de Contrato,BA,Solar Fotovoltaica,Radiação Solar Global,NE,"155,200,810.00",#REF!,30.000,,,38.102,8.700,0.1,88,88,88,8.700,8.700,8.700,8.700,8.700,"1,525,284.000",303.83,R$/MWh,0.00,0.00,"463,427,037.72",#REF!,#REF!,0.00,0.00,0.00,8/1/2017,7/31/2037,Não,"4,337.11",#REF!
,1411,2015,LER,08ºLER,Leilão de Energia de Reserva,009/2015,SOLAIREDIRECT FLORESTA,36.000.000/0000-00,QTD-UES-ER20,UFV.RS.RN.034310-2.01,FLORESTA I,Antecipação de Contrato,RN,Solar Fotovoltaica,Radiação Solar Global,NE,"143,892,370.00",#REF!,30.000,,,36.716,9.400,0.1,94,94,94,9.400,9.400,9.400,9.400,9.400,"1,648,008.000",292.80,R$/MWh,0.00,0.00,"482,536,742.40",#REF!,#REF!,0.00,0.00,0.00,11/1/2018,10/31/2038,Não,"4,405.95",#REF!
,1412,2015,LER,08ºLER,Leilão de Energia de Reserva,009/2015,CONSORCIO PIRAPORA,10.000.000/0000-00,QTD-UES-ER20,UFV.RS.MG.033187-2.01,PIRAPORA 4,Sem Pendências,MG,Solar Fotovoltaica,Radiação Solar Global,SE,"127,738,000.00",#REF!,30.000,,,36.828,8.400,0.1,84,84,84,8.400,8.400,8.400,8.400,8.400,"1,472,688.000",299.50,R$/MWh,0.00,0.00,"441,070,056.00",#REF!,#REF!,0.00,0.00,0.00,11/1/2018,10/31/2038,Não,"4,405.95",#REF!
,1413,2015,LER,08ºLER,Leilão de Energia de Reserva,009/2015,SOBRADO,55.000.000/0000-01,QTD-UES-ER20,UFV.RS.BA.034387-0.01,SOBRADO1,Sem Pendências,BA,Solar Fotovoltaica,Radiação Solar Global,NE,"118,598,000.00",#REF!,30.000,,,34.200,7.800,0.1,78,78,78,7.800,7.800,7.800,7.800,7.800,"1,367,496.000",299.95,R$/MWh,0.00,0.00,"410,180,425.20",#REF!,#REF!,0.00,0.00,0.00,11/1/2018,10/31/2038,Não,"4,405.95",#REF!
,1414,2015,LER,08ºLER,Leilão de Energia de Reserva,009/2015,SOLAIREDIRECT FLORESTA,36.000.000/0000-00,QTD-UES-ER20,UFV.RS.RN.034309-9.01,FLORESTA II,Antecipação de Contrato,RN,Solar Fotovoltaica,Radiação Solar Global,NE,"143,892,370.00",#REF!,30.000,,,36.716,9.400,0.1,94,94,94,9.400,9.400,9.400,9.400,9.400,"1,648,008.000",292.80,R$/MWh,0.00,0.00,"482,536,742.40",#REF!,#REF!,0.00,0.00,0.00,11/1/2018,10/31/2038,Não,"4,405.95",#REF!
,1415,2015,LER,08ºLER,Leilão de Energia de Reserva,009/2015,RIO ALTO,11.229.764/0001-70,QTD-UES-ER20,UFV.RS.PB.032544-9.01,COREMAS III,Sem Pendências,PB,Solar Fotovoltaica,Radiação Solar Global,NE,"143,042,000.00",#REF!,30.000,,,36.754,7.100,0.1,71,71,71,7.100,7.100,7.100,7.100,7.100,"1,244,772.000",302.80,R$/MWh,0.00,0.00,"376,916,961.60",#REF!,#REF!,0.00,0.00,0.00,11/1/2018,10/31/2038,Não,"4,405.95",#REF!
,1416,2015,LER,08ºLER,Leilão de Energia de Reserva,009/2015,CONSORCIO PIRAPORA,10.000.000/0000-00,QTD-UES-ER20,UFV.RS.MG.033186-4.01,PIRAPORA 3,Sem Pendências,MG,Solar Fotovoltaica,Radiação Solar Global,SE,"127,738,000.00",#REF!,30.000,,,36.828,8.400,0.1,84,84,84,8.400,8.400,8.400,8.400,8.400,"1,472,688.000",299.50,R$/MWh,0.00,0.00,"441,070,056.00",#REF!,#REF!,0.00,0.00,0.00,11/1/2018,10/31/2038,Não,"4,405.95",#REF!
,1417,2015,LER,08ºLER,Leilão de Energia de Reserva,009/2015,CONSORCIO PIRAPORA,10.000.000/0000-00,QTD-UES-ER20,UFV.RS.MG.033185-6.01,PIRAPORA 2,Sem Pendências,MG,Solar Fotovoltaica,Radiação Solar Global,SE,"128,168,000.00",#REF!,30.000,,,36.828,8.400,0.1,84,84,84,8.400,8.400,8.400,8.400,8.400,"1,472,688.000",301.00,R$/MWh,0.00,0.00,"443,279,088.00",#REF!,#REF!,0.00,0.00,0.00,11/1/2018,10/31/2038,Não,"4,405.95",#REF!
,1418,2015,LER,08ºLER,Leilão de Energia de Reserva,009/2015,CONSORCIO GUIMARANIA,30.000.000/0000-01,QTD-UES-ER20,UFV.RS.MG.034073-1.01,GUIMARANIA 1,Sem Pendências,MG,Solar Fotovoltaica,Radiação Solar Global,SE,"129,298,000.00",#REF!,30.000,,,36.828,8.200,0.1,82,82,82,8.200,8.200,8.200,8.200,8.200,"1,437,624.000",290.00,R$/MWh,0.00,0.00,"416,910,960.00",#REF!,#REF!,0.00,0.00,0.00,11/1/2018,10/31/2038,Não,"4,405.95",#REF!
,1419,2015,LER,08ºLER,Leilão de Energia de Reserva,009/2015,BOA HORA,62.000.000/0000-01,QTD-UES-ER20,UFV.RS.PE.034163-0.01,BOA HORA 3,Sem Pendências,PE,Solar Fotovoltaica,Radiação Solar Global,NE,"150,195,000.00",#REF!,25.000,,,30.000,5.300,0.1,53,53,53,5.300,5.300,5.300,5.300,5.300,"929,196.000",291.75,R$/MWh,0.00,0.00,"271,092,933.00",#REF!,#REF!,0.00,0.00,0.00,11/1/2018,10/31/2038,Não,"4,405.95",#REF!
,1420,2015,LER,08ºLER,Leilão de Energia de Reserva,009/2015,SOLAIREDIRECT FLORESTA,36.000.000/0000-00,QTD-UES-ER20,UFV.RS.RN.033569-0.01,FLORESTA III,Antecipação de Contrato,RN,Solar Fotovoltaica,Radiação Solar Global,NE,"100,223,590.00",#REF!,20.000,,,24.478,6.300,0.1,94,94,94,6.300,6.300,6.300,6.300,6.300,"1,104,516.000",292.81,R$/MWh,0.00,0.00,"323,413,329.96",#REF!,#REF!,0.00,0.00,0.00,11/1/2018,10/31/2038,Não,"4,405.95",#REF!
,1421,2015,LER,08ºLER,Leilão de Energia de Reserva,009/2015,UFV AGRESTINA,67.000.000/0000-01,QTD-UES-ER20,UFV.RS.PE.034305-6.01,FAZENDA ESMERALDA,Sem Pendências,PE,Solar Fotovoltaica,Radiação Solar Global,NE,"153,719,890.00",#REF!,30.000,,,40.144,6.200,0.1,62,62,62,6.200,6.200,6.200,6.200,6.200,"1,086,984.000",294.00,R$/MWh,0.00,0.00,"319,573,296.00",#REF!,#REF!,0.00,0.00,0.00,11/1/2018,10/31/2038,Não,"4,405.95",#REF!
,1422,2015,LER,08ºLER,Leilão de Energia de Reserva,009/2015,CONSORCIO BRISAS SUAVES,35.000.000/0000-00,QTD-UES-ER20,UFV.RS.SP.034107-0.01,BRISAS SUAVES,Sem Pendências,SP,Solar Fotovoltaica,Radiação Solar Global,SE,"20,180,000.00",#REF!,5.000,,,5.952,1.300,0.1,13,13,13,1.300,1.300,1.300,1.300,1.300,"227,916.000",293.00,R$/MWh,0.00,0.00,"66,779,388.00",#REF!,#REF!,0.00,0.00,0.00,11/1/2018,10/31/2038,Não,"4,405.95",#REF!
,1423,2015,LER,08ºLER,Leilão de Energia de Reserva,009/2015,CONSORCIO GUIMARANIA,30.000.000/0000-01,QTD-UES-ER20,UFV.RS.MG.034074-0.01,GUIMARANIA 2,Sem Pendências,MG,Solar Fotovoltaica,Radiação Solar Global,SE,"126,008,000.00",#REF!,30.000,,,36.828,8.200,0.1,82,82,82,8.200,8.200,8.200,8.200,8.200,"1,437,624.000",290.00,R$/MWh,0.00,0.00,"416,910,960.00",#REF!,#REF!,0.00,0.00,0.00,11/1/2018,10/31/2038,Não,"4,405.95",#REF!
,1424,2015,LER,08ºLER,Leilão de Energia de Reserva,009/2015,SOLAIREDIRECT SOLATIO,37.000.000/0000-00,QTD-UES-ER20,UFV.RS.MG.033999-7.01,PARACATU 1,Sem Pendências,MG,Solar Fotovoltaica,Radiação Solar Global,SE,"125,916,000.00",#REF!,30.000,,,36.828,8.500,0.1,85,85,85,8.500,8.500,8.500,8.500,8.500,"1,490,220.000",298.00,R$/MWh,0.00,0.00,"444,085,560.00",#REF!,#REF!,0.00,0.00,0.00,11/1/2018,10/31/2038,Não,"4,405.95",#REF!
,1425,2015,LER,08ºLER,Leilão de Energia de Reserva,009/2015,SOLAIREDIRECT SOLATIO,37.000.000/0000-00,QTD-UES-ER20,UFV.RS.MG.034000-6.01,PARACATU 2,Antecipação de Contrato,MG,Solar Fotovoltaica,Radiação Solar Global,SE,"125,738,000.00",#REF!,30.000,,,36.828,8.500,0.1,85,85,85,8.500,8.500,8.500,8.500,8.500,"1,490,220.000",298.00,R$/MWh,0.00,0.00,"444,085,560.00",#REF!,#REF!,0.00,0.00,0.00,11/1/2018,10/31/2038,Não,"4,405.95",#REF!
,1426,2015,LER,08ºLER,Leilão de Energia de Reserva,009/2015,SOLAIREDIRECT SOLATIO,37.000.000/0000-00,QTD-UES-ER20,UFV.RS.MG.033990-3.01,PARACATU 3,Sem Pendências,MG,Solar Fotovoltaica,Radiação Solar Global,SE,"125,738,000.00",#REF!,30.000,,,36.828,8.500,0.1,85,85,85,8.500,8.500,8.500,8.500,8.500,"1,490,220.000",298.00,R$/MWh,0.00,0.00,"444,085,560.00",#REF!,#REF!,0.00,0.00,0.00,11/1/2018,10/31/2038,Não,"4,405.95",#REF!
,1427,2015,LER,08ºLER,Leilão de Energia de Reserva,009/2015,SOLAIREDIRECT SOLATIO,37.000.000/0000-00,QTD-UES-ER20,UFV.RS.MG.033991-1.01,PARACATU 4,Sem Pendências,MG,Solar Fotovoltaica,Radiação Solar Global,SE,"125,738,000.00",#REF!,30.000,,,36.828,8.500,0.1,85,85,85,8.500,8.500,8.500,8.500,8.500,"1,490,220.000",298.00,R$/MWh,0.00,0.00,"444,085,560.00",#REF!,#REF!,0.00,0.00,0.00,11/1/2018,10/31/2038,Não,"4,405.95",#REF!
,1428,2015,LER,08ºLER,Leilão de Energia de Reserva,009/2015,STEELCON,02.346.527/0001-06,QTD-UES-ER20,UFV.RS.TO.034745-0.01,SOL STEELCONS MIRACEMA 1,Sem Pendências,TO,Solar Fotovoltaica,Radiação Solar Global,NE,"203,655,000.00",#REF!,30.000,,,33.264,5.400,0.1,54,54,54,5.400,5.400,5.400,5.400,5.400,"946,728.000",295.99,R$/MWh,0.00,0.00,"280,222,020.72",#REF!,#REF!,0.00,0.00,0.00,11/1/2018,10/31/2038,Não,"4,405.95",#REF!
,1429,2015,LER,08ºLER,Leilão de Energia de Reserva,009/2015,STEELCON,02.346.527/0001-06,QTD-UES-ER20,UFV.RS.TO.034746-9.01,SOL STEELCONS MIRACEMA 2,Sem Pendências,TO,Solar Fotovoltaica,Radiação Solar Global,NE,"203,655,000.00",#REF!,30.000,,,33.264,5.400,0.1,54,54,54,5.400,5.400,5.400,5.400,5.400,"946,728.000",296.99,R$/MWh,0.00,0.00,"281,168,748.72",#REF!,#REF!,0.00,0.00,0.00,11/1/2018,10/31/2038,Não,"4,405.95",#REF!
,1430,2015,LER,08ºLER,Leilão de Energia de Reserva,009/2015,STEELCON,02.346.527/0001-06,QTD-UES-ER20,UFV.RS.TO.034747-7.01,SOL STEELCONS MIRACEMA 3,Sem Pendências,TO,Solar Fotovoltaica,Radiação Solar Global,NE,"203,655,000.00",#REF!,30.000,,,33.264,5.400,0.1,54,54,54,5.400,5.400,5.400,5.400,5.400,"946,728.000",301.49,R$/MWh,0.00,0.00,"285,429,024.72",#REF!,#REF!,0.00,0.00,0.00,11/1/2018,10/31/2038,Não,"4,405.95",#REF!
,1431,2015,LER,08ºLER,Leilão de Energia de Reserva,009/2015,SUNEDISON,64.000.000/0000-00,QTD-UES-ER20,UFV.RS.BA.033928-8.01,JUAZEIRO SOLAR I,Sem Pendências,BA,Solar Fotovoltaica,Radiação Solar Global,NE,"122,224,000.00",#REF!,29.835,,,34.411,8.700,0.1,87,87,87,8.700,8.700,8.700,8.700,8.700,"1,525,284.000",301.02,R$/MWh,0.00,0.00,"459,140,989.68",#REF!,#REF!,0.00,0.00,0.00,11/1/2018,10/31/2038,Não,"4,405.95",#REF!
,1432,2015,LER,08ºLER,Leilão de Energia de Reserva,009/2015,SUNEDISON,64.000.000/0000-00,QTD-UES-ER20,UFV.RS.BA.033929-6.01,JUAZEIRO SOLAR II,Sem Pendências,BA,Solar Fotovoltaica,Radiação Solar Global,NE,"122,224,000.00",#REF!,29.835,,,34.411,8.700,0.1,87,87,87,8.700,8.700,8.700,8.700,8.700,"1,525,284.000",301.02,R$/MWh,0.00,0.00,"459,140,989.68",#REF!,#REF!,0.00,0.00,0.00,11/1/2018,10/31/2038,Não,"4,405.95",#REF!
,1433,2015,LER,08ºLER,Leilão de Energia de Reserva,009/2015,SUNEDISON,64.000.000/0000-00,QTD-UES-ER20,UFV.RS.BA.033931-8.01,JUAZEIRO SOLAR IV,Sem Pendências,BA,Solar Fotovoltaica,Radiação Solar Global,NE,"122,224,000.00",#REF!,29.835,,,34.411,8.700,0.1,87,87,87,8.700,8.700,8.700,8.700,8.700,"1,525,284.000",301.02,R$/MWh,0.00,0.00,"459,140,989.68",#REF!,#REF!,0.00,0.00,0.00,11/1/2018,10/31/2038,Não,"4,405.95",#REF!
,1434,2015,LER,08ºLER,Leilão de Energia de Reserva,009/2015,VILA RENOVAVEL,48.000.000/0000-00,QTD-UES-ER20,UFV.RS.BA.034158-4.01,BJL 4,Sem Pendências,BA,Solar Fotovoltaica,Radiação Solar Global,NE,"79,481,000.00",#REF!,20.000,,,25.502,5.000,0.1,50,50,50,5.000,5.000,5.000,5.000,5.000,"876,600.000",300.15,R$/MWh,0.00,0.00,"263,111,490.00",#REF!,#REF!,0.00,0.00,0.00,11/1/2018,10/31/2038,Não,"4,405.95",#REF!
,1435,2015,LER,08ºLER,Leilão de Energia de Reserva,009/2015,EDP RENOVAVEIS,09.334.083/0001-20,QTD-UEE-ER20,EOL.CV.BA.034736-1.01,VENTOS DE SANTA APARECIDA,Sem Pendências,BA,Eólica,Cinética do Vento,NE,"128,800,000.00",#REF!,28.000,,,0.000,15.400,0.1,152,152,152,15.200,15.200,15.200,15.200,15.200,"2,664,864.000",199.37,R$/MWh,0.00,0.00,"531,293,935.68",#REF!,#REF!,0.00,0.00,0.00,11/1/2018,10/31/2038,Não,"4,405.95",#REF!
,1436,2015,LER,08ºLER,Leilão de Energia de Reserva,009/2015,BOA HORA,62.000.000/0000-01,QTD-UES-ER20,UFV.RS.PE.034162-2.01,BOA HORA 2,Sem Pendências,PE,Solar Fotovoltaica,Radiação Solar Global,NE,"150,195,000.00",#REF!,25.000,,,30.000,5.300,0.1,53,53,53,5.300,5.300,5.300,5.300,5.300,"929,196.000",291.75,R$/MWh,0.00,0.00,"271,092,933.00",#REF!,#REF!,0.00,0.00,0.00,11/1/2018,10/31/2038,Não,"4,405.95",#REF!
,1437,2015,LER,08ºLER,Leilão de Energia de Reserva,009/2015,SUNEDISON,64.000.000/0000-00,QTD-UES-ER20,UFV.RS.BA.033930-0.01,JUAZEIRO SOLAR III,Sem Pendências,BA,Solar Fotovoltaica,Radiação Solar Global,NE,"122,224,000.00",#REF!,29.835,,,34.411,8.700,0.1,87,87,87,8.700,8.700,8.700,8.700,8.700,"1,525,284.000",301.02,R$/MWh,0.00,0.00,"459,140,989.68",#REF!,#REF!,0.00,0.00,0.00,11/1/2018,10/31/2038,Não,"4,405.95",#REF!
,1438,2015,LER,08ºLER,Leilão de Energia de Reserva,009/2015,DELTA 4,30.000.000/0000-00,QTD-UEE-ER20,EOL.CV.MA.033686-6.01,Delta 3 VIII (VENTOS MARANHENSES 05),Antecipação de Contrato,MA,Eólica,Cinética do Vento,N,"77,770,000.00",#REF!,30.000,,,0.000,15.300,0.1,122,122,122,12.200,12.200,12.200,12.200,12.200,"2,138,904.000",212.39,R$/MWh,0.00,0.00,"454,281,820.56",#REF!,#REF!,0.00,0.00,0.00,11/1/2018,10/31/2038,Não,"4,405.95",#REF!
,1439,2015,LER,08ºLER,Leilão de Energia de Reserva,009/2015,BOA HORA,62.000.000/0000-01,QTD-UES-ER20,UFV.RS.PE.034161-4.01,BOA HORA 1,Sem Pendências,PE,Solar Fotovoltaica,Radiação Solar Global,NE,"150,195,000.00",#REF!,25.000,,,30.000,5.300,0.1,53,53,53,5.300,5.300,5.300,5.300,5.300,"929,196.000",291.75,R$/MWh,0.00,0.00,"271,092,933.00",#REF!,#REF!,0.00,0.00,0.00,11/1/2018,10/31/2038,Não,"4,405.95",#REF!
,1440,2015,LER,08ºLER,Leilão de Energia de Reserva,009/2015,EDP RENOVAVEIS,09.334.083/0001-20,QTD-UEE-ER20,EOL.CV.BA.034717-5.01,VENTOS DE SANTA EMILIA,Sem Pendências,BA,Eólica,Cinética do Vento,NE,"128,800,000.00",#REF!,28.000,,,0.000,14.400,0.1,152,152,152,14.200,14.200,14.200,14.200,14.200,"2,489,544.000",199.37,R$/MWh,0.00,0.00,"496,340,387.28",#REF!,#REF!,0.00,0.00,0.00,11/1/2018,10/31/2038,Não,"4,405.95",#REF!
,1441,2015,LER,08ºLER,Leilão de Energia de Reserva,009/2015,CONSORCIO GESTAMP EOLICA,34.000.000/0000-00,QTD-UEE-ER20,EOL.CV.BA.034777-9.01,PEDRA DO REINO IV,Sem Pendências,BA,Eólica,Cinética do Vento,NE,"96,098,000.00",#REF!,20.000,,,0.000,9.700,0.1,97,97,97,9.700,9.700,9.700,9.700,9.700,"1,700,604.000",178.00,R$/MWh,0.00,0.00,"302,707,512.00",#REF!,#REF!,0.00,0.00,0.00,11/1/2018,10/31/2038,Não,"4,405.95",#REF!
,1442,2015,LER,08ºLER,Leilão de Energia de Reserva,009/2015,CONSORCIO VBD,11.000.000/0000-00,QTD-UEE-ER20,EOL.CV.BA.032526-0.01,VENTOS DA BAHIA I,Sem Pendências,BA,Eólica,Cinética do Vento,NE,"144,935,880.00",#REF!,30.000,,,0.000,13.100,0.1,131,131,131,13.100,13.100,13.100,13.100,13.100,"2,296,692.000",203.96,R$/MWh,0.00,0.00,"468,433,300.32",#REF!,#REF!,0.00,0.00,0.00,11/1/2018,10/31/2038,Não,"4,405.95",#REF!
,1443,2015,LER,08ºLER,Leilão de Energia de Reserva,009/2015,CONSORCIO VBD,11.000.000/0000-00,QTD-UEE-ER20,EOL.CV.BA.032527-9.01,VENTOS DA BAHIA III,Sem Pendências,BA,Eólica,Cinética do Vento,NE,"144,563,510.00",#REF!,30.000,,,0.000,14.500,0.1,131,131,131,14.500,14.500,14.500,14.500,14.500,"2,542,140.000",203.96,R$/MWh,0.00,0.00,"518,494,874.40",#REF!,#REF!,0.00,0.00,0.00,11/1/2018,10/31/2038,Não,"4,405.95",#REF!
,1444,2015,LER,08ºLER,Leilão de Energia de Reserva,009/2015,CONSORCIO VBD,11.000.000/0000-00,QTD-UEE-ER20,EOL.CV.BA.034883-0.01,VENTOS DA BAHIA XVIII,Sem Pendências,BA,Eólica,Cinética do Vento,NE,"118,632,670.00",#REF!,27.000,,,0.000,13.400,0.1,131,131,131,13.400,13.400,13.400,13.400,13.400,"2,349,288.000",203.96,R$/MWh,0.00,0.00,"479,160,780.48",#REF!,#REF!,0.00,0.00,0.00,11/1/2018,10/31/2038,Não,"4,405.95",#REF!
,1445,2015,LER,08ºLER,Leilão de Energia de Reserva,009/2015,EDP RENOVAVEIS,09.334.083/0001-20,QTD-UEE-ER20,EOL.CV.BA.034738-8.01,VENTOS DA SANTA BEATRIZ,Sem Pendências,BA,Eólica,Cinética do Vento,NE,"128,800,000.00",#REF!,28.000,,,0.000,15.400,0.1,152,152,152,15.200,15.200,15.200,15.200,15.200,"2,664,864.000",199.37,R$/MWh,0.00,0.00,"531,293,935.68",#REF!,#REF!,0.00,0.00,0.00,11/1/2018,10/31/2038,Não,"4,405.95",#REF!
,1446,2015,LER,08ºLER,Leilão de Energia de Reserva,009/2015,EDP RENOVAVEIS,09.334.083/0001-20,QTD-UEE-ER20,EOL.CV.BA.034742-6.01,VENTOS DE SANTA AURORA,Sem Pendências,BA,Eólica,Cinética do Vento,NE,"128,800,000.00",#REF!,28.000,,,0.000,14.100,0.1,152,152,152,13.900,13.900,13.900,13.900,13.900,"2,436,948.000",199.37,R$/MWh,0.00,0.00,"485,854,322.76",#REF!,#REF!,0.00,0.00,0.00,11/1/2018,10/31/2038,Não,"4,405.95",#REF!
,1447,2015,LER,08ºLER,Leilão de Energia de Reserva,009/2015,EDP RENOVAVEIS,09.334.083/0001-20,QTD-UEE-ER20,EOL.CV.BA.034739-6.01,VENTOS DO SAO GABRIEL,Sem Pendências,BA,Eólica,Cinética do Vento,NE,"128,800,000.00",#REF!,28.000,,,0.000,14.500,0.1,152,152,152,14.300,14.300,14.300,14.300,14.300,"2,507,076.000",199.37,R$/MWh,0.00,0.00,"499,835,742.12",#REF!,#REF!,0.00,0.00,0.00,11/1/2018,10/31/2038,Não,"4,405.95",#REF!
,1448,2015,LER,08ºLER,Leilão de Energia de Reserva,009/2015,RIO ENERGY MORRO DO CHAPEU,59.000.000/0000-00,QTD-UEE-ER20,EOL.CV.BA.032462-0.01,SERRA DA BABILONIA II,Sem Pendências,BA,Eólica,Cinética do Vento,NE,"135,140,000.00",#REF!,30.000,,,0.000,16.100,0.1,135,135,135,13.500,13.500,13.500,13.500,13.500,"2,366,820.000",206.48,R$/MWh,0.00,0.00,"488,700,993.60",#REF!,#REF!,0.00,0.00,0.00,11/1/2018,10/31/2038,Não,"4,405.95",#REF!
,1449,2015,LER,08ºLER,Leilão de Energia de Reserva,009/2015,RIO ENERGY MORRO DO CHAPEU,59.000.000/0000-00,QTD-UEE-ER20,EOL.CV.BA.032465-5.01,SERRA DA BABILONIA IX,Sem Pendências,BA,Eólica,Cinética do Vento,NE,"117,130,000.00",#REF!,26.000,,,0.000,13.200,0.1,135,135,135,11.800,11.800,11.800,11.800,11.800,"2,068,776.000",206.48,R$/MWh,0.00,0.00,"427,160,868.48",#REF!,#REF!,0.00,0.00,0.00,11/1/2018,10/31/2038,Não,"4,405.95",#REF!
,1450,2015,LER,08ºLER,Leilão de Energia de Reserva,009/2015,RIO ENERGY MORRO DO CHAPEU,59.000.000/0000-00,QTD-UEE-ER20,EOL.CV.BA.032466-3.01,SERRA DA BABILONIA VI,Sem Pendências,BA,Eólica,Cinética do Vento,NE,"117,130,000.00",#REF!,26.000,,,0.000,13.200,0.1,135,135,135,10.800,10.800,10.800,10.800,10.800,"1,893,456.000",206.48,R$/MWh,0.00,0.00,"390,960,794.88",#REF!,#REF!,0.00,0.00,0.00,11/1/2018,10/31/2038,Não,"4,405.95",#REF!
,1451,2015,LER,08ºLER,Leilão de Energia de Reserva,009/2015,APODI,56.000.000/0000-00,QTD-UES-ER20,UFV.RS.CE.033917-2.01,APODI I,Data de Suprimento Alterada,CE,Solar Fotovoltaica,Radiação Solar Global,NE,"120,000,010.00",#REF!,30.000,,,36.456,8.700,0.1,87,87,87,8.700,8.700,8.700,8.700,8.700,"1,525,284.000",300.88,R$/MWh,0.00,0.00,"458,927,449.92",#REF!,#REF!,0.00,0.00,0.00,11/1/2018,10/31/2038,Não,"4,405.95",#REF!
,1452,2015,LER,08ºLER,Leilão de Energia de Reserva,009/2015,APODI,56.000.000/0000-00,QTD-UES-ER20,UFV.RS.CE.033920-2.01,APODI IV,Data de Suprimento Alterada,CE,Solar Fotovoltaica,Radiação Solar Global,NE,"120,000,000.00",#REF!,30.000,,,36.456,8.700,0.1,87,87,87,8.700,8.700,8.700,8.700,8.700,"1,525,284.000",300.88,R$/MWh,0.00,0.00,"458,927,449.92",#REF!,#REF!,0.00,0.00,0.00,11/1/2018,10/31/2038,Não,"4,405.95",#REF!
,1453,2015,LER,08ºLER,Leilão de Energia de Reserva,009/2015,CONSORCIO VBD,11.000.000/0000-00,QTD-UEE-ER20,EOL.CV.BA.032531-7.01,VENTOS DA BAHIA IX,Sem Pendências,BA,Eólica,Cinética do Vento,NE,"144,980,980.00",#REF!,30.000,,,0.000,13.400,0.1,131,131,131,13.200,13.200,13.200,13.200,13.200,"2,314,224.000",203.96,R$/MWh,0.00,0.00,"472,009,127.04",#REF!,#REF!,0.00,0.00,0.00,11/1/2018,10/31/2038,Não,"4,405.95",#REF!
,1454,2015,LER,08ºLER,Leilão de Energia de Reserva,009/2015,RIO ENERGY MORRO DO CHAPEU,59.000.000/0000-00,QTD-UEE-ER20,EOL.CV.BA.032467-1.01,SERRA DA BABILONIA VII,Sem Pendências,BA,Eólica,Cinética do Vento,NE,"117,130,000.00",#REF!,26.000,,,0.000,14.400,0.1,135,135,135,12.800,12.800,12.800,12.800,12.800,"2,244,096.000",206.48,R$/MWh,0.00,0.00,"463,360,942.08",#REF!,#REF!,0.00,0.00,0.00,11/1/2018,10/31/2038,Não,"4,405.95",#REF!
,1455,2015,LER,08ºLER,Leilão de Energia de Reserva,009/2015,ASSU,49.000.000/0000-00,QTD-UES-ER20,UFV.RS.RN.034184-3.01,ASSU V,Sem Pendências,RN,Solar Fotovoltaica,Radiação Solar Global,NE,"149,784,370.00",#REF!,30.000,,,36.716,9.200,0.1,92,92,92,9.200,9.200,9.200,9.200,9.200,"1,612,944.000",302.99,R$/MWh,0.00,0.00,"488,705,902.56",#REF!,#REF!,0.00,0.00,0.00,11/1/2018,10/31/2038,Não,"4,405.95",#REF!
,1456,2015,LER,08ºLER,Leilão de Energia de Reserva,009/2015,APODI,56.000.000/0000-00,QTD-UES-ER20,UFV.RS.CE.033919-9.01,APODI III,Data de Suprimento Alterada,CE,Solar Fotovoltaica,Radiação Solar Global,NE,"120,000,000.00",#REF!,30.000,,,36.456,8.700,0.1,87,87,87,8.700,8.700,8.700,8.700,8.700,"1,525,284.000",300.88,R$/MWh,0.00,0.00,"458,927,449.92",#REF!,#REF!,0.00,0.00,0.00,11/1/2018,10/31/2038,Não,"4,405.95",#REF!
,1457,2015,LER,08ºLER,Leilão de Energia de Reserva,009/2015,APODI,56.000.000/0000-00,QTD-UES-ER20,UFV.RS.CE.033918-0.01,APODI II,Data de Suprimento Alterada,CE,Solar Fotovoltaica,Radiação Solar Global,NE,"120,000,000.00",#REF!,30.000,,,36.456,8.700,0.1,87,87,87,8.700,8.700,8.700,8.700,8.700,"1,525,284.000",300.88,R$/MWh,0.00,0.00,"458,927,449.92",#REF!,#REF!,0.00,0.00,0.00,11/1/2018,10/31/2038,Não,"4,405.95",#REF!
,1458,2015,LER,08ºLER,Leilão de Energia de Reserva,009/2015,ADX,11.379.152/0001-63,QTD-UES-ER20,UFV.RS.RN.031869-8.01,NOVA CRUZ,Outorga Revogada,RN,Solar Fotovoltaica,Radiação Solar Global,NE,"171,541,250.00",#REF!,30.000,,,33.999,7.000,0.1,63,63,63,6.300,6.300,6.300,6.300,6.300,"1,104,516.000",292.60,R$/MWh,0.00,0.00,"323,181,381.60",#REF!,#REF!,0.00,0.00,0.00,11/1/2018,10/31/2038,Não,"4,405.95",#REF!
,1459,2015,LER,08ºLER,Leilão de Energia de Reserva,009/2015,VOLTALIA,40.000.000/0000-00,QTD-UEE-ER20,EOL.CV.RN.033752-8.01,VILA ACRE I,Antecipação de Contrato,RN,Eólica,Cinética do Vento,NE,"100,800,000.00",#REF!,25.200,,,0.000,15.200,0.1,144,144,144,14.400,14.400,14.400,14.400,14.400,"2,524,608.000",210.98,R$/MWh,0.00,0.00,"532,641,795.84",#REF!,#REF!,0.00,0.00,0.00,11/1/2018,10/31/2038,Não,"4,405.95",#REF!
,1460,2015,LER,08ºLER,Leilão de Energia de Reserva,009/2015,RIO ENERGY MORRO DO CHAPEU,59.000.000/0000-00,QTD-UEE-ER20,EOL.CV.BA.032471-0.01,SERRA DA BABILONIA XII,Sem Pendências,BA,Eólica,Cinética do Vento,NE,"126,135,000.00",#REF!,28.000,,,0.000,15.800,0.1,135,135,135,13.100,13.100,13.100,13.100,13.100,"2,296,692.000",206.48,R$/MWh,0.00,0.00,"474,220,964.16",#REF!,#REF!,0.00,0.00,0.00,11/1/2018,10/31/2038,Não,"4,405.95",#REF!
,1461,2015,LER,08ºLER,Leilão de Energia de Reserva,009/2015,RIO ENERGY MORRO DO CHAPEU,59.000.000/0000-00,QTD-UEE-ER20,EOL.CV.BA.032470-1.01,SERRA DA BABILONIA XI,Sem Pendências,BA,Eólica,Cinética do Vento,NE,"126,135,000.00",#REF!,28.000,,,0.000,15.500,0.1,135,135,135,12.000,12.000,12.000,12.000,12.000,"2,103,840.000",206.48,R$/MWh,0.00,0.00,"434,400,883.20",#REF!,#REF!,0.00,0.00,0.00,11/1/2018,10/31/2038,Não,"4,405.95",#REF!
,1462,2015,LER,08ºLER,Leilão de Energia de Reserva,009/2015,RIO ENERGY MORRO DO CHAPEU,59.000.000/0000-00,QTD-UEE-ER20,EOL.CV.BA.032469-8.01,SERRA DA BABILONIA X,Sem Pendências,BA,Eólica,Cinética do Vento,NE,"117,130,000.00",#REF!,26.000,,,0.000,14.100,0.1,135,135,135,12.700,12.700,12.700,12.700,12.700,"2,226,564.000",206.48,R$/MWh,0.00,0.00,"459,740,934.72",#REF!,#REF!,0.00,0.00,0.00,11/1/2018,10/31/2038,Não,"4,405.95",#REF!
,1463,2015,LER,08ºLER,Leilão de Energia de Reserva,009/2015,RIO ENERGY MORRO DO CHAPEU,59.000.000/0000-00,QTD-UEE-ER20,EOL.CV.BA.032468-0.01,SERRA DA BABILONIA VIII,Sem Pendências,BA,Eólica,Cinética do Vento,NE,"117,130,000.00",#REF!,26.000,,,0.000,14.100,0.1,135,135,135,12.600,12.600,12.600,12.600,12.600,"2,209,032.000",206.48,R$/MWh,0.00,0.00,"456,120,927.36",#REF!,#REF!,0.00,0.00,0.00,11/1/2018,10/31/2038,Não,"4,405.95",#REF!
,1464,2015,LEE,15ºLEE,Leilão de Energia Existente,014/2015,EDP C,04.149.295/0001-13,QTD-03ANOS,-,-,Sem Pendências,SP,-,-,SE,0.00,#REF!,0.000,,,0.000,0.000,1.0,40,40,40,40.000,40.000,40.000,0.000,40.000,"1,052,160.000",145.49,R$/MWh,0.00,0.00,"153,078,758.40",#REF!,#REF!,0.00,0.00,0.00,1/1/2016,12/31/2018,Não,"4,450.45",#REF!
,1465,2015,LEE,15ºLEE,Leilão de Energia Existente,014/2015,EDP C,04.149.295/0001-13,QTD-03ANOS,-,-,Sem Pendências,SP,-,-,N,0.00,#REF!,0.000,,,0.000,0.000,1.0,10,10,10,10.000,10.000,10.000,0.000,10.000,"263,040.000",143.49,R$/MWh,0.00,0.00,"37,743,609.60",#REF!,#REF!,0.00,0.00,0.00,1/1/2016,12/31/2018,Não,"4,450.45",#REF!
,1466,2015,LEE,15ºLEE,Leilão de Energia Existente,014/2015,UTE ANGELICA PIE,07.903.169/0001-09,DIS3-01ANO,UTE.AI.MS.030115-9.01,AMANDINA,Sem Pendências,MS,Biomassa,Bagaço de Cana de Açúcar,SE,0.00,#REF!,120.000,,,0.000,44.300,1.0,15,0,15,15.000,0.000,0.000,0.000,15.000,"131,760.000",161.29,R$/MWh,0.00,0.00,"21,251,570.40",#REF!,#REF!,"22,338,000.00","22,338,000.00","22,338,000.00",1/1/2016,12/31/2016,Não,"4,450.45",#REF!
,1467,2015,LEE,15ºLEE,Leilão de Energia Existente,014/2015,ERB,15.419.901/0001-90,DIS3-01ANO,UTE.AI.MG.031268-1.01,SANTA VITÓRIA,Sem Pendências,MG,Biomassa,Bagaço de Cana de Açúcar,SE,0.00,#REF!,41.400,,,0.000,30.900,1.0,6,0,6,6.000,0.000,0.000,0.000,6.000,"52,704.000",159.44,R$/MWh,0.00,0.00,"8,403,125.76",#REF!,#REF!,"4,694,394.11","4,694,394.11","4,694,394.11",1/1/2016,12/31/2016,Não,"4,450.45",#REF!
,1468,2015,LEE,15ºLEE,Leilão de Energia Existente,014/2015,CDSA,01.672.223/0001-68,QTD-03ANOS,-, -,Sem Pendências,GO,-,-,SE,0.00,#REF!,0.000,,,0.000,0.000,1.0,85,85,85,85.000,85.000,85.000,0.000,85.000,"2,235,840.000",145.90,R$/MWh,0.00,0.00,"326,209,056.00",#REF!,#REF!,0.00,0.00,0.00,1/1/2016,12/31/2018,Não,"4,450.45",#REF!
,1469,2015,LEE,15ºLEE,Leilão de Energia Existente,014/2015,ESBR,09.029.666/0001-47,QTD-03ANOS,-, -,Sem Pendências,MG,-,-,SE,0.00,#REF!,0.000,,,0.000,0.000,1.0,18,18,18,18.000,18.000,18.000,0.000,18.000,"473,472.000",148.00,R$/MWh,0.00,0.00,"70,073,856.00",#REF!,#REF!,0.00,0.00,0.00,1/1/2016,12/31/2018,Não,"4,450.45",#REF!
,1470,2015,LEE,15ºLEE,Leilão de Energia Existente,014/2015,ECOM,05.352.237/0001-55,QTD-03ANOS,-,-,Sem Pendências,SP,-,-,S,0.00,#REF!,0.000,,,0.000,0.000,1.0,10,10,10,10.000,10.000,10.000,0.000,10.000,"263,040.000",147.98,R$/MWh,0.00,0.00,"38,924,659.20",#REF!,#REF!,0.00,0.00,0.00,1/1/2016,12/31/2018,Não,"4,450.45",#REF!
,1471,2015,LEE,15ºLEE,Leilão de Energia Existente,014/2015,RIO PARANAPAN,02.998.301/0001-81,QTD-03ANOS,-, -,Sem Pendências,SP,-,-,SE,0.00,#REF!,0.000,,,0.000,0.000,1.0,70,70,70,70.000,70.000,70.000,0.000,70.000,"1,841,280.000",148.49,R$/MWh,0.00,0.00,"273,411,667.20",#REF!,#REF!,0.00,0.00,0.00,1/1/2016,12/31/2018,Não,"4,450.45",#REF!
,1472,2015,LEE,15ºLEE,Leilão de Energia Existente,014/2015,LEROS ENERGIA,11.017.349/0001-52,QTD-03ANOS,-,-,Sem Pendências,SP,-,-,N,0.00,#REF!,0.000,,,0.000,0.000,1.0,30,30,30,30.000,30.000,30.000,0.000,30.000,"789,120.000",147.85,R$/MWh,0.00,0.00,"116,671,392.00",#REF!,#REF!,0.00,0.00,0.00,1/1/2016,12/31/2018,Não,"4,450.45",#REF!
,1473,2015,LEE,15ºLEE,Leilão de Energia Existente,014/2015,ECEL,15.087.610/0001-41,QTD-03ANOS,-,-,Sem Pendências,PE,-,-,N,0.00,#REF!,0.000,,,0.000,0.000,1.0,10,10,10,10.000,10.000,10.000,0.000,10.000,"263,040.000",146.48,R$/MWh,0.00,0.00,"38,530,099.20",#REF!,#REF!,0.00,0.00,0.00,1/1/2016,12/31/2018,Não,"4,450.45",#REF!
,1474,2015,LEE,15ºLEE,Leilão de Energia Existente,014/2015,ECEL,15.087.610/0001-41,QTD-03ANOS,-,-,Sem Pendências,PE,-,-,SE,0.00,#REF!,0.000,,,0.000,0.000,1.0,10,10,10,10.000,10.000,10.000,0.000,10.000,"263,040.000",145.98,R$/MWh,0.00,0.00,"38,398,579.20",#REF!,#REF!,0.00,0.00,0.00,1/1/2016,12/31/2018,Não,"4,450.45",#REF!
,1475,2015,LEE,15ºLEE,Leilão de Energia Existente,014/2015,RAFARD,18.794.615/0001-00,DIS3-01ANO,UTE.AI.SP.002903-3.01,BIOENERGIA RAFARD,Sem Pendências,SP,Biomassa,Bagaço de Cana de Açúcar,SE,0.00,#REF!,50.000,,,0.000,14.500,1.0,2,0,2,2.000,0.000,0.000,0.000,2.000,"17,568.000",166.15,R$/MWh,0.00,0.00,"2,918,923.20",#REF!,#REF!,"3,144,000.00","3,144,000.00","3,144,000.00",1/1/2016,12/31/2016,Não,"4,450.45",#REF!
,1476,2015,LEE,15ºLEE,Leilão de Energia Existente,014/2015,ECEL,15.087.610/0001-41,QTD-03ANOS,-,-,Sem Pendências,PE,-,-,S,0.00,#REF!,0.000,,,0.000,0.000,1.0,10,10,10,10.000,10.000,10.000,0.000,10.000,"263,040.000",145.98,R$/MWh,0.00,0.00,"38,398,579.20",#REF!,#REF!,0.00,0.00,0.00,1/1/2016,12/31/2018,Não,"4,450.45",#REF!
,1477,2015,LEE,15ºLEE,Leilão de Energia Existente,014/2015,VOTENER,03.984.862/0001-94,QTD-03ANOS,-, -,Sem Pendências,SP,-,-,S,0.00,#REF!,0.000,,,0.000,0.000,1.0,30,30,30,30.000,30.000,30.000,0.000,30.000,"789,120.000",147.90,R$/MWh,0.00,0.00,"116,710,848.00",#REF!,#REF!,0.00,0.00,0.00,1/1/2016,12/31/2018,Não,"4,450.45",#REF!
,1478,2015,LEE,15ºLEE,Leilão de Energia Existente,014/2015,VOTENER,03.984.862/0001-94,QTD-03ANOS,-, -,Sem Pendências,SP,-,-,SE,0.00,#REF!,0.000,,,0.000,0.000,1.0,200,200,200,200.000,200.000,200.000,0.000,200.000,"5,260,800.000",147.90,R$/MWh,0.00,0.00,"778,072,320.00",#REF!,#REF!,0.00,0.00,0.00,1/1/2016,12/31/2018,Não,"4,450.45",#REF!
,1479,2015,LEE,15ºLEE,Leilão de Energia Existente,014/2015,VOTENER,03.984.862/0001-94,QTD-03ANOS,-, -,Sem Pendências,SP,-,-,N,0.00,#REF!,0.000,,,0.000,0.000,1.0,40,40,40,40.000,40.000,40.000,0.000,40.000,"1,052,160.000",147.90,R$/MWh,0.00,0.00,"155,614,464.00",#REF!,#REF!,0.00,0.00,0.00,1/1/2016,12/31/2018,Não,"4,450.45",#REF!
,1480,2015,LEE,15ºLEE,Leilão de Energia Existente,014/2015,BTG PACTUAL,07.133.522/0001-00,QTD-03ANOS,-,-,Sem Pendências,SP,-,-,N,0.00,#REF!,0.000,,,0.000,0.000,1.0,337,337,337,337.000,337.000,337.000,0.000,337.000,"8,864,448.000",148.87,R$/MWh,0.00,0.00,"1,319,650,373.76",#REF!,#REF!,0.00,0.00,0.00,1/1/2016,12/31/2018,Não,"4,450.45",#REF!
,1481,2015,LEE,15ºLEE,Leilão de Energia Existente,014/2015,EDP C,04.149.295/0001-13,QTD-03ANOS,-,-,Sem Pendências,SP,-,-,S,0.00,#REF!,0.000,,,0.000,0.000,1.0,25,25,25,25.000,25.000,25.000,0.000,25.000,"657,600.000",147.89,R$/MWh,0.00,0.00,"97,252,464.00",#REF!,#REF!,0.00,0.00,0.00,1/1/2016,12/31/2018,Não,"4,450.45",#REF!
,1482,2015,LEE,15ºLEE,Leilão de Energia Existente,014/2015,ECOM,05.352.237/0001-55,QTD-03ANOS,-,-,Sem Pendências,SP,-,-,SE,0.00,#REF!,0.000,,,0.000,0.000,1.0,10,10,10,10.000,10.000,10.000,0.000,10.000,"263,040.000",147.98,R$/MWh,0.00,0.00,"38,924,659.20",#REF!,#REF!,0.00,0.00,0.00,1/1/2016,12/31/2018,Não,"4,450.45",#REF!
,1483,2015,LEE,15ºLEE,Leilão de Energia Existente,014/2015,CACU,19.006.822/0001-08,DIS3-01ANO,UTE.AI.GO.030025-0.01,CACU I,Sem Pendências,GO,Biomassa,Bagaço de Cana de Açúcar,SE,0.00,#REF!,130.000,,,0.000,35.500,1.0,8,0,8,8.000,0.000,0.000,0.000,8.000,"70,272.000",164.50,R$/MWh,0.00,0.00,"11,559,744.00",#REF!,#REF!,"12,751,793.59","12,751,793.59","12,751,793.59",1/1/2016,12/31/2016,Não,"4,450.45",#REF!
,1484,2015,LEE,15ºLEE,Leilão de Energia Existente,014/2015,AES TIETE,02.998.609/0001-27,QTD-03ANOS,-,-,Sem Pendências,SP,-,-,SE,0.00,#REF!,0.000,,,0.000,0.000,1.0,90,90,90,90.000,90.000,90.000,0.000,90.000,"2,367,360.000",142.00,R$/MWh,0.00,0.00,"336,165,120.00",#REF!,#REF!,0.00,0.00,0.00,1/1/2016,12/31/2018,Não,"4,450.45",#REF!
,1485,2015,LEE,15ºLEE,Leilão de Energia Existente,014/2015,AAL,48.295.562/0014-50,DIS3-01ANO,UTE.AI.PR.028367-3.01,UJU,Sem Pendências,PR,Biomassa,Bagaço de Cana de Açúcar,S,0.00,#REF!,30.000,,,0.000,8.100,1.0,4,0,4,4.000,0.000,0.000,0.000,4.000,"35,136.000",166.50,R$/MWh,0.00,0.00,"5,850,144.00",#REF!,#REF!,"6,212,241.60","6,212,241.60","6,212,241.60",1/1/2016,12/31/2016,Não,"4,450.45",#REF!
,1486,2015,LEE,15ºLEE,Leilão de Energia Existente,014/2015,PETROBRAS PIE,33.000.167/0001-01,DIS3-01ANO,UTE.GN.BA.027263-9.01,CELSO FURTADO,Sem Pendências,BA,Gás Natural,Gás Natural,NE,0.00,#REF!,185.891,,,0.000,134.600,1.0,85,0,85,85.000,0.000,0.000,0.000,85.000,"746,640.000",167.00,R$/MWh,0.00,0.00,"124,688,880.00",#REF!,#REF!,"16,036,171.27","16,036,171.27","16,036,171.27",1/1/2016,12/31/2016,Não,"4,450.45",#REF!
,1487,2015,LEE,15ºLEE,Leilão de Energia Existente,014/2015,UAA USI,48.295.562/0001-36,DIS3-01ANO,UTE.AI.PR.031968-6.01,USI BIO,Sem Pendências,PR,Biomassa,Bagaço de Cana de Açúcar,S,0.00,#REF!,35.000,,,0.000,7.100,1.0,2,0,2,2.000,0.000,0.000,0.000,2.000,"17,568.000",166.50,R$/MWh,0.00,0.00,"2,925,072.00",#REF!,#REF!,"3,057,940.00","3,057,940.00","3,057,940.00",1/1/2016,12/31/2016,Não,"4,450.45",#REF!
,1488,2015,LEE,15ºLEE,Leilão de Energia Existente,014/2015,UAA USI,48.295.562/0001-36,DIS3-01ANO,UTE.AI.PR.031034-4.01,UFL,Sem Pendências,PR,Biomassa,Bagaço de Cana de Açúcar,S,0.00,#REF!,42.000,,,0.000,20.000,1.0,2,0,2,8.000,0.000,0.000,0.000,8.000,"70,272.000",166.50,R$/MWh,0.00,0.00,"11,700,288.00",#REF!,#REF!,"12,259,094.40","12,259,094.40","12,259,094.40",1/1/2016,12/31/2016,Não,"4,450.45",#REF!
,1489,2015,LEE,15ºLEE,Leilão de Energia Existente,014/2015,UAA USI,48.295.562/0001-36,DIS3-01ANO,UTE.AI.PR.029575-2.01,USI,Sem Pendências,PR,Biomassa,Bagaço de Cana de Açúcar,S,0.00,#REF!,35.000,,,0.000,16.500,1.0,2,0,2,8.000,0.000,0.000,0.000,8.000,"70,272.000",166.50,R$/MWh,0.00,0.00,"11,700,288.00",#REF!,#REF!,"12,538,012.80","12,538,012.80","12,538,012.80",1/1/2016,12/31/2016,Não,"4,450.45",#REF!
,1490,2015,LEE,15ºLEE,Leilão de Energia Existente,014/2015,BARRA GRANDE,51.422.921/0001-83,DIS3-01ANO,UTE.AI.SP.027055-5.01,USINA BARRA GRANDE DE LENCOIS SA,Sem Pendências,SP,Biomassa,Bagaço de Cana de Açúcar,SE,0.00,#REF!,62.900,,,0.000,30.700,1.0,12,0,12,12.000,0.000,0.000,0.000,12.000,"105,408.000",160.45,R$/MWh,0.00,0.00,"16,912,713.60",#REF!,#REF!,"17,408,120.00","17,408,120.00","17,408,120.00",1/1/2016,12/31/2016,Não,"4,450.45",#REF!
,1491,2015,LEE,15ºLEE,Leilão de Energia Existente,014/2015,UTE RIO VERMEL ,68.316.801/0001-02,DIS2-03ANOS,UTE.AI.SP.031793-4.01,RIO VERMELHO 2,Sem Pendências,SP,Biomassa,Bagaço de Cana de Açúcar,SE,0.00,#REF!,40.000,,,0.000,17.300,1.0,6,6,6,6.000,6.000,6.000,0.000,6.000,"157,824.000",128.50,R$/MWh,0.00,0.00,"20,280,384.00",#REF!,#REF!,"7,355,198.99","7,355,198.99","7,355,198.99",1/1/2016,12/31/2018,Não,"4,450.45",#REF!
,1492,2015,LEE,15ºLEE,Leilão de Energia Existente,014/2015,PETROBRAS PIE,33.000.167/0001-01,DIS3-01ANO,UTE.GN.RJ.027888-2.01,GOV. LEONEL BRIZOLA,Sem Pendências,RJ,Gás Natural,Gás Natural,SE,0.00,#REF!,"1,058.300",,,0.000,986.600,1.0,29,0,29,29.000,0.000,0.000,0.000,29.000,"254,736.000",166.99,R$/MWh,0.00,0.00,"42,538,364.64",#REF!,#REF!,"9,182,710.81","9,182,710.81","9,182,710.81",1/1/2016,12/31/2016,Não,"4,450.45",#REF!
,1493,2015,LEE,15ºLEE,Leilão de Energia Existente,014/2015,QGE,03.299.819/0001-90,QTD-03ANOS,-, -,Sem Pendências,SP,-,-,SE,0.00,#REF!,0.000,,,0.000,0.000,1.0,25,25,25,25.000,25.000,25.000,0.000,25.000,"657,600.000",146.99,R$/MWh,0.00,0.00,"96,660,624.00",#REF!,#REF!,0.00,0.00,0.00,1/1/2016,12/31/2018,Não,"4,450.45",#REF!
,1494,2015,LEE,15ºLEE,Leilão de Energia Existente,014/2015,QGCE,11.820.864/0001-76,QTD-03ANOS,-, -,Sem Pendências,SP,-,-,SE,0.00,#REF!,0.000,,,0.000,0.000,1.0,10,10,10,10.000,10.000,10.000,0.000,10.000,"263,040.000",144.88,R$/MWh,0.00,0.00,"38,109,235.20",#REF!,#REF!,0.00,0.00,0.00,1/1/2016,12/31/2018,Não,"4,450.45",#REF!
,1495,2015,LEE,15ºLEE,Leilão de Energia Existente,014/2015,DMEE,03.966.583/0001-06,QTD-03ANOS,-, -,Sem Pendências,MG,-,-,S,0.00,#REF!,0.000,,,0.000,0.000,1.0,6,6,6,6.000,6.000,6.000,0.000,6.000,"157,824.000",145.00,R$/MWh,0.00,0.00,"22,884,480.00",#REF!,#REF!,0.00,0.00,0.00,1/1/2016,12/31/2018,Não,"4,450.45",#REF!
,1496,2015,LEE,15ºLEE,Leilão de Energia Existente,014/2015,CEMIG GERACAO,06.981.176/0001-58,QTD-03ANOS,-, -,Sem Pendências,MG,-,-,SE,0.00,#REF!,0.000,,,0.000,0.000,1.0,38,38,38,38.000,38.000,38.000,0.000,38.000,"999,552.000",147.50,R$/MWh,0.00,0.00,"147,433,920.00",#REF!,#REF!,0.00,0.00,0.00,1/1/2016,12/31/2018,Não,"4,450.45",#REF!
,1497,2015,LEE,15ºLEE,Leilão de Energia Existente,014/2015,OER RIO BRILHANTE,15.806.930/0001-04,DIS3-01ANO,UTE.AI.MS.029193-5.01,ELDORADO,Sem Pendências,MS,Biomassa,Bagaço de Cana de Açúcar,SE,0.00,#REF!,141.019,,,0.000,35.600,1.0,5,0,5,5.000,0.000,0.000,0.000,5.000,"43,920.000",165.50,R$/MWh,0.00,0.00,"7,268,760.00",#REF!,#REF!,"7,732,656.35","7,732,656.35","7,732,656.35",1/1/2016,12/31/2016,Não,"4,450.45",#REF!
,1498,2015,LEE,15ºLEE,Leilão de Energia Existente,014/2015,OER MIRANTE,19.006.829/0001-20,DIS3-01ANO,UTE.AI.SP.030024-1.01,CONQUISTA DO PONTAL,Sem Pendências,SP,Biomassa,Bagaço de Cana de Açúcar,SE,0.00,#REF!,110.000,,,0.000,39.000,1.0,1,0,1,1.000,0.000,0.000,0.000,1.000,"8,784.000",163.00,R$/MWh,0.00,0.00,"1,431,792.00",#REF!,#REF!,"1,501,201.44","1,501,201.44","1,501,201.44",1/1/2016,12/31/2016,Não,"4,450.45",#REF!
,1499,2015,LEE,15ºLEE,Leilão de Energia Existente,014/2015,OER NOVA ALVORADA,19.005.112/0001-63,DIS3-01ANO,UTE.AI.MS.030006-3.01,SANTA LUZIA I,Sem Pendências,MS,Biomassa,Bagaço de Cana de Açúcar,SE,0.00,#REF!,130.000,,,0.000,44.000,1.0,1,0,1,1.000,0.000,0.000,0.000,1.000,"8,784.000",163.00,R$/MWh,0.00,0.00,"1,431,792.00",#REF!,#REF!,"1,489,190.99","1,489,190.99","1,489,190.99",1/1/2016,12/31/2016,Não,"4,450.45",#REF!
,1500,2015,LEE,15ºLEE,Leilão de Energia Existente,014/2015,BOA VISTA,07.603.999/0001-02,DIS3-01ANO,UTE.AI.GO.029588-4.01,BOA VISTA,Sem Pendências,GO,Biomassa,Bagaço de Cana de Açúcar,SE,0.00,#REF!,80.000,,,0.000,38.900,1.0,9,0,9,9.000,0.000,0.000,0.000,9.000,"79,056.000",151.88,R$/MWh,0.00,0.00,"12,007,025.28",#REF!,#REF!,"12,653,820.00","12,653,820.00","12,653,820.00",1/1/2016,12/31/2016,Não,"4,450.45",#REF!
,1501,2015,LEE,15ºLEE,Leilão de Energia Existente,014/2015,SANTA CRUZ,10.763.227/0001-42,DIS3-01ANO,UTE.AI.SP.001609-8.01,USINA TERMOELETRICA SANTA CRUZ AB,Sem Pendências,SP,Biomassa,Bagaço de Cana de Açúcar,SE,0.00,#REF!,84.000,,,0.000,28.000,1.0,3,0,3,3.000,0.000,0.000,0.000,3.000,"26,352.000",151.51,R$/MWh,0.00,0.00,"3,992,591.52",#REF!,#REF!,"4,217,940.00","4,217,940.00","4,217,940.00",1/1/2016,12/31/2016,Não,"4,450.45",#REF!
,1502,2015,LEE,15ºLEE,Leilão de Energia Existente,014/2015,CPFL COM,04.973.790/0001-42,QTD-03ANOS,-,-,Sem Pendências,SP,-,-,S,0.00,#REF!,0.000,,,0.000,0.000,1.0,70,70,70,70.000,70.000,70.000,0.000,70.000,"1,841,280.000",147.21,R$/MWh,0.00,0.00,"271,054,828.80",#REF!,#REF!,0.00,0.00,0.00,1/1/2016,12/31/2018,Não,"4,450.45",#REF!
,1503,2015,LEE,15ºLEE,Leilão de Energia Existente,014/2015,AMERICA,11.085.823/0001-83,QTD-03ANOS,-,-,Sem Pendências,SP,-,-,SE,0.00,#REF!,0.000,,,0.000,0.000,1.0,15,15,15,15.000,15.000,15.000,0.000,15.000,"394,560.000",145.48,R$/MWh,0.00,0.00,"57,400,588.80",#REF!,#REF!,0.00,0.00,0.00,1/1/2016,12/31/2018,Não,"4,450.45",#REF!
,1504,2015,LEE,15ºLEE,Leilão de Energia Existente,014/2015,SUZANO,16.404.287/0001-55,DIS2-03ANOS,UTE.FL.MA.030959-1.01,SUZANO PAPEL E CELULOSE SA UNIDADE IMPERATRIZ,Sem Pendências,MA,Biomassa,Cavaco/ Resíduo de Madeira,N,0.00,#REF!,254.840,,,0.000,96.900,1.0,18,18,18,18.000,18.000,18.000,0.000,18.000,"473,472.000",129.50,R$/MWh,0.00,0.00,"61,314,624.00",#REF!,#REF!,"20,422,233.05","20,422,233.05","20,422,233.05",1/1/2016,12/31/2018,Não,"4,450.45",#REF!
,1505,2015,LEE,15ºLEE,Leilão de Energia Existente,014/2015,USJ,44.209.336/0001-34,DIS3-01ANO,UTE.AI.SP.026832-1.01,SAO JOAO,Sem Pendências,SP,Biomassa,Bagaço de Cana de Açúcar,SE,0.00,#REF!,40.750,,,0.000,3.500,1.0,2,0,2,2.000,0.000,0.000,0.000,2.000,"17,568.000",166.50,R$/MWh,0.00,0.00,"2,925,072.00",#REF!,#REF!,"3,219,556.06","3,219,556.06","3,219,556.06",1/1/2016,12/31/2016,Não,"4,450.45",#REF!
,1506,2015,LEE,15ºLEE,Leilão de Energia Existente,014/2015,ENERGEST,04.029.601/0001-88,QTD-03ANOS,-, -,Sem Pendências,SP,-,-,SE,0.00,#REF!,0.000,,,0.000,0.000,1.0,5,5,5,5.000,5.000,5.000,0.000,5.000,"131,520.000",145.49,R$/MWh,0.00,0.00,"19,134,844.80",#REF!,#REF!,0.00,0.00,0.00,1/1/2016,12/31/2018,Não,"4,450.45",#REF!
,1507,2015,LEE,15ºLEE,Leilão de Energia Existente,014/2015,GERAMAMORE,09.625.739/0001-63,QTD-03ANOS,-, -,Sem Pendências,RJ,-,-,SE,0.00,#REF!,0.000,,,0.000,0.000,1.0,300,300,300,300.000,300.000,300.000,0.000,300.000,"7,891,200.000",147.49,R$/MWh,0.00,0.00,"1,163,873,088.00",#REF!,#REF!,0.00,0.00,0.00,1/1/2016,12/31/2018,Não,"4,450.45",#REF!
,1508,2015,LEE,15ºLEE,Leilão de Energia Existente,014/2015,FERRARI,08.791.234/0001-06,DIS3-01ANO,UTE.AI.SP.028058-5.01,FERRARI,Sem Pendências,SP,Biomassa,Bagaço de Cana de Açúcar,SE,0.00,#REF!,80.500,,,0.000,35.600,1.0,5,0,5,5.000,0.000,0.000,0.000,5.000,"43,920.000",165.49,R$/MWh,0.00,0.00,"7,268,320.80",#REF!,#REF!,"7,440,553.64","7,440,553.64","7,440,553.64",1/1/2016,12/31/2016,Não,"4,450.45",#REF!
,1509,2015,LEE,15ºLEE,Leilão de Energia Existente,014/2015,SUZANO,16.404.287/0001-55,DIS3-01ANO,UTE.FL.MA.030959-1.01,SUZANO PAPEL E CELULOSE SA UNIDADE IMPERATRIZ,Sem Pendências,MA,Biomassa,Cavaco/ Resíduo de Madeira,N,0.00,#REF!,254.840,,,0.000,96.900,1.0,30,0,30,30.000,0.000,0.000,0.000,30.000,"263,520.000",144.98,R$/MWh,0.00,0.00,"38,205,129.60",#REF!,#REF!,"38,106,000.00","38,106,000.00","38,106,000.00",1/1/2016,12/31/2016,Não,"4,450.45",#REF!
,1510,2015,LEE,15ºLEE,Leilão de Energia Existente,014/2015,ENERPEIXE,04.426.411/0001-02,QTD-03ANOS,-, -,Sem Pendências,SP,-,-,SE,0.00,#REF!,0.000,,,0.000,0.000,1.0,15,15,15,15.000,15.000,15.000,0.000,15.000,"394,560.000",147.00,R$/MWh,0.00,0.00,"58,000,320.00",#REF!,#REF!,0.00,0.00,0.00,1/1/2016,12/31/2018,Não,"4,450.45",#REF!
,1511,2015,LEE,15ºLEE,Leilão de Energia Existente,014/2015,CAPITALE,11.599.292/0001-47,QTD-03ANOS,-,-,Sem Pendências,SP,-,-,SE,0.00,#REF!,0.000,,,0.000,0.000,1.0,10,10,10,10.000,10.000,10.000,0.000,10.000,"263,040.000",148.50,R$/MWh,0.00,0.00,"39,061,440.00",#REF!,#REF!,0.00,0.00,0.00,1/1/2016,12/31/2018,Não,"4,450.45",#REF!
,1512,2015,LEE,15ºLEE,Leilão de Energia Existente,014/2015,CAPITALE,11.599.292/0001-47,QTD-03ANOS,-,-,Sem Pendências,SP,-,-,S,0.00,#REF!,0.000,,,0.000,0.000,1.0,10,10,10,10.000,10.000,10.000,0.000,10.000,"263,040.000",148.39,R$/MWh,0.00,0.00,"39,032,505.60",#REF!,#REF!,0.00,0.00,0.00,1/1/2016,12/31/2018,Não,"4,450.45",#REF!
,1513,2015,LEE,15ºLEE,Leilão de Energia Existente,014/2015,CAPITALE,11.599.292/0001-47,QTD-03ANOS,-,-,Sem Pendências,SP,-,-,N,0.00,#REF!,0.000,,,0.000,0.000,1.0,10,10,10,10.000,10.000,10.000,0.000,10.000,"263,040.000",147.49,R$/MWh,0.00,0.00,"38,795,769.60",#REF!,#REF!,0.00,0.00,0.00,1/1/2016,12/31/2018,Não,"4,450.45",#REF!
,1514,2015,LEE,15ºLEE,Leilão de Energia Existente,014/2015,UNIVALEN,18.753.150/0001-31,DIS3-01ANO,UTE.AI.SP.030264-3.01,BIOENERGIA UNIVALEM,Sem Pendências,SP,Biomassa,Bagaço de Cana de Açúcar,SE,0.00,#REF!,45.000,,,0.000,14.500,1.0,4,0,4,4.000,0.000,0.000,0.000,4.000,"35,136.000",165.63,R$/MWh,0.00,0.00,"5,819,575.68",#REF!,#REF!,"6,254,208.00","6,254,208.00","6,254,208.00",1/1/2016,12/31/2016,Não,"4,450.45",#REF!
,1515,2015,LEE,15ºLEE,Leilão de Energia Existente,014/2015,ALUPAR,08.364.948/0001-38,QTD-03ANOS,-,-,Sem Pendências,SP,-,-,N,0.00,#REF!,0.000,,,0.000,0.000,1.0,39,39,39,39.000,39.000,39.000,0.000,39.000,"1,025,856.000",144.89,R$/MWh,0.00,0.00,"148,636,275.84",#REF!,#REF!,0.00,0.00,0.00,1/1/2016,12/31/2018,Não,"4,450.45",#REF!
,1516,2015,LEE,15ºLEE,Leilão de Energia Existente,014/2015,COSTA PINTO,18.645.875/0001-06,DIS3-01ANO,UTE.AI.SP.028221-9.01,BIOENERGIA COSTA PINTO,Sem Pendências,SP,Biomassa,Bagaço de Cana de Açúcar,SE,0.00,#REF!,75.000,,,0.000,27.800,1.0,5,0,5,5.000,0.000,0.000,0.000,5.000,"43,920.000",164.36,R$/MWh,0.00,0.00,"7,218,691.20",#REF!,#REF!,"7,666,000.00","7,666,000.00","7,666,000.00",1/1/2016,12/31/2016,Não,"4,450.45",#REF!
,1517,2015,LEE,15ºLEE,Leilão de Energia Existente,014/2015,BARRA,18.788.137/0001-18,DIS3-01ANO,UTE.AI.SP.029665-1.01,BIOENERGIA BARRA - FILIAL BONFIM,Sem Pendências,SP,Biomassa,Bagaço de Cana de Açúcar,SE,0.00,#REF!,111.000,,,0.000,42.200,1.0,6,0,6,6.000,0.000,0.000,0.000,6.000,"52,704.000",166.50,R$/MWh,0.00,0.00,"8,775,216.00",#REF!,#REF!,"9,350,000.00","9,350,000.00","9,350,000.00",1/1/2016,12/31/2016,Não,"4,450.45",#REF!
,1518,2015,LEE,15ºLEE,Leilão de Energia Existente,014/2015,COMERC,58.177.643/0001-95,QTD-03ANOS,-,-,Sem Pendências,SP,-,-,SE,0.00,#REF!,0.000,,,0.000,0.000,1.0,35,35,35,35.000,35.000,35.000,0.000,35.000,"920,640.000",147.50,R$/MWh,0.00,0.00,"135,794,400.00",#REF!,#REF!,0.00,0.00,0.00,1/1/2016,12/31/2018,Não,"4,450.45",#REF!
,1519,2015,LEE,15ºLEE,Leilão de Energia Existente,014/2015,MATRIX COM,17.858.631/0001-49,QTD-03ANOS,-,-,Sem Pendências,SP,-,-,SE,0.00,#REF!,0.000,,,0.000,0.000,1.0,50,50,50,50.000,50.000,50.000,0.000,50.000,"1,315,200.000",148.38,R$/MWh,0.00,0.00,"195,149,376.00",#REF!,#REF!,0.00,0.00,0.00,1/1/2016,12/31/2018,Não,"4,450.45",#REF!
,1520,2015,LEE,15ºLEE,Leilão de Energia Existente,014/2015,COMPASS COM,10.966.735/0001-28,QTD-03ANOS,-,-,Sem Pendências,SP,-,-,SE,0.00,#REF!,0.000,,,0.000,0.000,1.0,17,17,17,17.000,17.000,17.000,0.000,17.000,"447,168.000",145.00,R$/MWh,0.00,0.00,"64,839,360.00",#REF!,#REF!,0.00,0.00,0.00,1/1/2016,12/31/2018,Não,"4,450.45",#REF!
,1521,2016,LEN,23ºLEN,Leilão de Energia Nova,001/2016,3LEOES,20.121.332/0001-31,QTD-30-2021,PCH.PH.SC.032162-1.01,USINA BARRA DO LEAO,Sem Pendências,SC,Hidrelétrica (PCH),Rio Leão,S,"21,885,000.00",#REF!,3.570,,,0.000,1.940,0.1,19,19,19,1.900,1.900,1.900,1.900,1.900,"499,639.200",193.75,R$/MWh,0.00,0.00,"96,805,095.00",#REF!,#REF!,0.00,0.00,0.00,1/1/2021,12/31/2050,Não,"4,610.92",#REF!
,1522,2016,LEN,23ºLEN,Leilão de Energia Nova,001/2016,HSJII,14.582.685/0001-36,QTD-30-2021,PCH.PH.PR.035146-6.01,SAO JOAO II,Atraso,PR,Hidrelétrica (PCH),Rio São João,S,"46,155,640.00",#REF!,6.991,,,0.000,3.600,0.1,35,35,35,3.500,3.500,3.500,3.500,3.500,"920,388.000",184.00,R$/MWh,0.00,0.00,"169,351,392.00",#REF!,#REF!,0.00,0.00,0.00,1/1/2021,12/31/2050,Não,"4,610.92",#REF!
,1523,2016,LEN,23ºLEN,Leilão de Energia Nova,001/2016,PORTO DAS AGUAS,08.322.396/0001-03,DIST-25-2021,UTE.AI.GO.029999-5.01,PORTO DAS AGUAS,Sem Pendências,GO,Biomassa,Bagaço de Cana de Açúcar,SE,0.00,#REF!,40.000,,,0.000,26.100,0.1,53,53,53,5.300,5.300,5.300,5.300,5.300,"1,161,463.200",203.25,R$/MWh,0.00,0.00,"236,067,395.40",#REF!,#REF!,"9,521,082.82","9,521,082.82","9,521,082.82",1/1/2021,12/31/2045,Não,"4,610.92",#REF!
,1524,2016,LEN,23ºLEN,Leilão de Energia Nova,001/2016,SIGMA ENERGIA,03.803.650/0001-63,QTD-30-2021,PCH.PH.MG.031207-0.01,SERRA DAS AGULHAS,Sem Pendências,MG,Hidrelétrica (PCH),Rio Pardo Pequeno,SE,0.00,#REF!,30.000,,,0.000,12.870,0.1,11,11,11,1.100,1.100,1.100,1.100,1.100,"289,264.800",162.33,R$/MWh,0.00,0.00,"46,956,354.98",#REF!,#REF!,0.00,0.00,0.00,1/1/2021,12/31/2050,Não,"4,610.92",#REF!
,1525,2016,LEN,23ºLEN,Leilão de Energia Nova,001/2016,RECANTO,35.000.000/0000-00,QTD-30-2021,PCH.PH.MT.034865-1.01,RECANTO,Sem Pendências,MT,Hidrelétrica (PCH),Rio Corrego Água Limpa,SE,"39,499,480.00",#REF!,9.110,,,0.000,5.320,0.1,53,53,53,5.300,5.300,5.300,5.300,5.300,"1,393,730.400",192.88,R$/MWh,0.00,0.00,"268,822,719.55",#REF!,#REF!,0.00,0.00,0.00,1/1/2021,12/31/2050,Não,"4,610.92",#REF!
,1526,2016,LEN,23ºLEN,Leilão de Energia Nova,001/2016,EGP FAZ,17.018.327/0001-93,QTD-30-2021,PCH.PH.MT.029734-8.01,DA FAZENDA,Sem Pendências,MT,Hidrelétrica (PCH),Rio Apiacás,SE,"162,600,730.00",#REF!,7.360,,,0.000,4.950,0.1,49,49,49,4.900,4.900,4.900,4.900,4.900,"1,288,543.200",184.90,R$/MWh,0.00,0.00,"238,251,637.68",#REF!,#REF!,0.00,0.00,0.00,1/1/2021,12/31/2050,Não,"4,610.92",#REF!
,1527,2016,LEN,23ºLEN,Leilão de Energia Nova,001/2016,HSBSA,19.322.873/0001-49,QTD-30-2021,UHE.PH.PR.035290-0.01,UHE SANTA BRANCA,Atraso,PR,Hidrelétrica (UHE),Rio Tibagi,S,"399,578,400.00",#REF!,62.000,,,0.000,35.100,0.1,341,341,341,34.100,34.100,34.100,34.100,34.100,"8,967,208.800",150.00,R$/MWh,0.00,0.00,"1,345,081,320.00",#REF!,#REF!,0.00,0.00,0.00,1/1/2021,12/31/2050,Não,"4,610.92",#REF!
,1528,2016,LEN,23ºLEN,Leilão de Energia Nova,001/2016,NOVA GUAPORE ENERGETICA,22.976.970/0001-60,QTD-30-2021,PCH.PH.MT.034705-1.01,NOVA GUAPORE,Sem Pendências,MT,Hidrelétrica (PCH),Rio Guaporé,SE,"95,780,000.00",#REF!,13.964,,,0.000,9.390,0.1,90,90,90,9.000,9.000,9.000,9.000,9.000,"2,366,712.000",194.00,R$/MWh,0.00,0.00,"459,142,128.00",#REF!,#REF!,0.00,0.00,0.00,1/1/2021,12/31/2050,Não,"4,610.92",#REF!
,1529,2016,LEN,23ºLEN,Leilão de Energia Nova,001/2016,SALTO BANDEIRANTES,05.932.450/0001-36,QTD-30-2021,PCH.PH.PR.029686-4.01,SALTO BANDEIRANTES,Sem Pendências,PR,Hidrelétrica (PCH),Rio Bandeirantes do Norte,S,"19,818,000.00",#REF!,4.200,,,0.000,2.920,0.1,23,23,23,2.300,2.300,2.300,2.300,2.300,"604,826.400",194.00,R$/MWh,0.00,0.00,"117,336,321.60",#REF!,#REF!,0.00,0.00,0.00,1/1/2021,12/31/2050,Não,"4,610.92",#REF!
,1530,2016,LEN,23ºLEN,Leilão de Energia Nova,001/2016,JO BIO,15.869.520/0001-02,DIST-25-2021,UTE.AI.SP.032525-2.01,N O BIOENERGIA,Sem Pendências,SP,Biomassa,Bagaço de Cana de Açúcar,SE,"22,414,660.00",#REF!,18.000,,,0.000,2.900,0.1,23,23,23,2.300,2.300,2.300,2.300,2.300,"504,031.200",181.25,R$/MWh,0.00,0.00,"91,355,655.00",#REF!,#REF!,"4,029,600.00","4,029,600.00","4,029,600.00",1/1/2021,12/31/2045,Não,"4,610.92",#REF!
,1531,2016,LEN,23ºLEN,Leilão de Energia Nova,001/2016,EGP APC,16.993.629/0001-10,QTD-30-2021,PCH.PH.MT.029733-0.01,CABEÇA DE BOI,Sem Pendências,MT,Hidrelétrica (PCH),Rio Apiacás,SE,0.00,#REF!,30.000,,,0.000,17.850,0.1,42,42,42,4.200,4.200,4.200,4.200,4.200,"1,104,465.600",147.85,R$/MWh,0.00,0.00,"163,295,238.96",#REF!,#REF!,0.00,0.00,0.00,1/1/2021,12/31/2050,Não,"4,610.92",#REF!
,1532,2016,LEN,23ºLEN,Leilão de Energia Nova,001/2016,SÃO LUIZ,23.114.510/0001-95,QTD-30-2021,PCH.PH.ES.035297-7.01,SAO LUIZ,Sem Pendências,ES,Hidrelétrica (PCH),Rio Guandu,SE,"66,937,890.00",#REF!,10.500,,,0.000,4.320,0.1,43,43,43,4.300,4.300,4.300,4.300,4.300,"1,130,762.400",188.80,R$/MWh,0.00,0.00,"213,487,941.12",#REF!,#REF!,0.00,0.00,0.00,1/1/2021,12/31/2050,Não,"4,610.92",#REF!
,1533,2016,LEN,23ºLEN,Leilão de Energia Nova,001/2016,CACHIMBO ALTO,08.264.991/0001-21,QTD-30-2021,PCH.PH.RO.030573-1.01,CACHOEIRA CACHIMBO ALTO,Sem Pendências,RO,Hidrelétrica (PCH),Rio Branco,SE,"67,458,370.00",#REF!,9.810,,,0.000,6.020,0.1,59,59,59,5.900,5.900,5.900,5.900,5.900,"1,551,511.200",193.95,R$/MWh,0.00,0.00,"300,915,597.24",#REF!,#REF!,0.00,0.00,0.00,1/1/2021,12/31/2050,Não,"4,610.92",#REF!
,1534,2016,LEN,23ºLEN,Leilão de Energia Nova,001/2016,TBL,14.897.684/0001-80,QTD-30-2021,PCH.PH.GO.029648-1.01,TAMBORIL,Sem Pendências,GO,Hidrelétrica (PCH),Rio Bonito,SE,0.00,#REF!,29.328,,,0.000,12.910,0.1,53,53,53,5.300,5.300,5.300,5.300,5.300,"1,393,730.400",164.73,R$/MWh,0.00,0.00,"229,589,208.79",#REF!,#REF!,0.00,0.00,0.00,1/1/2021,12/31/2050,Não,"4,610.92",#REF!
,1535,2016,LEN,23ºLEN,Leilão de Energia Nova,001/2016,RENIC,14.659.499/0001-58,QTD-30-2021,PCH.PH.GO.029663-5.01,RENIC,Sem Pendências,GO,Hidrelétrica (PCH),Rio Bonito,SE,0.00,#REF!,16.000,,,0.000,6.550,0.1,18,18,18,1.800,1.800,1.800,1.800,1.800,"473,342.400",164.73,R$/MWh,0.00,0.00,"77,973,693.55",#REF!,#REF!,0.00,0.00,0.00,1/1/2021,12/31/2050,Não,"4,610.92",#REF!
,1536,2016,LEN,23ºLEN,Leilão de Energia Nova,001/2016,TIGRE,05.545.260/0001-66,QTD-30-2021,PCH.PH.PR.029222-2.01,TIGRE,Sem Pendências,PR,Hidrelétrica (PCH),Rio Marrecas,S,0.00,#REF!,9.000,,,0.000,5.250,0.1,32,32,32,3.200,3.200,3.200,3.200,3.200,"841,497.600",195.00,R$/MWh,0.00,0.00,"164,092,032.00",#REF!,#REF!,0.00,0.00,0.00,1/1/2021,12/31/2050,Não,"4,610.92",#REF!
,1537,2016,LEN,23ºLEN,Leilão de Energia Nova,001/2016,OESTE DE CANOAS,11.285.456/0001-61,DIST-20-2021,UTE.GN.MA.035107-5.01,OESTE DE CANOAS 1,Imbróglio Judicial,MA,Gás Natural,Gás Natural,N,"16,899,000.00",#REF!,5.540,,,0.000,3.400,0.1,33,33,33,3.300,3.300,3.300,3.300,3.300,"578,556.000",258.00,R$/MWh,0.00,0.00,"149,267,448.00",#REF!,#REF!,"6,137,042.00","6,137,042.00","6,137,042.00",1/1/2021,12/31/2040,Não,"4,610.92",#REF!
,1538,2016,LEN,23ºLEN,Leilão de Energia Nova,001/2016,PRATA,05.646.253/0001-50,QTD-30-2021,PCH.PH.MT.029044-0.01,AGUA PRATA,Sem Pendências,MT,Hidrelétrica (PCH),Rio Prata,SE,"61,145,000.00",#REF!,13.300,,,0.000,6.620,0.1,59,59,59,5.900,5.900,5.900,5.900,5.900,"1,551,511.200",194.00,R$/MWh,0.00,0.00,"300,993,172.80",#REF!,#REF!,0.00,0.00,0.00,1/1/2021,12/31/2050,Não,"4,610.92",#REF!
,1539,2016,LEN,23ºLEN,Leilão de Energia Nova,001/2016,ELDORADO,07.401.436/0002-12,DIST-25-2021,UTE.FL.MS.035085-0.01,ONÇA PINTADA,Data de Suprimento Alterada,MS,Biomassa,Cavaco/ Resíduo de Madeira,SE,"292,400,000.00",#REF!,50.000,,,0.000,43.100,0.1,381,381,381,38.100,38.100,38.100,38.100,38.100,"8,349,386.400",243.21,R$/MWh,0.00,0.00,"2,030,654,266.34",#REF!,#REF!,"60,500,000.00","60,500,000.00","60,500,000.00",1/1/2021,12/31/2045,Não,"4,610.92",#REF!
,1540,2016,LEN,23ºLEN,Leilão de Energia Nova,001/2016,PREDILECTA,62.546.387/0001-33,DIST-25-2021,UTE.FL.SP.035103-2.01,PREDILECTA,Outorga Revogada,SP,Biomassa,Cavaco/ Resíduo de Madeira,SE,"30,019,640.00",#REF!,5.000,,,0.000,4.500,0.1,34,34,34,3.400,3.400,3.400,3.400,3.400,"745,089.600",199.00,R$/MWh,0.00,0.00,"148,272,830.40",#REF!,#REF!,"3,751,000.00","3,751,000.00","3,751,000.00",1/1/2021,12/31/2045,Não,"4,610.92",#REF!
,1541,2016,LEN,23ºLEN,Leilão de Energia Nova,001/2016,PRATA,05.646.253/0001-50,QTD-30-2021,PCH.PH.MT.029045-9.01,AGUA BRAVA,Sem Pendências,MT,Hidrelétrica (PCH),Rio Prata,SE,"54,182,000.00",#REF!,13.050,,,0.000,6.370,0.1,59,59,59,5.600,5.600,5.600,5.600,5.600,"1,472,620.800",194.00,R$/MWh,0.00,0.00,"285,688,435.20",#REF!,#REF!,0.00,0.00,0.00,1/1/2021,12/31/2050,Não,"4,610.92",#REF!
,1542,2016,LEN,23ºLEN,Leilão de Energia Nova,001/2016,VDP,05.938.884/0001-43,DIST-25-2021,UTE.AI.SP.035073-7.01,VALE DO PARANA,Sem Pendências,SP,Biomassa,Bagaço de Cana de Açúcar,SE,"97,540,000.00",#REF!,48.500,,,0.000,18.800,0.1,137,137,137,13.700,13.700,13.700,13.700,13.700,"3,002,272.800",245.20,R$/MWh,0.00,0.00,"736,157,290.56",#REF!,#REF!,"30,820,500.00","30,820,500.00","30,820,500.00",1/1/2021,12/31/2045,Não,"4,610.92",#REF!
,1543,2016,LEN,23ºLEN,Leilão de Energia Nova,001/2016,WD,01.105.558/0001-02,DIST-25-2021,UTE.AI.MG.029122-6.01,WD,Sem Pendências,MG,Biomassa,Bagaço de Cana de Açúcar,SE,"26,376,000.00",#REF!,16.000,,,0.000,7.700,0.1,77,77,77,7.700,7.700,7.700,7.700,7.700,"1,687,408.800",217.18,R$/MWh,0.00,0.00,"366,471,443.18",#REF!,#REF!,"15,320,586.65","15,320,586.65","15,320,586.65",1/1/2021,12/31/2045,Não,"4,610.92",#REF!
,1544,2016,LEN,23ºLEN,Leilão de Energia Nova,001/2016,BIOGAS BONFIM,08.070.508/0065-32,DIST-25-2021,UTE.AI.SP.035109-1.01,BIOGAS BONFIM,Sem Pendências,SP,Biomassa,Biogás,SE,"129,893,000.00",#REF!,20.893,,,0.000,13.700,0.1,110,110,110,11.000,11.000,11.000,11.000,11.000,"2,410,584.000",251.00,R$/MWh,0.00,0.00,"605,056,584.00",#REF!,#REF!,"24,837,400.00","24,837,400.00","24,837,400.00",1/1/2021,12/31/2045,Não,"4,610.92",#REF!
,1545,2016,LEN,23ºLEN,Leilão de Energia Nova,001/2016,CAZUZA FERREIRA,17.201.404/0001-46,QTD-30-2021,PCH.PH.RS.000735-8.01,CAZUZA FERREIRA,Sem Pendências,RS,Hidrelétrica (PCH),Rio Lajeado Grande,S,"39,635,100.00",#REF!,9.100,,,0.000,6.130,0.1,15,15,15,1.500,1.500,1.500,1.500,1.500,"394,452.000",189.15,R$/MWh,0.00,0.00,"74,610,595.80",#REF!,#REF!,0.00,0.00,0.00,1/1/2021,12/31/2050,Não,"4,610.92",#REF!
,1546,2016,LEN,23ºLEN,Leilão de Energia Nova,001/2016,CASTRO,08.017.729/0001-82,QTD-30-2021,PCH.PH.PR.032513-9.01,CASTRO,Sem Pendências,PR,Hidrelétrica (PCH),Rio Iapó,S,"19,220,000.00",#REF!,4.000,,,0.000,2.470,0.1,17,17,17,1.700,1.700,1.700,1.700,1.700,"447,045.600",195.00,R$/MWh,0.00,0.00,"87,173,892.00",#REF!,#REF!,0.00,0.00,0.00,1/1/2021,12/31/2050,Não,"4,610.92",#REF!
,1547,2016,LEN,23ºLEN,Leilão de Energia Nova,001/2016,ARGENTUM,17.578.280/0001-12,QTD-30-2021,PCH.PH.PR.035147-4.01,CLAIRTO ZONTA,Atraso,PR,Hidrelétrica (PCH),Rio Branco,S,"84,796,700.00",#REF!,14.923,,,0.000,7.640,0.1,75,75,75,7.500,7.500,7.500,7.500,7.500,"1,972,260.000",184.00,R$/MWh,0.00,0.00,"362,895,840.00",#REF!,#REF!,0.00,0.00,0.00,1/1/2021,12/31/2050,Não,"4,610.92",#REF!
,1548,2016,LEN,23ºLEN,Leilão de Energia Nova,001/2016,CEBRANORTE URBANO,20.000.000/0000-00,QTD-30-2021,PCH.PH.SC.000659-9.01,CAPIVARI,Atraso,SC,Hidrelétrica (PCH),Rio Capivari,S,"51,742,320.00",#REF!,18.738,,,0.000,6.830,0.1,30,30,30,3.000,3.000,3.000,3.000,3.000,"788,904.000",189.98,R$/MWh,0.00,0.00,"149,875,981.92",#REF!,#REF!,0.00,0.00,0.00,1/1/2021,12/31/2050,Não,"4,610.92",#REF!
,1549,2016,LEN,23ºLEN,Leilão de Energia Nova,001/2016,CANHADAO,05.516.658/0001-74,QTD-30-2021,PCH.PH.PR.032511-2.01,CANHADAO,Sem Pendências,PR,Hidrelétrica (PCH),Rio Covó,S,"41,130,000.00",#REF!,10.000,,,0.000,6.220,0.1,50,50,50,5.000,5.000,5.000,5.000,5.000,"1,314,840.000",195.00,R$/MWh,0.00,0.00,"256,393,800.00",#REF!,#REF!,0.00,0.00,0.00,1/1/2021,12/31/2050,Não,"4,610.92",#REF!
,1550,2016,LER,10ºLER,Leilão de Energia de Reserva,003/2016,PALMEIRAS,23.485.534/0001-50,QTD-HIDRO-ER30,CGH.PH.TO.035747-2.01,PALMEIRAS,Antecipação de Contrato,TO,Hidrelétrica (CGH),Rio Ribeiro Bonito,NE,"17,718,720.00",#REF!,2.750,,,0.000,1.470,0.0,132,132,132,1.320,1.320,1.320,1.320,1.320,"347,117.760",214.00,R$/MWh,0.00,0.00,"74,283,200.64",#REF!,#REF!,0.00,0.00,0.00,3/1/2020,2/28/2050,Não,"4,736.74",#REF!
,1551,2016,LER,10ºLER,Leilão de Energia de Reserva,003/2016,PARAISO,21.915.308/0001-37,QTD-HIDRO-ER30,CGH.PH.SC.035743-0.01,PARAÍSO,Sem Pendências,SC,Hidrelétrica (CGH),Rio das Flores,S,"5,528,650.00",#REF!,1.000,,,0.000,0.610,0.0,52,52,52,0.520,0.520,0.520,0.520,0.520,"136,743.360",223.15,R$/MWh,0.00,0.00,"30,514,280.78",#REF!,#REF!,0.00,0.00,0.00,3/1/2020,2/28/2050,Não,"4,736.74",#REF!
,1552,2016,LER,10ºLER,Leilão de Energia de Reserva,003/2016,PULO,08.017.740/0001-42,QTD-HIDRO-ER30,PCH.PH.PR.034438-9.01,PULO,Sem Pendências,PR,Hidrelétrica (PCH),Rio Iapo,S,"27,918,000.00",#REF!,7.300,,,0.000,4.430,0.0,389,389,389,3.890,3.890,3.890,3.890,3.890,"1,022,945.520",228.50,R$/MWh,0.00,0.00,"233,743,051.32",#REF!,#REF!,0.00,0.00,0.00,3/1/2020,2/28/2050,Não,"4,736.74",#REF!
,1553,2016,LER,10ºLER,Leilão de Energia de Reserva,003/2016,PB,07.861.587/0001-72,QTD-HIDRO-ER30,PCH.PH.SP.031107-3.01,PONTE BRANCA,Sem Pendências,SP,Hidrelétrica (PCH),Rio Pardo,SE,"37,566,930.00",#REF!,10.172,,,0.000,5.810,0.0,523,523,523,5.230,5.230,5.230,5.230,5.230,"1,375,322.640",220.00,R$/MWh,0.00,0.00,"302,570,980.80",#REF!,#REF!,0.00,0.00,0.00,3/1/2020,2/28/2050,Não,"4,736.74",#REF!
,1554,2016,LER,10ºLER,Leilão de Energia de Reserva,003/2016,POCO FUNDO,11.296.694/0001-72,QTD-HIDRO-ER30,PCH.PH.RJ.030600-2.01,POÇO FUNDO,Sem Pendências,RJ,Hidrelétrica (PCH),Rio Preto,SE,"74,416,000.00",#REF!,14.000,,,0.000,7.200,0.0,648,648,648,6.480,6.480,6.480,6.480,6.480,"1,704,032.640",234.70,R$/MWh,0.00,0.00,"399,936,460.61",#REF!,#REF!,0.00,0.00,0.00,3/1/2020,2/28/2050,Não,"4,736.74",#REF!
,1555,2016,LER,10ºLER,Leilão de Energia de Reserva,003/2016,PONTE SERRADA,10.286.372/0001-80,QTD-HIDRO-ER30,PCH.PH.SC.033228-3.01,PONTE SERRADA,Sem Pendências,SC,Hidrelétrica (PCH),Rio Chapecozinho,S,"30,672,690.00",#REF!,4.100,,,0.000,1.780,0.0,157,157,157,1.570,1.570,1.570,1.570,1.570,"412,859.760",232.49,R$/MWh,0.00,0.00,"95,985,765.60",#REF!,#REF!,0.00,0.00,0.00,3/1/2020,2/28/2050,Não,"4,736.74",#REF!
,1556,2016,LER,10ºLER,Leilão de Energia de Reserva,003/2016,PORTO,13.523.977/0001-35,QTD-HIDRO-ER30,CGH.PH.MG.029644-9.01,JOÃO FRANCO,Antecipação de Contrato,MG,Hidrelétrica (CGH),Rio Machado,SE,"6,952,150.00",#REF!,1.000,,,0.000,0.680,0.0,59,59,59,0.590,0.590,0.590,0.590,0.590,"155,151.120",205.00,R$/MWh,0.00,0.00,"31,805,979.60",#REF!,#REF!,0.00,0.00,0.00,3/1/2020,2/28/2050,Não,"4,736.74",#REF!
,1557,2016,LER,10ºLER,Leilão de Energia de Reserva,003/2016,RINCAO,16.874.764/0001-46,QTD-HIDRO-ER30,PCH.PH.RS.031956-2.01,RINCÃO,Sem Pendências,RS,Hidrelétrica (PCH),Rio Ijuizinho,S,"52,437,830.00",#REF!,10.000,,,0.000,4.600,0.0,404,404,404,4.040,4.040,4.040,4.040,4.040,"1,062,390.720",228.00,R$/MWh,0.00,0.00,"242,225,084.16",#REF!,#REF!,0.00,0.00,0.00,3/1/2020,2/28/2050,Não,"4,736.74",#REF!
,1558,2016,LER,10ºLER,Leilão de Energia de Reserva,003/2016,RIO DAS PEDRAS,11.954.940/0001-36,QTD-HIDRO-ER30,CGH.PH.PR.035731-6.01,ENXADRISTA,Sem Pendências,PR,Hidrelétrica (CGH),Rio das Pedras,S,"6,442,620.00",#REF!,1.000,,,0.000,0.620,0.0,55,55,55,0.550,0.550,0.550,0.550,0.550,"144,632.400",207.00,R$/MWh,0.00,0.00,"29,938,906.80",#REF!,#REF!,0.00,0.00,0.00,3/1/2020,2/28/2050,Não,"4,736.74",#REF!
,1559,2016,LER,10ºLER,Leilão de Energia de Reserva,003/2016,SANTANA,22.781.391/0001-61,QTD-HIDRO-ER30,CGH.PH.MG.035745-6.01,SANTANA DO DESERTO I,Antecipação de Contrato,MG,Hidrelétrica (CGH),Rio Ribeiro Caguincho,SE,"9,495,180.00",#REF!,1.600,,,0.000,1.070,0.0,96,96,96,0.960,0.960,0.960,0.960,0.960,"252,449.280",227.90,R$/MWh,0.00,0.00,"57,533,190.91",#REF!,#REF!,0.00,0.00,0.00,3/1/2020,2/28/2050,Não,"4,736.74",#REF!
,1560,2016,LER,10ºLER,Leilão de Energia de Reserva,003/2016,SUCURI,23.509.244/0001-08,QTD-HIDRO-ER30,CGH.PH.TO.035733-2.01,SUCURI,Antecipação de Contrato,TO,Hidrelétrica (CGH),Rio Ribeiro Bonito,NE,"17,373,200.00",#REF!,2.750,,,0.000,1.350,0.0,121,121,121,1.210,1.210,1.210,1.210,1.210,"318,191.280",214.00,R$/MWh,0.00,0.00,"68,092,933.92",#REF!,#REF!,0.00,0.00,0.00,3/1/2020,2/28/2050,Não,"4,736.74",#REF!
,1561,2016,LER,10ºLER,Leilão de Energia de Reserva,003/2016,TRD E COBRAPAR,10.000.000/0000-00,QTD-HIDRO-ER30,PCH.PH.GO.035113-0.01,PCH TAMBORIL,Data de Suprimento Alterada,GO,Hidrelétrica (PCH),Rio São Bartolomeu,SE,"110,852,020.00",#REF!,15.800,,,0.000,7.420,0.0,668,668,668,6.680,6.680,6.680,6.680,6.680,"1,756,626.240",232.50,R$/MWh,0.00,0.00,"408,415,600.80",#REF!,#REF!,0.00,0.00,0.00,3/1/2020,2/28/2050,Não,"4,736.74",#REF!
,1562,2016,LER,10ºLER,Leilão de Energia de Reserva,003/2016,MEDIO GARCIA,22.132.860/0001-11,QTD-HIDRO-ER30,CGH.PH.SC.035742-1.01,MÉDIO GARCIA,Sem Pendências,SC,Hidrelétrica (CGH),Rio Garcia,S,"5,707,130.00",#REF!,1.000,,,0.000,0.640,0.0,54,54,54,0.540,0.540,0.540,0.540,0.540,"142,002.720",223.15,R$/MWh,0.00,0.00,"31,687,906.97",#REF!,#REF!,0.00,0.00,0.00,3/1/2020,2/28/2050,Não,"4,736.74",#REF!
,1563,2016,LER,10ºLER,Leilão de Energia de Reserva,003/2016,BRASIL ENERGIA,15.066.212/0001-49,QTD-HIDRO-ER30,PCH.PH.SC.032516-3.01,CORAÇÃO,Sem Pendências,SC,Hidrelétrica (PCH),Rio Burro Branco,S,"22,538,520.00",#REF!,4.300,,,0.000,2.260,0.0,170,170,170,1.700,1.700,1.700,1.700,1.700,"447,045.600",231.49,R$/MWh,0.00,0.00,"103,486,585.94",#REF!,#REF!,0.00,0.00,0.00,3/1/2020,2/28/2050,Não,"4,736.74",#REF!
,1564,2016,LER,10ºLER,Leilão de Energia de Reserva,003/2016,SIRIVERA,17.692.801/0001-68,QTD-HIDRO-ER30,CGH.PH.TO.035446-5.01,SIRIVERA,Antecipação de Contrato,TO,Hidrelétrica (CGH),Rio Ribeiro Bonito,NE,"12,026,800.00",#REF!,1.800,,,0.000,1.370,0.0,123,123,123,1.230,1.230,1.230,1.230,1.230,"323,450.640",209.00,R$/MWh,0.00,0.00,"67,601,183.76",#REF!,#REF!,0.00,0.00,0.00,3/1/2020,2/28/2050,Não,"4,736.74",#REF!
,1565,2016,LER,10ºLER,Leilão de Energia de Reserva,003/2016,FIGUEIRAO,07.530.227/0001-98,QTD-HIDRO-ER30,PCH.PH.RO.029758-5.01,FIGUEIRA,Antecipação de Contrato,RO,Hidrelétrica (PCH),Rio Saldanha,SE,"14,104,350.00",#REF!,1.274,,,0.000,0.910,0.0,80,80,80,0.800,0.800,0.800,0.800,0.800,"210,374.400",229.90,R$/MWh,0.00,0.00,"48,365,074.56",#REF!,#REF!,0.00,0.00,0.00,3/1/2020,2/28/2050,Não,"4,736.74",#REF!
,1566,2016,LER,10ºLER,Leilão de Energia de Reserva,003/2016,ARMANDORIBEIRO,12.895.803/0001-30,QTD-HIDRO-ER30,PCH.PH.RN.035096-6.01,ARMANDO RIBEIRO,Sem Pendências,RN,Hidrelétrica (PCH),Rio Piranhas/Açu,NE,"17,376,070.00",#REF!,4.659,,,0.000,3.200,0.0,288,288,288,2.880,2.880,2.880,2.880,2.880,"757,347.840",225.88,R$/MWh,0.00,0.00,"171,069,730.10",#REF!,#REF!,0.00,0.00,0.00,3/1/2020,2/28/2050,Não,"4,736.74",#REF!
,1567,2016,LER,10ºLER,Leilão de Energia de Reserva,003/2016,ATEN,06.015.859/0001-50,QTD-HIDRO-ER30,PCH.PH.MS.033893-1.01,AREADO,Sem Pendências,MS,Hidrelétrica (PCH),Rio Indaiá Grande,SE,"140,122,000.00",#REF!,18.000,,,0.000,10.920,0.0,982,982,982,9.820,9.820,9.820,9.820,9.820,"2,582,345.760",235.00,R$/MWh,0.00,0.00,"606,851,253.60",#REF!,#REF!,0.00,0.00,0.00,3/1/2020,2/28/2050,Não,"4,736.74",#REF!
,1568,2016,LER,10ºLER,Leilão de Energia de Reserva,003/2016,C2LG,11.745.925/0001-88,QTD-HIDRO-ER30,CGH.PH.SC.031429-3.01,SANTO TESSARO,Sem Pendências,SC,Hidrelétrica (CGH),Rio Bonito,S,"4,260,000.00",#REF!,1.000,,,0.000,0.640,0.0,55,55,55,0.550,0.550,0.550,0.550,0.550,"144,632.400",229.98,R$/MWh,0.00,0.00,"33,262,559.35",#REF!,#REF!,0.00,0.00,0.00,3/1/2020,2/28/2050,Não,"4,736.74",#REF!
,1569,2016,LER,10ºLER,Leilão de Energia de Reserva,003/2016,CASTANHAO,12.905.499/0001-65,QTD-HIDRO-ER30,PCH.PH.CE.035074-5.01,CASTANHAO,Outorga Revogada,CE,Hidrelétrica (PCH),Rio Jaguaribe,NE,"24,316,830.00",#REF!,9.000,,,0.000,5.030,0.0,452,452,452,4.520,4.520,4.520,4.520,4.520,"1,188,615.360",225.88,R$/MWh,0.00,0.00,"268,484,437.52",#REF!,#REF!,0.00,0.00,0.00,3/1/2020,2/28/2050,Não,"4,736.74",#REF!
,1570,2016,LER,10ºLER,Leilão de Energia de Reserva,003/2016,ESTIVADINHO,30.000.000/0000-00,QTD-HIDRO-ER30,PCH.PH.MT.033415-4.01,ESTIVADINHO 3,Sem Pendências,MT,Hidrelétrica (PCH),Rio Jauru,SE,"68,465,540.00",#REF!,9.900,,,0.000,6.990,0.0,629,629,629,6.290,6.290,6.290,6.290,6.290,"1,654,068.720",223.25,R$/MWh,0.00,0.00,"369,270,841.74",#REF!,#REF!,0.00,0.00,0.00,3/1/2020,2/28/2050,Não,"4,736.74",#REF!
,1571,2016,LER,10ºLER,Leilão de Energia de Reserva,003/2016,MAUE,07.004.149/0001-98,QTD-HIDRO-ER30,PCH.PH.SC.035120-2.01,LAMBARI,Sem Pendências,SC,Hidrelétrica (PCH),Rio Pesqueiro,S,"33,908,100.00",#REF!,4.000,,,0.000,1.860,0.0,167,167,167,1.670,1.670,1.670,1.670,1.670,"439,156.560",228.00,R$/MWh,0.00,0.00,"100,127,695.68",#REF!,#REF!,0.00,0.00,0.00,3/1/2020,2/28/2050,Não,"4,736.74",#REF!
,1572,2016,LER,10ºLER,Leilão de Energia de Reserva,003/2016,INGA MIRIM,13.673.002/0001-93,QTD-HIDRO-ER30,CGH.PH.MG.031677-6.01,INGA MIRIM,Antecipação de Contrato,MG,Hidrelétrica (CGH),Rio Ribeirão Pouso Alegre,SE,"7,369,000.00",#REF!,1.000,,,0.000,0.790,0.0,51,51,51,0.510,0.510,0.510,0.510,0.510,"134,113.680",232.50,R$/MWh,0.00,0.00,"31,181,430.60",#REF!,#REF!,0.00,0.00,0.00,3/1/2020,2/28/2050,Não,"4,736.74",#REF!
,1573,2016,LER,10ºLER,Leilão de Energia de Reserva,003/2016,JUINA,19.448.874/0001-34,QTD-HIDRO-ER30,PCH.PH.MT.034966-6.01,JUI 117,Sem Pendências,MT,Hidrelétrica (PCH),Rio Juína,SE,"169,360,460.00",#REF!,24.419,,,0.000,18.820,0.0,"1,693","1,693","1,693",16.930,16.930,16.930,16.930,16.930,"4,452,048.240",223.20,R$/MWh,0.00,0.00,"993,697,167.17",#REF!,#REF!,0.00,0.00,0.00,3/1/2020,2/28/2050,Não,"4,736.74",#REF!
,1574,2016,LER,10ºLER,Leilão de Energia de Reserva,003/2016,LOMBO DO CAVALO,09.227.053/0001-14,QTD-HIDRO-ER30,PCH.PH.SC.029120-0.02,RONCADOR,Sem Pendências,SC,Hidrelétrica (PCH),Rio Capetinga,S,"28,540,580.00",#REF!,6.000,,,0.000,3.040,0.0,273,273,273,2.730,2.730,2.730,2.730,2.730,"717,902.640",226.90,R$/MWh,0.00,0.00,"162,892,109.02",#REF!,#REF!,0.00,0.00,0.00,3/1/2020,2/28/2050,Não,"4,736.74",#REF!
,1575,2016,LER,10ºLER,Leilão de Energia de Reserva,003/2016,MAFRAS,76.312.008/0001-55,QTD-HIDRO-ER30,CGH.PH.SC.030845-5.01,WILLY FALLER,Antecipação de Contrato,SC,Hidrelétrica (CGH),Rio Lajeado dos Portões,S,"5,514,000.00",#REF!,1.000,,,0.000,0.730,0.0,66,66,66,0.660,0.660,0.660,0.660,0.660,"173,558.880",229.78,R$/MWh,0.00,0.00,"39,880,359.45",#REF!,#REF!,0.00,0.00,0.00,3/1/2020,2/28/2050,Não,"4,736.74",#REF!
,1576,2016,LER,10ºLER,Leilão de Energia de Reserva,003/2016,MANTOVILLIS,20.000.000/0000-00,QTD-HIDRO-ER30,PCH.PH.MT.033916-4.01,MANTOVILLIS,Data de Suprimento Alterada,MT,Hidrelétrica (PCH),Rio Mutum,SE,"29,643,900.00",#REF!,5.200,,,0.000,3.580,0.0,300,300,300,3.000,3.000,3.000,3.000,3.000,"788,904.000",223.30,R$/MWh,0.00,0.00,"176,162,263.20",#REF!,#REF!,0.00,0.00,0.00,3/1/2020,2/28/2050,Não,"4,736.74",#REF!
,1577,2016,LER,10ºLER,Leilão de Energia de Reserva,003/2016,MANUEL ALVES,15.624.602/0001-97,QTD-HIDRO-ER30,PCH.PH.TO.034495-8.01,MANUEL ALVES,Data de Suprimento Alterada,TO,Hidrelétrica (PCH),Rio Manuel Alves,N,"39,994,510.00",#REF!,8.000,,,0.000,5.220,0.0,467,467,467,4.670,4.670,4.670,4.670,4.670,"1,228,060.560",231.49,R$/MWh,0.00,0.00,"284,283,739.03",#REF!,#REF!,0.00,0.00,0.00,3/1/2020,2/28/2050,Não,"4,736.74",#REF!
,1578,2016,LER,10ºLER,Leilão de Energia de Reserva,003/2016,MAUE,07.004.149/0001-98,QTD-HIDRO-ER30,PCH.PH.SC.034743-4.01,BARRINHA,Sem Pendências,SC,Hidrelétrica (PCH),Rio Pesqueiro,S,"27,770,200.00",#REF!,3.300,,,0.000,1.690,0.0,167,167,167,1.520,1.520,1.520,1.520,1.520,"399,711.360",222.50,R$/MWh,0.00,0.00,"88,935,777.60",#REF!,#REF!,0.00,0.00,0.00,3/1/2020,2/28/2050,Não,"4,736.74",#REF!
,1579,2016,LER,10ºLER,Leilão de Energia de Reserva,003/2016,COVO,05.624.544/0001-48,QTD-HIDRO-ER30,PCH.PH.PR.029411-0.01,COVÓ,Sem Pendências,PR,Hidrelétrica (PCH),Rio Marrecas,S,"22,563,930.00",#REF!,5.000,,,0.000,2.600,0.0,234,234,234,2.340,2.340,2.340,2.340,2.340,"615,345.120",232.45,R$/MWh,0.00,0.00,"143,036,973.14",#REF!,#REF!,0.00,0.00,0.00,3/1/2020,2/28/2050,Não,"4,736.74",#REF!
,1580,2016,LEE,16ºLEE,Leilão de Energia Existente,007/2016,SUZANO,16.404.287/0001-55,QTD-02A-2017,-, -,Sem Pendências,-,-,-,N,0.00,#REF!,0.000,,,0.000,0.000,1.0,13,13,13,13.000,13.000,0.000,0.000,13.000,"227,760.000",118.00,R$/MWh,0.00,0.00,"26,875,680.00",#REF!,#REF!,0.00,0.00,0.00,1/1/2017,12/31/2018,Não,"4,761.42",#REF!
,1581,2016,LEE,16ºLEE,Leilão de Energia Existente,007/2016,KROMA ENERGIA,10.202.852/0001-15,QTD-02A-2017,-,-,Sem Pendências,-,-,-,N,0.00,#REF!,0.000,,,0.000,0.000,1.0,1,1,1,1.000,1.000,0.000,0.000,1.000,"17,520.000",118.00,R$/MWh,0.00,0.00,"2,067,360.00",#REF!,#REF!,0.00,0.00,0.00,1/1/2017,12/31/2018,Não,"4,761.42",#REF!
,1582,2016,LEE,16ºLEE,Leilão de Energia Existente,007/2016,MDL,19.604.583/0001-98,QTD-02A-2017,-, -,Sem Pendências,-,-,-,N,0.00,#REF!,0.000,,,0.000,0.000,1.0,7,7,7,7.000,7.000,0.000,0.000,7.000,"122,640.000",118.45,R$/MWh,0.00,0.00,"14,526,708.00",#REF!,#REF!,0.00,0.00,0.00,1/1/2017,12/31/2018,Não,"4,761.42",#REF!
,1583,2017,LEN,26ºLEN,Leilão de Energia Nova,005/2017,AROEIRA,08.355.201/0001-13,DISBC-25-2023,UTE.AI.MG.038176-4.01,BIOENERGETICA AROEIRA 2,Sem Pendências,MG,Biomassa,Bagaço de Cana de Açúcar,SE,"80,870,000.00",#REF!,27.000,,,0.000,13.400,0.1,115,115,115,11.500,11.500,11.500,11.500,11.500,"2,520,156.000",215.02,R$/MWh,0.00,0.00,"541,883,943.12",#REF!,#REF!,"23,550,000.00","23,550,000.00","23,550,000.00",1/1/2023,12/31/2047,Não,"4,894.92",#REF!
,1584,2017,LEN,26ºLEN,Leilão de Energia Nova,005/2017,AVENTURA,17.875.511/0001-50,DISE-20-2023,EOL.CV.RN.033002-7.01,AVENTURA II,Sem Pendências,RN,Eólica,Cinética do Vento,NE,"123,588,460.00",#REF!,21.000,,,0.000,13.000,0.1,117,117,117,11.700,11.700,11.700,11.700,11.700,"2,051,244.000",97.00,R$/MWh,0.00,0.00,"198,970,668.00",#REF!,#REF!,"10,565,492.06","10,565,492.06","10,565,492.06",1/1/2023,12/31/2042,Não,"4,894.92",#REF!
,1585,2017,LEN,26ºLEN,Leilão de Energia Nova,005/2017,AVENTURA,17.875.511/0001-50,DISE-20-2023,EOL.CV.RN.033026-4.01,AVENTURA III,Sem Pendências,RN,Eólica,Cinética do Vento,NE,"134,704,750.00",#REF!,22.575,,,0.000,14.300,0.1,117,117,117,12.800,12.800,12.800,12.800,12.800,"2,244,096.000",97.00,R$/MWh,0.00,0.00,"217,677,312.00",#REF!,#REF!,"11,805,209.59","11,805,209.59","11,805,209.59",1/1/2023,12/31/2042,Não,"4,894.92",#REF!
,1586,2017,LEN,26ºLEN,Leilão de Energia Nova,005/2017,CAMBARA,99.000.000/0000-52,DISBC-25-2023,UTE.FL.RS.033883-4.01,CAMBARA,Atraso,RS,Biomassa,Cavaco/ Resíduo de Madeira,S,"180,060,000.00",#REF!,50.000,,,0.000,46.100,0.1,451,451,451,45.100,45.100,45.100,45.100,45.100,"9,883,394.400",218.43,R$/MWh,0.00,0.00,"2,158,829,838.79",#REF!,#REF!,"62,715,731.00","62,715,731.00","62,715,731.00",1/1/2023,12/31/2047,Não,"4,894.92",#REF!
,1587,2017,LEN,26ºLEN,Leilão de Energia Nova,005/2017,CONS OURO BRANCO,99.800.000/0000-01,DISE-20-2023,EOL.CV.PE.031807-8.01,OURO BRANCO 1,Sem Pendências,PE,Eólica,Cinética do Vento,NE,0.00,#REF!,30.000,,,0.000,13.900,0.1,132,132,132,13.200,13.200,13.200,13.200,13.200,"2,314,224.000",99.00,R$/MWh,0.00,0.00,"229,108,176.00",#REF!,#REF!,"11,719,537.12","11,719,537.12","11,719,537.12",1/1/2023,12/31/2042,Não,"4,894.92",#REF!
,1588,2017,LEN,26ºLEN,Leilão de Energia Nova,005/2017,CONS OURO BRANCO,99.800.000/0000-01,DISE-20-2023,EOL.CV.PE.031808-6.01,OURO BRANCO 2,Sem Pendências,PE,Eólica,Cinética do Vento,NE,0.00,#REF!,30.000,,,0.000,14.700,0.1,132,132,132,13.900,13.900,13.900,13.900,13.900,"2,436,948.000",100.00,R$/MWh,0.00,0.00,"243,694,800.00",#REF!,#REF!,"12,481,538.71","12,481,538.71","12,481,538.71",1/1/2023,12/31/2042,Não,"4,894.92",#REF!
,1589,2017,LEN,26ºLEN,Leilão de Energia Nova,005/2017,CONS QUATRO VENTOS,99.900.000/0000-01,DISE-20-2023,EOL.CV.PE.031809-4.01,QUATRO VENTOS,Sem Pendências,PE,Eólica,Cinética do Vento,NE,0.00,#REF!,22.000,,,0.000,9.400,0.1,89,89,89,8.900,8.900,8.900,8.900,8.900,"1,560,348.000",100.00,R$/MWh,0.00,0.00,"156,034,800.00",#REF!,#REF!,"7,954,801.88","7,954,801.88","7,954,801.88",1/1/2023,12/31/2042,Não,"4,894.92",#REF!
,1590,2017,LEN,26ºLEN,Leilão de Energia Nova,005/2017,CONS AVENTURA,99.000.000/0000-55,DISE-20-2023,EOL.CV.RN.037949-2.01,AVENTURA IV,Sem Pendências,RN,Eólica,Cinética do Vento,NE,"153,847,000.00",#REF!,26.250,,,0.000,15.600,0.1,141,141,141,14.100,14.100,14.100,14.100,14.100,"2,472,012.000",97.00,R$/MWh,0.00,0.00,"239,785,164.00",#REF!,#REF!,"12,980,404.63","12,980,404.63","12,980,404.63",1/1/2023,12/31/2042,Não,"4,894.92",#REF!
,1591,2017,LEN,26ºLEN,Leilão de Energia Nova,005/2017,CONS AVENTURA,99.000.000/0000-55,DISE-20-2023,EOL.CV.RN.037950-6.01,AVENTURA V,Sem Pendências,RN,Eólica,Cinética do Vento,NE,"158,875,000.00",#REF!,27.300,,,0.000,16.600,0.1,141,141,141,15.000,15.000,15.000,15.000,15.000,"2,629,800.000",97.00,R$/MWh,0.00,0.00,"255,090,600.00",#REF!,#REF!,"13,824,604.05","13,824,604.05","13,824,604.05",1/1/2023,12/31/2042,Não,"4,894.92",#REF!
,1592,2017,LEN,26ºLEN,Leilão de Energia Nova,005/2017,EDPR,09.334.083/0001-20,DISE-20-2023,EOL.CV.RN.035210-1.01,SANTA ROSA E MUNDO NOVO I,Sem Pendências,RN,Eólica,Cinética do Vento,NE,"190,003,770.00",#REF!,31.500,,,0.000,18.400,0.1,165,165,165,16.500,16.500,16.500,16.500,16.500,"2,892,780.000",99.00,R$/MWh,0.00,0.00,"286,385,220.00",#REF!,#REF!,"15,654,816.72","15,654,816.72","15,654,816.72",1/1/2023,12/31/2042,Não,"4,894.92",#REF!
,1593,2017,LEN,26ºLEN,Leilão de Energia Nova,005/2017,EDPR,09.334.083/0001-20,DISE-20-2023,EOL.CV.RN.035211-0.01,SANTA ROSA E MUNDO NOVO II,Sem Pendências,RN,Eólica,Cinética do Vento,NE,"190,003,770.00",#REF!,31.500,,,0.000,18.800,0.1,165,165,165,17.000,17.000,17.000,17.000,17.000,"2,980,440.000",99.00,R$/MWh,0.00,0.00,"295,063,560.00",#REF!,#REF!,"16,146,845.36","16,146,845.36","16,146,845.36",1/1/2023,12/31/2042,Não,"4,894.92",#REF!
,1594,2017,LEN,26ºLEN,Leilão de Energia Nova,005/2017,EDPR,09.334.083/0001-20,DISE-20-2023,EOL.CV.RN.035212-8.01,SANTA ROSA E MUNDO NOVO III,Sem Pendências,RN,Eólica,Cinética do Vento,NE,"190,003,770.00",#REF!,31.500,,,0.000,20.000,0.1,165,165,165,18.000,18.000,18.000,18.000,18.000,"3,155,760.000",99.00,R$/MWh,0.00,0.00,"312,420,240.00",#REF!,#REF!,"17,041,378.21","17,041,378.21","17,041,378.21",1/1/2023,12/31/2042,Não,"4,894.92",#REF!
,1595,2017,LEN,26ºLEN,Leilão de Energia Nova,005/2017,EDPR,09.334.083/0001-20,DISE-20-2023,EOL.CV.RN.037663-9.01,SANTA ROSA E MUNDO NOVO IV,Sem Pendências,RN,Eólica,Cinética do Vento,NE,"76,001,500.00",#REF!,12.600,,,0.000,8.300,0.1,165,165,165,7.500,7.500,7.500,7.500,7.500,"1,314,900.000",99.00,R$/MWh,0.00,0.00,"130,175,100.00",#REF!,#REF!,"7,141,555.51","7,141,555.51","7,141,555.51",1/1/2023,12/31/2042,Não,"4,894.92",#REF!
,1596,2017,LEN,26ºLEN,Leilão de Energia Nova,005/2017,EDPR,09.334.083/0001-20,DISE-20-2023,EOL.CV.RN.037664-7.01,SANTA ROSA E MUNDO NOVO V,Sem Pendências,RN,Eólica,Cinética do Vento,NE,"88,668,420.00",#REF!,14.700,,,0.000,9.000,0.1,165,165,165,8.100,8.100,8.100,8.100,8.100,"1,420,092.000",99.00,R$/MWh,0.00,0.00,"140,589,108.00",#REF!,#REF!,"7,645,196.36","7,645,196.36","7,645,196.36",1/1/2023,12/31/2042,Não,"4,894.92",#REF!
,1597,2017,LEN,26ºLEN,Leilão de Energia Nova,005/2017,EECO JACUTINGA,09.347.411/0001-22,QTD-30-2023,PCH.PH.MT.037328-1.01,PERDIDOS,Sem Pendências,MT,Hidrelétrica (PCH),Rio Claro,SE,"191,412,330.00",#REF!,28.000,,,0.000,16.420,0.1,164,164,164,16.400,16.400,16.400,16.400,16.400,"4,313,068.800",218.88,R$/MWh,0.00,0.00,"944,044,498.94",#REF!,#REF!,0.00,0.00,0.00,1/1/2023,12/31/2052,Não,"4,894.92",#REF!
,1598,2017,LEN,26ºLEN,Leilão de Energia Nova,005/2017,EGP SANTA ANGELA,94.000.000/0000-00,DISE-20-2023,EOL.CV.PI.033005-1.01,VENTOS DE SANTA ANGELA 01,Sem Pendências,PI,Eólica,Cinética do Vento,NE,"165,000,000.00",#REF!,30.000,,,0.000,16.800,0.1,156,156,156,15.600,15.600,15.600,15.600,15.600,"2,734,992.000",100.00,R$/MWh,0.00,0.00,"273,499,200.00",#REF!,#REF!,"15,179,056.00","15,179,056.00","15,179,056.00",1/1/2023,12/31/2042,Não,"4,894.92",#REF!
,1599,2017,LEN,26ºLEN,Leilão de Energia Nova,005/2017,EGP SANTA ANGELA,94.000.000/0000-00,DISE-20-2023,EOL.CV.PI.033006-0.01,VENTOS DE SANTA ANGELA 02,Sem Pendências,PI,Eólica,Cinética do Vento,NE,"165,000,000.00",#REF!,30.000,,,0.000,17.500,0.1,156,156,156,16.400,16.400,16.400,16.400,16.400,"2,875,248.000",99.20,R$/MWh,0.00,0.00,"285,224,601.60",#REF!,#REF!,"15,667,940.00","15,667,940.00","15,667,940.00",1/1/2023,12/31/2042,Não,"4,894.92",#REF!
,1600,2017,LEN,26ºLEN,Leilão de Energia Nova,005/2017,EGP SANTA ANGELA,94.000.000/0000-00,DISE-20-2023,EOL.CV.PI.033007-8.01,VENTOS DE SANTA ANGELA 03,Sem Pendências,PI,Eólica,Cinética do Vento,NE,"165,000,000.00",#REF!,30.000,,,0.000,16.900,0.1,156,156,156,16.000,16.000,16.000,16.000,16.000,"2,805,120.000",99.00,R$/MWh,0.00,0.00,"277,706,880.00",#REF!,#REF!,"15,403,308.00","15,403,308.00","15,403,308.00",1/1/2023,12/31/2042,Não,"4,894.92",#REF!
,1601,2017,LEN,26ºLEN,Leilão de Energia Nova,005/2017,EGP SANTA ANGELA,94.000.000/0000-00,DISE-20-2023,EOL.CV.PI.033008-6.01,VENTOS DE SANTA ANGELA 04,Sem Pendências,PI,Eólica,Cinética do Vento,NE,"165,000,000.00",#REF!,30.000,,,0.000,16.400,0.1,156,156,156,15.400,15.400,15.400,15.400,15.400,"2,699,928.000",97.50,R$/MWh,0.00,0.00,"263,242,980.00",#REF!,#REF!,"14,768,600.00","14,768,600.00","14,768,600.00",1/1/2023,12/31/2042,Não,"4,894.92",#REF!
,1602,2017,LEN,26ºLEN,Leilão de Energia Nova,005/2017,EGP SANTA ANGELA,94.000.000/0000-00,DISE-20-2023,EOL.CV.PI.033009-4.01,VENTOS DE SANTA ANGELA 05,Sem Pendências,PI,Eólica,Cinética do Vento,NE,"165,000,000.00",#REF!,30.000,,,0.000,16.300,0.1,156,156,156,16.300,16.300,16.300,16.300,16.300,"2,857,716.000",97.21,R$/MWh,0.00,0.00,"277,798,572.36",#REF!,#REF!,"15,666,983.00","15,666,983.00","15,666,983.00",1/1/2023,12/31/2042,Não,"4,894.92",#REF!
,1603,2017,LEN,26ºLEN,Leilão de Energia Nova,005/2017,EGP SANTA ANGELA,94.000.000/0000-00,DISE-20-2023,EOL.CV.PI.033010-8.01,VENTOS DE SANTA ANGELA 06,Sem Pendências,PI,Eólica,Cinética do Vento,NE,"165,000,000.00",#REF!,30.000,,,0.000,17.500,0.1,156,156,156,16.200,16.200,16.200,16.200,16.200,"2,840,184.000",100.00,R$/MWh,0.00,0.00,"284,018,400.00",#REF!,#REF!,"15,758,236.00","15,758,236.00","15,758,236.00",1/1/2023,12/31/2042,Não,"4,894.92",#REF!
,1604,2017,LEN,26ºLEN,Leilão de Energia Nova,005/2017,EGP SANTA ANGELA,94.000.000/0000-00,DISE-20-2023,EOL.CV.PI.033011-6.01,VENTOS DE SANTA ANGELA 07,Sem Pendências,PI,Eólica,Cinética do Vento,NE,"165,000,000.00",#REF!,30.000,,,0.000,17.700,0.1,156,156,156,12.000,12.000,12.000,12.000,12.000,"2,103,840.000",97.03,R$/MWh,0.00,0.00,"204,135,595.20",#REF!,#REF!,"11,303,646.00","11,303,646.00","11,303,646.00",1/1/2023,12/31/2042,Não,"4,894.92",#REF!
,1605,2017,LEN,26ºLEN,Leilão de Energia Nova,005/2017,EGP SANTA ANGELA,94.000.000/0000-00,DISE-20-2023,EOL.CV.PI.033012-4.01,VENTOS DE SANTA ANGELA 08,Sem Pendências,PI,Eólica,Cinética do Vento,NE,"165,000,000.00",#REF!,30.000,,,0.000,17.300,0.1,156,156,156,14.900,14.900,14.900,14.900,14.900,"2,612,268.000",97.21,R$/MWh,0.00,0.00,"253,938,572.28",#REF!,#REF!,"14,252,792.00","14,252,792.00","14,252,792.00",1/1/2023,12/31/2042,Não,"4,894.92",#REF!
,1606,2017,LEN,26ºLEN,Leilão de Energia Nova,005/2017,EGP SANTA ANGELA,94.000.000/0000-00,DISE-20-2023,EOL.CV.PI.033013-2.01,VENTOS DE SANTA ANGELA 09,Sem Pendências,PI,Eólica,Cinética do Vento,NE,"165,000,000.00",#REF!,30.000,,,0.000,16.600,0.1,156,156,156,14.500,14.500,14.500,14.500,14.500,"2,542,140.000",97.21,R$/MWh,0.00,0.00,"247,121,429.40",#REF!,#REF!,"13,984,773.00","13,984,773.00","13,984,773.00",1/1/2023,12/31/2042,Não,"4,894.92",#REF!
,1607,2017,LEN,26ºLEN,Leilão de Energia Nova,005/2017,EGP SANTA ANGELA,94.000.000/0000-00,DISE-20-2023,EOL.CV.PI.033014-0.01,VENTOS DE SANTA ANGELA 10,Sem Pendências,PI,Eólica,Cinética do Vento,NE,"165,000,000.00",#REF!,30.000,,,0.000,16.000,0.1,156,156,156,14.000,14.000,14.000,14.000,14.000,"2,454,480.000",97.21,R$/MWh,0.00,0.00,"238,600,000.80",#REF!,#REF!,"13,422,041.00","13,422,041.00","13,422,041.00",1/1/2023,12/31/2042,Não,"4,894.92",#REF!
,1608,2017,LEN,26ºLEN,Leilão de Energia Nova,005/2017,EGP SANTA ANGELA,94.000.000/0000-00,DISE-20-2023,EOL.CV.PI.033015-9.01,VENTOS DE SANTA ANGELA 11,Sem Pendências,PI,Eólica,Cinética do Vento,NE,"165,000,000.00",#REF!,30.000,,,0.000,15.400,0.1,156,156,156,13.300,13.300,13.300,13.300,13.300,"2,331,756.000",97.03,R$/MWh,0.00,0.00,"226,250,284.68",#REF!,#REF!,"12,707,981.00","12,707,981.00","12,707,981.00",1/1/2023,12/31/2042,Não,"4,894.92",#REF!
,1609,2017,LEN,26ºLEN,Leilão de Energia Nova,005/2017,EGP SANTA ANGELA,94.000.000/0000-00,DISE-20-2023,EOL.CV.PI.033018-3.01,VENTOS DE SANTA ANGELA 14,Sem Pendências,PI,Eólica,Cinética do Vento,NE,"165,000,000.00",#REF!,30.000,,,0.000,16.100,0.1,156,156,156,13.800,13.800,13.800,13.800,13.800,"2,419,416.000",99.00,R$/MWh,0.00,0.00,"239,522,184.00",#REF!,#REF!,"13,319,871.00","13,319,871.00","13,319,871.00",1/1/2023,12/31/2042,Não,"4,894.92",#REF!
,1610,2017,LEN,26ºLEN,Leilão de Energia Nova,005/2017,EGP SANTA ANGELA,94.000.000/0000-00,DISE-20-2023,EOL.CV.PI.033019-1.01,VENTOS DE SANTA ANGELA 15,Sem Pendências,PI,Eólica,Cinética do Vento,NE,"165,000,000.00",#REF!,30.000,,,0.000,16.000,0.1,156,156,156,15.200,15.200,15.200,15.200,15.200,"2,664,864.000",100.00,R$/MWh,0.00,0.00,"266,486,400.00",#REF!,#REF!,"14,796,813.00","14,796,813.00","14,796,813.00",1/1/2023,12/31/2042,Não,"4,894.92",#REF!
,1611,2017,LEN,26ºLEN,Leilão de Energia Nova,005/2017,EGP SANTA ANGELA,94.000.000/0000-00,DISE-20-2023,EOL.CV.PI.033021-3.01,VENTOS DE SANTA ANGELA 17,Sem Pendências,PI,Eólica,Cinética do Vento,NE,"165,000,000.00",#REF!,30.000,,,0.000,17.000,0.1,156,156,156,15.300,15.300,15.300,15.300,15.300,"2,682,396.000",97.20,R$/MWh,0.00,0.00,"260,728,891.20",#REF!,#REF!,"14,547,971.00","14,547,971.00","14,547,971.00",1/1/2023,12/31/2042,Não,"4,894.92",#REF!
,1612,2017,LEN,26ºLEN,Leilão de Energia Nova,005/2017,EGP SANTA ANGELA,94.000.000/0000-00,DISE-20-2023,EOL.CV.PI.033023-0.01,VENTOS DE SANTA ANGELA 19,Sem Pendências,PI,Eólica,Cinética do Vento,NE,"165,000,000.00",#REF!,30.000,,,0.000,16.900,0.1,156,156,156,14.200,14.200,14.200,14.200,14.200,"2,489,544.000",97.20,R$/MWh,0.00,0.00,"241,983,676.80",#REF!,#REF!,"13,524,002.00","13,524,002.00","13,524,002.00",1/1/2023,12/31/2042,Não,"4,894.92",#REF!
,1613,2017,LEN,26ºLEN,Leilão de Energia Nova,005/2017,EGP SANTA ANGELA,94.000.000/0000-00,DISE-20-2023,EOL.CV.PI.033024-8.01,VENTOS DE SANTA ANGELA 20,Sem Pendências,PI,Eólica,Cinética do Vento,NE,"165,000,000.00",#REF!,30.000,,,0.000,16.100,0.1,156,156,156,15.600,15.600,15.600,15.600,15.600,"2,734,992.000",100.00,R$/MWh,0.00,0.00,"273,499,200.00",#REF!,#REF!,"15,194,562.00","15,194,562.00","15,194,562.00",1/1/2023,12/31/2042,Não,"4,894.92",#REF!
,1614,2017,LEN,26ºLEN,Leilão de Energia Nova,005/2017,EGP SANTA ANGELA,94.000.000/0000-00,DISE-20-2023,EOL.CV.PI.033025-6.01,VENTOS DE SANTA ANGELA 21,Sem Pendências,PI,Eólica,Cinética do Vento,NE,"165,000,000.00",#REF!,30.000,,,0.000,15.400,0.1,156,156,156,13.600,13.600,13.600,13.600,13.600,"2,384,352.000",100.00,R$/MWh,0.00,0.00,"238,435,200.00",#REF!,#REF!,"13,388,237.00","13,388,237.00","13,388,237.00",1/1/2023,12/31/2042,Não,"4,894.92",#REF!
,1615,2017,LEN,26ºLEN,Leilão de Energia Nova,005/2017,EGP SOWITC ZEUS,99.000.000/0000-00,DISE-20-2023,EOL.CV.BA.035266-7.01,ZEUS II,Sem Pendências,BA,Eólica,Cinética do Vento,NE,"180,000,000.00",#REF!,30.000,,,0.000,17.500,0.1,159,159,159,15.900,15.900,15.900,15.900,15.900,"2,787,588.000",97.00,R$/MWh,0.00,0.00,"270,396,036.00",#REF!,#REF!,"14,351,823.00","14,351,823.00","14,351,823.00",1/1/2023,12/31/2042,Não,"4,894.92",#REF!
,1616,2017,LEN,26ºLEN,Leilão de Energia Nova,005/2017,EGP-SANTA ESPERANCA,99.000.000/0000-37,DISE-20-2023,EOL.CV.BA.034692-6.01,VENTOS DE SANTA ESPERANCA 13,Sem Pendências,BA,Eólica,Cinética do Vento,NE,"148,496,000.00",#REF!,27.000,,,0.000,16.400,0.1,109,109,109,10.900,10.900,10.900,10.900,10.900,"1,910,988.000",99.28,R$/MWh,0.00,0.00,"189,722,888.64",#REF!,#REF!,"9,596,209.00","9,596,209.00","9,596,209.00",1/1/2023,12/31/2042,Não,"4,894.92",#REF!
,1617,2017,LEN,26ºLEN,Leilão de Energia Nova,005/2017,EGP-SANTA ESPERANCA,99.000.000/0000-37,DISE-20-2023,EOL.CV.BA.034507-5.01,VENTOS DE SANTA ESPERANCA 15,Sem Pendências,BA,Eólica,Cinética do Vento,NE,"148,496,000.00",#REF!,27.000,,,0.000,16.300,0.1,109,109,109,10.600,10.600,10.600,10.600,10.600,"1,858,392.000",99.24,R$/MWh,0.00,0.00,"184,426,822.08",#REF!,#REF!,"9,468,331.00","9,468,331.00","9,468,331.00",1/1/2023,12/31/2042,Não,"4,894.92",#REF!
,1618,2017,LEN,26ºLEN,Leilão de Energia Nova,005/2017,EGP-SANTA ESPERANCA,99.000.000/0000-37,DISE-20-2023,EOL.CV.BA.034509-1.01,VENTOS DE SANTA ESPERANCA 17,Sem Pendências,BA,Eólica,Cinética do Vento,NE,"131,997,000.00",#REF!,24.000,,,0.000,11.000,0.1,109,109,109,9.900,9.900,9.900,9.900,9.900,"1,735,668.000",99.15,R$/MWh,0.00,0.00,"172,091,482.20",#REF!,#REF!,"8,958,702.00","8,958,702.00","8,958,702.00",1/1/2023,12/31/2042,Não,"4,894.92",#REF!
,1619,2017,LEN,26ºLEN,Leilão de Energia Nova,005/2017,FORCA EOLICA,12.227.426/0001-61,DISE-20-2023,EOL.CV.PB.037953-0.01,CANOAS 4,Sem Pendências,PB,Eólica,Cinética do Vento,NE,"271,089,250.00",#REF!,33.600,,,0.000,16.700,0.1,155,155,155,15.500,15.500,15.500,15.500,15.500,"2,717,460.000",100.02,R$/MWh,0.00,0.00,"271,800,349.20",#REF!,#REF!,"15,035,590.85","15,035,590.85","15,035,590.85",1/1/2023,12/31/2042,Não,"4,894.92",#REF!
,1620,2017,LEN,26ºLEN,Leilão de Energia Nova,005/2017,FORCA EOLICA,12.227.426/0001-61,DISE-20-2023,EOL.CV.PB.038029-6.01,LAGOA 3,Sem Pendências,PB,Eólica,Cinética do Vento,NE,"271,089,250.00",#REF!,33.600,,,0.000,18.300,0.1,155,155,155,16.900,16.900,16.900,16.900,16.900,"2,962,908.000",100.02,R$/MWh,0.00,0.00,"296,350,058.16",#REF!,#REF!,"16,316,040.97","16,316,040.97","16,316,040.97",1/1/2023,12/31/2042,Não,"4,894.92",#REF!
,1621,2017,LEN,26ºLEN,Leilão de Energia Nova,005/2017,FORCA EOLICA,12.227.426/0001-61,DISE-20-2023,EOL.CV.PB.034639-0.01,CHAFARIZ 1,Sem Pendências,PB,Eólica,Cinética do Vento,NE,"254,146,170.00",#REF!,31.500,,,0.000,17.700,0.1,155,155,155,17.000,17.000,17.000,17.000,17.000,"2,980,440.000",100.01,R$/MWh,0.00,0.00,"298,073,804.40",#REF!,#REF!,"16,432,866.85","16,432,866.85","16,432,866.85",1/1/2023,12/31/2042,Não,"4,894.92",#REF!
,1622,2017,LEN,26ºLEN,Leilão de Energia Nova,005/2017,FORCA EOLICA,12.227.426/0001-61,DISE-20-2023,EOL.CV.PB.034640-3.01,CHAFARIZ 2,Sem Pendências,PB,Eólica,Cinética do Vento,NE,"271,089,250.00",#REF!,33.600,,,0.000,17.500,0.1,155,155,155,17.000,17.000,17.000,17.000,17.000,"2,980,440.000",100.01,R$/MWh,0.00,0.00,"298,073,804.40",#REF!,#REF!,"16,466,696.46","16,466,696.46","16,466,696.46",1/1/2023,12/31/2042,Não,"4,894.92",#REF!
,1623,2017,LEN,26ºLEN,Leilão de Energia Nova,005/2017,FORCA EOLICA,12.227.426/0001-61,DISE-20-2023,EOL.CV.PB.035181-4.01,CANOAS 2,Sem Pendências,PB,Eólica,Cinética do Vento,NE,"271,089,250.00",#REF!,33.600,,,0.000,17.300,0.1,155,155,155,15.900,15.900,15.900,15.900,15.900,"2,787,588.000",100.02,R$/MWh,0.00,0.00,"278,814,551.76",#REF!,#REF!,"15,430,566.75","15,430,566.75","15,430,566.75",1/1/2023,12/31/2042,Não,"4,894.92",#REF!
,1624,2017,LEN,26ºLEN,Leilão de Energia Nova,005/2017,FORCA EOLICA,12.227.426/0001-61,DISE-20-2023,EOL.CV.PB.038030-0.01,LAGOA 4,Sem Pendências,PB,Eólica,Cinética do Vento,NE,"169,430,780.00",#REF!,21.000,,,0.000,11.700,0.1,155,155,155,10.100,10.100,10.100,10.100,10.100,"1,770,732.000",100.02,R$/MWh,0.00,0.00,"177,108,614.64",#REF!,#REF!,"9,719,103.52","9,719,103.52","9,719,103.52",1/1/2023,12/31/2042,Não,"4,894.92",#REF!
,1625,2017,LEN,26ºLEN,Leilão de Energia Nova,005/2017,FORCA EOLICA,12.227.426/0001-61,DISE-20-2023,EOL.CV.PB.034642-0.01,CHAFARIZ 3,Sem Pendências,PB,Eólica,Cinética do Vento,NE,"254,146,170.00",#REF!,31.500,,,0.000,18.100,0.1,155,155,155,17.200,17.200,17.200,17.200,17.200,"3,015,504.000",100.01,R$/MWh,0.00,0.00,"301,580,555.04",#REF!,#REF!,"16,544,209.66","16,544,209.66","16,544,209.66",1/1/2023,12/31/2042,Não,"4,894.92",#REF!
,1626,2017,LEN,26ºLEN,Leilão de Energia Nova,005/2017,FORCA EOLICA,12.227.426/0001-61,DISE-20-2023,EOL.CV.PB.035184-9.01,CHAFARIZ 6,Sem Pendências,PB,Eólica,Cinética do Vento,NE,"237,203,100.00",#REF!,29.400,,,0.000,15.200,0.1,155,155,155,14.400,14.400,14.400,14.400,14.400,"2,524,608.000",100.01,R$/MWh,0.00,0.00,"252,486,046.08",#REF!,#REF!,"14,010,422.32","14,010,422.32","14,010,422.32",1/1/2023,12/31/2042,Não,"4,894.92",#REF!
,1627,2017,LEN,26ºLEN,Leilão de Energia Nova,005/2017,FORCA EOLICA,12.227.426/0001-61,DISE-20-2023,EOL.CV.PB.037958-1.01,CHAFARIZ 7,Sem Pendências,PB,Eólica,Cinética do Vento,NE,"271,089,250.00",#REF!,33.600,,,0.000,19.000,0.1,155,155,155,17.700,17.700,17.700,17.700,17.700,"3,103,164.000",100.01,R$/MWh,0.00,0.00,"310,347,431.64",#REF!,#REF!,"16,953,498.23","16,953,498.23","16,953,498.23",1/1/2023,12/31/2042,Não,"4,894.92",#REF!
,1628,2017,LEN,26ºLEN,Leilão de Energia Nova,005/2017,FORQUILHA IV,26.297.578/0001-45,QTD-30-2023,PCH.PH.RS.034057-0.01,FORQUILHA IV,Sem Pendências,RS,Hidrelétrica (PCH),Rio Forquilha ou Invanhadava,S,"73,913,000.00",#REF!,13.000,,,0.000,5.640,0.1,50,50,50,5.000,5.000,5.000,5.000,5.000,"1,314,960.000",218.29,R$/MWh,0.00,0.00,"287,042,618.40",#REF!,#REF!,0.00,0.00,0.00,1/1/2023,12/31/2052,Não,"4,894.92",#REF!
,1629,2017,LEN,26ºLEN,Leilão de Energia Nova,005/2017,MARILM AZUL,99.000.000/0000-12,DISG-25-2023,UTE.GN.RJ.032211-3.01,VALE AZUL II,Sem Pendências,RJ,Gás Natural,Gás Natural,SE,"1,226,000,000.00",#REF!,466.313,,,0.000,420.900,0.1,"4,209","4,209","4,209",420.900,420.900,420.900,420.900,420.900,"92,237,709.600",211.90,R$/MWh,0.00,0.00,"19,545,170,664.24",#REF!,#REF!,"642,213,977.00","642,213,977.00","642,213,977.00",1/1/2023,12/31/2047,Não,"4,894.92",#REF!
,1630,2017,LEN,26ºLEN,Leilão de Energia Nova,005/2017,OMEGA,26.136.557/0001-48,DISE-20-2023,EOL.CV.MA.037967-0.01,DELTA 5 I,Sem Pendências,MA,Eólica,Cinética do Vento,N,"133,373,640.00",#REF!,22.500,,,0.000,11.700,0.1,102,102,102,10.200,10.200,10.200,10.200,10.200,"1,788,264.000",97.03,R$/MWh,0.00,0.00,"173,515,255.92",#REF!,#REF!,"9,921,300.00","9,921,300.00","9,921,300.00",1/1/2023,12/31/2042,Não,"4,894.92",#REF!
,1631,2017,LEN,26ºLEN,Leilão de Energia Nova,005/2017,OMEGA,26.136.557/0001-48,DISE-20-2023,EOL.CV.MA.037970-0.01,DELTA 5 IV,Sem Pendências,MA,Eólica,Cinética do Vento,N,"163,012,250.00",#REF!,27.500,,,0.000,14.600,0.1,102,102,102,13.000,13.000,13.000,13.000,13.000,"2,279,160.000",97.02,R$/MWh,0.00,0.00,"221,124,103.20",#REF!,#REF!,"12,780,200.00","12,780,200.00","12,780,200.00",1/1/2023,12/31/2042,Não,"4,894.92",#REF!
,1632,2017,LEN,26ºLEN,Leilão de Energia Nova,005/2017,OMEGA,26.136.557/0001-48,DISE-20-2023,EOL.CV.MA.037972-7.01,DELTA 5 V,Sem Pendências,MA,Eólica,Cinética do Vento,N,"133,373,640.00",#REF!,22.500,,,0.000,13.300,0.1,102,102,102,12.000,12.000,12.000,12.000,12.000,"2,103,840.000",97.01,R$/MWh,0.00,0.00,"204,093,518.40",#REF!,#REF!,"11,635,600.00","11,635,600.00","11,635,600.00",1/1/2023,12/31/2042,Não,"4,894.92",#REF!
,1633,2017,LEN,26ºLEN,Leilão de Energia Nova,005/2017,OMEGA,26.136.557/0001-48,DISE-20-2023,EOL.CV.MA.037976-0.01,DELTA 5 X,Sem Pendências,MA,Eólica,Cinética do Vento,N,"133,373,670.00",#REF!,22.500,,,0.000,12.100,0.1,102,102,102,11.900,11.900,11.900,11.900,11.900,"2,086,308.000",97.00,R$/MWh,0.00,0.00,"202,371,876.00",#REF!,#REF!,"11,562,700.00","11,562,700.00","11,562,700.00",1/1/2023,12/31/2042,Não,"4,894.92",#REF!
,1634,2017,LEN,26ºLEN,Leilão de Energia Nova,005/2017,OSWALDO RIBEIRO,51.990.778/0001-26,DISBC-25-2023,UTE.AI.SP.028094-1.01,COLORADO,Sem Pendências,SP,Biomassa,Bagaço de Cana de Açúcar,SE,"17,756,000.00",#REF!,3.955,,,0.000,2.900,0.1,10,10,10,1.000,1.000,1.000,1.000,1.000,"219,144.000",216.00,R$/MWh,0.00,0.00,"47,335,104.00",#REF!,#REF!,"2,008,376.91","2,008,376.91","2,008,376.91",1/1/2023,12/31/2047,Não,"4,894.92",#REF!
,1635,2017,LEN,26ºLEN,Leilão de Energia Nova,005/2017,PITANGUEIRAS,44.870.939/0001-82,DISBC-25-2023,UTE.AI.SP.028859-4.01,PITANGUEIRAS,Sem Pendências,SP,Biomassa,Bagaço de Cana de Açúcar,SE,"70,000,000.00",#REF!,25.000,,,0.000,14.700,0.1,147,147,147,14.700,14.700,14.700,14.700,14.700,"3,221,416.800",215.42,R$/MWh,0.00,0.00,"693,957,607.06",#REF!,#REF!,"31,057,771.44","31,057,771.44","31,057,771.44",1/1/2023,12/31/2047,Não,"4,894.92",#REF!
,1636,2017,LEN,26ºLEN,Leilão de Energia Nova,005/2017,PLANALTO,27.119.208/0001-80,DISBC-25-2023,UTE.AI.SP.037515-2.01,PLANALTO BIOENERGIA,Sem Pendências,SP,Biomassa,Bagaço de Cana de Açúcar,SE,"131,340,000.00",#REF!,50.000,,,0.000,24.600,0.1,206,206,206,20.600,20.600,20.600,20.600,20.600,"4,514,366.400",216.10,R$/MWh,0.00,0.00,"975,554,579.04",#REF!,#REF!,"42,583,885.00","42,583,885.00","42,583,885.00",1/1/2023,12/31/2047,Não,"4,894.92",#REF!
,1637,2017,LEN,26ºLEN,Leilão de Energia Nova,005/2017,RPEE ENERGIA,28.060.339/0001-00,QTD-30-2023,PCH.PH.SC.035764-2.01,TUPITINGA,Sem Pendências,SC,Hidrelétrica (PCH),Rio Santa Cruz,S,"56,925,450.00",#REF!,24.000,,,0.000,10.470,0.1,97,97,97,9.700,9.700,9.700,9.700,9.700,"2,551,022.400",218.47,R$/MWh,0.00,0.00,"557,321,863.73",#REF!,#REF!,0.00,0.00,0.00,1/1/2023,12/31/2052,Não,"4,894.92",#REF!
,1638,2017,LEN,26ºLEN,Leilão de Energia Nova,005/2017,SAO CARLOS,23.693.151/0001-78,QTD-30-2023,PCH.PH.SC.033762-5.01,SAO CARLOS,Sem Pendências,SC,Hidrelétrica (PCH),Rio Do Peixe,S,"76,252,120.00",#REF!,14.525,,,0.000,7.730,0.1,45,45,45,4.500,4.500,4.500,4.500,4.500,"1,183,464.000",218.19,R$/MWh,0.00,0.00,"258,220,010.16",#REF!,#REF!,0.00,0.00,0.00,1/1/2023,12/31/2052,Não,"4,894.92",#REF!
,1639,2017,LEN,26ºLEN,Leilão de Energia Nova,005/2017,SAO LUIZ,10.334.842/0001-33,QTD-30-2023,PCH.PH.PR.028998-1.01,FOZ DO ESTRELA,Sem Pendências,PR,Hidrelétrica (PCH),Rio Iratim,S,"289,917,000.00",#REF!,29.500,,,0.000,17.570,0.1,175,175,175,17.500,17.500,17.500,17.500,17.500,"4,602,360.000",220.74,R$/MWh,0.00,0.00,"1,015,924,946.40",#REF!,#REF!,0.00,0.00,0.00,1/1/2023,12/31/2052,Não,"4,894.92",#REF!
,1640,2017,LEN,26ºLEN,Leilão de Energia Nova,005/2017,UTE GNA II,23.514.652/0001-40,DISG-25-2023,UTE.GN.RJ.038173-0.01,GNA PORTO DO ACU III,Sem Pendências,RJ,Gás Natural,Gás Natural,SE,"3,432,000,000.00",#REF!,"1,672.599",,,0.000,"1,547.400",0.1,"14,500","14,500","14,500","1,450.000","1,450.000","1,450.000","1,450.000","1,450.000","317,758,800.000",213.91,R$/MWh,0.00,0.00,"67,971,784,908.00",#REF!,#REF!,"2,085,988,786.51","2,085,988,786.51","2,085,988,786.51",1/1/2023,12/31/2047,Não,"4,894.92",#REF!
,1641,2017,LEN,26ºLEN,Leilão de Energia Nova,005/2017,VALE DO PONTAL,08.057.019/0001-86,DISBC-25-2023,UTE.AI.MG.038172-1.01,VALE DO PONTAL 2,Sem Pendências,MG,Biomassa,Bagaço de Cana de Açúcar,SE,"51,350,000.00",#REF!,21.100,,,0.000,10.800,0.1,97,97,97,9.700,9.700,9.700,9.700,9.700,"2,125,696.800",215.25,R$/MWh,0.00,0.00,"457,556,236.20",#REF!,#REF!,"20,318,775.85","20,318,775.85","20,318,775.85",1/1/2023,12/31/2047,Não,"4,894.92",#REF!
,1642,2017,LEN,26ºLEN,Leilão de Energia Nova,005/2017,VERDE 08,19.729.992/0001-10,QTD-30-2023,PCH.PH.GO.030973-7.01,VERDE 08,Sem Pendências,GO,Hidrelétrica (PCH),Rio Verde,SE,0.00,#REF!,30.000,,,0.000,18.700,0.1,182,182,182,18.200,18.200,18.200,18.200,18.200,"4,786,454.400",218.89,R$/MWh,0.00,0.00,"1,047,707,003.62",#REF!,#REF!,0.00,0.00,0.00,1/1/2023,12/31/2052,Não,"4,894.92",#REF!
,1643,2017,LEN,26ºLEN,Leilão de Energia Nova,005/2017,VOLTALIA FIL AC,99.000.000/0000-57,DISE-20-2023,EOL.CV.RN.033753-6.01,VILA ACRE II,Sem Pendências,RN,Eólica,Cinética do Vento,NE,"152,462,500.00",#REF!,27.300,,,0.000,16.600,0.1,155,155,155,15.500,15.500,15.500,15.500,15.500,"2,717,460.000",99.90,R$/MWh,0.00,0.00,"271,474,254.00",#REF!,#REF!,"14,646,676.04","14,646,676.04","14,646,676.04",1/1/2023,12/31/2042,Não,"4,894.92",#REF!
,1644,2017,LEN,26ºLEN,Leilão de Energia Nova,005/2017,VOLTALIA PB,83.000.000/0000-00,DISE-20-2023,EOL.CV.RN.036974-8.01,VILA PARAIBA I,Sem Pendências,RN,Eólica,Cinética do Vento,NE,"178,681,650.00",#REF!,32.000,,,0.000,19.900,0.1,158,158,158,15.800,15.800,15.800,15.800,15.800,"2,770,056.000",96.90,R$/MWh,0.00,0.00,"268,418,426.40",#REF!,#REF!,"14,423,111.16","14,423,111.16","14,423,111.16",1/1/2023,12/31/2042,Não,"4,894.92",#REF!
,1645,2017,LEN,26ºLEN,Leilão de Energia Nova,005/2017,VOLTALIA PB,83.000.000/0000-00,DISE-20-2023,EOL.CV.RN.036976-4.01,VILA PARAIBA IV,Sem Pendências,RN,Eólica,Cinética do Vento,NE,"178,681,650.00",#REF!,32.000,,,0.000,18.800,0.1,158,158,158,15.400,15.400,15.400,15.400,15.400,"2,699,928.000",96.90,R$/MWh,0.00,0.00,"261,623,023.20",#REF!,#REF!,"14,082,871.28","14,082,871.28","14,082,871.28",1/1/2023,12/31/2042,Não,"4,894.92",#REF!
,1646,2017,LEN,25ºLEN,Leilão de Energia Nova,004/2017,AES TIETE,04.128.563/0001-10,DISS-20-2021 ,UFV.RS.SP.034206-8.01,AGUA VERMELHA IV,Sem Pendências,SP,Solar Fotovoltaica,Radiação Solar Global,SE,"87,173,010.00",#REF!,15.000,,,18.748,4.000,0.1,40,40,40,4.000,4.000,4.000,4.000,4.000,"701,280.000",145.49,R$/MWh,0.00,0.00,"102,029,227.20",#REF!,#REF!,"5,097,970.00","5,097,970.00","5,097,970.00",1/1/2021,12/31/2040,Não,"4,894.92",#REF!
,1647,2017,LEN,25ºLEN,Leilão de Energia Nova,004/2017,AES TIETE,04.128.563/0001-10,DISS-20-2021 ,UFV.RS.SP.034207-6.01,AGUA VERMELHA V,Sem Pendências,SP,Solar Fotovoltaica,Radiação Solar Global,SE,"174,346,010.00",#REF!,30.000,,,37.498,7.900,0.1,40,40,40,7.900,7.900,7.900,7.900,7.900,"1,385,028.000",145.49,R$/MWh,0.00,0.00,"201,507,723.72",#REF!,#REF!,"10,068,490.00","10,068,490.00","10,068,490.00",1/1/2021,12/31/2040,Não,"4,894.92",#REF!
,1648,2017,LEN,25ºLEN,Leilão de Energia Nova,004/2017,AES TIETE,04.128.563/0001-10,DISS-20-2021 ,UFV.RS.SP.034208-4.01,AGUA VERMELHA VI,Sem Pendências,SP,Solar Fotovoltaica,Radiação Solar Global,SE,"174,346,010.00",#REF!,30.000,,,37.498,7.900,0.1,40,40,40,7.900,7.900,7.900,7.900,7.900,"1,385,028.000",146.66,R$/MWh,0.00,0.00,"203,128,206.48",#REF!,#REF!,"10,149,459.00","10,149,459.00","10,149,459.00",1/1/2021,12/31/2040,Não,"4,894.92",#REF!
,1649,2017,LEN,25ºLEN,Leilão de Energia Nova,004/2017,EGP ALBA,85.000.000/0000-00,DISS-20-2021 ,UFV.RS.PI.033841-9.01,SAO GONCALO 1,Sem Pendências,PI,Solar Fotovoltaica,Radiação Solar Global,NE,"243,678,800.00",#REF!,30.000,,,48.478,10.200,0.1,99,99,99,9.900,9.900,9.900,9.900,9.900,"1,735,668.000",146.67,R$/MWh,0.00,0.00,"254,570,425.56",#REF!,#REF!,"12,719,809.00","12,719,809.00","12,719,809.00",1/1/2021,12/31/2040,Não,"4,894.92",#REF!
,1650,2017,LEN,25ºLEN,Leilão de Energia Nova,004/2017,EGP ALBA,85.000.000/0000-00,DISS-20-2021 ,UFV.RS.PI.033842-7.01,SAO GONCALO 2,Sem Pendências,PI,Solar Fotovoltaica,Radiação Solar Global,NE,"243,678,800.00",#REF!,30.000,,,48.478,10.200,0.1,99,99,99,9.900,9.900,9.900,9.900,9.900,"1,735,668.000",146.67,R$/MWh,0.00,0.00,"254,570,425.56",#REF!,#REF!,"12,719,809.00","12,719,809.00","12,719,809.00",1/1/2021,12/31/2040,Não,"4,894.92",#REF!
,1651,2017,LEN,25ºLEN,Leilão de Energia Nova,004/2017,EGP ALBA,85.000.000/0000-00,DISS-20-2021 ,UFV.RS.PI.033843-5.01,SAO GONCALO 3,Sem Pendências,PI,Solar Fotovoltaica,Radiação Solar Global,NE,"243,678,800.00",#REF!,30.000,,,48.478,10.200,0.1,99,99,99,9.900,9.900,9.900,9.900,9.900,"1,735,668.000",146.67,R$/MWh,0.00,0.00,"254,570,425.56",#REF!,#REF!,"12,719,809.00","12,719,809.00","12,719,809.00",1/1/2021,12/31/2040,Não,"4,894.92",#REF!
,1652,2017,LEN,25ºLEN,Leilão de Energia Nova,004/2017,EGP ALBA,85.000.000/0000-00,DISS-20-2021 ,UFV.RS.PI.033844-3.01,SAO GONCALO 4,Sem Pendências,PI,Solar Fotovoltaica,Radiação Solar Global,NE,"243,678,800.00",#REF!,30.000,,,48.478,10.200,0.1,99,99,99,9.900,9.900,9.900,9.900,9.900,"1,735,668.000",146.67,R$/MWh,0.00,0.00,"254,570,425.56",#REF!,#REF!,"12,719,809.00","12,719,809.00","12,719,809.00",1/1/2021,12/31/2040,Não,"4,894.92",#REF!
,1653,2017,LEN,25ºLEN,Leilão de Energia Nova,004/2017,EGP ALBA,85.000.000/0000-00,DISS-20-2021 ,UFV.RS.PI.033845-1.01,SAO GONCALO 5,Sem Pendências,PI,Solar Fotovoltaica,Radiação Solar Global,NE,"243,678,800.00",#REF!,30.000,,,48.478,10.200,0.1,99,99,99,9.900,9.900,9.900,9.900,9.900,"1,735,668.000",146.67,R$/MWh,0.00,0.00,"254,570,425.56",#REF!,#REF!,"12,719,809.00","12,719,809.00","12,719,809.00",1/1/2021,12/31/2040,Não,"4,894.92",#REF!
,1654,2017,LEN,25ºLEN,Leilão de Energia Nova,004/2017,EGP ALBA,85.000.000/0000-00,DISS-20-2021 ,UFV.RS.PI.037588-8.01,SAO GONCALO 21,Sem Pendências,PI,Solar Fotovoltaica,Radiação Solar Global,NE,"243,678,800.00",#REF!,30.000,,,48.478,10.200,0.1,99,99,99,9.900,9.900,9.900,9.900,9.900,"1,735,668.000",145.99,R$/MWh,0.00,0.00,"253,390,171.32",#REF!,#REF!,"12,660,837.00","12,660,837.00","12,660,837.00",1/1/2021,12/31/2040,Não,"4,894.92",#REF!
,1655,2017,LEN,25ºLEN,Leilão de Energia Nova,004/2017,EGP ALBA,85.000.000/0000-00,DISS-20-2021 ,UFV.RS.PI.037589-6.01,SAO GONCALO 22,Sem Pendências,PI,Solar Fotovoltaica,Radiação Solar Global,NE,"243,678,800.00",#REF!,30.000,,,48.478,10.200,0.1,99,99,99,9.900,9.900,9.900,9.900,9.900,"1,735,668.000",145.00,R$/MWh,0.00,0.00,"251,671,860.00",#REF!,#REF!,"12,574,980.00","12,574,980.00","12,574,980.00",1/1/2021,12/31/2040,Não,"4,894.92",#REF!
,1656,2017,LEN,25ºLEN,Leilão de Energia Nova,004/2017,EGP ALBA,85.000.000/0000-00,DISS-20-2021 ,UFV.RS.PI.037577-2.01,SAO GONCALO 10,Sem Pendências,PI,Solar Fotovoltaica,Radiação Solar Global,NE,"243,678,800.00",#REF!,30.000,,,48.478,10.200,0.1,99,99,99,9.900,9.900,9.900,9.900,9.900,"1,735,668.000",145.50,R$/MWh,0.00,0.00,"252,539,694.00",#REF!,#REF!,"12,618,342.00","12,618,342.00","12,618,342.00",1/1/2021,12/31/2040,Não,"4,894.92",#REF!
,1657,2017,LEN,25ºLEN,Leilão de Energia Nova,004/2017,ENERVIX,07.244.546/0001-37,QTD-30-2021 ,CGH.PH.ES.038158-6.01,SANTA LUZIA,Sem Pendências,ES,Hidrelétrica (CGH),Rio Concordia,SE,"8,078,040.00",#REF!,1.512,,,0.000,0.910,0.1,8,8,8,0.800,0.800,0.800,0.800,0.800,"210,374.400",179.00,R$/MWh,0.00,0.00,"37,657,017.60",#REF!,#REF!,0.00,0.00,0.00,1/1/2021,12/31/2050,Não,"4,894.92",#REF!
,1658,2017,LEN,25ºLEN,Leilão de Energia Nova,004/2017,FOCKINK,04.547.015/0001-25,QTD-30-2021 ,PCH.PH.MT.000331-0.01,BURITI,Sem Pendências,MT,Hidrelétrica (PCH),Rio Buriti,SE,"23,022,300.00",#REF!,10.000,,,0.000,8.590,0.1,50,50,50,5.000,5.000,5.000,5.000,5.000,"1,314,840.000",182.05,R$/MWh,0.00,0.00,"239,366,622.00",#REF!,#REF!,0.00,0.00,0.00,1/1/2021,12/31/2050,Não,"4,894.92",#REF!
,1659,2017,LEN,25ºLEN,Leilão de Energia Nova,004/2017,JALLES,02.635.522/0001-95,DIST-20-2021 ,UTE.AI.GO.028112-3.01,JALLES MACHADO,Sem Pendências,GO,Biomassa,Bagaço de Cana de Açúcar,SE,"44,160,000.00",#REF!,25.000,,,0.000,8.600,0.1,86,86,86,8.600,8.600,8.600,8.600,8.600,"1,507,752.000",234.92,R$/MWh,0.00,0.00,"354,201,099.84",#REF!,#REF!,"19,436,688.00","19,436,688.00","19,436,688.00",1/1/2021,12/31/2040,Não,"4,894.92",#REF!
,1660,2017,LEN,25ºLEN,Leilão de Energia Nova,004/2017,SALGUEIRO,74.000.000/0000-00,DISS-20-2021 ,UFV.RS.PE.033606-8.01,SOLAR SALGUEIRO,Data de Suprimento Alterada,PE,Solar Fotovoltaica,Radiação Solar Global,NE,"149,000,000.00",#REF!,30.000,,,37.498,8.600,0.1,86,86,86,8.600,8.600,8.600,8.600,8.600,"1,507,752.000",143.70,R$/MWh,0.00,0.00,"216,663,962.40",#REF!,#REF!,"10,825,783.20","10,825,783.20","10,825,783.20",1/1/2021,12/31/2040,Não,"4,894.92",#REF!
,1661,2017,LEN,25ºLEN,Leilão de Energia Nova,004/2017,SALGUEIRO,74.000.000/0000-00,DISS-20-2021 ,UFV.RS.PE.034160-6.01,SOLAR SALGUEIRO II,Data de Suprimento Alterada,PE,Solar Fotovoltaica,Radiação Solar Global,NE,"149,000,000.00",#REF!,30.000,,,37.498,8.800,0.1,86,86,86,8.800,8.800,8.800,8.800,8.800,"1,542,816.000",145.98,R$/MWh,0.00,0.00,"225,220,279.68",#REF!,#REF!,"11,253,306.24","11,253,306.24","11,253,306.24",1/1/2021,12/31/2040,Não,"4,894.92",#REF!
,1662,2017,LEN,25ºLEN,Leilão de Energia Nova,004/2017,SALGUEIRO,74.000.000/0000-00,DISS-20-2021 ,UFV.RS.PE.034105-3.01,SOLAR SALGUEIRO III,Data de Suprimento Alterada,PE,Solar Fotovoltaica,Radiação Solar Global,NE,"149,000,000.00",#REF!,30.000,,,37.498,8.800,0.1,86,86,86,8.800,8.800,8.800,8.800,8.800,"1,542,816.000",146.66,R$/MWh,0.00,0.00,"226,269,394.56",#REF!,#REF!,"11,305,726.08","11,305,726.08","11,305,726.08",1/1/2021,12/31/2040,Não,"4,894.92",#REF!
,1663,2017,LEN,25ºLEN,Leilão de Energia Nova,004/2017,SOLAR DO SERTAO,73.000.000/0000-00,DISS-20-2021 ,UFV.RS.BA.033469-3.01,SERTAO SOLAR BARREIRAS I,Sem Pendências,BA,Solar Fotovoltaica,Radiação Solar Global,NE,"154,652,000.00",#REF!,28.000,,,29.388,6.800,0.1,68,68,68,6.800,6.800,6.800,6.800,6.800,"1,192,176.000",143.50,R$/MWh,0.00,0.00,"171,077,256.00",#REF!,#REF!,"8,548,008.00","8,548,008.00","8,548,008.00",1/1/2021,12/31/2040,Não,"4,894.92",#REF!
,1664,2017,LEN,25ºLEN,Leilão de Energia Nova,004/2017,SOLAR DO SERTAO,73.000.000/0000-00,DISS-20-2021 ,UFV.RS.BA.033470-7.01,SERTAO SOLAR BARREIRAS II,Sem Pendências,BA,Solar Fotovoltaica,Radiação Solar Global,NE,"154,652,000.00",#REF!,28.000,,,29.388,6.800,0.1,68,68,68,6.800,6.800,6.800,6.800,6.800,"1,192,176.000",143.50,R$/MWh,0.00,0.00,"171,077,256.00",#REF!,#REF!,"8,548,008.00","8,548,008.00","8,548,008.00",1/1/2021,12/31/2040,Não,"4,894.92",#REF!
,1665,2017,LEN,25ºLEN,Leilão de Energia Nova,004/2017,SOLAR DO SERTAO,73.000.000/0000-00,DISS-20-2021 ,UFV.RS.BA.033471-5.01,SERTAO SOLAR BARREIRAS III,Sem Pendências,BA,Solar Fotovoltaica,Radiação Solar Global,NE,"154,652,000.00",#REF!,28.000,,,29.388,6.800,0.1,68,68,68,6.800,6.800,6.800,6.800,6.800,"1,192,176.000",146.60,R$/MWh,0.00,0.00,"174,773,001.60",#REF!,#REF!,"8,732,668.80","8,732,668.80","8,732,668.80",1/1/2021,12/31/2040,Não,"4,894.92",#REF!
,1666,2017,LEN,25ºLEN,Leilão de Energia Nova,004/2017,SOLAR DO SERTAO,73.000.000/0000-00,DISS-20-2021 ,UFV.RS.BA.033473-1.01,SERTAO SOLAR BARREIRAS IV,Sem Pendências,BA,Solar Fotovoltaica,Radiação Solar Global,NE,"154,652,000.00",#REF!,28.000,,,29.388,6.800,0.1,68,68,68,6.800,6.800,6.800,6.800,6.800,"1,192,176.000",146.60,R$/MWh,0.00,0.00,"174,773,001.60",#REF!,#REF!,"8,732,668.80","8,732,668.80","8,732,668.80",1/1/2021,12/31/2040,Não,"4,894.92",#REF!
,1667,2017,LEN,25ºLEN,Leilão de Energia Nova,004/2017,SOLATIO SINDUSTRIAL,99.000.000/0000-01,DISS-20-2021 ,UFV.RS.PE.034169-0.01,BRIGIDA,Data de Suprimento Alterada,PE,Solar Fotovoltaica,Radiação Solar Global,NE,"190,470,790.00",#REF!,27.000,,,37.417,8.900,0.1,89,89,89,8.900,8.900,8.900,8.900,8.900,"1,560,348.000",144.90,R$/MWh,0.00,0.00,"226,094,425.20",#REF!,#REF!,"11,296,984.00","11,296,984.00","11,296,984.00",1/1/2021,12/31/2040,Não,"4,894.92",#REF!
,1668,2017,LEN,25ºLEN,Leilão de Energia Nova,004/2017,SOLATIO SINDUSTRIAL,99.000.000/0000-01,DISS-20-2021 ,UFV.RS.PE.034234-3.01,BRIGIDA 2,Data de Suprimento Alterada,PE,Solar Fotovoltaica,Radiação Solar Global,NE,"212,700,770.00",#REF!,30.000,,,41.571,8.900,0.1,89,89,89,8.900,8.900,8.900,8.900,8.900,"1,560,348.000",143.60,R$/MWh,0.00,0.00,"224,065,972.80",#REF!,#REF!,"11,195,630.00","11,195,630.00","11,195,630.00",1/1/2021,12/31/2040,Não,"4,894.92",#REF!
,1669,2017,LEN,25ºLEN,Leilão de Energia Nova,004/2017,VOLTALIA PB,83.000.000/0000-00,DISE-20-2021 ,EOL.CV.RN.036985-3.01,VILA PARAIBA II,Sem Pendências,RN,Eólica,Cinética do Vento,NE,"178,681,660.00",#REF!,32.000,,,0.000,19.200,0.1,177,177,177,17.700,17.700,17.700,17.700,17.700,"3,103,164.000",108.00,R$/MWh,0.00,0.00,"335,141,712.00",#REF!,#REF!,"18,016,724.52","18,016,724.52","18,016,724.52",1/1/2021,12/31/2040,Não,"4,894.92",#REF!
,1670,2017,LEN,25ºLEN,Leilão de Energia Nova,004/2017,VOLTALIA PB,83.000.000/0000-00,DISE-20-2021 ,EOL.CV.RN.036981-0.01,VILA PARAIBA III,Sem Pendências,RN,Eólica,Cinética do Vento,NE,"178,681,660.00",#REF!,32.000,,,0.000,18.800,0.1,177,177,177,17.900,17.900,17.900,17.900,17.900,"3,138,228.000",108.00,R$/MWh,0.00,0.00,"338,928,624.00",#REF!,#REF!,"18,258,970.29","18,258,970.29","18,258,970.29",1/1/2021,12/31/2040,Não,"4,894.92",#REF!
,1671,2017,LEE,17ºLEE,Leilão de Energia Existente,006/2017,ARGON,21.642.355/0001-54,QTD-02-2018,-,-,Sem Pendências,-,-,-,N,0.00,#REF!,0.000,,,0.000,0.000,1.0,10,10,10,10.000,10.000,0.000,0.000,10.000,"175,200.000",177.99,R$/MWh,0.00,0.00,"31,183,848.00",#REF!,#REF!,0.00,0.00,0.00,1/1/2018,12/31/2019,Não,"4,894.92",#REF!
,1672,2017,LEE,17ºLEE,Leilão de Energia Existente,006/2017,CLIME TRADING,05.689.495/0001-21,QTD-02-2018,-,-,Sem Pendências,-,-,-,N,0.00,#REF!,0.000,,,0.000,0.000,1.0,10,10,10,10.000,10.000,0.000,0.000,10.000,"175,200.000",177.98,R$/MWh,0.00,0.00,"31,182,096.00",#REF!,#REF!,0.00,0.00,0.00,1/1/2018,12/31/2019,Não,"4,894.92",#REF!
,1673,2017,LEE,17ºLEE,Leilão de Energia Existente,006/2017,COMERC,58.177.643/0001-95,QTD-02-2018,-,-,Sem Pendências,-,-,-,N,0.00,#REF!,0.000,,,0.000,0.000,1.0,20,20,20,20.000,20.000,0.000,0.000,20.000,"350,400.000",177.10,R$/MWh,0.00,0.00,"62,055,840.00",#REF!,#REF!,0.00,0.00,0.00,1/1/2018,12/31/2019,Não,"4,894.92",#REF!
,1674,2017,LEE,17ºLEE,Leilão de Energia Existente,006/2017,ELETRONORTE,00.357.038/0001-16,QTD-02-2018,-,-,Sem Pendências,-,-,-,N,0.00,#REF!,0.000,,,0.000,0.000,1.0,175,175,175,175.000,175.000,0.000,0.000,175.000,"3,066,000.000",177.99,R$/MWh,0.00,0.00,"545,717,340.00",#REF!,#REF!,0.00,0.00,0.00,1/1/2018,12/31/2019,Não,"4,894.92",#REF!
,1675,2017,LEE,17ºLEE,Leilão de Energia Existente,006/2017,INOWATT,14.213.018/0001-86,QTD-02-2018,-,-,Sem Pendências,-,-,-,N,0.00,#REF!,0.000,,,0.000,0.000,1.0,20,20,20,20.000,20.000,0.000,0.000,20.000,"350,400.000",177.99,R$/MWh,0.00,0.00,"62,367,696.00",#REF!,#REF!,0.00,0.00,0.00,1/1/2018,12/31/2019,Não,"4,894.92",#REF!
,1676,2017,LEE,17ºLEE,Leilão de Energia Existente,006/2017,LEROS ENERGIA,11.017.349/0001-52,QTD-02-2018,-,-,Sem Pendências,-,-,-,N,0.00,#REF!,0.000,,,0.000,0.000,1.0,28,28,28,28.000,28.000,0.000,0.000,28.000,"490,560.000",175.60,R$/MWh,0.00,0.00,"86,142,336.00",#REF!,#REF!,0.00,0.00,0.00,1/1/2018,12/31/2019,Não,"4,894.92",#REF!
,1677,2017,LEE,17ºLEE,Leilão de Energia Existente,006/2017,SAFIRA,09.495.582/0001-07,QTD-02-2018,-,-,Sem Pendências,-,-,-,N,0.00,#REF!,0.000,,,0.000,0.000,1.0,10,10,10,10.000,10.000,0.000,0.000,10.000,"175,200.000",175.60,R$/MWh,0.00,0.00,"30,765,120.00",#REF!,#REF!,0.00,0.00,0.00,1/1/2018,12/31/2019,Não,"4,894.92",#REF!
,1678,2017,LEE,17ºLEE,Leilão de Energia Existente,006/2017,STIMA ENERGIA,25.099.255/0001-84,QTD-02-2018,-,-,Sem Pendências,-,-,-,N,0.00,#REF!,0.000,,,0.000,0.000,1.0,15,15,15,15.000,15.000,0.000,0.000,15.000,"262,800.000",174.99,R$/MWh,0.00,0.00,"45,987,372.00",#REF!,#REF!,0.00,0.00,0.00,1/1/2018,12/31/2019,Não,"4,894.92",#REF!
,1679,2017,LEE,18ºLEE,Leilão de Energia Existente,007/2017,BETA,17.431.261/0001-69,QTD-02-2019,-,-,Sem Pendências,-,-,-,N,0.00,#REF!,0.000,,,0.000,0.000,1.0,10,10,10,10.000,10.000,0.000,0.000,10.000,"175,440.000",171.99,R$/MWh,0.00,0.00,"30,173,925.60",#REF!,#REF!,0.00,0.00,0.00,1/1/2019,12/31/2020,Não,"4,894.92",#REF!
,1680,2017,LEE,18ºLEE,Leilão de Energia Existente,007/2017,CAPITALE,11.599.292/0001-47,QTD-02-2019,-,-,Sem Pendências,-,-,-,N,0.00,#REF!,0.000,,,0.000,0.000,1.0,10,10,10,10.000,10.000,0.000,0.000,10.000,"175,440.000",171.90,R$/MWh,0.00,0.00,"30,158,136.00",#REF!,#REF!,0.00,0.00,0.00,1/1/2019,12/31/2020,Não,"4,894.92",#REF!
,1681,2017,LEE,18ºLEE,Leilão de Energia Existente,007/2017,CDSA,01.672.223/0001-68,QTD-02-2019,-,-,Sem Pendências,-,-,-,SE,0.00,#REF!,0.000,,,0.000,0.000,1.0,50,50,50,50.000,50.000,0.000,0.000,50.000,"877,200.000",175.00,R$/MWh,0.00,0.00,"153,510,000.00",#REF!,#REF!,0.00,0.00,0.00,1/1/2019,12/31/2020,Não,"4,894.92",#REF!
,1682,2017,LEE,18ºLEE,Leilão de Energia Existente,007/2017,COMERC,58.177.643/0001-95,QTD-02-2019,-,-,Sem Pendências,-,-,-,N,0.00,#REF!,0.000,,,0.000,0.000,1.0,10,10,10,10.000,10.000,0.000,0.000,10.000,"175,440.000",174.90,R$/MWh,0.00,0.00,"30,684,456.00",#REF!,#REF!,0.00,0.00,0.00,1/1/2019,12/31/2020,Não,"4,894.92",#REF!
,1683,2017,LEE,18ºLEE,Leilão de Energia Existente,007/2017,DEAL,10.671.322/0001-16,QTD-02-2019,-,-,Sem Pendências,-,-,-,N,0.00,#REF!,0.000,,,0.000,0.000,1.0,10,10,10,10.000,10.000,0.000,0.000,10.000,"175,440.000",175.00,R$/MWh,0.00,0.00,"30,702,000.00",#REF!,#REF!,0.00,0.00,0.00,1/1/2019,12/31/2020,Não,"4,894.92",#REF!
,1684,2017,LEE,18ºLEE,Leilão de Energia Existente,007/2017,DELTA,04.802.543/0001-83,QTD-02-2019,-,-,Sem Pendências,-,-,-,N,0.00,#REF!,0.000,,,0.000,0.000,1.0,30,30,30,30.000,30.000,0.000,0.000,30.000,"526,320.000",171.40,R$/MWh,0.00,0.00,"90,211,248.00",#REF!,#REF!,0.00,0.00,0.00,1/1/2019,12/31/2020,Não,"4,894.92",#REF!
,1685,2017,LEE,18ºLEE,Leilão de Energia Existente,007/2017,DMEE,03.966.583/0001-06,QTD-02-2019,-,-,Sem Pendências,-,-,-,S,0.00,#REF!,0.000,,,0.000,0.000,1.0,5,5,5,5.000,5.000,0.000,0.000,5.000,"87,720.000",172.00,R$/MWh,0.00,0.00,"15,087,840.00",#REF!,#REF!,0.00,0.00,0.00,1/1/2019,12/31/2020,Não,"4,894.92",#REF!
,1686,2017,LEE,18ºLEE,Leilão de Energia Existente,007/2017,ELETRONORTE,00.357.038/0001-16,QTD-02-2019,-,-,Sem Pendências,-,-,-,N,0.00,#REF!,0.000,,,0.000,0.000,1.0,147,147,147,147.000,147.000,0.000,0.000,147.000,"2,578,968.000",175.00,R$/MWh,0.00,0.00,"451,319,400.00",#REF!,#REF!,0.00,0.00,0.00,1/1/2019,12/31/2020,Não,"4,894.92",#REF!
,1687,2017,LEE,18ºLEE,Leilão de Energia Existente,007/2017,INOWATT,14.213.018/0001-86,QTD-02-2019,-,-,Sem Pendências,-,-,-,N,0.00,#REF!,0.000,,,0.000,0.000,1.0,10,10,10,10.000,10.000,0.000,0.000,10.000,"175,440.000",175.00,R$/MWh,0.00,0.00,"30,702,000.00",#REF!,#REF!,0.00,0.00,0.00,1/1/2019,12/31/2020,Não,"4,894.92",#REF!
,1688,2017,LEE,18ºLEE,Leilão de Energia Existente,007/2017,MATRIX COM,17.858.631/0001-49,QTD-02-2019,-,-,Sem Pendências,-,-,-,N,0.00,#REF!,0.000,,,0.000,0.000,1.0,10,10,10,10.000,10.000,0.000,0.000,10.000,"175,440.000",174.98,R$/MWh,0.00,0.00,"30,698,491.20",#REF!,#REF!,0.00,0.00,0.00,1/1/2019,12/31/2020,Não,"4,894.92",#REF!
,1689,2017,LEE,18ºLEE,Leilão de Energia Existente,007/2017,MINERVA COM,24.510.849/0001-73,QTD-02-2019,-,-,Sem Pendências,-,-,-,N,0.00,#REF!,0.000,,,0.000,0.000,1.0,25,25,25,25.000,25.000,0.000,0.000,25.000,"438,600.000",174.99,R$/MWh,0.00,0.00,"76,750,614.00",#REF!,#REF!,0.00,0.00,0.00,1/1/2019,12/31/2020,Não,"4,894.92",#REF!
,1690,2017,LEE,18ºLEE,Leilão de Energia Existente,007/2017,PRIME ENERGY,12.809.025/0001-10,QTD-02-2019,-,-,Sem Pendências,-,-,-,N,0.00,#REF!,0.000,,,0.000,0.000,1.0,6,6,6,6.000,6.000,0.000,0.000,6.000,"105,264.000",172.00,R$/MWh,0.00,0.00,"18,105,408.00",#REF!,#REF!,0.00,0.00,0.00,1/1/2019,12/31/2020,Não,"4,894.92",#REF!
,1691,2017,LEE,18ºLEE,Leilão de Energia Existente,007/2017,TRADENER,02.691.745/0001-70,QTD-02-2019,-,-,Sem Pendências,-,-,-,N,0.00,#REF!,0.000,,,0.000,0.000,1.0,100,100,100,100.000,100.000,0.000,0.000,100.000,"1,754,400.000",175.00,R$/MWh,0.00,0.00,"307,020,000.00",#REF!,#REF!,0.00,0.00,0.00,1/1/2019,12/31/2020,Não,"4,894.92",#REF!
,1692,2018,LEN,27ºLEN,Leilão de Energia Nova,001/2018,BURITIZAL,22.933.858/0001-41,QTD-30-2022,CGH.PH.MT.037358-3.01,BURITIZAL,Sem Pendências,MT,Hidrelétrica (CGH),Rio Buritizal,SE,"51,238,190.00",#REF!,5.000,,,0.000,4.570,0.1,45,45,45,4.500,4.500,4.500,4.500,4.500,"1,183,356.000",198.35,R$/MWh,0.00,0.00,"234,718,662.60",#REF!,#REF!,0.00,0.00,0.00,1/1/2022,1/1/2051,Não,"4,950.95",#REF!
,1693,2018,LEN,27ºLEN,Leilão de Energia Nova,001/2018,CHALE,29.000.000/0000-00,QTD-30-2022,CGH.PH.MG.038150-0.01,CHALE,Sem Pendências,MG,Hidrelétrica (CGH),Rio José Pedro,SE,"13,216,000.00",#REF!,2.100,,,0.000,1.360,0.1,12,12,12,1.200,1.200,1.200,1.200,1.200,"315,561.600",197.27,R$/MWh,0.00,0.00,"62,250,836.83",#REF!,#REF!,0.00,0.00,0.00,1/1/2022,1/1/2051,Não,"4,950.95",#REF!
,1694,2018,LEN,27ºLEN,Leilão de Energia Nova,001/2018,QUEBRA DENTES,08.140.348/0001-96,QTD-30-2022,PCH.PH.RS.031035-2.01,QUEBRA DENTES,Sem Pendências,RS,Hidrelétrica (PCH),Rio Toropi,S,"115,743,660.00",#REF!,22.360,,,0.000,11.290,0.1,90,90,90,9.000,9.000,9.000,9.000,9.000,"2,366,712.000",198.47,R$/MWh,0.00,0.00,"469,721,330.64",#REF!,#REF!,0.00,0.00,0.00,1/1/2022,1/1/2051,Não,"4,950.95",#REF!
,1695,2018,LEN,27ºLEN,Leilão de Energia Nova,001/2018,SALTO DO GUASSUPI,08.147.946/0001-97,QTD-30-2022,PCH.PH.RS.031049-2.01,SALTO DO GUASSUPI,Sem Pendências,RS,Hidrelétrica (PCH),Rio Guassupi,S,"70,128,240.00",#REF!,12.199,,,0.000,6.270,0.1,50,50,50,5.000,5.000,5.000,5.000,5.000,"1,314,840.000",197.47,R$/MWh,0.00,0.00,"259,641,454.80",#REF!,#REF!,0.00,0.00,0.00,1/1/2022,1/1/2051,Não,"4,950.95",#REF!
,1696,2018,LEN,27ºLEN,Leilão de Energia Nova,001/2018,ALCON,30.974.737/0001-76,DIST-20-2022,UTE.AI.ES.029150-1.01,ALCON,Sem Pendências,ES,Biomassa,Bagaço de Cana de Açúcar,SE,"93,400,000.00",#REF!,21.800,,,0.000,10.300,0.1,77,77,77,7.700,7.700,7.700,7.700,7.700,"1,349,964.000",198.96,R$/MWh,0.00,0.00,"268,588,837.44",#REF!,#REF!,"15,086,507.33","15,086,507.33","15,086,507.33",1/1/2022,12/31/2041,Não,"4,950.95",#REF!
,1697,2018,LEN,27ºLEN,Leilão de Energia Nova,001/2018,CERRADAO 2,08.056.257/0001-77,DIST-20-2022,UTE.AI.MG.038336-8.01,CERRADAO 2,Sem Pendências,MG,Biomassa,Bagaço de Cana de Açúcar,SE,"21,000,000.00",#REF!,40.000,,,0.000,24.200,0.1,94,94,94,9.400,9.400,9.400,9.400,9.400,"1,648,008.000",198.92,R$/MWh,0.00,0.00,"327,821,751.36",#REF!,#REF!,"18,565,620.11","18,565,620.11","18,565,620.11",1/1/2022,12/31/2041,Não,"4,950.95",#REF!
,1698,2018,LEN,27ºLEN,Leilão de Energia Nova,001/2018,FOLHA LARGA,90.000.000/0000-00,DISE-20-2022,EOL.CV.BA.033508-8.01,VENTOS DE SAO JANUARIO 01,Sem Pendências,BA,Eólica,Cinética do Vento,NE,"157,301,000.00",#REF!,28.600,,,0.000,15.400,0.1,66,66,66,6.600,6.600,6.600,6.600,6.600,"1,157,112.000",67.60,R$/MWh,0.00,0.00,"78,220,771.20",#REF!,#REF!,"4,436,665.95","4,436,665.95","4,436,665.95",1/1/2022,12/31/2041,Não,"4,950.95",#REF!
,1699,2018,LEN,27ºLEN,Leilão de Energia Nova,001/2018,FOLHA LARGA,90.000.000/0000-00,DISE-20-2022,EOL.CV.BA.032641-0.01,VENTOS DE SAO JANUARIO 04,Sem Pendências,BA,Eólica,Cinética do Vento,NE,"157,301,000.00",#REF!,28.600,,,0.000,14.900,0.1,66,66,66,8.000,8.000,8.000,8.000,8.000,"1,402,560.000",67.60,R$/MWh,0.00,0.00,"94,813,056.00",#REF!,#REF!,"5,438,518.31","5,438,518.31","5,438,518.31",1/1/2022,12/31/2041,Não,"4,950.95",#REF!
,1700,2018,LEN,27ºLEN,Leilão de Energia Nova,001/2018,FOLHA LARGA,90.000.000/0000-00,DISE-20-2022,EOL.CV.BA.033532-0.01,VENTOS DE SAO JANUARIO 13,Sem Pendências,BA,Eólica,Cinética do Vento,NE,"157,301,000.00",#REF!,28.600,,,0.000,13.700,0.1,66,66,66,9.400,9.400,9.400,9.400,9.400,"1,648,008.000",67.60,R$/MWh,0.00,0.00,"111,405,340.80",#REF!,#REF!,"6,357,322.50","6,357,322.50","6,357,322.50",1/1/2022,12/31/2041,Não,"4,950.95",#REF!
,1701,2018,LEN,27ºLEN,Leilão de Energia Nova,001/2018,FOLHA LARGA,90.000.000/0000-00,DISE-20-2022,EOL.CV.BA.033533-9.01,VENTOS DE SAO JANUARIO 14,Sem Pendências,BA,Eólica,Cinética do Vento,NE,"157,301,000.00",#REF!,28.600,,,0.000,13.700,0.1,66,66,66,9.400,9.400,9.400,9.400,9.400,"1,648,008.000",67.60,R$/MWh,0.00,0.00,"111,405,340.80",#REF!,#REF!,"6,396,281.56","6,396,281.56","6,396,281.56",1/1/2022,12/31/2041,Não,"4,950.95",#REF!
,1702,2018,LEN,27ºLEN,Leilão de Energia Nova,001/2018,ALEX ,51.000.000/0000-00,DISS-20-2022,UFV.RS.CE.035699-9.01,ALEX I,Sem Pendências,CE,Solar Fotovoltaica,Radiação Solar Global,NE,"146,000,000.00",#REF!,30.000,,,41.796,10.200,0.1,100,100,100,10.000,10.000,10.000,10.000,10.000,"1,753,200.000",118.00,R$/MWh,0.00,0.00,"206,877,600.00",#REF!,#REF!,"10,336,800.00","10,336,800.00","10,336,800.00",1/1/2022,12/31/2041,Não,"4,950.95",#REF!
,1703,2018,LEN,27ºLEN,Leilão de Energia Nova,001/2018,ALEX ,51.000.000/0000-00,DISS-20-2022,UFV.RS.CE.035883-5.01,ALEX III,Sem Pendências,CE,Solar Fotovoltaica,Radiação Solar Global,NE,"137,500,000.00",#REF!,30.000,,,41.796,10.200,0.1,100,100,100,10.000,10.000,10.000,10.000,10.000,"1,753,200.000",118.00,R$/MWh,0.00,0.00,"206,877,600.00",#REF!,#REF!,"10,336,800.00","10,336,800.00","10,336,800.00",1/1/2022,12/31/2041,Não,"4,950.95",#REF!
,1704,2018,LEN,27ºLEN,Leilão de Energia Nova,001/2018,ALEX ,51.000.000/0000-00,DISS-20-2022,UFV.RS.CE.035884-3.01,ALEX IV,Sem Pendências,CE,Solar Fotovoltaica,Radiação Solar Global,NE,"137,500,000.00",#REF!,30.000,,,41.796,10.200,0.1,100,100,100,10.000,10.000,10.000,10.000,10.000,"1,753,200.000",118.00,R$/MWh,0.00,0.00,"206,877,600.00",#REF!,#REF!,"10,336,800.00","10,336,800.00","10,336,800.00",1/1/2022,12/31/2041,Não,"4,950.95",#REF!
,1705,2018,LEN,27ºLEN,Leilão de Energia Nova,001/2018,ALEX ,51.000.000/0000-00,DISS-20-2022,UFV.RS.CE.035863-0.01,ALEX IX,Sem Pendências,CE,Solar Fotovoltaica,Radiação Solar Global,NE,"137,500,000.00",#REF!,30.000,,,41.796,10.200,0.1,100,100,100,10.000,10.000,10.000,10.000,10.000,"1,753,200.000",118.39,R$/MWh,0.00,0.00,"207,561,348.00",#REF!,#REF!,"10,370,964.00","10,370,964.00","10,370,964.00",1/1/2022,12/31/2041,Não,"4,950.95",#REF!
,1706,2018,LEN,27ºLEN,Leilão de Energia Nova,001/2018,ALEX ,51.000.000/0000-00,DISS-20-2022,UFV.RS.CE.035859-2.01,ALEX V,Sem Pendências,CE,Solar Fotovoltaica,Radiação Solar Global,NE,"137,500,000.00",#REF!,30.000,,,41.796,10.200,0.1,100,100,100,10.000,10.000,10.000,10.000,10.000,"1,753,200.000",118.00,R$/MWh,0.00,0.00,"206,877,600.00",#REF!,#REF!,"10,336,800.00","10,336,800.00","10,336,800.00",1/1/2022,12/31/2041,Não,"4,950.95",#REF!
,1707,2018,LEN,27ºLEN,Leilão de Energia Nova,001/2018,ALEX ,51.000.000/0000-00,DISS-20-2022,UFV.RS.CE.035860-6.01,ALEX VI,Sem Pendências,CE,Solar Fotovoltaica,Radiação Solar Global,NE,"137,500,000.00",#REF!,30.000,,,41.796,10.200,0.1,100,100,100,10.000,10.000,10.000,10.000,10.000,"1,753,200.000",118.00,R$/MWh,0.00,0.00,"206,877,600.00",#REF!,#REF!,"10,336,800.00","10,336,800.00","10,336,800.00",1/1/2022,12/31/2041,Não,"4,950.95",#REF!
,1708,2018,LEN,27ºLEN,Leilão de Energia Nova,001/2018,ALEX ,51.000.000/0000-00,DISS-20-2022,UFV.RS.CE.035861-4.01,ALEX VII,Sem Pendências,CE,Solar Fotovoltaica,Radiação Solar Global,NE,"137,500,000.00",#REF!,30.000,,,41.796,10.200,0.1,100,100,100,10.000,10.000,10.000,10.000,10.000,"1,753,200.000",118.39,R$/MWh,0.00,0.00,"207,561,348.00",#REF!,#REF!,"10,370,964.00","10,370,964.00","10,370,964.00",1/1/2022,12/31/2041,Não,"4,950.95",#REF!
,1709,2018,LEN,27ºLEN,Leilão de Energia Nova,001/2018,ALEX ,51.000.000/0000-00,DISS-20-2022,UFV.RS.CE.035862-2.01,ALEX VIII,Sem Pendências,CE,Solar Fotovoltaica,Radiação Solar Global,NE,"137,500,000.00",#REF!,30.000,,,41.796,10.200,0.1,100,100,100,10.000,10.000,10.000,10.000,10.000,"1,753,200.000",118.25,R$/MWh,0.00,0.00,"207,315,900.00",#REF!,#REF!,"10,358,700.00","10,358,700.00","10,358,700.00",1/1/2022,12/31/2041,Não,"4,950.95",#REF!
,1710,2018,LEN,27ºLEN,Leilão de Energia Nova,001/2018,ALEX ,51.000.000/0000-00,DISS-20-2022,UFV.RS.CE.035864-9.01,ALEX X,Sem Pendências,CE,Solar Fotovoltaica,Radiação Solar Global,NE,"137,500,000.00",#REF!,30.000,,,41.796,10.200,0.1,100,100,100,10.000,10.000,10.000,10.000,10.000,"1,753,200.000",118.39,R$/MWh,0.00,0.00,"207,561,348.00",#REF!,#REF!,"10,370,964.00","10,370,964.00","10,370,964.00",1/1/2022,12/31/2041,Não,"4,950.95",#REF!
,1711,2018,LEN,27ºLEN,Leilão de Energia Nova,001/2018,CRB,04.718.109/0001-10,DISS-20-2022,UFV.RS.PI.034785-0.01,ETESA 17 SAO JOAO DO PIAUI I,Sem Pendências,PI,Solar Fotovoltaica,Radiação Solar Global,NE,"169,885,000.00",#REF!,29.976,,,34.848,8.400,0.1,67,67,67,6.700,6.700,6.700,6.700,6.700,"1,174,644.000",117.80,R$/MWh,0.00,0.00,"138,373,063.20",#REF!,#REF!,"6,913,917.60","6,913,917.60","6,913,917.60",1/1/2022,12/31/2041,Não,"4,950.95",#REF!
,1712,2018,LEN,27ºLEN,Leilão de Energia Nova,001/2018,CRB,04.718.109/0001-10,DISS-20-2022,UFV.RS.PI.034786-8.01,ETESA 18 SAO JOAO DO PIAUI II,Sem Pendências,PI,Solar Fotovoltaica,Radiação Solar Global,NE,"169,885,000.00",#REF!,29.976,,,34.848,8.400,0.1,67,67,67,6.700,6.700,6.700,6.700,6.700,"1,174,644.000",117.80,R$/MWh,0.00,0.00,"138,373,063.20",#REF!,#REF!,"6,913,917.60","6,913,917.60","6,913,917.60",1/1/2022,12/31/2041,Não,"4,950.95",#REF!
,1713,2018,LEN,27ºLEN,Leilão de Energia Nova,001/2018,CRB,04.718.109/0001-10,DISS-20-2022,UFV.RS.PI.034787-6.01,ETESA 19 SAO JOAO DO PIAUI III,Sem Pendências,PI,Solar Fotovoltaica,Radiação Solar Global,NE,"169,885,000.00",#REF!,29.976,,,34.848,8.400,0.1,67,67,67,6.700,6.700,6.700,6.700,6.700,"1,174,644.000",117.80,R$/MWh,0.00,0.00,"138,373,063.20",#REF!,#REF!,"6,913,917.60","6,913,917.60","6,913,917.60",1/1/2022,12/31/2041,Não,"4,950.95",#REF!
,1714,2018,LEN,27ºLEN,Leilão de Energia Nova,001/2018,CRB,04.718.109/0001-10,DISS-20-2022,UFV.RS.PI.034788-4.01,ETESA 20 SAO JOAO DO PIAUI IV,Sem Pendências,PI,Solar Fotovoltaica,Radiação Solar Global,NE,"169,885,000.00",#REF!,29.976,,,34.848,8.400,0.1,67,67,67,6.700,6.700,6.700,6.700,6.700,"1,174,644.000",117.80,R$/MWh,0.00,0.00,"138,373,063.20",#REF!,#REF!,"6,913,917.60","6,913,917.60","6,913,917.60",1/1/2022,12/31/2041,Não,"4,950.95",#REF!
,1715,2018,LEN,27ºLEN,Leilão de Energia Nova,001/2018,CRB,04.718.109/0001-10,DISS-20-2022,UFV.RS.PI.034789-2.01,ETESA 21 SAO JOAO DO PIAUI V,Sem Pendências,PI,Solar Fotovoltaica,Radiação Solar Global,NE,"169,885,000.00",#REF!,29.976,,,34.848,8.400,0.1,67,67,67,6.700,6.700,6.700,6.700,6.700,"1,174,644.000",117.80,R$/MWh,0.00,0.00,"138,373,063.20",#REF!,#REF!,"6,913,917.60","6,913,917.60","6,913,917.60",1/1/2022,12/31/2041,Não,"4,950.95",#REF!
,1716,2018,LEN,27ºLEN,Leilão de Energia Nova,001/2018,CRB,04.718.109/0001-10,DISS-20-2022,UFV.RS.PI.034790-6.01,ETESA 22 SAO JOAO DO PIAUI VI,Sem Pendências,PI,Solar Fotovoltaica,Radiação Solar Global,NE,"169,885,000.00",#REF!,29.976,,,34.848,8.400,0.1,67,67,67,6.700,6.700,6.700,6.700,6.700,"1,174,644.000",117.80,R$/MWh,0.00,0.00,"138,373,063.20",#REF!,#REF!,"6,913,917.60","6,913,917.60","6,913,917.60",1/1/2022,12/31/2041,Não,"4,950.95",#REF!
,1717,2018,LEN,27ºLEN,Leilão de Energia Nova,001/2018,FANCISCO SA,50.000.000/0000-00,DISS-20-2022,UFV.RS.MG.033236-4.01,FRANCISCO SA 1,Sem Pendências,MG,Solar Fotovoltaica,Radiação Solar Global,SE,"131,323,430.00",#REF!,30.000,,,40.734,9.100,0.1,91,91,91,9.100,9.100,9.100,9.100,9.100,"1,595,412.000",117.91,R$/MWh,0.00,0.00,"188,115,028.92",#REF!,#REF!,"9,399,313.56","9,399,313.56","9,399,313.56",1/1/2022,12/31/2041,Não,"4,950.95",#REF!
,1718,2018,LEN,27ºLEN,Leilão de Energia Nova,001/2018,FANCISCO SA,50.000.000/0000-00,DISS-20-2022,UFV.RS.MG.033237-2.01,FRANCISCO SA 2,Sem Pendências,MG,Solar Fotovoltaica,Radiação Solar Global,SE,"131,323,430.00",#REF!,30.000,,,40.734,9.100,0.1,91,91,91,9.100,9.100,9.100,9.100,9.100,"1,595,412.000",118.35,R$/MWh,0.00,0.00,"188,817,010.20",#REF!,#REF!,"9,434,388.60","9,434,388.60","9,434,388.60",1/1/2022,12/31/2041,Não,"4,950.95",#REF!
,1719,2018,LEN,27ºLEN,Leilão de Energia Nova,001/2018,FANCISCO SA,50.000.000/0000-00,DISS-20-2022,UFV.RS.MG.033238-0.01,FRANCISCO SA 3,Sem Pendências,MG,Solar Fotovoltaica,Radiação Solar Global,SE,"131,323,430.00",#REF!,30.000,,,40.734,9.100,0.1,91,91,91,9.100,9.100,9.100,9.100,9.100,"1,595,412.000",118.35,R$/MWh,0.00,0.00,"188,817,010.20",#REF!,#REF!,"9,434,388.60","9,434,388.60","9,434,388.60",1/1/2022,12/31/2041,Não,"4,950.95",#REF!
,1720,2018,LEN,27ºLEN,Leilão de Energia Nova,001/2018,LAVRAS,60.000.000/0000-00,DISS-20-2022,UFV.RS.CE.037865-8.01,LAVRAS 1,Sem Pendências,CE,Solar Fotovoltaica,Radiação Solar Global,NE,"171,967,150.00",#REF!,24.000,,,28.944,6.200,0.1,62,62,62,6.200,6.200,6.200,6.200,6.200,"1,086,984.000",118.01,R$/MWh,0.00,0.00,"128,274,981.84",#REF!,#REF!,"6,409,359.12","6,409,359.12","6,409,359.12",1/1/2022,12/31/2041,Não,"4,950.95",#REF!
,1721,2018,LEN,27ºLEN,Leilão de Energia Nova,001/2018,LAVRAS,60.000.000/0000-00,DISS-20-2022,UFV.RS.CE.037866-6.01,LAVRAS 2,Sem Pendências,CE,Solar Fotovoltaica,Radiação Solar Global,NE,"171,967,150.00",#REF!,24.000,,,28.944,6.200,0.1,62,62,62,6.200,6.200,6.200,6.200,6.200,"1,086,984.000",118.02,R$/MWh,0.00,0.00,"128,285,851.68",#REF!,#REF!,"6,409,902.24","6,409,902.24","6,409,902.24",1/1/2022,12/31/2041,Não,"4,950.95",#REF!
,1722,2018,LEN,27ºLEN,Leilão de Energia Nova,001/2018,LAVRAS,60.000.000/0000-00,DISS-20-2022,UFV.RS.CE.037867-4.01,LAVRAS 3,Sem Pendências,CE,Solar Fotovoltaica,Radiação Solar Global,NE,"171,967,150.00",#REF!,24.000,,,28.944,6.200,0.1,62,62,62,6.200,6.200,6.200,6.200,6.200,"1,086,984.000",118.03,R$/MWh,0.00,0.00,"128,296,721.52",#REF!,#REF!,"6,410,445.36","6,410,445.36","6,410,445.36",1/1/2022,12/31/2041,Não,"4,950.95",#REF!
,1723,2018,LEN,27ºLEN,Leilão de Energia Nova,001/2018,LAVRAS,60.000.000/0000-00,DISS-20-2022,UFV.RS.CE.037868-2.01,LAVRAS 4,Sem Pendências,CE,Solar Fotovoltaica,Radiação Solar Global,NE,"171,967,150.00",#REF!,24.000,,,28.944,6.200,0.1,62,62,62,6.200,6.200,6.200,6.200,6.200,"1,086,984.000",118.04,R$/MWh,0.00,0.00,"128,307,591.36",#REF!,#REF!,"6,410,988.48","6,410,988.48","6,410,988.48",1/1/2022,12/31/2041,Não,"4,950.95",#REF!
,1724,2018,LEN,27ºLEN,Leilão de Energia Nova,001/2018,LAVRAS,60.000.000/0000-00,DISS-20-2022,UFV.RS.CE.037869-0.01,LAVRAS 5,Sem Pendências,CE,Solar Fotovoltaica,Radiação Solar Global,NE,"171,967,150.00",#REF!,24.000,,,28.944,6.200,0.1,62,62,62,6.200,6.200,6.200,6.200,6.200,"1,086,984.000",118.05,R$/MWh,0.00,0.00,"128,318,461.20",#REF!,#REF!,"6,411,531.60","6,411,531.60","6,411,531.60",1/1/2022,12/31/2041,Não,"4,950.95",#REF!
,1725,2018,LEN,27ºLEN,Leilão de Energia Nova,001/2018,SPP I,44.000.000/0000-00,DISS-20-2022,UFV.RS.PE.031870-1.01,SAO PEDRO E PAULO I,Sem Pendências,PE,Solar Fotovoltaica,Radiação Solar Global,NE,"125,911,250.00",#REF!,25.000,,,30.225,6.700,0.1,67,67,67,6.700,6.700,6.700,6.700,6.700,"1,174,644.000",117.63,R$/MWh,0.00,0.00,"138,173,373.72",#REF!,#REF!,"6,903,939.96","6,903,939.96","6,903,939.96",1/1/2022,12/31/2041,Não,"4,950.95",#REF!
,1726,2018,LEN,27ºLEN,Leilão de Energia Nova,001/2018,JAIBA,40.000.000/0000-00,DISS-20-2022,UFV.RS.MG.034392-7.01,SOLAR JAIBA 3,Sem Pendências,MG,Solar Fotovoltaica,Radiação Solar Global,SE,"160,381,250.00",#REF!,29.940,,,36.480,8.400,0.1,84,84,84,8.400,8.400,8.400,8.400,8.400,"1,472,688.000",118.40,R$/MWh,0.00,0.00,"174,366,259.20",#REF!,#REF!,"8,712,345.60","8,712,345.60","8,712,345.60",1/1/2022,12/31/2041,Não,"4,950.95",#REF!
,1727,2018,LEN,27ºLEN,Leilão de Energia Nova,001/2018,JAIBA,40.000.000/0000-00,DISS-20-2022,UFV.RS.MG.034394-3.01,SOLAR JAIBA 4,Sem Pendências,MG,Solar Fotovoltaica,Radiação Solar Global,SE,"160,381,250.00",#REF!,29.940,,,36.480,8.400,0.1,84,84,84,8.400,8.400,8.400,8.400,8.400,"1,472,688.000",118.40,R$/MWh,0.00,0.00,"174,366,259.20",#REF!,#REF!,"8,712,345.60","8,712,345.60","8,712,345.60",1/1/2022,12/31/2041,Não,"4,950.95",#REF!
,1728,2018,LEN,27ºLEN,Leilão de Energia Nova,001/2018,JAIBA,40.000.000/0000-00,DISS-20-2022,UFV.RS.MG.035805-3.01,SOLAR JAIBA 9,Sem Pendências,MG,Solar Fotovoltaica,Radiação Solar Global,SE,"106,920,830.00",#REF!,20.000,,,24.320,5.500,0.1,84,84,84,5.500,5.500,5.500,5.500,5.500,"964,260.000",117.81,R$/MWh,0.00,0.00,"113,599,470.60",#REF!,#REF!,"5,676,085.80","5,676,085.80","5,676,085.80",1/1/2022,12/31/2041,Não,"4,950.95",#REF!
,1729,2018,LEN,28ºLEN,Leilão de Energia Nova,003/2018,APE,14.588.726/0001-00,QTDH-30-2024,CGH.PH.MG.031618-0.01,ANTONIO PRADO,Sem Pendências,MG,Hidrelétrica (CGH),Rio Gavião,SE,"7,412,440.00",#REF!,1.000,,,0.000,0.800,0.1,8,8,8,0.800,0.800,0.800,0.800,0.800,"210,393.600",194.99,R$/MWh,0.00,0.00,"41,024,648.06",#REF!,#REF!,0.00,0.00,0.00,1/1/2024,12/31/2053,Não,"5,061.11",#REF!
,1730,2018,LEN,28ºLEN,Leilão de Energia Nova,003/2018,CBVG,03.507.699/0001-79,QTDH-30-2024,PCH.PH.PR.029576-0.01,BELA VISTA,Sem Pendências,PR,Hidrelétrica (PCH),Rio Chopim,S,"182,023,470.00",#REF!,29.000,,,0.000,16.640,0.1,147,147,147,14.700,14.700,14.700,14.700,14.700,"3,865,982.400",195.70,R$/MWh,0.00,0.00,"756,572,755.68",#REF!,#REF!,0.00,0.00,0.00,1/1/2024,12/31/2053,Não,"5,061.11",#REF!
,1731,2018,LEN,28ºLEN,Leilão de Energia Nova,003/2018,CPFLR,08.439.659/0001-50,QTDH-30-2024,PCH.PH.PR.028419-0.01,LUCIA CHEROBIM,Sem Pendências,PR,Hidrelétrica (PCH),Rio Iguaçu,S,"271,983,650.00",#REF!,28.000,,,0.000,16.570,0.1,165,165,165,16.500,16.500,16.500,16.500,16.500,"4,339,368.000",189.95,R$/MWh,0.00,0.00,"824,262,951.60",#REF!,#REF!,0.00,0.00,0.00,1/1/2024,12/31/2053,Não,"5,061.11",#REF!
,1732,2018,LEN,28ºLEN,Leilão de Energia Nova,003/2018,ENERGIA LIMPA,10.871.186/0001-08,QTDH-30-2024,CGH.PH.MG.028570-6.01,NOVA PONTE QUEIMADA II,Sem Pendências,MG,Hidrelétrica (CGH),Rio Casca,SE,"14,196,420.00",#REF!,3.000,,,0.000,1.940,0.1,19,19,19,1.900,1.900,1.900,1.900,1.900,"499,684.800",195.00,R$/MWh,0.00,0.00,"97,438,536.00",#REF!,#REF!,0.00,0.00,0.00,1/1/2024,12/31/2053,Não,"5,061.11",#REF!
,1733,2018,LEN,28ºLEN,Leilão de Energia Nova,003/2018,EW,24.520.095/0001-32,QTDH-30-2024,CGH.PH.GO.038152-7.01,DIAMANTINO,Sem Pendências,GO,Hidrelétrica (CGH),Rio Diamantino,SE,"16,733,710.00",#REF!,3.000,,,0.000,2.220,0.1,13,13,13,1.300,1.300,1.300,1.300,1.300,"341,889.600",195.00,R$/MWh,0.00,0.00,"66,668,472.00",#REF!,#REF!,0.00,0.00,0.00,1/1/2024,12/31/2053,Não,"5,061.11",#REF!
,1734,2018,LEN,28ºLEN,Leilão de Energia Nova,003/2018,GERACAO CEU AZUL,09.136.819/0001-55,QTDH-30-2024,UHE.PH.PR.030923-0.01,UHE BAIXO IGUACU,Sem Pendências,PR,Hidrelétrica (UHE),-,S,0.00,#REF!,350.200,,,0.000,171.300,0.1,234,234,234,23.400,23.400,23.400,23.400,23.400,"6,154,012.800",151.68,R$/MWh,0.00,0.00,"933,440,661.50",#REF!,#REF!,0.00,0.00,0.00,1/1/2024,12/31/2053,Não,"5,061.11",#REF!
,1735,2018,LEN,28ºLEN,Leilão de Energia Nova,003/2018,GUAPORE 2,14.812.369/0001-03,QTDH-30-2024,PCH.PH.MT.035646-8.01,ALTO GUAPORE 2,Atraso,MT,Hidrelétrica (PCH),Rio Guaporé,SE,"56,142,150.00",#REF!,7.000,,,0.000,5.010,0.1,50,50,50,5.000,5.000,5.000,5.000,5.000,"1,314,960.000",195.99,R$/MWh,0.00,0.00,"257,719,010.40",#REF!,#REF!,0.00,0.00,0.00,1/1/2024,12/31/2053,Não,"5,061.11",#REF!
,1736,2018,LEN,28ºLEN,Leilão de Energia Nova,003/2018,LAC,20.395.383/0001-51,QTDH-30-2024,PCH.PH.SC.037820-8.01,LACERDOPOLIS,Sem Pendências,SC,Hidrelétrica (PCH),Rio do Peixe,S,"47,993,140.00",#REF!,9.600,,,0.000,5.470,0.1,54,54,54,5.400,5.400,5.400,5.400,5.400,"1,420,156.800",196.00,R$/MWh,0.00,0.00,"278,350,732.80",#REF!,#REF!,0.00,0.00,0.00,1/1/2024,12/31/2053,Não,"5,061.11",#REF!
,1737,2018,LEN,28ºLEN,Leilão de Energia Nova,003/2018,OURO BRANCO,06.926.595/0001-97,QTDH-30-2024,PCH.PH.PR.034015-4.01,OURO BRANCO,Sem Pendências,PR,Hidrelétrica (CGH),Rio Mourão,S,"20,579,510.00",#REF!,4.000,,,0.000,2.850,0.1,14,14,14,1.400,1.400,1.400,1.400,1.400,"368,188.800",194.99,R$/MWh,0.00,0.00,"71,793,134.11",#REF!,#REF!,0.00,0.00,0.00,1/1/2024,12/31/2053,Não,"5,061.11",#REF!
,1738,2018,LEN,28ºLEN,Leilão de Energia Nova,003/2018,PCH BV II,22.091.543/0001-02,QTDH-30-2024,PCH.PH.PR.000273-9.01,BOA VISTA II,Sem Pendências,PR,Hidrelétrica (PCH),Rio Marrecas,S,"54,953,000.00",#REF!,16.000,,,0.000,6.900,0.1,60,60,60,6.000,6.000,6.000,6.000,6.000,"1,577,952.000",196.66,R$/MWh,0.00,0.00,"310,320,040.32",#REF!,#REF!,0.00,0.00,0.00,1/1/2024,12/31/2053,Não,"5,061.11",#REF!
,1739,2018,LEN,28ºLEN,Leilão de Energia Nova,003/2018,PCH SEDE II,12.819.365/0001-21,QTDH-30-2024,PCH.PH.RS.037300-1.01,SEDE II,Sem Pendências,RS,Hidrelétrica (PCH),Rio Potiribu,S,"40,473,000.00",#REF!,6.964,,,0.000,2.890,0.1,23,23,23,2.300,2.300,2.300,2.300,2.300,"604,881.600",195.97,R$/MWh,0.00,0.00,"118,538,647.15",#REF!,#REF!,0.00,0.00,0.00,1/1/2024,12/31/2053,Não,"5,061.11",#REF!
,1740,2018,LEN,28ºLEN,Leilão de Energia Nova,003/2018,CDU,10.401.225/0001-03,QTDE-20-2024,EOL.CV.RN.037959-0.01,COSTA DAS DUNAS,Sem Pendências,RN,Eólica,Cinética do Vento,NE,"170,745,000.00",#REF!,23.100,,,0.000,13.300,0.1,40,40,40,4.000,4.000,4.000,4.000,4.000,"701,280.000",89.88,R$/MWh,0.00,0.00,"63,031,046.40",#REF!,#REF!,0.00,0.00,0.00,1/1/2024,12/31/2043,Não,"5,061.11",#REF!
,1741,2018,LEN,28ºLEN,Leilão de Energia Nova,003/2018,CFL,21.812.954/0001-79,QTDE-20-2024,EOL.CV.BA.033521-5.01,VENTOS DE SAO JANUARIO 03,Sem Pendências,BA,Eólica,Cinética do Vento,NE,"132,301,000.00",#REF!,29.400,,,0.000,15.400,0.1,97,97,97,9.700,9.700,9.700,9.700,9.700,"1,700,604.000",92.11,R$/MWh,0.00,0.00,"156,642,634.44",#REF!,#REF!,0.00,0.00,0.00,1/1/2024,12/31/2043,Não,"5,061.11",#REF!
,1742,2018,LEN,28ºLEN,Leilão de Energia Nova,003/2018,CFL,21.812.954/0001-79,QTDE-20-2024,EOL.CV.BA.032644-5.01,VENTOS DE SAO JANUARIO 05,Sem Pendências,BA,Eólica,Cinética do Vento,NE,"132,301,000.00",#REF!,29.400,,,0.000,15.500,0.1,97,97,97,13.100,13.100,13.100,13.100,13.100,"2,296,692.000",92.11,R$/MWh,0.00,0.00,"211,548,300.12",#REF!,#REF!,0.00,0.00,0.00,1/1/2024,12/31/2043,Não,"5,061.11",#REF!
,1743,2018,LEN,28ºLEN,Leilão de Energia Nova,003/2018,CFL,21.812.954/0001-79,QTDE-20-2024,EOL.CV.BA.033523-1.01,VENTOS DE SAO JANUARIO 06,Sem Pendências,BA,Eólica,Cinética do Vento,NE,"132,301,000.00",#REF!,29.400,,,0.000,15.500,0.1,97,97,97,11.000,11.000,11.000,11.000,11.000,"1,928,520.000",92.11,R$/MWh,0.00,0.00,"177,635,977.20",#REF!,#REF!,0.00,0.00,0.00,1/1/2024,12/31/2043,Não,"5,061.11",#REF!
,1744,2018,LEN,28ºLEN,Leilão de Energia Nova,003/2018,CFL,21.812.954/0001-79,QTDE-20-2024,EOL.CV.BA.033529-0.01,VENTOS DE SAO JANUARIO 10,Sem Pendências,BA,Eólica,Cinética do Vento,NE,"132,301,000.00",#REF!,29.400,,,0.000,14.600,0.1,97,97,97,11.300,11.300,11.300,11.300,11.300,"1,981,116.000",92.11,R$/MWh,0.00,0.00,"182,480,594.76",#REF!,#REF!,0.00,0.00,0.00,1/1/2024,12/31/2043,Não,"5,061.11",#REF!
,1745,2018,LEN,28ºLEN,Leilão de Energia Nova,003/2018,CFL,21.812.954/0001-79,QTDE-20-2024,EOL.CV.BA.033530-4.01,VENTOS DE SAO JANUARIO 11,Sem Pendências,BA,Eólica,Cinética do Vento,NE,"132,301,000.00",#REF!,29.400,,,0.000,14.500,0.1,97,97,97,11.000,11.000,11.000,11.000,11.000,"1,928,520.000",92.11,R$/MWh,0.00,0.00,"177,635,977.20",#REF!,#REF!,0.00,0.00,0.00,1/1/2024,12/31/2043,Não,"5,061.11",#REF!
,1746,2018,LEN,28ºLEN,Leilão de Energia Nova,003/2018,CSJ 20,13.312.571/0001-03,QTDE-20-2024,EOL.CV.BA.037102-5.01,VENTOS DE SAO JANUARIO 20,Sem Pendências,BA,Eólica,Cinética do Vento,NE,"37,800,000.00",#REF!,8.400,,,0.000,4.100,0.1,12,12,12,1.200,1.200,1.200,1.200,1.200,"210,384.000",79.00,R$/MWh,0.00,0.00,"16,620,336.00",#REF!,#REF!,0.00,0.00,0.00,1/1/2024,12/31/2043,Não,"5,061.11",#REF!
,1747,2018,LEN,28ºLEN,Leilão de Energia Nova,003/2018,CSJ 21,13.312.571/0001-03,QTDE-20-2024,EOL.CV.BA.037103-3.01,VENTOS DE SAO JANUARIO 21,Sem Pendências,BA,Eólica,Cinética do Vento,NE,"37,800,000.00",#REF!,8.400,,,0.000,4.000,0.1,12,12,12,1.200,1.200,1.200,1.200,1.200,"210,384.000",79.00,R$/MWh,0.00,0.00,"16,620,336.00",#REF!,#REF!,0.00,0.00,0.00,1/1/2024,12/31/2043,Não,"5,061.11",#REF!
,1748,2018,LEN,28ºLEN,Leilão de Energia Nova,003/2018,CSJ 22,13.312.571/0001-03,QTDE-20-2024,EOL.CV.BA.037104-1.01,VENTOS DE SAO JANUARIO 22,Sem Pendências,BA,Eólica,Cinética do Vento,NE,"37,800,000.00",#REF!,8.400,,,0.000,4.100,0.1,12,12,12,1.200,1.200,1.200,1.200,1.200,"210,384.000",79.00,R$/MWh,0.00,0.00,"16,620,336.00",#REF!,#REF!,0.00,0.00,0.00,1/1/2024,12/31/2043,Não,"5,061.11",#REF!
,1749,2018,LEN,28ºLEN,Leilão de Energia Nova,003/2018,CSJ 23,13.312.571/0001-03,QTDE-20-2024,EOL.CV.BA.040625-2.01,VENTOS DE SAO JANUARIO 23,Sem Pendências,BA,Eólica,Cinética do Vento,NE,"37,800,000.00",#REF!,8.400,,,0.000,4.000,0.1,12,12,12,1.200,1.200,1.200,1.200,1.200,"210,384.000",89.00,R$/MWh,0.00,0.00,"18,724,176.00",#REF!,#REF!,0.00,0.00,0.00,1/1/2024,12/31/2043,Não,"5,061.11",#REF!
,1750,2018,LEN,28ºLEN,Leilão de Energia Nova,003/2018,EDPR BR,09.334.083/0001-20,QTDE-20-2024,EOL.CV.RN.037294-3.01,JERUSALEM I,Sem Pendências,RN,Eólica,Cinética do Vento,NE,"167,301,350.00",#REF!,29.400,,,0.000,15.300,0.1,46,46,46,4.600,4.600,4.600,4.600,4.600,"806,472.000",94.00,R$/MWh,0.00,0.00,"75,808,368.00",#REF!,#REF!,0.00,0.00,0.00,1/1/2024,12/31/2043,Não,"5,061.11",#REF!
,1751,2018,LEN,28ºLEN,Leilão de Energia Nova,003/2018,EDPR BR,09.334.083/0001-20,QTDE-20-2024,EOL.CV.RN.037295-1.01,JERUSALEM II,Sem Pendências,RN,Eólica,Cinética do Vento,NE,"167,101,350.00",#REF!,29.400,,,0.000,14.900,0.1,46,46,46,4.500,4.500,4.500,4.500,4.500,"788,940.000",94.00,R$/MWh,0.00,0.00,"74,160,360.00",#REF!,#REF!,0.00,0.00,0.00,1/1/2024,12/31/2043,Não,"5,061.11",#REF!
,1752,2018,LEN,28ºLEN,Leilão de Energia Nova,003/2018,EDPR BR,09.334.083/0001-20,QTDE-20-2024,EOL.CV.RN.037296-0.01,JERUSALEM III,Sem Pendências,RN,Eólica,Cinética do Vento,NE,"164,569,750.00",#REF!,29.400,,,0.000,16.900,0.1,46,46,46,8.800,8.800,8.800,8.800,8.800,"1,542,816.000",94.00,R$/MWh,0.00,0.00,"145,024,704.00",#REF!,#REF!,0.00,0.00,0.00,1/1/2024,12/31/2043,Não,"5,061.11",#REF!
,1753,2018,LEN,28ºLEN,Leilão de Energia Nova,003/2018,EDPR BR,09.334.083/0001-20,QTDE-20-2024,EOL.CV.RN.037297-8.01,JERUSALEM IV,Sem Pendências,RN,Eólica,Cinética do Vento,NE,"167,301,350.00",#REF!,29.400,,,0.000,17.000,0.1,46,46,46,8.900,8.900,8.900,8.900,8.900,"1,560,348.000",94.00,R$/MWh,0.00,0.00,"146,672,712.00",#REF!,#REF!,0.00,0.00,0.00,1/1/2024,12/31/2043,Não,"5,061.11",#REF!
,1754,2018,LEN,28ºLEN,Leilão de Energia Nova,003/2018,EDPR BR,09.334.083/0001-20,QTDE-20-2024,EOL.CV.RN.037298-6.01,JERUSALEM V,Sem Pendências,RN,Eólica,Cinética do Vento,NE,"164,569,550.00",#REF!,29.400,,,0.000,16.200,0.1,46,46,46,8.500,8.500,8.500,8.500,8.500,"1,490,220.000",94.00,R$/MWh,0.00,0.00,"140,080,680.00",#REF!,#REF!,0.00,0.00,0.00,1/1/2024,12/31/2043,Não,"5,061.11",#REF!
,1755,2018,LEN,28ºLEN,Leilão de Energia Nova,003/2018,EDPR BR,09.334.083/0001-20,QTDE-20-2024,EOL.CV.RN.037299-4.01,JERUSALEM VI,Sem Pendências,RN,Eólica,Cinética do Vento,NE,"164,023,430.00",#REF!,29.400,,,0.000,17.200,0.1,46,46,46,9.900,9.900,9.900,9.900,9.900,"1,735,668.000",94.00,R$/MWh,0.00,0.00,"163,152,792.00",#REF!,#REF!,0.00,0.00,0.00,1/1/2024,12/31/2043,Não,"5,061.11",#REF!
,1756,2018,LEN,28ºLEN,Leilão de Energia Nova,003/2018,EDPR BR,09.334.083/0001-20,QTDE-20-2024,EOL.CV.RN.032518-0.01,MONTE VERDE I,Sem Pendências,RN,Eólica,Cinética do Vento,NE,"238,388,000.00",#REF!,69.300,,,0.000,41.200,0.1,46,46,46,40.000,40.000,40.000,40.000,40.000,"7,012,800.000",87.00,R$/MWh,0.00,0.00,"610,113,600.00",#REF!,#REF!,0.00,0.00,0.00,1/1/2024,12/31/2043,Não,"5,061.11",#REF!
,1757,2018,LEN,28ºLEN,Leilão de Energia Nova,003/2018,EDPR BR,09.334.083/0001-20,QTDE-20-2024,EOL.CV.RN.032519-8.01,MONTE VERDE II,Sem Pendências,RN,Eólica,Cinética do Vento,NE,"227,806,000.00",#REF!,65.835,,,0.000,40.300,0.1,46,46,46,39.100,39.100,39.100,39.100,39.100,"6,855,012.000",87.00,R$/MWh,0.00,0.00,"596,386,044.00",#REF!,#REF!,0.00,0.00,0.00,1/1/2024,12/31/2043,Não,"5,061.11",#REF!
,1758,2018,LEN,28ºLEN,Leilão de Energia Nova,003/2018,EDPR BR,09.334.083/0001-20,QTDE-20-2024,EOL.CV.RN.033881-8.01,MONTE VERDE III,Sem Pendências,RN,Eólica,Cinética do Vento,NE,"206,642,000.00",#REF!,58.905,,,0.000,33.500,0.1,46,46,46,32.500,32.500,32.500,32.500,32.500,"5,697,900.000",87.00,R$/MWh,0.00,0.00,"495,717,300.00",#REF!,#REF!,0.00,0.00,0.00,1/1/2024,12/31/2043,Não,"5,061.11",#REF!
,1759,2018,LEN,28ºLEN,Leilão de Energia Nova,003/2018,EDPR BR,09.334.083/0001-20,QTDE-20-2024,EOL.CV.RN.038035-0.01,MONTE VERDE IV,Sem Pendências,RN,Eólica,Cinética do Vento,NE,"122,818,000.00",#REF!,34.650,,,0.000,19.700,0.1,46,46,46,9.100,9.100,9.100,9.100,9.100,"1,595,412.000",87.00,R$/MWh,0.00,0.00,"138,800,844.00",#REF!,#REF!,0.00,0.00,0.00,1/1/2024,12/31/2043,Não,"5,061.11",#REF!
,1760,2018,LEN,28ºLEN,Leilão de Energia Nova,003/2018,EDPR BR,09.334.083/0001-20,QTDE-20-2024,EOL.CV.RN.040584-1.01,MONTE VERDE V,Sem Pendências,RN,Eólica,Cinética do Vento,NE,"87,217,000.00",#REF!,24.255,,,0.000,13.400,0.1,46,46,46,13.000,13.000,13.000,13.000,13.000,"2,279,160.000",87.00,R$/MWh,0.00,0.00,"198,286,920.00",#REF!,#REF!,0.00,0.00,0.00,1/1/2024,12/31/2043,Não,"5,061.11",#REF!
,1761,2018,LEN,28ºLEN,Leilão de Energia Nova,003/2018,FIB,09.665.352/0001-30,QTDE-20-2024,EOL.CV.RN.038002-4.01,FIGUEIRA BRANCA,Sem Pendências,RN,Eólica,Cinética do Vento,NE,"90,996,000.00",#REF!,10.500,,,0.000,5.900,0.1,18,18,18,1.800,1.800,1.800,1.800,1.800,"315,576.000",89.89,R$/MWh,0.00,0.00,"28,367,126.64",#REF!,#REF!,0.00,0.00,0.00,1/1/2024,12/31/2043,Não,"5,061.11",#REF!
,1762,2018,LEN,28ºLEN,Leilão de Energia Nova,003/2018,FL1,30.558.359/0001-40,QTDE-20-2024,EOL.CV.BA.033508-8.01,VENTOS DE SAO JANUARIO 01,Sem Pendências,BA,Eólica,Cinética do Vento,NE,"128,700,000.00",#REF!,28.600,,,0.000,15.300,0.1,50,50,50,5.000,5.000,5.000,5.000,5.000,"876,600.000",91.33,R$/MWh,0.00,0.00,"80,059,878.00",#REF!,#REF!,0.00,0.00,0.00,1/1/2024,12/31/2043,Não,"5,061.11",#REF!
,1763,2018,LEN,28ºLEN,Leilão de Energia Nova,003/2018,FL13,30.558.294/0001-32,QTDE-20-2024,EOL.CV.BA.033532-0.01,VENTOS DE SAO JANUARIO 13,Sem Pendências,BA,Eólica,Cinética do Vento,NE,"128,700,000.00",#REF!,28.600,,,0.000,13.700,0.1,43,43,43,4.300,4.300,4.300,4.300,4.300,"753,876.000",91.33,R$/MWh,0.00,0.00,"68,851,495.08",#REF!,#REF!,0.00,0.00,0.00,1/1/2024,12/31/2043,Não,"5,061.11",#REF!
,1764,2018,LEN,28ºLEN,Leilão de Energia Nova,003/2018,FL14,30.558.337/0001-80,QTDE-20-2024,EOL.CV.BA.033533-9.01,VENTOS DE SAO JANUARIO 14,Sem Pendências,BA,Eólica,Cinética do Vento,NE,"128,700,000.00",#REF!,28.600,,,0.000,13.700,0.1,43,43,43,4.300,4.300,4.300,4.300,4.300,"753,876.000",91.33,R$/MWh,0.00,0.00,"68,851,495.08",#REF!,#REF!,0.00,0.00,0.00,1/1/2024,12/31/2043,Não,"5,061.11",#REF!
,1765,2018,LEN,28ºLEN,Leilão de Energia Nova,003/2018,FL4,30.558.320/0001-22,QTDE-20-2024,EOL.CV.BA.032641-0.01,VENTOS DE SAO JANUARIO 04,Sem Pendências,BA,Eólica,Cinética do Vento,NE,"128,700,000.00",#REF!,28.600,,,0.000,14.900,0.1,24,24,24,2.400,2.400,2.400,2.400,2.400,"420,768.000",91.33,R$/MWh,0.00,0.00,"38,428,741.44",#REF!,#REF!,0.00,0.00,0.00,1/1/2024,12/31/2043,Não,"5,061.11",#REF!
,1766,2018,LEN,28ºLEN,Leilão de Energia Nova,003/2018,FTO,10.369.836/0001-11,QTDE-20-2024,EOL.CV.RN.037999-9.01,FAROL DE TOUROS,Sem Pendências,RN,Eólica,Cinética do Vento,NE,"159,116,000.00",#REF!,21.000,,,0.000,11.700,0.1,36,36,36,3.600,3.600,3.600,3.600,3.600,"631,152.000",89.89,R$/MWh,0.00,0.00,"56,734,253.28",#REF!,#REF!,0.00,0.00,0.00,1/1/2024,12/31/2043,Não,"5,061.11",#REF!
,1767,2018,LEN,28ºLEN,Leilão de Energia Nova,003/2018,GAM,07.099.001/0001-84,QTDE-20-2024,EOL.CV.RN.038006-7.01,GAMELEIRA,Sem Pendências,RN,Eólica,Cinética do Vento,NE,"116,754,000.00",#REF!,14.700,,,0.000,8.500,0.1,26,26,26,2.600,2.600,2.600,2.600,2.600,"455,832.000",89.89,R$/MWh,0.00,0.00,"40,974,738.48",#REF!,#REF!,0.00,0.00,0.00,1/1/2024,12/31/2043,Não,"5,061.11",#REF!
,1768,2018,LEN,28ºLEN,Leilão de Energia Nova,003/2018,JB,24.550.050/0001-00,QTDE-20-2024,EOL.CV.BA.037083-5.01,SERRA DA BABILONIA A,Sem Pendências,BA,Eólica,Cinética do Vento,NE,"65,800,000.00",#REF!,18.800,,,0.000,8.400,0.1,84,84,84,8.400,8.400,8.400,8.400,8.400,"1,472,688.000",88.46,R$/MWh,0.00,0.00,"130,273,980.48",#REF!,#REF!,0.00,0.00,0.00,1/1/2024,12/31/2043,Não,"5,061.11",#REF!
,1769,2018,LEN,28ºLEN,Leilão de Energia Nova,003/2018,JB,24.550.050/0001-00,QTDE-20-2024,EOL.CV.BA.040609-0.01,SERRA DA BABILONIA C,Sem Pendências,BA,Eólica,Cinética do Vento,NE,"82,250,000.00",#REF!,23.500,,,0.000,11.200,0.1,84,84,84,11.200,11.200,11.200,11.200,11.200,"1,963,584.000",88.97,R$/MWh,0.00,0.00,"174,700,068.48",#REF!,#REF!,0.00,0.00,0.00,1/1/2024,12/31/2043,Não,"5,061.11",#REF!
,1770,2018,LEN,28ºLEN,Leilão de Energia Nova,003/2018,JB,24.550.050/0001-00,QTDE-20-2024,EOL.CV.BA.040611-2.01,SERRA DA BABILONIA E,Sem Pendências,BA,Eólica,Cinética do Vento,NE,"90,475,000.00",#REF!,25.850,,,0.000,11.800,0.1,84,84,84,11.800,11.800,11.800,11.800,11.800,"2,068,776.000",88.46,R$/MWh,0.00,0.00,"183,003,924.96",#REF!,#REF!,0.00,0.00,0.00,1/1/2024,12/31/2043,Não,"5,061.11",#REF!
,1771,2018,LEN,28ºLEN,Leilão de Energia Nova,003/2018,JB,24.550.050/0001-00,QTDE-20-2024,EOL.CV.BA.040612-0.01,SERRA DA BABILONIA F,Sem Pendências,BA,Eólica,Cinética do Vento,NE,"57,575,000.00",#REF!,16.450,,,0.000,7.600,0.1,84,84,84,7.600,7.600,7.600,7.600,7.600,"1,332,432.000",88.46,R$/MWh,0.00,0.00,"117,866,934.72",#REF!,#REF!,0.00,0.00,0.00,1/1/2024,12/31/2043,Não,"5,061.11",#REF!
,1772,2018,LEN,28ºLEN,Leilão de Energia Nova,003/2018,SAO FERNANDO,07.219.024/0001-85,QTDE-20-2024,EOL.CV.RN.037075-4.01,SAO FERNANDO 2,Sem Pendências,RN,Eólica,Cinética do Vento,NE,"346,500,000.00",#REF!,69.300,,,0.000,30.600,0.1,299,299,299,29.900,29.900,29.900,29.900,29.900,"5,242,068.000",93.33,R$/MWh,0.00,0.00,"489,242,206.44",#REF!,#REF!,0.00,0.00,0.00,1/1/2024,12/31/2043,Não,"5,061.11",#REF!
,1773,2018,LEN,28ºLEN,Leilão de Energia Nova,003/2018,VDB,08.351.042/0001-89,QTDE-20-2024,EOL.CV.RN.036980-2.01,VILA CEARA I,Sem Pendências,RN,Eólica,Cinética do Vento,NE,"90,227,510.00",#REF!,22.000,,,0.000,13.400,0.1,82,82,82,8.200,8.200,8.200,8.200,8.200,"1,437,624.000",93.00,R$/MWh,0.00,0.00,"133,699,032.00",#REF!,#REF!,0.00,0.00,0.00,1/1/2024,12/31/2043,Não,"5,061.11",#REF!
,1774,2018,LEN,28ºLEN,Leilão de Energia Nova,003/2018,VDB,08.351.042/0001-89,QTDE-20-2024,EOL.CV.RN.038325-2.01,VILA MARANHAO I,Sem Pendências,RN,Eólica,Cinética do Vento,NE,"127,897,510.00",#REF!,31.185,,,0.000,15.700,0.1,82,82,82,8.300,8.300,8.300,8.300,8.300,"1,455,156.000",93.00,R$/MWh,0.00,0.00,"135,329,508.00",#REF!,#REF!,0.00,0.00,0.00,1/1/2024,12/31/2043,Não,"5,061.11",#REF!
,1775,2018,LEN,28ºLEN,Leilão de Energia Nova,003/2018,VDB,08.351.042/0001-89,QTDE-20-2024,EOL.CV.RN.038326-0.01,VILA MARANHAO II,Sem Pendências,RN,Eólica,Cinética do Vento,NE,"127,897,510.00",#REF!,31.185,,,0.000,15.400,0.1,82,82,82,8.300,8.300,8.300,8.300,8.300,"1,455,156.000",93.00,R$/MWh,0.00,0.00,"135,329,508.00",#REF!,#REF!,0.00,0.00,0.00,1/1/2024,12/31/2043,Não,"5,061.11",#REF!
,1776,2018,LEN,28ºLEN,Leilão de Energia Nova,003/2018,VDB,08.351.042/0001-89,QTDE-20-2024,EOL.CV.RN.038327-9.01,VILA MARANHAO III,Sem Pendências,RN,Eólica,Cinética do Vento,NE,"127,897,510.00",#REF!,31.185,,,0.000,16.800,0.1,82,82,82,8.200,8.200,8.200,8.200,8.200,"1,437,624.000",93.00,R$/MWh,0.00,0.00,"133,699,032.00",#REF!,#REF!,0.00,0.00,0.00,1/1/2024,12/31/2043,Não,"5,061.11",#REF!
,1777,2018,LEN,28ºLEN,Leilão de Energia Nova,003/2018,VDBF3,27.074.078/0001-07,QTDE-20-2024,EOL.CV.BA.032535-0.01,VENTOS DA BAHIA XIII,Sem Pendências,BA,Eólica,Cinética do Vento,NE,"190,386,530.00",#REF!,34.500,,,0.000,16.900,0.1,127,127,127,12.700,12.700,12.700,12.700,12.700,"2,226,564.000",94.33,R$/MWh,0.00,0.00,"210,031,782.12",#REF!,#REF!,0.00,0.00,0.00,1/1/2024,12/31/2043,Não,"5,061.11",#REF!
,1778,2018,LEN,28ºLEN,Leilão de Energia Nova,003/2018,VDBF3,27.074.078/0001-07,QTDE-20-2024,EOL.CV.BA.032536-8.01,VENTOS DA BAHIA XIV,Sem Pendências,BA,Eólica,Cinética do Vento,NE,"203,078,950.00",#REF!,36.800,,,0.000,15.300,0.1,127,127,127,5.900,5.900,5.900,5.900,5.900,"1,034,388.000",94.33,R$/MWh,0.00,0.00,"97,573,820.04",#REF!,#REF!,0.00,0.00,0.00,1/1/2024,12/31/2043,Não,"5,061.11",#REF!
,1779,2018,LEN,28ºLEN,Leilão de Energia Nova,003/2018,VDBF3,27.074.078/0001-07,QTDE-20-2024,EOL.CV.BA.035234-9.01,VENTOS DA BAHIA XXIII,Sem Pendências,BA,Eólica,Cinética do Vento,NE,"177,694,090.00",#REF!,32.200,,,0.000,17.300,0.1,127,127,127,11.200,11.200,11.200,11.200,11.200,"1,963,584.000",94.33,R$/MWh,0.00,0.00,"185,224,878.72",#REF!,#REF!,0.00,0.00,0.00,1/1/2024,12/31/2043,Não,"5,061.11",#REF!
,1780,2018,LEN,28ºLEN,Leilão de Energia Nova,003/2018,VDBF3,27.074.078/0001-07,QTDE-20-2024,EOL.CV.BA.034889-9.01,VENTOS DA BAHIA XXVII,Sem Pendências,BA,Eólica,Cinética do Vento,NE,"139,616,790.00",#REF!,25.300,,,0.000,12.400,0.1,127,127,127,11.200,11.200,11.200,11.200,11.200,"1,963,584.000",94.33,R$/MWh,0.00,0.00,"185,224,878.72",#REF!,#REF!,0.00,0.00,0.00,1/1/2024,12/31/2043,Não,"5,061.11",#REF!
,1781,2018,LEN,28ºLEN,Leilão de Energia Nova,003/2018,VS MAR,17.875.073/0001-20,QTDE-20-2024,EOL.CV.RN.038310-4.01,VENTOS DE SANTA MARTINA 01,Sem Pendências,RN,Eólica,Cinética do Vento,NE,"37,800,000.00",#REF!,8.400,,,0.000,4.700,0.1,14,14,14,1.400,1.400,1.400,1.400,1.400,"245,448.000",89.00,R$/MWh,0.00,0.00,"21,844,872.00",#REF!,#REF!,0.00,0.00,0.00,1/1/2024,12/31/2043,Não,"5,061.11",#REF!
,1782,2018,LEN,28ºLEN,Leilão de Energia Nova,003/2018,VS MAR,17.875.073/0001-20,QTDE-20-2024,EOL.CV.RN.038318-0.01,VENTOS DE SANTA MARTINA 09,Sem Pendências,RN,Eólica,Cinética do Vento,NE,"37,800,000.00",#REF!,8.400,,,0.000,4.800,0.1,14,14,14,1.400,1.400,1.400,1.400,1.400,"245,448.000",89.00,R$/MWh,0.00,0.00,"21,844,872.00",#REF!,#REF!,0.00,0.00,0.00,1/1/2024,12/31/2043,Não,"5,061.11",#REF!
,1783,2018,LEN,28ºLEN,Leilão de Energia Nova,003/2018,VS MAR,17.875.073/0001-20,QTDE-20-2024,EOL.CV.RN.038319-8.01,VENTOS DE SANTA MARTINA 10,Sem Pendências,RN,Eólica,Cinética do Vento,NE,"37,800,000.00",#REF!,8.400,,,0.000,4.800,0.1,14,14,14,1.400,1.400,1.400,1.400,1.400,"245,448.000",89.00,R$/MWh,0.00,0.00,"21,844,872.00",#REF!,#REF!,0.00,0.00,0.00,1/1/2024,12/31/2043,Não,"5,061.11",#REF!
,1784,2018,LEN,28ºLEN,Leilão de Energia Nova,003/2018,VS MAR,17.875.073/0001-20,QTDE-20-2024,EOL.CV.RN.038320-1.01,VENTOS DE SANTA MARTINA 11,Sem Pendências,RN,Eólica,Cinética do Vento,NE,"37,800,000.00",#REF!,8.400,,,0.000,4.700,0.1,14,14,14,1.400,1.400,1.400,1.400,1.400,"245,448.000",89.00,R$/MWh,0.00,0.00,"21,844,872.00",#REF!,#REF!,0.00,0.00,0.00,1/1/2024,12/31/2043,Não,"5,061.11",#REF!
,1785,2018,LEN,28ºLEN,Leilão de Energia Nova,003/2018,VS MAR,17.875.073/0001-20,QTDE-20-2024,EOL.CV.RN.038321-0.01,VENTOS DE SANTA MARTINA 12,Sem Pendências,RN,Eólica,Cinética do Vento,NE,"37,800,000.00",#REF!,8.400,,,0.000,4.600,0.1,14,14,14,1.400,1.400,1.400,1.400,1.400,"245,448.000",89.00,R$/MWh,0.00,0.00,"21,844,872.00",#REF!,#REF!,0.00,0.00,0.00,1/1/2024,12/31/2043,Não,"5,061.11",#REF!
,1786,2018,LEN,28ºLEN,Leilão de Energia Nova,003/2018,VS MAR,10.772.867/0001-19,QTDE-20-2024,EOL.CV.RN.038322-8.01,VENTOS DE SANTA MARTINA 13,Sem Pendências,RN,Eólica,Cinética do Vento,NE,"37,800,000.00",#REF!,8.400,,,0.000,4.000,0.1,14,14,14,1.200,1.200,1.200,1.200,1.200,"210,384.000",89.00,R$/MWh,0.00,0.00,"18,724,176.00",#REF!,#REF!,0.00,0.00,0.00,1/1/2024,12/31/2043,Não,"5,061.11",#REF!
,1787,2018,LEN,28ºLEN,Leilão de Energia Nova,003/2018,VS MAR,17.875.073/0001-20,QTDE-20-2024,EOL.CV.RN.038323-6.01,VENTOS DE SANTA MARTINA 14,Sem Pendências,RN,Eólica,Cinética do Vento,NE,"37,800,000.00",#REF!,8.400,,,0.000,3.900,0.1,14,14,14,1.200,1.200,1.200,1.200,1.200,"210,384.000",89.00,R$/MWh,0.00,0.00,"18,724,176.00",#REF!,#REF!,0.00,0.00,0.00,1/1/2024,12/31/2043,Não,"5,061.11",#REF!
,1788,2018,LEN,28ºLEN,Leilão de Energia Nova,003/2018,GBSA,68.316.801/0001-02,DIS-25-2024,UTE.AI.SP.035093-1.01,RIO VERMELHO 3,Sem Pendências,SP,Biomassa,Bagaço de Cana de Açúcar,SE,"36,929,000.00",#REF!,20.000,,,0.000,8.400,0.1,84,84,84,8.400,8.400,8.400,8.400,8.400,"1,841,011.200",175.00,R$/MWh,0.00,0.00,"322,176,960.00",#REF!,#REF!,"14,302,220.00","14,302,220.00","14,302,220.00",1/1/2024,12/31/2048,Não,"5,061.11",#REF!
,1789,2018,LEN,28ºLEN,Leilão de Energia Nova,003/2018,PGC,15.743.303/0001-71,DIS-25-2024,UTE.GN.MA.040562-0.01,PARNAIBA 5A E 5B,Sem Pendências,MA,Gás Natural,Gás Natural,N,"1,088,794,600.00",#REF!,363.200,,,0.000,326.400,0.1,"3,264","3,264","3,264",326.400,326.400,326.400,326.400,326.400,"71,536,435.200",179.98,R$/MWh,0.00,0.00,"12,875,127,607.30",#REF!,#REF!,"272,377,314.57","272,377,314.57","272,377,314.57",1/1/2024,12/31/2048,Não,"5,061.11",#REF!
,1790,2018,LEN,28ºLEN,Leilão de Energia Nova,003/2018,UTE CDF,43.545.284/0001-04,DIS-25-2024,UTE.AI.SP.028063-1.01,CASA DE FORCA,Sem Pendências,SP,Biomassa,Bagaço de Cana de Açúcar,SE,"11,225,000.00",#REF!,8.480,,,0.000,2.600,0.1,14,14,14,1.400,1.400,1.400,1.400,1.400,"306,835.200",179.16,R$/MWh,0.00,0.00,"54,972,594.43",#REF!,#REF!,"2,480,345.11","2,480,345.11","2,480,345.11",1/1/2024,12/31/2048,Não,"5,061.11",#REF!
,1791,2018,LEE,19ºLEE,Leilão de Energia Existente,005/2018,DESTTRA ENERGIA,30.124.679/0001-91,QTD-2019-2A,-,-,Sem Pendências,-,-,-,N,0.00,#REF!,0.000,,,0.000,0.000,0.1,40,40,40,4.000,4.000,0.000,0.000,4.000,"70,176.000",142.99,R$/MWh,0.00,0.00,"10,034,466.24",#REF!,#REF!,0.00,0.00,0.00,1/1/2019,12/31/2020,Não,"5,092.97",#REF!
,1792,2018,LEE,20ºLEE,Leilão de Energia Existente,006/2018,ATMO,11.322.550/0001-43,QTD-2020-2A,-,-,Sem Pendências,-,-,-,N,0.00,#REF!,0.000,,,0.000,0.000,0.1,50,50,50,5.000,5.000,0.000,0.000,5.000,"87,720.000",161.00,R$/MWh,0.00,0.00,"14,122,920.00",#REF!,#REF!,0.00,0.00,0.00,1/1/2020,12/31/2021,Não,"5,092.97",#REF!
,1793,2018,LEE,20ºLEE,Leilão de Energia Existente,006/2018,CDSA,01.672.223/0001-68,QTD-2020-2A,-,-,Sem Pendências,-,-,-,N,0.00,#REF!,0.000,,,0.000,0.000,0.1,380,380,380,38.000,38.000,0.000,0.000,38.000,"666,672.000",161.90,R$/MWh,0.00,0.00,"107,934,196.80",#REF!,#REF!,0.00,0.00,0.00,1/1/2020,12/31/2021,Não,"5,092.97",#REF!
,1794,2018,LEE,20ºLEE,Leilão de Energia Existente,006/2018,CELESC GERA,08.336.804/0001-78,QTD-2020-2A,-,-,Sem Pendências,-,-,-,S,0.00,#REF!,0.000,,,0.000,0.000,0.1,20,20,20,2.000,2.000,0.000,0.000,2.000,"35,088.000",161.53,R$/MWh,0.00,0.00,"5,667,764.64",#REF!,#REF!,0.00,0.00,0.00,1/1/2020,12/31/2021,Não,"5,092.97",#REF!
,1795,2018,LEE,20ºLEE,Leilão de Energia Existente,006/2018,COMERC,58.177.643/0001-95,QTD-2020-2A,-,-,Sem Pendências,-,-,-,N,0.00,#REF!,0.000,,,0.000,0.000,0.1,50,50,50,5.000,5.000,0.000,0.000,5.000,"87,720.000",161.90,R$/MWh,0.00,0.00,"14,201,868.00",#REF!,#REF!,0.00,0.00,0.00,1/1/2020,12/31/2021,Não,"5,092.97",#REF!
,1796,2018,LEE,20ºLEE,Leilão de Energia Existente,006/2018,MAXIMA ENERGIA,12.630.054/0001-10,QTD-2020-2A,-,-,Sem Pendências,-,-,-,N,0.00,#REF!,0.000,,,0.000,0.000,0.1,40,40,40,4.000,4.000,0.000,0.000,4.000,"70,176.000",160.28,R$/MWh,0.00,0.00,"11,247,809.28",#REF!,#REF!,0.00,0.00,0.00,1/1/2020,12/31/2021,Não,"5,092.97",#REF!
,1797,2018,LEE,20ºLEE,Leilão de Energia Existente,006/2018,MINERVA COM,24.510.849/0001-73,QTD-2020-2A,-,-,Sem Pendências,-,-,-,N,0.00,#REF!,0.000,,,0.000,0.000,0.1,150,150,150,15.000,15.000,0.000,0.000,15.000,"263,160.000",161.22,R$/MWh,0.00,0.00,"42,426,655.20",#REF!,#REF!,0.00,0.00,0.00,1/1/2020,12/31/2021,Não,"5,092.97",#REF!
,1798,2018,LEE,20ºLEE,Leilão de Energia Existente,006/2018,TRADENER,02.691.745/0001-70,QTD-2020-2A,-,-,Sem Pendências,-,-,-,N,0.00,#REF!,0.000,,,0.000,0.000,0.1,"1,000","1,000","1,000",100.000,100.000,0.000,0.000,100.000,"1,754,400.000",160.00,R$/MWh,0.00,0.00,"280,704,000.00",#REF!,#REF!,0.00,0.00,0.00,1/1/2020,12/31/2021,Não,"5,092.97",#REF!
,1799,2018,LEE,20ºLEE,Leilão de Energia Existente,006/2018,PETROBRAS PIE,33.000.167/0001-01,DIS-2020-2A,UTE.GN.BA.027263-9.01,CELSO FURTADO,Sem Pendências,BA,Gás Natural,Gás Natural,NE,0.00,#REF!,185.891,,,0.000,100.700,0.1,"1,000","1,000","1,000",100.000,100.000,0.000,0.000,100.000,"1,754,400.000",161.98,R$/MWh,0.00,0.00,"284,177,712.00",#REF!,#REF!,"87,652,267.53","87,652,267.53",0.00,1/1/2020,12/31/2021,Não,"5,092.97",#REF!
,1800,2018,LEE,20ºLEE,Leilão de Energia Existente,006/2018,PETROBRAS PIE,33.000.167/0001-01,DIS-2020-2A,UTE.GN.RN.028225-1.01,Jesus Soares Pereira,Sem Pendências,RN,Gás Natural,Gás Natural,NE,0.00,#REF!,322.967,,,0.000,181.300,0.1,"1,000","1,000","1,000",90.000,90.000,0.000,0.000,90.000,"1,578,960.000",161.99,R$/MWh,0.00,0.00,"255,775,730.40",#REF!,#REF!,"78,895,605.40","78,895,605.40",0.00,1/1/2020,12/31/2021,Não,"5,092.97",#REF!
,1801,2019,LEN,29ºLEN,Leilão de Energia Nova,003/2019,UTE SONORA,47.902.283/0001-20,DISB-20-2023,UTE.AI.MS.027385-6.01,SONORA,Sem Pendências,MS,Biomassa,Bagaço de Cana de Açúcar,SE,"50,000,000.00",#REF!,21.390,,,0.000,9.500,0.1,74,74,74,7.400,7.400,7.400,7.400,7.400,"1,297,368.000",179.87,R$/MWh,0.00,0.00,"233,357,582.17",#REF!,#REF!,"12,902,421.00","12,902,421.00","12,902,421.00",1/1/2023,12/31/2042,Não,"5,213.75",#REF!
,1802,2019,LEN,29ºLEN,Leilão de Energia Nova,003/2019,VOLTALIA,08.351.042/0001-89,QTDE-20-2023,EOL.CV.RN.036984-5.01,VILA ALAGOAS III,Sem Pendências,RN,Eólica,Cinética do Vento,NE,"86,126,250.00",#REF!,21.000,,,0.000,11.000,0.1,33,33,33,3.300,3.300,3.300,3.300,3.300,"578,556.000",79.92,R$/MWh,0.00,0.00,"46,238,195.52",#REF!,#REF!,0.00,0.00,0.00,1/1/2023,12/31/2042,Não,"5,213.75",#REF!
,1803,2019,LEN,29ºLEN,Leilão de Energia Nova,003/2019,FORÇA EOLICA DO BRASIL,12.227.426/0001-61,QTDE-20-2023,EOL.CV.PI.044367-0.01,OITIS 8,Sem Pendências,PI,Eólica,Cinética do Vento,NE,"223,045,220.00",#REF!,37.100,,,0.000,19.400,0.1,59,59,59,5.900,5.900,5.900,5.900,5.900,"1,034,388.000",80.01,R$/MWh,0.00,0.00,"82,761,383.88",#REF!,#REF!,0.00,0.00,0.00,1/1/2023,12/31/2042,Não,"5,213.75",#REF!
,1804,2019,LEN,29ºLEN,Leilão de Energia Nova,003/2019,FORÇA EOLICA DO BRASIL,12.227.426/0001-61,QTDE-20-2023,EOL.CV.PI.044555-0.01,OITIS 1,Sem Pendências,PI,Eólica,Cinética do Vento,NE,"223,045,220.00",#REF!,37.100,,,0.000,19.800,0.1,59,59,59,6.000,6.000,6.000,6.000,6.000,"1,051,920.000",80.00,R$/MWh,0.00,0.00,"84,153,600.00",#REF!,#REF!,0.00,0.00,0.00,1/1/2023,12/31/2042,Não,"5,213.75",#REF!
,1805,2019,LEN,29ºLEN,Leilão de Energia Nova,003/2019,RIO DO CEDRO ENERGIA,09.305.462/0001-91,QTDH-30-2023,PCH.PH.MT.034560-1.01,FOZ DO CEDRO,Sem Pendências,MT,Hidrelétrica (PCH),Rio Verde,SE,"178,705,920.00",#REF!,24.000,,,0.000,13.900,0.1,139,139,139,13.900,13.900,13.900,13.900,13.900,"3,655,588.800",198.88,R$/MWh,0.00,0.00,"727,023,500.57",#REF!,#REF!,0.00,0.00,0.00,1/1/2023,12/31/2052,Não,"5,213.75",#REF!
,1806,2019,LEN,29ºLEN,Leilão de Energia Nova,003/2019,GALUPO,05.093.515/0001-05,QTDH-30-2023,PCH.PH.PR.037822-4.01,VILA GALUPO,Sem Pendências,PR,Hidrelétrica (PCH),Rio Santana,S,"27,251,710.00",#REF!,5.670,,,0.000,3.090,0.1,10,10,10,1.000,1.000,1.000,1.000,1.000,"262,992.000",199.99,R$/MWh,0.00,0.00,"52,595,770.08",#REF!,#REF!,0.00,0.00,0.00,1/1/2023,12/31/2052,Não,"5,213.75",#REF!
,1807,2019,LEN,29ºLEN,Leilão de Energia Nova,003/2019,CEMIG GERACAO,06.981.176/0001-58,QTDH-30-2023,PCH.PH.MG.002092-3.01,POÇO FUNDO AMPLIAÇÃO,Sem Pendências,MG,Hidrelétrica (PCH),Rio Machado,SE,"143,072,910.00",#REF!,20.840,,,0.000,11.020,0.1,110,110,110,11.000,11.000,11.000,11.000,11.000,"2,892,912.000",195.50,R$/MWh,0.00,0.00,"565,564,296.02",#REF!,#REF!,0.00,0.00,0.00,1/1/2023,12/31/2052,Não,"5,213.75",#REF!
,1808,2019,LEN,29ºLEN,Leilão de Energia Nova,003/2019,CELESC GERA,08.336.804/0001-78,QTDH-30-2023,PCH.PH.SC.000742-0.01,CELSO RAMOS,Sem Pendências,SC,Hidrelétrica (PCH),Rio Chapecozinho,S,"37,164,000.00",#REF!,8.299,,,0.000,2.970,0.1,29,29,29,2.900,2.900,2.900,2.900,2.900,"762,676.800",201.11,R$/MWh,0.00,0.00,"153,381,931.25",#REF!,#REF!,0.00,0.00,0.00,1/1/2023,12/31/2052,Não,"5,213.75",#REF!
,1809,2019,LEN,29ºLEN,Leilão de Energia Nova,003/2019,CEESAM,85.937.316/0001-67,QTDH-30-2023,PCH.PH.SC.035496-1.01,ÁGUAS DA SERRA,Sem Pendências,SC,Hidrelétrica (PCH),Rio Benedito,S,"68,074,360.00",#REF!,22.500,,,0.000,12.210,0.1,86,86,86,8.600,8.600,8.600,8.600,8.600,"2,261,731.200",199.00,R$/MWh,0.00,0.00,"450,084,508.82",#REF!,#REF!,0.00,0.00,0.00,1/1/2023,12/31/2052,Não,"5,213.75",#REF!
,1810,2019,LEN,29ºLEN,Leilão de Energia Nova,003/2019,LSBP ENERLIFE,33.913.496/0001-43,QTDS-20-2023,UFV.RS.CE.044576-2.01,MILAGRES V,Contrato Rescindido,CE,Solar Fotovoltaica,Radiação Solar Global,NE,"135,669,310.00",#REF!,32.740,,,40.500,10.000,0.1,30,30,30,3.000,3.000,3.000,3.000,3.000,"525,960.000",64.99,R$/MWh,0.00,0.00,"34,182,140.40",#REF!,#REF!,0.00,0.00,0.00,1/1/2023,12/31/2042,Não,"5,213.75",#REF!
,1811,2019,LEN,29ºLEN,Leilão de Energia Nova,003/2019,LSBP ENERLIFE,33.913.496/0001-43,QTDS-20-2023,UFV.RS.CE.044579-7.01,MILAGRES IV,Contrato Rescindido,CE,Solar Fotovoltaica,Radiação Solar Global,NE,"135,669,310.00",#REF!,32.740,,,40.500,10.000,0.1,30,30,30,3.000,3.000,3.000,3.000,3.000,"525,960.000",64.99,R$/MWh,0.00,0.00,"34,182,140.40",#REF!,#REF!,0.00,0.00,0.00,1/1/2023,12/31/2042,Não,"5,213.75",#REF!
,1812,2019,LEN,29ºLEN,Leilão de Energia Nova,003/2019,LSBP ENERLIFE,33.913.496/0001-43,QTDS-20-2023,UFV.RS.CE.044575-4.01,MILAGRES III,Contrato Rescindido,CE,Solar Fotovoltaica,Radiação Solar Global,NE,"135,669,310.00",#REF!,32.740,,,40.500,9.900,0.1,30,30,30,3.000,3.000,3.000,3.000,3.000,"525,960.000",64.99,R$/MWh,0.00,0.00,"34,182,140.40",#REF!,#REF!,0.00,0.00,0.00,1/1/2023,12/31/2042,Não,"5,213.75",#REF!
,1813,2019,LEN,29ºLEN,Leilão de Energia Nova,003/2019,LSBP ENERLIFE,33.913.496/0001-43,QTDS-20-2023,UFV.RS.CE.044574-6.01,MILAGRES II,Contrato Rescindido,CE,Solar Fotovoltaica,Radiação Solar Global,NE,"135,669,310.00",#REF!,32.740,,,40.500,10.000,0.1,30,30,30,3.000,3.000,3.000,3.000,3.000,"525,960.000",64.99,R$/MWh,0.00,0.00,"34,182,140.40",#REF!,#REF!,0.00,0.00,0.00,1/1/2023,12/31/2042,Não,"5,213.75",#REF!
,1814,2019,LEN,29ºLEN,Leilão de Energia Nova,003/2019,LSBP ENERLIFE,33.913.496/0001-43,QTDS-20-2023,UFV.RS.CE.044573-8.01,MILAGRES I,Contrato Rescindido,CE,Solar Fotovoltaica,Radiação Solar Global,NE,"135,669,310.00",#REF!,32.740,,,40.500,9.900,0.1,30,30,30,3.000,3.000,3.000,3.000,3.000,"525,960.000",64.99,R$/MWh,0.00,0.00,"34,182,140.40",#REF!,#REF!,0.00,0.00,0.00,1/1/2023,12/31/2042,Não,"5,213.75",#REF!
,1815,2019,LEN,29ºLEN,Leilão de Energia Nova,003/2019,CONSÓRCIO JAÍBA,33.913.496/0001-43,QTDS-20-2023,UFV.RS.MG.043162-1.01,JAÍBA SE1,Contrato Rescindido,MG,Solar Fotovoltaica,Radiação Solar Global,SE,"177,881,950.00",#REF!,40.000,,,51.120,12.300,0.1,61,61,61,6.100,6.100,6.100,6.100,6.100,"1,069,452.000",73.60,R$/MWh,0.00,0.00,"78,711,667.20",#REF!,#REF!,0.00,0.00,0.00,1/1/2023,12/31/2042,Não,"5,213.75",#REF!
,1816,2019,LEN,30ºLEN,Leilão de Energia Nova,004/2019,POLIFERTIL,23.079.992/0001-90,QTDH-2025-30,CGH.PH.MG.044305-0.01,ALAGOA III,Sem Pendências,MG,Hidrelétrica (CGH),Rio Aiuruoca,SE,"11,732,970.00",#REF!,1.528,,,0.000,1.060,0.1,8,8,8,0.800,0.800,0.800,0.800,0.800,"210,374.400",233.62,R$/MWh,0.00,0.00,"49,147,667.33",#REF!,#REF!,0.00,0.00,0.00,1/1/2025,12/31/2054,Não,"5,227.84",#REF!
,1817,2019,LEN,30ºLEN,Leilão de Energia Nova,004/2019,ALTO ALEGRE ENERGÉTICA,20.350.295/0001-33,QTDH-2025-30,PCH.PH.SC.037173-4.01,ALTO ALEGRE,Atraso,SC,Hidrelétrica (PCH),Rio do Peixe,S,"93,150,000.00",#REF!,17.400,,,0.000,8.850,0.1,70,70,70,7.000,7.000,7.000,7.000,7.000,"1,840,776.000",233.14,R$/MWh,0.00,0.00,"429,158,516.68",#REF!,#REF!,0.00,0.00,0.00,1/1/2025,12/31/2054,Não,"5,227.84",#REF!
,1818,2019,LEN,30ºLEN,Leilão de Energia Nova,004/2019,ATLANTIC,11.489.312/0001-27,QTDE-2025-20,EOL.CV.BA.044959-8.01,AURA CAETITÉ 01,Sem Pendências,BA,Eólica,Cinética do Vento,NE,"137,381,610.00",#REF!,29.400,,,0.000,11.100,0.1,34,34,34,3.400,3.400,3.400,3.400,3.400,"596,088.000",98.20,R$/MWh,0.00,0.00,"58,535,841.61",#REF!,#REF!,0.00,0.00,0.00,1/1/2025,12/31/2044,Não,"5,227.84",#REF!
,1819,2019,LEN,30ºLEN,Leilão de Energia Nova,004/2019,ATLANTIC,11.489.312/0001-27,QTDE-2025-20,EOL.CV.BA.044960-1.01,AURA CAETITÉ 02,Sem Pendências,BA,Eólica,Cinética do Vento,NE,"137,381,210.00",#REF!,29.400,,,0.000,12.900,0.1,34,34,34,3.900,3.900,3.900,3.900,3.900,"683,748.000",98.20,R$/MWh,0.00,0.00,"67,144,053.61",#REF!,#REF!,0.00,0.00,0.00,1/1/2025,12/31/2044,Não,"5,227.84",#REF!
,1820,2019,LEN,30ºLEN,Leilão de Energia Nova,004/2019,ATLANTIC,11.489.312/0001-27,QTDE-2025-20,EOL.CV.BA.032804-9.01,AURA CAETITÉ 03,Sem Pendências,BA,Eólica,Cinética do Vento,NE,"137,381,610.00",#REF!,29.400,,,0.000,11.200,0.1,34,34,34,3.400,3.400,3.400,3.400,3.400,"596,088.000",98.20,R$/MWh,0.00,0.00,"58,535,841.61",#REF!,#REF!,0.00,0.00,0.00,1/1/2025,12/31/2044,Não,"5,227.84",#REF!
,1821,2019,LEN,30ºLEN,Leilão de Energia Nova,004/2019,ATLANTIC,11.489.312/0001-27,QTDE-2025-20,EOL.CV.BA.032805-7.01,AURA CAETITÉ 04,Sem Pendências,BA,Eólica,Cinética do Vento,NE,"99,064,300.00",#REF!,21.200,,,0.000,9.000,0.1,34,34,34,2.700,2.700,2.700,2.700,2.700,"473,364.000",98.20,R$/MWh,0.00,0.00,"46,484,344.80",#REF!,#REF!,0.00,0.00,0.00,1/1/2025,12/31/2044,Não,"5,227.84",#REF!
,1822,2019,LEN,30ºLEN,Leilão de Energia Nova,004/2019,ATLANTIC,11.489.312/0001-27,QTDE-2025-20,EOL.CV.PI.032863-4.01,AURA QUEIMADA NOVA 01,Sem Pendências,PI,Eólica,Cinética do Vento,NE,"140,184,920.00",#REF!,30.000,,,0.000,11.300,0.1,34,34,34,3.400,3.400,3.400,3.400,3.400,"596,088.000",99.75,R$/MWh,0.00,0.00,"59,459,778.01",#REF!,#REF!,0.00,0.00,0.00,1/1/2025,12/31/2044,Não,"5,227.84",#REF!
,1823,2019,LEN,30ºLEN,Leilão de Energia Nova,004/2019,ATLANTIC,11.489.312/0001-27,QTDE-2025-20,EOL.CV.PI.040567-1.01,AURA QUEIMADA NOVA 02,Sem Pendências,PI,Eólica,Cinética do Vento,NE,"137,381,610.00",#REF!,29.400,,,0.000,13.200,0.1,34,34,34,4.000,4.000,4.000,4.000,4.000,"701,280.000",99.75,R$/MWh,0.00,0.00,"69,952,680.01",#REF!,#REF!,0.00,0.00,0.00,1/1/2025,12/31/2044,Não,"5,227.84",#REF!
,1824,2019,LEN,30ºLEN,Leilão de Energia Nova,004/2019,ATLANTIC,11.489.312/0001-27,QTDE-2025-20,EOL.CV.BA.044961-0.01,AURA TANQUE NOVO 01,Sem Pendências,BA,Eólica,Cinética do Vento,NE,"99,064,300.00",#REF!,21.200,,,0.000,7.100,0.1,34,34,34,2.200,2.200,2.200,2.200,2.200,"385,704.000",99.75,R$/MWh,0.00,0.00,"38,473,974.00",#REF!,#REF!,0.00,0.00,0.00,1/1/2025,12/31/2044,Não,"5,227.84",#REF!
,1825,2019,LEN,30ºLEN,Leilão de Energia Nova,004/2019,ATLANTIC,11.489.312/0001-27,QTDE-2025-20,EOL.CV.BA.044962-8.01,AURA TANQUE NOVO 02,Sem Pendências,BA,Eólica,Cinética do Vento,NE,"74,298,220.00",#REF!,15.900,,,0.000,6.200,0.1,34,34,34,1.900,1.900,1.900,1.900,1.900,"333,108.000",99.75,R$/MWh,0.00,0.00,"33,227,523.00",#REF!,#REF!,0.00,0.00,0.00,1/1/2025,12/31/2044,Não,"5,227.84",#REF!
,1826,2019,LEN,30ºLEN,Leilão de Energia Nova,004/2019,ATLANTIC,11.489.312/0001-27,QTDE-2025-20,EOL.CV.RN.035172-5.01,AURA TANQUE NOVO 03,Sem Pendências,BA,Eólica,Cinética do Vento,NE,"58,877,840.00",#REF!,12.600,,,0.000,4.700,0.1,34,34,34,1.500,1.500,1.500,1.500,1.500,"262,980.000",98.20,R$/MWh,0.00,0.00,"25,824,636.00",#REF!,#REF!,0.00,0.00,0.00,1/1/2025,12/31/2044,Não,"5,227.84",#REF!
,1827,2019,LEN,30ºLEN,Leilão de Energia Nova,004/2019,PCH ÁGUAS DO RIO IRAN,22.343.394/0001-13,QTDH-2025-30,PCH.PH.SC.035155-5.01,BARRA DAS ÁGUAS,Sem Pendências,SC,Hidrelétrica (PCH),Rio Irani,S,"52,473,300.00",#REF!,8.500,,,0.000,4.120,0.1,30,30,30,3.000,3.000,3.000,3.000,3.000,"788,904.000",225.00,R$/MWh,0.00,0.00,"177,503,400.02",#REF!,#REF!,0.00,0.00,0.00,1/1/2025,12/31/2054,Não,"5,227.84",#REF!
,1828,2019,LEN,30ºLEN,Leilão de Energia Nova,004/2019,USINA BELA VISTA ,04.969.941/0001-99,DIST-2025-25,UTE.AI.SP.027917-0.01,BELA VISTA,Sem Pendências,SP,Biomassa,Bagaço de Cana de Açúcar,SE,"140,300,000.00",#REF!,64.800,,,0.000,19.500,0.1,80,80,80,8.000,8.000,8.000,8.000,8.000,"1,753,152.000",188.22,R$/MWh,0.00,0.00,"329,978,269.47",#REF!,#REF!,"15,335,132.43","15,335,132.43","15,335,132.43",1/1/2025,12/31/2049,Não,"5,227.84",#REF!
,1829,2019,LEN,30ºLEN,Leilão de Energia Nova,004/2019,WENERGY,13.999.606/0001-24,QTDH-2025-30,PCH.PH.ES.037381-8.01,BOM JESUS,Atraso,ES,Hidrelétrica (PCH),Rio Itabapoana,SE,"52,496,020.00",#REF!,7.760,,,0.000,4.280,0.1,40,40,40,4.000,4.000,4.000,4.000,4.000,"1,051,872.000",230.00,R$/MWh,0.00,0.00,"241,930,560.02",#REF!,#REF!,0.00,0.00,0.00,1/1/2025,12/31/2054,Não,"5,227.84",#REF!
,1830,2019,LEN,30ºLEN,Leilão de Energia Nova,004/2019,UTE BRANCO PERES,43.619.832/0017-60,DIST-2025-25,UTE.AI.SP.027947-1.01,BRANCO PERES,Sem Pendências,SP,Biomassa,Bagaço de Cana de Açúcar,SE,"42,700,000.00",#REF!,9.620,,,0.000,5.200,0.1,32,32,32,3.200,3.200,3.200,3.200,3.200,"701,260.800",188.94,R$/MWh,0.00,0.00,"132,496,215.57",#REF!,#REF!,"5,967,718.48","5,967,718.48","5,967,718.48",1/1/2025,12/31/2049,Não,"5,227.84",#REF!
,1831,2019,LEN,30ºLEN,Leilão de Energia Nova,004/2019,VOLTALIA,08.351.042/0001-89,QTDH-2025-30,PCH.PH.MG.035309-4.01,CABUÍ,Atraso,MG,Hidrelétrica (PCH),Rio Paraibuna,SE,"151,973,650.00",#REF!,16.000,,,0.000,9.890,0.1,88,88,88,8.800,8.800,8.800,8.800,8.800,"2,314,118.400",234.00,R$/MWh,0.00,0.00,"541,503,705.65",#REF!,#REF!,0.00,0.00,0.00,1/1/2025,12/31/2054,Não,"5,227.84",#REF!
,1832,2019,LEN,30ºLEN,Leilão de Energia Nova,004/2019,RIO ENERGY EOL III ,19.314.583/0001-53,QTDE-2025-20,EOL.CV.BA.037004-5.01,CAETITÉ D,Sem Pendências,BA,Eólica,Cinética do Vento,NE,"96,250,000.00",#REF!,27.500,,,0.000,12.100,0.1,50,50,50,5.000,5.000,5.000,5.000,5.000,"876,600.000",98.88,R$/MWh,0.00,0.00,"86,678,208.01",#REF!,#REF!,0.00,0.00,0.00,1/1/2025,12/31/2044,Não,"5,227.84",#REF!
,1833,2019,LEN,30ºLEN,Leilão de Energia Nova,004/2019,BIOENERGIA CERRADÃO II,29.021.423/0001-70,DIST-2025-25,UTE.AI.MG.040785-2.01,CERRADÃO 3,Sem Pendências,MG,Biomassa,Bagaço de Cana de Açúcar,SE,"89,000,000.00",#REF!,40.000,,,0.000,20.500,0.1,180,180,180,18.000,18.000,18.000,18.000,18.000,"3,944,592.000",187.95,R$/MWh,0.00,0.00,"741,386,066.47",#REF!,#REF!,"33,713,227.00","33,713,227.00","33,713,227.00",1/1/2025,12/31/2049,Não,"5,227.84",#REF!
,1834,2019,LEN,30ºLEN,Leilão de Energia Nova,004/2019,RIO DO COBRE,09.337.839/0001-94,QTDH-2025-30,PCH.PH.PR.036938-1.01,COBRE KM 19,Sem Pendências,PR,Hidrelétrica (PCH),Rio do Cobre,S,"82,199,070.00",#REF!,14.200,,,0.000,7.400,0.1,50,50,50,5.000,5.000,5.000,5.000,5.000,"1,314,840.000",232.00,R$/MWh,0.00,0.00,"305,042,880.03",#REF!,#REF!,0.00,0.00,0.00,1/1/2025,12/31/2054,Não,"5,227.84",#REF!
,1835,2019,LEN,30ºLEN,Leilão de Energia Nova,004/2019,AT&T ENERGIA,07.852.914/0001-20,QTDH-2025-30,PCH.PH.PR.035340-0.01,FAZENDA DO SALTO,Sem Pendências,PR,Hidrelétrica (PCH),Rio Sapucaia,S,"43,467,550.00",#REF!,9.850,,,0.000,5.410,0.1,21,21,21,2.100,2.100,2.100,2.100,2.100,"552,232.800",233.99,R$/MWh,0.00,0.00,"129,216,952.88",#REF!,#REF!,0.00,0.00,0.00,1/1/2025,12/31/2054,Não,"5,227.84",#REF!
,1836,2019,LEN,30ºLEN,Leilão de Energia Nova,004/2019,SAO BARTOLOMEU GERADORA,26.469.628/0001-24,QTDH-2025-30,PCH.PH.GO.035112-1.01,GAMELEIRA,Sem Pendências,GO,Hidrelétrica (PCH),Rio São Bartolomeu,SE,"128,061,480.00",#REF!,14.000,,,0.000,7.020,0.1,60,60,60,6.000,6.000,6.000,6.000,6.000,"1,577,808.000",232.50,R$/MWh,0.00,0.00,"366,840,360.04",#REF!,#REF!,0.00,0.00,0.00,1/1/2025,12/31/2054,Não,"5,227.84",#REF!
,1837,2019,LEN,30ºLEN,Leilão de Energia Nova,004/2019,CONSÓRCIO GAMELEIRA,16.968.044/0001-40,QTDS-2025-20,UFV.RS.CE.040708-9.01,GAMELEIRA 1,Outorga Revogada,CE,Solar Fotovoltaica,Radiação Solar Global,NE,"141,510,000.00",#REF!,30.000,,,36.936,8.600,0.1,26,26,26,2.600,2.600,2.600,2.600,2.600,"455,832.000",84.39,R$/MWh,0.00,0.00,"38,467,662.48",#REF!,#REF!,0.00,0.00,0.00,1/1/2025,12/31/2044,Não,"5,227.84",#REF!
,1838,2019,LEN,30ºLEN,Leilão de Energia Nova,004/2019,CONSÓRCIO GAMELEIRA,16.968.044/0001-40,QTDS-2025-20,UFV.RS.CE.040709-7.01,GAMELEIRA 2,Outorga Revogada,CE,Solar Fotovoltaica,Radiação Solar Global,NE,"141,510,000.00",#REF!,30.000,,,36.936,8.600,0.1,26,26,26,2.600,2.600,2.600,2.600,2.600,"455,832.000",84.38,R$/MWh,0.00,0.00,"38,463,104.16",#REF!,#REF!,0.00,0.00,0.00,1/1/2025,12/31/2044,Não,"5,227.84",#REF!
,1839,2019,LEN,30ºLEN,Leilão de Energia Nova,004/2019,CONSÓRCIO GAMELEIRA,16.968.044/0001-40,QTDS-2025-20,UFV.RS.CE.040710-0.01,GAMELEIRA 3,Outorga Revogada,CE,Solar Fotovoltaica,Radiação Solar Global,NE,"141,510,000.00",#REF!,30.000,,,36.936,8.600,0.1,26,26,26,2.600,2.600,2.600,2.600,2.600,"455,832.000",84.37,R$/MWh,0.00,0.00,"38,458,545.84",#REF!,#REF!,0.00,0.00,0.00,1/1/2025,12/31/2044,Não,"5,227.84",#REF!
,1840,2019,LEN,30ºLEN,Leilão de Energia Nova,004/2019,CONSÓRCIO GAMELEIRA,16.968.044/0001-40,QTDS-2025-20,UFV.RS.CE.040711-9.01,GAMELEIRA 4,Outorga Revogada,CE,Solar Fotovoltaica,Radiação Solar Global,NE,"141,510,000.00",#REF!,30.000,,,36.936,8.600,0.1,26,26,26,2.600,2.600,2.600,2.600,2.600,"455,832.000",84.36,R$/MWh,0.00,0.00,"38,453,987.52",#REF!,#REF!,0.00,0.00,0.00,1/1/2025,12/31/2044,Não,"5,227.84",#REF!
,1841,2019,LEN,30ºLEN,Leilão de Energia Nova,004/2019,HIDRELÉTRICA GARCIA DE ANGELINA,24.626.281/0001-50,QTDH-2025-30,CGH.PH.SC.037419-9.01,GARCIA DE ANGELINA,Sem Pendências,SC,Hidrelétrica (CGH),Rio Garcia,S,"13,108,640.00",#REF!,2.000,,,0.000,1.320,0.1,10,10,10,1.000,1.000,1.000,1.000,1.000,"262,968.000",233.98,R$/MWh,0.00,0.00,"61,529,252.65",#REF!,#REF!,0.00,0.00,0.00,1/1/2025,12/31/2054,Não,"5,227.84",#REF!
,1842,2019,LEN,30ºLEN,Leilão de Energia Nova,004/2019,CONSÓRCIO GRUPO GRAVIOLA,32.027.621/0001-55,QTDS-2025-20,UFV.RS.PI.036925-0.01,GRAVIOLA 1,Outorga Revogada,PI,Solar Fotovoltaica,Radiação Solar Global,NE,"289,584,000.00",#REF!,75.000,,,99.828,22.900,0.1,118,118,118,11.800,11.800,11.800,11.800,11.800,"2,068,776.000",84.50,R$/MWh,0.00,0.00,"174,811,572.02",#REF!,#REF!,0.00,0.00,0.00,1/1/2025,12/31/2044,Não,"5,227.84",#REF!
,1843,2019,LEN,30ºLEN,Leilão de Energia Nova,004/2019,CONSÓRCIO GRUPO GRAVIOLA,32.027.621/0001-55,QTDS-2025-20,UFV.RS.PI.036926-8.01,GRAVIOLA 2,Outorga Revogada,PI,Solar Fotovoltaica,Radiação Solar Global,NE,"289,584,000.00",#REF!,75.000,,,99.828,22.900,0.1,118,118,118,11.800,11.800,11.800,11.800,11.800,"2,068,776.000",84.55,R$/MWh,0.00,0.00,"174,915,010.82",#REF!,#REF!,0.00,0.00,0.00,1/1/2025,12/31/2044,Não,"5,227.84",#REF!
,1844,2019,LEN,30ºLEN,Leilão de Energia Nova,004/2019,CONSÓRCIO GRUPO GRAVIOLA,32.027.621/0001-55,QTDS-2025-20,UFV.RS.PI.037745-7.01,GRAVIOLA 3,Outorga Revogada,PI,Solar Fotovoltaica,Radiação Solar Global,NE,"289,584,000.00",#REF!,75.000,,,99.828,23.000,0.1,118,118,118,7.200,7.200,7.200,7.200,7.200,"1,262,304.000",84.00,R$/MWh,0.00,0.00,"106,033,536.01",#REF!,#REF!,0.00,0.00,0.00,1/1/2025,12/31/2044,Não,"5,227.84",#REF!
,1845,2019,LEN,30ºLEN,Leilão de Energia Nova,004/2019,CONSÓRCIO GRUPO GRAVIOLA,32.027.621/0001-55,QTDS-2025-20,UFV.RS.PI.037746-5.01,GRAVIOLA 4,Outorga Revogada,PI,Solar Fotovoltaica,Radiação Solar Global,NE,"289,584,000.00",#REF!,75.000,,,99.828,22.900,0.1,118,118,118,7.200,7.200,7.200,7.200,7.200,"1,262,304.000",84.00,R$/MWh,0.00,0.00,"106,033,536.01",#REF!,#REF!,0.00,0.00,0.00,1/1/2025,12/31/2044,Não,"5,227.84",#REF!
,1846,2019,LEN,30ºLEN,Leilão de Energia Nova,004/2019,UTE BIOENERGIA,31.109.398/0001-22,DIST-2025-25,UTE.AI.SP.040824-7.01,IPIRANGA BIOENERGIA MOCOCA,Sem Pendências,SP,Biomassa,Bagaço de Cana de Açúcar,SE,"50,000,000.00",#REF!,40.200,,,0.000,16.000,0.1,69,69,69,6.900,6.900,6.900,6.900,6.900,"1,512,093.600",188.90,R$/MWh,0.00,0.00,"285,634,481.07",#REF!,#REF!,"12,660,785.85","12,660,785.85","12,660,785.85",1/1/2025,12/31/2049,Não,"5,227.84",#REF!
,1847,2019,LEN,30ºLEN,Leilão de Energia Nova,004/2019,CONSÓRCIO JANDAÍRA I GERAÇÃO,04.370.282/0001-70,QTDE-2025-20,EOL.CV.RN.032870-7.01,JANDAIRA I,Sem Pendências,RN,Eólica,Cinética do Vento,NE,"64,439,000.00",#REF!,11.000,,,0.000,5.300,0.1,16,16,16,1.600,1.600,1.600,1.600,1.600,"280,512.000",98.00,R$/MWh,0.00,0.00,"27,490,176.00",#REF!,#REF!,0.00,0.00,0.00,1/1/2025,12/31/2044,Não,"5,227.84",#REF!
,1848,2019,LEN,30ºLEN,Leilão de Energia Nova,004/2019,CONSÓRCIO JANDAÍRA II GERAÇÃO,04.370.282/0001-70,QTDE-2025-20,EOL.CV.RN.035008-7.01,JANDAIRA II,Sem Pendências,RN,Eólica,Cinética do Vento,NE,"154,654,000.00",#REF!,26.400,,,0.000,13.500,0.1,41,41,41,4.100,4.100,4.100,4.100,4.100,"718,812.000",98.00,R$/MWh,0.00,0.00,"70,443,576.01",#REF!,#REF!,0.00,0.00,0.00,1/1/2025,12/31/2044,Não,"5,227.84",#REF!
,1849,2019,LEN,30ºLEN,Leilão de Energia Nova,004/2019,CONSÓRCIO JANDAÍRA III GERAÇÃO,04.370.282/0001-70,QTDE-2025-20,EOL.CV.RS.035270-5.01,JANDAIRA III,Sem Pendências,RN,Eólica,Cinética do Vento,NE,"167,542,000.00",#REF!,28.600,,,0.000,14.600,0.1,44,44,44,4.400,4.400,4.400,4.400,4.400,"771,408.000",98.00,R$/MWh,0.00,0.00,"75,597,984.01",#REF!,#REF!,0.00,0.00,0.00,1/1/2025,12/31/2044,Não,"5,227.84",#REF!
,1850,2019,LEN,30ºLEN,Leilão de Energia Nova,004/2019,CONSÓRCIO JANDAÍRA IV GERAÇÃO,10.979.076/0001-64,QTDE-2025-20,EOL.CV.RS.035271-3.01,JANDAIRA IV,Sem Pendências,RN,Eólica,Cinética do Vento,NE,"167,542,000.00",#REF!,28.600,,,0.000,14.200,0.1,43,43,43,4.300,4.300,4.300,4.300,4.300,"753,876.000",98.00,R$/MWh,0.00,0.00,"73,879,848.01",#REF!,#REF!,0.00,0.00,0.00,1/1/2025,12/31/2044,Não,"5,227.84",#REF!
,1851,2019,LEN,30ºLEN,Leilão de Energia Nova,004/2019,JASP,11.205.430/0001-66,QTDH-2025-30,PCH.PH.SC.032571-6.01,JASPE,Sem Pendências,SC,Hidrelétrica (PCH),Rio Sargento,S,"42,476,450.00",#REF!,5.100,,,0.000,2.480,0.1,21,21,21,2.100,2.100,2.100,2.100,2.100,"552,232.800",233.09,R$/MWh,0.00,0.00,"128,719,943.36",#REF!,#REF!,0.00,0.00,0.00,1/1/2025,12/31/2054,Não,"5,227.84",#REF!
,1852,2019,LEN,30ºLEN,Leilão de Energia Nova,004/2019,JESUÍTA ENERGIA,08.918.031/0002-19,QTDH-2025-30,PCH.PH.MT.028818-7.01,JESUÍTA,Sem Pendências,MT,Hidrelétrica (PCH),Rio Jaruena,SE,"185,560,890.00",#REF!,22.246,,,0.000,18.830,0.1,132,132,132,13.200,13.200,13.200,13.200,13.200,"3,471,177.600",234.00,R$/MWh,0.00,0.00,"812,255,558.48",#REF!,#REF!,0.00,0.00,0.00,1/1/2025,12/31/2054,Não,"5,227.84",#REF!
,1853,2019,LEN,30ºLEN,Leilão de Energia Nova,004/2019,IBICARE,14.606.744/0001-69,QTDH-2025-30,PCH.PH.SC.032879-0.01,LINHA RICA,Sem Pendências,SC,Hidrelétrica (PCH),Rio do Peixe,S,"47,644,540.00",#REF!,7.885,,,0.000,3.870,0.1,20,20,20,2.000,2.000,2.000,2.000,2.000,"525,936.000",234.13,R$/MWh,0.00,0.00,"123,137,395.69",#REF!,#REF!,0.00,0.00,0.00,1/1/2025,12/31/2054,Não,"5,227.84",#REF!
,1854,2019,LEN,30ºLEN,Leilão de Energia Nova,004/2019,CONSÓRCIO LUIZ GONZAGA,16.968.044/0001-40,QTDS-2025-20,UFV.RS.PE.045057-0.01,LUIZ GONZAGA II,Sem Pendências,PE,Solar Fotovoltaica,Radiação Solar Global,NE,"121,006,810.00",#REF!,30.000,,,38.808,9.000,0.1,27,27,27,2.700,2.700,2.700,2.700,2.700,"473,364.000",84.40,R$/MWh,0.00,0.00,"39,951,921.60",#REF!,#REF!,0.00,0.00,0.00,1/1/2025,12/31/2044,Não,"5,227.84",#REF!
,1855,2019,LEN,30ºLEN,Leilão de Energia Nova,004/2019,PESQUEIRO,04.019.594/0001-33,QTDH-2025-30,PCH.PH.PR.035006-0.01,MACACOS,Sem Pendências,PR,Hidrelétrica (PCH),Rio Jaguariaíva,S,"70,525,140.00",#REF!,9.900,,,0.000,6.000,0.1,30,30,30,3.000,3.000,3.000,3.000,3.000,"788,904.000",233.63,R$/MWh,0.00,0.00,"184,311,641.54",#REF!,#REF!,0.00,0.00,0.00,1/1/2025,12/31/2054,Não,"5,227.84",#REF!
,1856,2019,LEN,30ºLEN,Leilão de Energia Nova,004/2019,HIDRELETRICA MAROMBAS I,27.141.627/0001-19,QTDH-2025-30,CGH.PH.SC.038153-5.01,MAROMBAS I,Sem Pendências,SC,Hidrelétrica (CGH),Rio Marombas,S,"13,832,000.00",#REF!,3.265,,,0.000,1.630,0.1,13,13,13,1.300,1.300,1.300,1.300,1.300,"341,858.400",233.00,R$/MWh,0.00,0.00,"79,653,007.21",#REF!,#REF!,0.00,0.00,0.00,1/1/2025,12/31/2054,Não,"5,227.84",#REF!
,1857,2019,LEN,30ºLEN,Leilão de Energia Nova,004/2019,HIDRELETRICA MAROMBAS II,27.141.628/0001-63,QTDH-2025-30,CGH.PH.SC.038154-3.01,MAROMBAS II,Sem Pendências,SC,Hidrelétrica (CGH),Rio Marombas,S,"10,404,000.00",#REF!,1.800,,,0.000,0.880,0.1,7,7,7,0.700,0.700,0.700,0.700,0.700,"184,077.600",233.00,R$/MWh,0.00,0.00,"42,890,080.80",#REF!,#REF!,0.00,0.00,0.00,1/1/2025,12/31/2054,Não,"5,227.84",#REF!
,1858,2019,LEN,30ºLEN,Leilão de Energia Nova,004/2019,PARNAÍBA II,14.578.002/0001-77,DIST-2025-25,UTE.GN.MA.030196-5.01,MC2 NOVA VENECIA 2,Atraso,MA,Gás Natural,Gás Natural,N,"404,582,670.00",#REF!,92.254,,,0.000,76.900,0.1,700,700,700,70.000,70.000,70.000,70.000,70.000,"15,340,080.002",188.22,R$/MWh,0.00,0.00,"2,887,309,857.89",#REF!,#REF!,"85,346,713.81","85,346,713.81","85,346,713.81",1/1/2025,12/31/2049,Não,"5,227.84",#REF!
,1859,2019,LEN,30ºLEN,Leilão de Energia Nova,004/2019,BARCARENA,22.980.934/0001-70,DIST-2025-25,UTE.GN.PA.037898-4.01,NOVO TEMPO BARCARENA,Atraso,PA,Gás Natural,Gás Natural,N,"1,502,150,000.00",#REF!,604.520,,,0.000,584.100,0.1,"5,697","5,697","5,697",569.700,569.700,569.700,569.700,569.700,"124,846,336.812",188.95,R$/MWh,0.00,0.00,"23,589,715,340.72",#REF!,#REF!,"711,717,446.52","711,717,446.52","711,717,446.52",1/1/2025,12/31/2049,Não,"5,227.84",#REF!
,1860,2019,LEN,30ºLEN,Leilão de Energia Nova,004/2019,PACIFICO MASCARENHAS,28.030.106/0001-57,QTDH-2025-30,CGH.PH.MG.001928-3.02,PACÍFICO MASCARENHAS,Sem Pendências,MG,Hidrelétrica (CGH),Rio Parauninha,SE,"14,623,450.00",#REF!,2.017,,,0.000,1.420,0.1,14,14,14,1.400,1.400,1.400,1.400,1.400,"368,155.200",233.63,R$/MWh,0.00,0.00,"86,012,099.38",#REF!,#REF!,0.00,0.00,0.00,1/1/2025,12/31/2054,Não,"5,227.84",#REF!
,1861,2019,LEN,30ºLEN,Leilão de Energia Nova,004/2019,IPIRA,26.986.376/0001-00,QTDH-2025-30,PCH.PH.SC.034669-1.01,PIRA,Atraso,SC,Hidrelétrica (PCH),Rio do Peixe,S,"79,658,690.00",#REF!,19.551,,,0.000,9.500,0.1,75,75,75,7.500,7.500,7.500,7.500,7.500,"1,972,260.000",233.50,R$/MWh,0.00,0.00,"460,522,710.05",#REF!,#REF!,0.00,0.00,0.00,1/1/2025,12/31/2054,Não,"5,227.84",#REF!
,1862,2019,LEN,30ºLEN,Leilão de Energia Nova,004/2019,UTE PROSPERIDADE II,23.857.764/0001-01,DIST-2025-25,UTE.GN.BA.037897-6.02,PROSPERIDADE II,Sem Pendências,BA,Gás Natural,Gás Natural,NE,"121,851,000.00",#REF!,37.364,,,0.000,34.900,0.1,334,334,334,33.400,33.400,33.400,33.400,33.400,"7,319,409.601",188.90,R$/MWh,0.00,0.00,"1,382,636,473.58",#REF!,#REF!,"25,326,788.16","25,326,788.16","25,326,788.16",1/1/2025,12/31/2049,Não,"5,227.84",#REF!
,1863,2019,LEN,30ºLEN,Leilão de Energia Nova,004/2019,RODEIO ENERGÉTICA,22.416.656/0001-22,QTDH-2025-30,PCH.PH.SC.035530-5.01,RODEIO,Sem Pendências,SC,Hidrelétrica (PCH),Rio Benedito,S,"51,111,100.00",#REF!,9.750,,,0.000,6.020,0.1,42,42,42,4.200,4.200,4.200,4.200,4.200,"1,104,465.600",233.08,R$/MWh,0.00,0.00,"257,428,842.07",#REF!,#REF!,0.00,0.00,0.00,1/1/2025,12/31/2054,Não,"5,227.84",#REF!
,1864,2019,LEN,30ºLEN,Leilão de Energia Nova,004/2019,SAO BARTOLOMEU GERADORA,26.469.628/0001-24,QTDH-2025-30,PCH.PH.GO.035110-5.01,SALGADO,Atraso,GO,Hidrelétrica (PCH),Rio São Bartolomeu,SE,"140,996,300.00",#REF!,15.798,,,0.000,8.470,0.1,60,60,60,7.000,7.000,7.000,7.000,7.000,"1,840,776.000",232.52,R$/MWh,0.00,0.00,"428,017,235.56",#REF!,#REF!,0.00,0.00,0.00,1/1/2025,12/31/2054,Não,"5,227.84",#REF!
,1865,2019,LEN,30ºLEN,Leilão de Energia Nova,004/2019,ARA ENERGIA,04.610.623/0001-37,QTDH-2025-30,PCH.PH.BA.035105-9.01,SANTA LUZIA,Atraso,BA,Hidrelétrica (PCH),Rio Grande,NE,"114,231,570.00",#REF!,15.500,,,0.000,8.970,0.1,80,80,80,8.000,8.000,8.000,8.000,8.000,"2,103,744.000",234.63,R$/MWh,0.00,0.00,"493,601,454.77",#REF!,#REF!,0.00,0.00,0.00,1/1/2025,12/31/2054,Não,"5,227.84",#REF!
,1866,2019,LEN,30ºLEN,Leilão de Energia Nova,004/2019,SAO BARTOLOMEU GERADORA,26.469.628/0001-24,QTDH-2025-30,PCH.PH.GO.035111-3.01,SÃO BARTOLOMEU,Sem Pendências,GO,Hidrelétrica (PCH),Rio São Bartolomeu,SE,"111,920,760.00",#REF!,12.000,,,0.000,6.520,0.1,60,60,60,6.000,6.000,6.000,6.000,6.000,"1,577,808.000",232.51,R$/MWh,0.00,0.00,"366,856,138.12",#REF!,#REF!,0.00,0.00,0.00,1/1/2025,12/31/2054,Não,"5,227.84",#REF!
,1867,2019,LEN,30ºLEN,Leilão de Energia Nova,004/2019,SAO CARLOS ENERGIA,23.693.151/0001-78,QTDH-2025-30,PCH.PH.SC.033762-5.01,SAO CARLOS,Sem Pendências,SC,Hidrelétrica (PCH),Rio Do Peixe,S,0.00,#REF!,15.200,,,0.000,7.730,0.1,25,25,25,2.500,2.500,2.500,2.500,2.500,"657,420.000",225.02,R$/MWh,0.00,0.00,"147,932,648.41",#REF!,#REF!,0.00,0.00,0.00,1/1/2025,12/31/2054,Não,"5,227.84",#REF!
,1868,2019,LEN,30ºLEN,Leilão de Energia Nova,004/2019,SÃO LUIZ,23.114.510/0001-95,QTDH-2025-30,PCH.PH.ES.035297-7.01,SAO LUIZ,Sem Pendências,ES,Hidrelétrica (PCH),Rio Guandu,SE,0.00,#REF!,10.500,,,0.000,5.710,0.1,14,14,14,1.400,1.400,1.400,1.400,1.400,"368,155.200",220.00,R$/MWh,0.00,0.00,"80,994,144.01",#REF!,#REF!,0.00,0.00,0.00,1/1/2025,12/31/2054,Não,"5,227.84",#REF!
,1869,2019,LEN,30ºLEN,Leilão de Energia Nova,004/2019,SÃO MARTINHO,51.466.860/0001-56,DIST-2025-25,UTE.AI.SP.032371-3.01,SÃO MARTINHO BIOENERGIA,Sem Pendências,SP,Biomassa,Bagaço de Cana de Açúcar,SE,"320,474,000.00",#REF!,40.000,,,0.000,23.800,0.1,202,202,202,20.200,20.200,20.200,20.200,20.200,"4,426,708.800",186.52,R$/MWh,0.00,0.00,"825,669,725.46",#REF!,#REF!,"36,451,664.65","36,451,664.65","36,451,664.65",1/1/2025,12/31/2049,Não,"5,227.84",#REF!
,1870,2019,LEN,30ºLEN,Leilão de Energia Nova,004/2019,SÃO ROQUE ENERGÉTICA,15.116.321/0001-23,QTDH-2025-30,UHE.PH.SC.030938-9.01,UHE SÃO ROQUE,Sem Pendências,SC,Hidrelétrica (UHE),Rio Canoas,S,0.00,#REF!,141.900,,,0.000,91.300,0.1,600,600,600,60.000,60.000,60.000,60.000,60.000,"15,778,080.002",157.08,R$/MWh,0.00,0.00,"2,478,420,806.65",#REF!,#REF!,0.00,0.00,0.00,1/1/2025,12/31/2054,Não,"5,227.84",#REF!
,1871,2019,LEN,30ºLEN,Leilão de Energia Nova,004/2019,STATKRAFT,00.622.416/0001-41,QTDE-2025-20,EOL.CV.BA.044878-8.01,SERRA DA MANGABEIRA,Sem Pendências,BA,Eólica,Cinética do Vento,NE,"302,400,000.00",#REF!,75.600,,,0.000,40.200,0.1,121,121,121,12.100,12.100,12.100,12.100,12.100,"2,121,372.000",99.88,R$/MWh,0.00,0.00,"211,882,635.38",#REF!,#REF!,0.00,0.00,0.00,1/1/2025,12/31/2044,Não,"5,227.84",#REF!
,1872,2019,LEN,30ºLEN,Leilão de Energia Nova,004/2019,VOLTALIA,08.351.042/0001-89,QTDS-2025-20,UFV.RS.RN.037811-9.01,SERRA DO MEL I,Sem Pendências,RN,Solar Fotovoltaica,Radiação Solar Global,NE,"223,574,150.00",#REF!,60.000,,,82.485,20.900,0.1,63,63,63,6.300,6.300,6.300,6.300,6.300,"1,104,516.000",84.90,R$/MWh,0.00,0.00,"93,773,408.41",#REF!,#REF!,0.00,0.00,0.00,1/1/2025,12/31/2044,Não,"5,227.84",#REF!
,1873,2019,LEN,30ºLEN,Leilão de Energia Nova,004/2019,VOLTALIA,08.351.042/0001-89,QTDS-2025-20,UFV.RS.RN.037812-7.01,SERRA DO MEL II,Sem Pendências,RN,Solar Fotovoltaica,Radiação Solar Global,NE,"74,524,720.00",#REF!,20.000,,,27.495,7.000,0.1,63,63,63,2.100,2.100,2.100,2.100,2.100,"368,172.000",84.00,R$/MWh,0.00,0.00,"30,926,448.00",#REF!,#REF!,0.00,0.00,0.00,1/1/2025,12/31/2044,Não,"5,227.84",#REF!
,1874,2019,LEN,30ºLEN,Leilão de Energia Nova,004/2019,CONSÓRCIO SERRA DO SERIDÓ,21.812.954/0001-79,QTDE-2025-20,EOL.CV.PB.035225-0.01,SERRA DO SERIDÓ II,Sem Pendências,PB,Eólica,Cinética do Vento,NE,"70,868,000.00",#REF!,17.325,,,0.000,7.600,0.1,24,24,24,2.400,2.400,2.400,2.400,2.400,"420,768.000",99.68,R$/MWh,0.00,0.00,"41,942,154.24",#REF!,#REF!,0.00,0.00,0.00,1/1/2025,12/31/2044,Não,"5,227.84",#REF!
,1875,2019,LEN,30ºLEN,Leilão de Energia Nova,004/2019,CONSÓRCIO SERRA DO SERIDÓ,21.812.954/0001-79,QTDE-2025-20,EOL.CV.PB.035226-8.01,SERRA DO SERIDÓ III,Sem Pendências,PB,Eólica,Cinética do Vento,NE,"183,754,400.00",#REF!,45.045,,,0.000,20.900,0.1,24,24,24,6.500,6.500,6.500,6.500,6.500,"1,139,580.000",99.68,R$/MWh,0.00,0.00,"113,593,334.41",#REF!,#REF!,0.00,0.00,0.00,1/1/2025,12/31/2044,Não,"5,227.84",#REF!
,1876,2019,LEN,30ºLEN,Leilão de Energia Nova,004/2019,CONSÓRCIO SERRA DO SERIDÓ,21.812.954/0001-79,QTDE-2025-20,EOL.CV.PB.035227-6.01,SERRA DO SERIDÓ IV,Sem Pendências,PB,Eólica,Cinética do Vento,NE,"142,733,000.00",#REF!,34.650,,,0.000,16.300,0.1,24,24,24,4.900,4.900,4.900,4.900,4.900,"859,068.000",99.68,R$/MWh,0.00,0.00,"85,631,898.25",#REF!,#REF!,0.00,0.00,0.00,1/1/2025,12/31/2044,Não,"5,227.84",#REF!
,1877,2019,LEN,30ºLEN,Leilão de Energia Nova,004/2019,CONSÓRCIO SERRA DO SERIDÓ,21.812.954/0001-79,QTDE-2025-20,EOL.CV.PB.040613-9.01,SERRA DO SERIDÓ IX,Sem Pendências,PB,Eólica,Cinética do Vento,NE,"183,754,400.00",#REF!,45.045,,,0.000,21.700,0.1,24,24,24,6.600,6.600,6.600,6.600,6.600,"1,157,112.000",99.68,R$/MWh,0.00,0.00,"115,340,924.17",#REF!,#REF!,0.00,0.00,0.00,1/1/2025,12/31/2044,Não,"5,227.84",#REF!
,1878,2019,LEN,30ºLEN,Leilão de Energia Nova,004/2019,CONSÓRCIO SERRA DO SERIDÓ,21.812.954/0001-79,QTDE-2025-20,EOL.CV.PB.038304-0.01,SERRA DO SERIDÓ VI,Sem Pendências,PB,Eólica,Cinética do Vento,NE,"99,714,000.00",#REF!,24.255,,,0.000,10.700,0.1,24,24,24,3.300,3.300,3.300,3.300,3.300,"578,556.000",99.68,R$/MWh,0.00,0.00,"57,670,462.09",#REF!,#REF!,0.00,0.00,0.00,1/1/2025,12/31/2044,Não,"5,227.84",#REF!
,1879,2019,LEN,30ºLEN,Leilão de Energia Nova,004/2019,CONSÓRCIO SERRA DO SERIDÓ,21.812.954/0001-79,QTDE-2025-20,EOL.CV.PB.038305-8.01,SERRA DO SERIDÓ VII,Sem Pendências,PB,Eólica,Cinética do Vento,NE,"197,427,000.00",#REF!,48.510,,,0.000,19.700,0.1,24,24,24,6.000,6.000,6.000,6.000,6.000,"1,051,920.000",99.68,R$/MWh,0.00,0.00,"104,855,385.61",#REF!,#REF!,0.00,0.00,0.00,1/1/2025,12/31/2044,Não,"5,227.84",#REF!
,1880,2019,LEN,30ºLEN,Leilão de Energia Nova,004/2019,MANTIQUEIRA,20.854.070/0001-14,QTDH-2025-30,CGH.PH.MG.040663-5.01,SERRA NEGRA,Sem Pendências,MG,Hidrelétrica (CGH),Rio Ribeirão da Conceição ,SE,"17,124,420.00",#REF!,3.000,,,0.000,1.820,0.1,18,18,18,1.800,1.800,1.800,1.800,1.800,"473,342.400",228.00,R$/MWh,0.00,0.00,"107,922,067.21",#REF!,#REF!,0.00,0.00,0.00,1/1/2025,12/31/2054,Não,"5,227.84",#REF!
,1881,2019,LEN,30ºLEN,Leilão de Energia Nova,004/2019,TIBAGI ENERGIA,23.080.281/0001-35,QTDH-2025-30,UHE.PH.PR.032923-1.01,TIBAGI MONTANTE,Sem Pendências,PR,Hidrelétrica (UHE),Rio Tibagi,S,0.00,#REF!,36.000,,,0.000,21.000,0.1,12,12,12,1.200,1.200,1.200,1.200,1.200,"315,561.600",157.08,R$/MWh,0.00,0.00,"49,568,416.13",#REF!,#REF!,0.00,0.00,0.00,1/1/2025,12/31/2054,Não,"5,227.84",#REF!
,1882,2019,LEN,30ºLEN,Leilão de Energia Nova,004/2019,BIO UNIVALEM,18.753.150/0001-31,DIST-2025-25,UTE.AI.SP.030264-3.01,BIOENERGIA UNIVALEM,Sem Pendências,SP,Biomassa,Bagaço de Cana de Açúcar,SE,"157,330,990.00",#REF!,35.000,,,0.000,14.200,0.1,132,132,132,13.200,13.200,13.200,13.200,13.200,"2,892,700.800",188.95,R$/MWh,0.00,0.00,"546,575,816.21",#REF!,#REF!,"26,598,027.09","26,598,027.09","26,598,027.09",1/1/2025,12/31/2049,Não,"5,227.84",#REF!
,1883,2019,LEN,30ºLEN,Leilão de Energia Nova,004/2019,CONSÓRCIO SANTA EUGÊNIA,00.622.416/0001-41,QTDE-2025-20,EOL.CV.BA.038077-6.01,VENTOS DE SANTA EUGENIA 01,Sem Pendências,BA,Eólica,Cinética do Vento,NE,"120,000,000.00",#REF!,30.000,,,0.000,13.300,0.1,58,58,58,5.800,5.800,5.800,5.800,5.800,"1,016,856.000",96.99,R$/MWh,0.00,0.00,"98,624,863.45",#REF!,#REF!,0.00,0.00,0.00,1/1/2025,12/31/2044,Não,"5,227.84",#REF!
,1884,2019,LEN,30ºLEN,Leilão de Energia Nova,004/2019,CONSÓRCIO SANTA EUGÊNIA,00.622.416/0001-41,QTDE-2025-20,EOL.CV.BA.038078-4.01,VENTOS DE SANTA EUGENIA 02,Sem Pendências,BA,Eólica,Cinética do Vento,NE,"120,000,000.00",#REF!,30.000,,,0.000,12.100,0.1,58,58,58,3.700,3.700,3.700,3.700,3.700,"648,684.000",96.98,R$/MWh,0.00,0.00,"62,909,374.33",#REF!,#REF!,0.00,0.00,0.00,1/1/2025,12/31/2044,Não,"5,227.84",#REF!
,1885,2019,LEN,30ºLEN,Leilão de Energia Nova,004/2019,CONSÓRCIO SANTA EUGÊNIA,00.622.416/0001-41,QTDE-2025-20,EOL.CV.BA.038079-2.01,VENTOS DE SANTA EUGENIA 03,Sem Pendências,BA,Eólica,Cinética do Vento,NE,"120,000,000.00",#REF!,30.000,,,0.000,14.200,0.1,58,58,58,5.600,5.600,5.600,5.600,5.600,"981,792.000",97.00,R$/MWh,0.00,0.00,"95,233,824.01",#REF!,#REF!,0.00,0.00,0.00,1/1/2025,12/31/2044,Não,"5,227.84",#REF!
,1886,2019,LEN,30ºLEN,Leilão de Energia Nova,004/2019,CONSÓRCIO SANTA EUGÊNIA,00.622.416/0001-41,QTDE-2025-20,EOL.CV.BA.038081-4.01,VENTOS DE SANTA EUGENIA 05,Sem Pendências,BA,Eólica,Cinética do Vento,NE,"120,000,000.00",#REF!,30.000,,,0.000,14.800,0.1,58,58,58,4.700,4.700,4.700,4.700,4.700,"824,004.000",96.97,R$/MWh,0.00,0.00,"79,903,667.89",#REF!,#REF!,0.00,0.00,0.00,1/1/2025,12/31/2044,Não,"5,227.84",#REF!
,1887,2019,LEN,30ºLEN,Leilão de Energia Nova,004/2019,CONSÓRCIO SANTA EUGÊNIA,00.622.416/0001-41,QTDE-2025-20,EOL.CV.BA.038082-2.01,VENTOS DE SANTA EUGENIA 06,Sem Pendências,BA,Eólica,Cinética do Vento,NE,"120,000,000.00",#REF!,30.000,,,0.000,13.200,0.1,58,58,58,12.600,12.600,12.600,12.600,12.600,"2,209,032.000",99.88,R$/MWh,0.00,0.00,"220,638,116.18",#REF!,#REF!,0.00,0.00,0.00,1/1/2025,12/31/2044,Não,"5,227.84",#REF!
,1888,2019,LEN,30ºLEN,Leilão de Energia Nova,004/2019,CONSÓRCIO SANTA EUGÊNIA,00.622.416/0001-41,QTDE-2025-20,EOL.CV.BA.038083-0.01,VENTOS DE SANTA EUGENIA 07,Sem Pendências,BA,Eólica,Cinética do Vento,NE,"120,000,000.00",#REF!,30.000,,,0.000,13.900,0.1,58,58,58,4.200,4.200,4.200,4.200,4.200,"736,344.000",96.98,R$/MWh,0.00,0.00,"71,410,641.13",#REF!,#REF!,0.00,0.00,0.00,1/1/2025,12/31/2044,Não,"5,227.84",#REF!
,1889,2019,LEN,30ºLEN,Leilão de Energia Nova,004/2019,CONSÓRCIO SANTA EUGÊNIA,00.622.416/0001-41,QTDE-2025-20,EOL.CV.BA.038084-9.01,VENTOS DE SANTA EUGENIA 08,Sem Pendências,BA,Eólica,Cinética do Vento,NE,"120,000,000.00",#REF!,30.000,,,0.000,13.200,0.1,58,58,58,4.700,4.700,4.700,4.700,4.700,"824,004.000",96.97,R$/MWh,0.00,0.00,"79,903,667.89",#REF!,#REF!,0.00,0.00,0.00,1/1/2025,12/31/2044,Não,"5,227.84",#REF!
,1890,2019,LEN,30ºLEN,Leilão de Energia Nova,004/2019,CONSÓRCIO SANTA EUGÊNIA,00.622.416/0001-41,QTDE-2025-20,EOL.CV.BA.038085-7.01,VENTOS DE SANTA EUGENIA 09,Sem Pendências,BA,Eólica,Cinética do Vento,NE,"120,000,000.00",#REF!,30.000,,,0.000,14.300,0.1,58,58,58,14.300,14.300,14.300,14.300,14.300,"2,507,076.000",99.88,R$/MWh,0.00,0.00,"250,406,750.91",#REF!,#REF!,0.00,0.00,0.00,1/1/2025,12/31/2044,Não,"5,227.84",#REF!
,1891,2019,LEN,30ºLEN,Leilão de Energia Nova,004/2019,CONSÓRCIO SANTA EUGÊNIA,00.622.416/0001-41,QTDE-2025-20,EOL.CV.BA.038088-1.01,VENTOS DE SANTA EUGENIA 12,Sem Pendências,BA,Eólica,Cinética do Vento,NE,"120,000,000.00",#REF!,30.000,,,0.000,13.800,0.1,58,58,58,5.600,5.600,5.600,5.600,5.600,"981,792.000",97.00,R$/MWh,0.00,0.00,"95,233,824.01",#REF!,#REF!,0.00,0.00,0.00,1/1/2025,12/31/2044,Não,"5,227.84",#REF!
,1892,2019,LEN,30ºLEN,Leilão de Energia Nova,004/2019,CONSÓRCIO SANTA EUGÊNIA,00.622.416/0001-41,QTDE-2025-20,EOL.CV.BA.038089-0.01,VENTOS DE SANTA EUGENIA 13,Sem Pendências,BA,Eólica,Cinética do Vento,NE,"120,000,000.00",#REF!,30.000,,,0.000,14.100,0.1,58,58,58,14.100,14.100,14.100,14.100,14.100,"2,472,012.000",99.88,R$/MWh,0.00,0.00,"246,904,558.58",#REF!,#REF!,0.00,0.00,0.00,1/1/2025,12/31/2044,Não,"5,227.84",#REF!
,1893,2019,LEN,30ºLEN,Leilão de Energia Nova,004/2019,VENTOS DE SANTA LÉIA,17.875.381/0001-55,QTDE-2025-20,EOL.CV.RN.032593-7.01,VENTOS DE SANTA LEIA 01,Sem Pendências,RN,Eólica,Cinética do Vento,NE,"33,600,000.00",#REF!,8.400,,,0.000,5.000,0.1,15,15,15,1.500,1.500,1.500,1.500,1.500,"262,980.000",98.99,R$/MWh,0.00,0.00,"26,032,390.20",#REF!,#REF!,0.00,0.00,0.00,1/1/2025,12/31/2044,Não,"5,227.84",#REF!
,1894,2019,LEN,30ºLEN,Leilão de Energia Nova,004/2019,VENTOS DE SANTA LÉIA,17.875.381/0001-55,QTDE-2025-20,EOL.CV.RN.033681-5.01,VENTOS DE SANTA LEIA 02,Sem Pendências,RN,Eólica,Cinética do Vento,NE,"33,600,000.00",#REF!,8.400,,,0.000,4.900,0.1,15,15,15,1.500,1.500,1.500,1.500,1.500,"262,980.000",98.98,R$/MWh,0.00,0.00,"26,029,760.40",#REF!,#REF!,0.00,0.00,0.00,1/1/2025,12/31/2044,Não,"5,227.84",#REF!
,1895,2019,LEN,30ºLEN,Leilão de Energia Nova,004/2019,VENTOS DE SANTA LÉIA,17.875.381/0001-55,QTDE-2025-20,EOL.CV.RN.034937-2.01,VENTOS DE SANTA LEIA 03,Sem Pendências,RN,Eólica,Cinética do Vento,NE,"33,600,000.00",#REF!,8.400,,,0.000,4.900,0.1,15,15,15,1.500,1.500,1.500,1.500,1.500,"262,980.000",98.97,R$/MWh,0.00,0.00,"26,027,130.60",#REF!,#REF!,0.00,0.00,0.00,1/1/2025,12/31/2044,Não,"5,227.84",#REF!
,1896,2019,LEN,30ºLEN,Leilão de Energia Nova,004/2019,VENTOS DE SANTA LÉIA,17.875.381/0001-55,QTDE-2025-20,EOL.CV.RN.033690-4.01,VENTOS DE SANTA LEIA 04,Sem Pendências,RN,Eólica,Cinética do Vento,NE,"33,600,000.00",#REF!,8.400,,,0.000,5.200,0.1,15,15,15,1.600,1.600,1.600,1.600,1.600,"280,512.000",99.00,R$/MWh,0.00,0.00,"27,770,688.00",#REF!,#REF!,0.00,0.00,0.00,1/1/2025,12/31/2044,Não,"5,227.84",#REF!
,1897,2019,LEN,30ºLEN,Leilão de Energia Nova,004/2019,VENTOS DE SANTA LÉIA,17.875.381/0001-55,QTDE-2025-20,EOL.CV.RN.033691-2.01,VENTOS DE SANTA LEIA 05,Sem Pendências,RN,Eólica,Cinética do Vento,NE,"33,600,000.00",#REF!,8.400,,,0.000,5.000,0.1,15,15,15,1.500,1.500,1.500,1.500,1.500,"262,980.000",98.98,R$/MWh,0.00,0.00,"26,029,760.40",#REF!,#REF!,0.00,0.00,0.00,1/1/2025,12/31/2044,Não,"5,227.84",#REF!
,1898,2019,LEN,30ºLEN,Leilão de Energia Nova,004/2019,VENTOS DE SANTA LÉIA,17.875.381/0001-55,QTDE-2025-20,EOL.CV.RN.045010-3.01,VENTOS DE SANTA LEIA 12,Sem Pendências,RN,Eólica,Cinética do Vento,NE,"33,600,000.00",#REF!,8.400,,,0.000,4.900,0.1,15,15,15,1.500,1.500,1.500,1.500,1.500,"262,980.000",99.00,R$/MWh,0.00,0.00,"26,035,020.00",#REF!,#REF!,0.00,0.00,0.00,1/1/2025,12/31/2044,Não,"5,227.84",#REF!
,1899,2019,LEN,30ºLEN,Leilão de Energia Nova,004/2019,VENTOS DE SANTA LÉIA,17.875.381/0001-55,QTDE-2025-20,EOL.CV.RN.045011-1.01,VENTOS DE SANTA LEIA 13,Sem Pendências,RN,Eólica,Cinética do Vento,NE,"33,600,000.00",#REF!,8.400,,,0.000,4.800,0.1,15,15,15,1.500,1.500,1.500,1.500,1.500,"262,980.000",98.98,R$/MWh,0.00,0.00,"26,029,760.40",#REF!,#REF!,0.00,0.00,0.00,1/1/2025,12/31/2044,Não,"5,227.84",#REF!
,1900,2019,LEN,30ºLEN,Leilão de Energia Nova,004/2019,VENTOS DE SANTA LÉIA,17.875.381/0001-55,QTDE-2025-20,EOL.CV.RN.045012-0.01,VENTOS DE SANTA LEIA 14,Sem Pendências,RN,Eólica,Cinética do Vento,NE,"33,600,000.00",#REF!,8.400,,,0.000,4.800,0.1,15,15,15,1.500,1.500,1.500,1.500,1.500,"262,980.000",98.97,R$/MWh,0.00,0.00,"26,027,130.60",#REF!,#REF!,0.00,0.00,0.00,1/1/2025,12/31/2044,Não,"5,227.84",#REF!
,1901,2019,LEN,30ºLEN,Leilão de Energia Nova,004/2019,VENTOS DE SÃO JANUÁRIO,13.312.571/0001-03,QTDE-2025-20,EOL.CV.BA.032642-9.01,VENTOS DE SÃO JANUÁRIO 15,Sem Pendências,BA,Eólica,Cinética do Vento,NE,"33,600,000.00",#REF!,8.400,,,0.000,4.000,0.1,12,12,12,1.200,1.200,1.200,1.200,1.200,"210,384.000",98.98,R$/MWh,0.00,0.00,"20,823,808.32",#REF!,#REF!,0.00,0.00,0.00,1/1/2025,12/31/2044,Não,"5,227.84",#REF!
,1902,2019,LEN,30ºLEN,Leilão de Energia Nova,004/2019,VENTOS DE SÃO JANUÁRIO,13.312.571/0001-03,QTDE-2025-20,EOL.CV.BA.033547-9.01,VENTOS DE SÃO JANUÁRIO 16,Sem Pendências,BA,Eólica,Cinética do Vento,NE,"33,600,000.00",#REF!,8.400,,,0.000,4.000,0.1,12,12,12,1.200,1.200,1.200,1.200,1.200,"210,384.000",98.98,R$/MWh,0.00,0.00,"20,823,808.32",#REF!,#REF!,0.00,0.00,0.00,1/1/2025,12/31/2044,Não,"5,227.84",#REF!
,1903,2019,LEN,30ºLEN,Leilão de Energia Nova,004/2019,VENTOS DE SÃO JANUÁRIO,13.312.571/0001-03,QTDE-2025-20,EOL.CV.BA.033548-7.01,VENTOS DE SÃO JANUÁRIO 17,Sem Pendências,BA,Eólica,Cinética do Vento,NE,"33,600,000.00",#REF!,8.400,,,0.000,4.100,0.1,12,12,12,1.300,1.300,1.300,1.300,1.300,"227,916.000",98.99,R$/MWh,0.00,0.00,"22,561,404.84",#REF!,#REF!,0.00,0.00,0.00,1/1/2025,12/31/2044,Não,"5,227.84",#REF!
,1904,2019,LEN,30ºLEN,Leilão de Energia Nova,004/2019,VENTOS DE SÃO JANUÁRIO,13.312.571/0001-03,QTDE-2025-20,EOL.CV.BA.033549-5.01,VENTOS DE SÃO JANUÁRIO 18,Sem Pendências,BA,Eólica,Cinética do Vento,NE,"33,600,000.00",#REF!,8.400,,,0.000,4.000,0.1,12,12,12,1.200,1.200,1.200,1.200,1.200,"210,384.000",99.00,R$/MWh,0.00,0.00,"20,828,016.00",#REF!,#REF!,0.00,0.00,0.00,1/1/2025,12/31/2044,Não,"5,227.84",#REF!
,1905,2019,LEN,30ºLEN,Leilão de Energia Nova,004/2019,VENTOS DE SÃO JANUÁRIO,13.312.571/0001-03,QTDE-2025-20,EOL.CV.BA.037101-7.01,VENTOS DE SÃO JANUÁRIO 19,Sem Pendências,BA,Eólica,Cinética do Vento,NE,"33,600,000.00",#REF!,8.400,,,0.000,4.000,0.1,12,12,12,1.200,1.200,1.200,1.200,1.200,"210,384.000",98.99,R$/MWh,0.00,0.00,"20,825,912.16",#REF!,#REF!,0.00,0.00,0.00,1/1/2025,12/31/2044,Não,"5,227.84",#REF!
,1906,2019,LEN,30ºLEN,Leilão de Energia Nova,004/2019,VERDE 2,12.434.432/0001-90,QTDH-2025-30,PCH.PH.GO.031768-3.01,VERDE 02 BAIXO,Sem Pendências,GO,Hidrelétrica (PCH),Rio Verde,SE,"172,938,230.00",#REF!,22.500,,,0.000,12.860,0.1,110,110,110,11.000,11.000,11.000,11.000,11.000,"2,892,648.000",234.20,R$/MWh,0.00,0.00,"677,458,161.67",#REF!,#REF!,0.00,0.00,0.00,1/1/2025,12/31/2054,Não,"5,227.84",#REF!
,1907,2018,LEN,27ºLEN,Leilão de Energia Nova,001/2018,SOLAR SERTÃO V,02.346.527/0001-06,DISS-20-2022,UFV.RS.BA.033474-0.01,SERTAO SOLAR BARREIRAS V,Outorga Revogada,BA,Solar Fotovoltaica,Radiação Solar Global,NE,"133,088,220.00",#REF!,28.000,,,36.288,9.100,0.1,89,89,89,8.900,8.900,8.900,8.900,8.900,"1,560,348.000",118.50,R$/MWh,0.00,0.00,"184,901,238.00",#REF!,#REF!,"9,238,734.00","9,238,734.00","9,238,734.00",1/1/2022,12/31/2041,Não,"4,950.95",#REF!
,1908,2019,LEE,21ºLEE,Leilão de Energia Existente,005/2019,STIMA ENERGIA,25.099.255/0001-84,QTD-2020-2A,-,-,Sem Pendências,-,-,-,N,,#REF!,0.000,,,0.000,0.000,0.1,290,290,290,29.000,29.000,0.000,0.000,29.000,"508,776.000",158.37,R$/MWh,0.00,0.00,"80,574,855.12",#REF!,#REF!,0.00,0.00,0.00,1/1/2020,12/31/2021,Não,"5,259.76",#REF!
,1909,2019,LEE,22ºLEE,Leilão de Energia Existente,006/2019,PARNAÍBA I,11.744.699/0001-10,DIS-2021-2A,UTE.GN.MA.030202-3.01,MARANHÃO IV (EX-MC2 JOINVILLE),Sem Pendências,MA,Gás Natural,Gás Natural Liquefeito - GNL,N,0.00,#REF!,337.600,,,0.000,302.600,0.1,10,10,10,1.000,1.000,0.000,0.000,1.000,"17,520.000",184.26,R$/MWh,0.00,0.00,"3,228,235.20",#REF!,#REF!,"992,590.99","992,590.99","992,590.99",1/1/2021,12/31/2022,Não,"5,259.76",#REF!
,1910,2019,LEE,22ºLEE,Leilão de Energia Existente,006/2019,PARNAÍBA I,11.744.699/0001-10,DIS-2021-2A,UTE.GN.MA.030203-1.01,MARANHÃO V (EX-MC2 JOÃO NEIVA),Sem Pendências,MA,Gás Natural,Gás Natural Liquefeito - GNL,N,0.00,#REF!,337.600,,,0.000,306.900,0.1,10,10,10,1.000,1.000,0.000,0.000,1.000,"17,520.000",184.26,R$/MWh,0.00,0.00,"3,228,235.20",#REF!,#REF!,"992,592.38","992,592.38","992,592.38",1/1/2021,12/31/2022,Não,"5,259.76",#REF!
,1911,2019,LEE,22ºLEE,Leilão de Energia Existente,006/2019,PARNAÍBA II,14.578.002/0001-77,DIS-2021-2A,UTE.GN.MA.030196-5.01,MC2 NOVA VENECIA 2,Sem Pendências,MA,Gás Natural,Gás Natural,N,0.00,#REF!,178.213,,,0.000,132.200,0.1,200,200,200,20.000,20.000,0.000,0.000,20.000,"350,400.000",182.42,R$/MWh,0.00,0.00,"63,919,968.00",#REF!,#REF!,"18,361,729.07","18,361,729.07","18,361,729.07",1/1/2021,12/31/2022,Não,"5,259.76",#REF!
,1912,2019,LEE,22ºLEE,Leilão de Energia Existente,006/2019,PETROBRAS PIE,33.000.167/0001-01,DIS-2021-2A,UTE.GN.MG.001096-0.01,AURELIANO CHAVES,Sem Pendências,MG,Gás Natural,Gás Natural,SE,0.00,#REF!,226.000,,,0.000,136.600,0.1,710,710,710,71.000,71.000,0.000,0.000,71.000,"1,243,920.000",184.26,R$/MWh,0.00,0.00,"229,204,699.20",#REF!,#REF!,"63,039,931.68","63,039,931.68","63,039,931.68",1/1/2021,12/31/2022,Não,"5,259.76",#REF!
,1913,2019,LEE,22ºLEE,Leilão de Energia Existente,006/2019,ARGON,21.642.355/0001-54,QTD-2021-2A,-,-,Sem Pendências,-,-,-,N,0.00,#REF!,0.000,,,0.000,0.000,0.1,200,200,200,20.000,20.000,0.000,0.000,20.000,"350,400.000",165.64,R$/MWh,0.00,0.00,"58,040,256.00",#REF!,#REF!,0.00,0.00,0.00,1/1/2021,12/31/2022,Não,"5,259.76",#REF!
,1914,2019,LEE,22ºLEE,Leilão de Energia Existente,006/2019,BIO ENERGIAS,10.216.578/0001-33,QTD-2021-2A,-,-,Sem Pendências,-,-,-,N,0.00,#REF!,0.000,,,0.000,0.000,0.1,100,100,100,10.000,10.000,0.000,0.000,10.000,"175,200.000",165.64,R$/MWh,0.00,0.00,"29,020,128.00",#REF!,#REF!,0.00,0.00,0.00,1/1/2021,12/31/2022,Não,"5,259.76",#REF!
,1915,2019,LEE,22ºLEE,Leilão de Energia Existente,006/2019,BRASIL COMERCIALIZADORA,13.145.928/0001-06,QTD-2021-2A,-,-,Sem Pendências,-,-,-,N,0.00,#REF!,0.000,,,0.000,0.000,0.1,200,200,200,20.000,20.000,0.000,0.000,20.000,"350,400.000",165.64,R$/MWh,0.00,0.00,"58,040,256.00",#REF!,#REF!,0.00,0.00,0.00,1/1/2021,12/31/2022,Não,"5,259.76",#REF!
,1916,2019,LEE,22ºLEE,Leilão de Energia Existente,006/2019,ELETRONORTE,00.357.038/0001-16,QTD-2021-2A,-,-,Sem Pendências,-,-,-,N,0.00,#REF!,0.000,,,0.000,0.000,0.1,60,60,60,6.000,6.000,0.000,0.000,6.000,"105,120.000",167.31,R$/MWh,0.00,0.00,"17,587,627.20",#REF!,#REF!,0.00,0.00,0.00,1/1/2021,12/31/2022,Não,"5,259.76",#REF!
,1917,2019,LEE,22ºLEE,Leilão de Energia Existente,006/2019,STATKRAFT,08.573.833/0001-53,QTD-2021-2A,-,-,Sem Pendências,-,-,-,N,0.00,#REF!,0.000,,,0.000,0.000,0.1,100,100,100,10.000,10.000,0.000,0.000,10.000,"175,200.000",165.64,R$/MWh,0.00,0.00,"29,020,128.00",#REF!,#REF!,0.00,0.00,0.00,1/1/2021,12/31/2022,Não,"5,259.76",#REF!
,1918,2019,LEE,22ºLEE,Leilão de Energia Existente,006/2019,STATKRAFT,08.573.833/0001-53,QTD-2021-2A,-,-,Sem Pendências,-,-,-,NE,0.00,#REF!,0.000,,,0.000,0.000,0.1,100,100,100,10.000,10.000,0.000,0.000,10.000,"175,200.000",165.64,R$/MWh,0.00,0.00,"29,020,128.00",#REF!,#REF!,0.00,0.00,0.00,1/1/2021,12/31/2022,Não,"5,259.76",#REF!
,1919,2019,LEE,22ºLEE,Leilão de Energia Existente,006/2019,STIMA ENERGIA,25.099.255/0001-84,QTD-2021-2A,-,-,Sem Pendências,-,-,-,N,0.00,#REF!,0.000,,,0.000,0.000,0.1,100,100,100,10.000,10.000,0.000,0.000,10.000,"175,200.000",165.64,R$/MWh,0.00,0.00,"29,020,128.00",#REF!,#REF!,0.00,0.00,0.00,1/1/2021,12/31/2022,Não,"5,259.76",#REF!
,1920,2019,LEE,22ºLEE,Leilão de Energia Existente,006/2019,TRADENER,02.691.745/0001-70,QTD-2021-2A,-,-,Sem Pendências,-,-,-,N,0.00,#REF!,0.000,,,0.000,0.000,0.1,"1,000","1,000","1,000",100.000,100.000,0.000,0.000,100.000,"1,752,000.000",165.00,R$/MWh,0.00,0.00,"289,080,000.00",#REF!,#REF!,0.00,0.00,0.00,1/1/2021,12/31/2022,Não,"5,259.76",#REF!
,1921,2020,LEE,25ºLEE,Leilão de Energia Existente,006/2020,ELETRON,15.087.610/0001-41,QTD202102,-,-,Sem Pendências,-,-,-,NE,0.00,#REF!,0.000,,,0.000,0.000,0.1,50,50,50,5.000,5.000,0.000,0.000,5.000,"87,600.000",142.00,R$/MWh,0.00,0.00,"12,439,200.00",#REF!,#REF!,0.00,0.00,0.00,1/1/2021,12/31/2022,Não,"5,486.52",#REF!
,1922,2021,LEE,23ºLEE,Leilão de Energia Existente,004/2021,PETROBRAS PIE,33.000.167/0001-01,DISP2025-15,UTE.GN.SP.028014-3.01,CUBATÃO,Sem Pendências,SP,Gás Natural,Gás Natural,SE,0.00,#REF!,249.900,,,0.000,163.300,0.1,983,983,983,98.300,98.300,98.300,98.300,98.300,"12,923,697.600",151.15,R$/MWh,0.00,0.00,"1,953,416,892.24",#REF!,#REF!,"33,701,150.10","33,701,150.10","33,701,150.10",1/1/2025,12/31/2039,Não,"5,739.56",#REF!
,1923,2021,LEE,24ºLEE,Leilão de Energia Existente,005/2021,PETROBRAS PIE,33.000.167/0001-01, DISP2026-15,UTE.GN.SP.028014-3.01,CUBATÃO,Sem Pendências,SP,Gás Natural,Gás Natural,SE,0.00,#REF!,249.900,,,0.000,162.500,0.1,642,642,642,64.200,64.200,64.200,64.200,64.200,"8,442,043.200",172.39,R$/MWh,0.00,0.00,"1,455,323,827.25",#REF!,#REF!,"34,146,363.51","34,146,363.51","34,146,363.51",1/1/2026,12/31/2040,Não,"5,739.56",#REF!
,1924,2021,LEN,33ºLEN,Leilão de Energia Nova,006/2021,COPREL,08.323.274/0001-23,QTDH2024-30,PCH.PH.RS.037469-5.01,Tio Hugo,Sem Pendências,RS,Hidrelétrica (PCH),Rio Jacuí,S,"71,033,490.00",#REF!,9.273,,,0.000,4.560,0.1,36,36,36,3.600,3.600,3.600,3.600,3.600,"946,771.200",218.00,R$/MWh,0.00,0.00,"206,396,121.60",#REF!,#REF!,0.00,0.00,0.00,1/1/2024,12/31/2053,Não,"5,769.98",#REF!
,1925,2021,LEN,33ºLEN,Leilão de Energia Nova,006/2021,RINCAO S MIGUEL A4,08.147.432/0001-31,QTDH2024-30,PCH.PH.RS.031029-8.01,RINCÃO SÃO MIGUEL,Sem Pendências,RS,Hidrelétrica (PCH),Rio Toropi,S,"75,648,500.00",#REF!,9.750,,,0.000,4.900,0.1,42,42,42,4.200,4.200,4.200,4.200,4.200,"1,104,566.400",218.68,R$/MWh,0.00,0.00,"241,546,580.35",#REF!,#REF!,0.00,0.00,0.00,1/1/2024,12/31/2053,Não,"5,769.98",#REF!
,1926,2021,LEN,33ºLEN,Leilão de Energia Nova,006/2021,CACH 5 VEADOS A4,08.147.388/0001-60,QTDH2024-30,PCH.PH.RS.031030-1.01,CACHOEIRA CINCO VEADOS,Sem Pendências,RS,Hidrelétrica (PCH),-,S,"96,043,980.00",#REF!,16.227,,,0.000,8.490,0.1,72,72,72,7.200,7.200,7.200,7.200,7.200,"1,893,542.400",220.33,R$/MWh,0.00,0.00,"417,204,196.99",#REF!,#REF!,0.00,0.00,0.00,1/1/2024,12/31/2053,Não,"5,769.98",#REF!
,1927,2021,LEN,33ºLEN,Leilão de Energia Nova,006/2021,VSL,15.673.834/0001-35,QTDE2024-20,EOL.CV.BA.051585-0.01,Ventos de Santa Luzia 11,Sem Pendências,BA,Eólica,Cinética do Vento,NE,"21,199,000.00",#REF!,5.300,,,0.000,1.600,0.1,5,5,5,0.500,0.500,0.500,0.500,0.500,"87,660.000",130.00,R$/MWh,0.00,0.00,"11,395,800.00",#REF!,#REF!,0.00,0.00,0.00,1/1/2024,12/31/2043,Não,"5,769.98",#REF!
,1928,2021,LEN,33ºLEN,Leilão de Energia Nova,006/2021,VSR 2,14.676.561/0001-10,QTDE2024-20,EOL.CV.RN.049668-5.01,Ventos de São Rafael 05,Atraso,RN,Eólica,Cinética do Vento,NE,"24,001,000.00",#REF!,6.000,,,0.000,2.400,0.1,8,8,8,0.800,0.800,0.800,0.800,0.800,"140,256.000",130.00,R$/MWh,0.00,0.00,"18,233,280.00",#REF!,#REF!,0.00,0.00,0.00,1/1/2024,12/31/2043,Não,"5,769.98",#REF!
,1929,2021,LEN,33ºLEN,Leilão de Energia Nova,006/2021,VSL,15.673.834/0001-35,QTDE2024-20,EOL.CV.BA.051586-8.01,Ventos de Santa Luzia 12,Sem Pendências,BA,Eólica,Cinética do Vento,NE,"21,199,000.00",#REF!,5.300,,,0.000,1.700,0.1,5,5,5,0.600,0.600,0.600,0.600,0.600,"105,192.000",130.00,R$/MWh,0.00,0.00,"13,674,960.00",#REF!,#REF!,0.00,0.00,0.00,1/1/2024,12/31/2043,Não,"5,769.98",#REF!
,1930,2021,LEN,33ºLEN,Leilão de Energia Nova,006/2021,MIRANTE DO OESTE 1,28.507.748/0001-02,QTDE2024-20,EOL.CV.RN.044975-0.01,OESTE SERIDÓ II,Sem Pendências,RN,Eólica,Cinética do Vento,NE,"89,555,000.00",#REF!,21.000,,,0.000,14.400,0.1,44,44,44,4.400,4.400,4.400,4.400,4.400,"771,408.000",161.61,R$/MWh,0.00,0.00,"124,667,246.88",#REF!,#REF!,0.00,0.00,0.00,1/1/2024,12/31/2043,Não,"5,769.98",#REF!
,1931,2021,LEN,33ºLEN,Leilão de Energia Nova,006/2021,MIRANTE DO OESTE 1,28.507.748/0001-02,QTDE2024-20,EOL.CV.RN.047165-8.01,OESTE SERIDO IV,Sem Pendências,RN,Eólica,Cinética do Vento,NE,"101,355,000.00",#REF!,25.200,,,0.000,16.700,0.1,44,44,44,5.100,5.100,5.100,5.100,5.100,"894,132.000",161.60,R$/MWh,0.00,0.00,"144,491,731.20",#REF!,#REF!,0.00,0.00,0.00,1/1/2024,12/31/2043,Não,"5,769.98",#REF!
,1932,2021,LEN,33ºLEN,Leilão de Energia Nova,006/2021,MIRANTE DO OESTE 2,28.507.748/0001-02,QTDE2024-20,EOL.CV.RN.047162-3.01,OESTE SERIDÓ IX,Sem Pendências,RN,Eólica,Cinética do Vento,NE,"101,355,000.00",#REF!,25.200,,,0.000,13.800,0.1,42,42,42,4.200,4.200,4.200,4.200,4.200,"736,344.000",160.00,R$/MWh,0.00,0.00,"117,815,040.00",#REF!,#REF!,0.00,0.00,0.00,1/1/2024,12/31/2043,Não,"5,769.98",#REF!
,1933,2021,LEN,33ºLEN,Leilão de Energia Nova,006/2021,MIRANTE DO OESTE 1,28.507.748/0001-02,QTDE2024-20,EOL.CV.RN.044976-8.01,OESTE SERIDO lll,Sem Pendências,RN,Eólica,Cinética do Vento,NE,"101,355,000.00",#REF!,25.200,,,0.000,15.200,0.1,44,44,44,4.600,4.600,4.600,4.600,4.600,"806,472.000",160.00,R$/MWh,0.00,0.00,"129,035,520.00",#REF!,#REF!,0.00,0.00,0.00,1/1/2024,12/31/2043,Não,"5,769.98",#REF!
,1934,2021,LEN,33ºLEN,Leilão de Energia Nova,006/2021,ELAWAN,32.849.284/0001-81,QTDE2024-20,EOL.CV.RN.034612-8.01,Passagem,Atraso,RN,Eólica,Cinética do Vento,NE,"220,978,000.00",#REF!,52.000,,,0.000,27.500,0.1,85,85,85,8.500,8.500,8.500,8.500,8.500,"1,490,220.000",148.88,R$/MWh,0.00,0.00,"221,863,953.60",#REF!,#REF!,0.00,0.00,0.00,1/1/2024,12/31/2043,Não,"5,769.98",#REF!
,1935,2021,LEN,33ºLEN,Leilão de Energia Nova,006/2021,VSR 3,14.676.561/0001-10,QTDE2024-20,EOL.CV.RN.050015-1.01,Ventos de São Rafael 09,Atraso,RN,Eólica,Cinética do Vento,NE,"24,001,000.00",#REF!,6.000,,,0.000,2.300,0.1,7,7,7,0.700,0.700,0.700,0.700,0.700,"122,724.000",130.00,R$/MWh,0.00,0.00,"15,954,120.00",#REF!,#REF!,0.00,0.00,0.00,1/1/2024,12/31/2043,Não,"5,769.98",#REF!
,1936,2021,LEN,33ºLEN,Leilão de Energia Nova,006/2021,VSR,14.676.561/0001-10,QTDE2024-20,EOL.CV.PB.049664-2.01,Ventos de São Rafael 01,Atraso,RN,Eólica,Cinética do Vento,NE,"24,001,000.00",#REF!,6.000,,,0.000,2.300,0.1,7,7,7,0.700,0.700,0.700,0.700,0.700,"122,724.000",130.00,R$/MWh,0.00,0.00,"15,954,120.00",#REF!,#REF!,0.00,0.00,0.00,1/1/2024,12/31/2043,Não,"5,769.98",#REF!
,1937,2021,LEN,33ºLEN,Leilão de Energia Nova,006/2021,VSR 3,14.676.561/0001-10,QTDE2024-20,EOL.CV.RN.050016-0.01,Ventos de São Rafael 10,Atraso,RN,Eólica,Cinética do Vento,NE,"24,001,000.00",#REF!,6.000,,,0.000,2.300,0.1,7,7,7,0.700,0.700,0.700,0.700,0.700,"122,724.000",130.00,R$/MWh,0.00,0.00,"15,954,120.00",#REF!,#REF!,0.00,0.00,0.00,1/1/2024,12/31/2043,Não,"5,769.98",#REF!
,1938,2021,LEN,33ºLEN,Leilão de Energia Nova,006/2021,VSR 3,14.676.561/0001-10,QTDE2024-20,EOL.CV.RN.050017-8.01,Ventos de São Rafael 11,Atraso,RN,Eólica,Cinética do Vento,NE,"24,001,000.00",#REF!,6.000,,,0.000,2.300,0.1,7,7,7,0.700,0.700,0.700,0.700,0.700,"122,724.000",130.00,R$/MWh,0.00,0.00,"15,954,120.00",#REF!,#REF!,0.00,0.00,0.00,1/1/2024,12/31/2043,Não,"5,769.98",#REF!
,1939,2021,LEN,33ºLEN,Leilão de Energia Nova,006/2021,VSL 2,15.673.834/0001-35,QTDE2024-20,EOL.CV.BA.051587-6.01,Ventos de Santa Luzia 13,Sem Pendências,BA,Eólica,Cinética do Vento,NE,"21,199,000.00",#REF!,5.300,,,0.000,1.800,0.1,6,6,6,0.600,0.600,0.600,0.600,0.600,"105,192.000",130.00,R$/MWh,0.00,0.00,"13,674,960.00",#REF!,#REF!,0.00,0.00,0.00,1/1/2024,12/31/2043,Não,"5,769.98",#REF!
,1940,2021,LEN,33ºLEN,Leilão de Energia Nova,006/2021,VSR,14.676.561/0001-10,QTDE2024-20,EOL.CV.RN.049665-0.01,Ventos de São Rafael 02,Atraso,RN,Eólica,Cinética do Vento,NE,"24,001,000.00",#REF!,6.000,,,0.000,2.300,0.1,7,7,7,0.700,0.700,0.700,0.700,0.700,"122,724.000",130.00,R$/MWh,0.00,0.00,"15,954,120.00",#REF!,#REF!,0.00,0.00,0.00,1/1/2024,12/31/2043,Não,"5,769.98",#REF!
,1941,2021,LEN,33ºLEN,Leilão de Energia Nova,006/2021,VSL 3,15.673.834/0001-35,QTDE2024-20,EOL.CV.BA.051589-2.01,Ventos de Santa Luzia 15,Atraso,BA,Eólica,Cinética do Vento,NE,"21,199,000.00",#REF!,5.300,,,0.000,1.800,0.1,6,6,6,0.600,0.600,0.600,0.600,0.600,"105,192.000",130.00,R$/MWh,0.00,0.00,"13,674,960.00",#REF!,#REF!,0.00,0.00,0.00,1/1/2024,12/31/2043,Não,"5,769.98",#REF!
,1942,2021,LEN,33ºLEN,Leilão de Energia Nova,006/2021,VSL 2,15.673.834/0001-35,QTDE2024-20,EOL.CV.BA.051588-4.01,Ventos de Santa Luzia 14,Sem Pendências,BA,Eólica,Cinética do Vento,NE,"21,199,000.00",#REF!,5.300,,,0.000,1.800,0.1,6,6,6,0.600,0.600,0.600,0.600,0.600,"105,192.000",130.00,R$/MWh,0.00,0.00,"13,674,960.00",#REF!,#REF!,0.00,0.00,0.00,1/1/2024,12/31/2043,Não,"5,769.98",#REF!
,1943,2021,LEN,33ºLEN,Leilão de Energia Nova,006/2021,VSR,14.676.561/0001-10,QTDE2024-20,EOL.CV.RN.049666-9.01,Ventos de São Rafael 03,Atraso,RN,Eólica,Cinética do Vento,NE,"24,001,000.00",#REF!,6.000,,,0.000,2.100,0.1,7,7,7,0.700,0.700,0.700,0.700,0.700,"122,724.000",130.00,R$/MWh,0.00,0.00,"15,954,120.00",#REF!,#REF!,0.00,0.00,0.00,1/1/2024,12/31/2043,Não,"5,769.98",#REF!
,1944,2021,LEN,33ºLEN,Leilão de Energia Nova,006/2021,VSR 2,14.676.561/0001-10,QTDE2024-20,EOL.CV.RN.049669-3.01,Ventos de São Rafael 06,Atraso,RN,Eólica,Cinética do Vento,NE,"24,001,000.00",#REF!,6.000,,,0.000,2.500,0.1,8,8,8,0.800,0.800,0.800,0.800,0.800,"140,256.000",130.00,R$/MWh,0.00,0.00,"18,233,280.00",#REF!,#REF!,0.00,0.00,0.00,1/1/2024,12/31/2043,Não,"5,769.98",#REF!
,1945,2021,LEN,33ºLEN,Leilão de Energia Nova,006/2021,VSR,14.676.561/0001-10,QTDE2024-20,EOL.CV.RN.049667-7.01,Ventos de São Rafael 04,Atraso,RN,Eólica,Cinética do Vento,NE,"24,001,000.00",#REF!,6.000,,,0.000,2.200,0.1,7,7,7,0.700,0.700,0.700,0.700,0.700,"122,724.000",130.00,R$/MWh,0.00,0.00,"15,954,120.00",#REF!,#REF!,0.00,0.00,0.00,1/1/2024,12/31/2043,Não,"5,769.98",#REF!
,1946,2021,LEN,33ºLEN,Leilão de Energia Nova,006/2021,VSR 2,14.676.561/0001-10,QTDE2024-20,EOL.CV.RN.049670-7.01,Ventos de São Rafael 07,Atraso,RN,Eólica,Cinética do Vento,NE,"24,001,000.00",#REF!,6.000,,,0.000,2.400,0.1,8,8,8,0.800,0.800,0.800,0.800,0.800,"140,256.000",130.00,R$/MWh,0.00,0.00,"18,233,280.00",#REF!,#REF!,0.00,0.00,0.00,1/1/2024,12/31/2043,Não,"5,769.98",#REF!
,1947,2021,LEN,33ºLEN,Leilão de Energia Nova,006/2021,VSR 2,14.676.561/0001-10,QTDE2024-20,EOL.CV.RN.049671-5.01,Ventos de São Rafael 08,Atraso,RN,Eólica,Cinética do Vento,NE,"24,001,000.00",#REF!,6.000,,,0.000,2.400,0.1,8,8,8,0.800,0.800,0.800,0.800,0.800,"140,256.000",130.00,R$/MWh,0.00,0.00,"18,233,280.00",#REF!,#REF!,0.00,0.00,0.00,1/1/2024,12/31/2043,Não,"5,769.98",#REF!
,1948,2021,LEN,33ºLEN,Leilão de Energia Nova,006/2021,VSL 3,15.673.834/0001-35,QTDE2024-20,EOL.CV.BA.051590-6.01,Ventos de Santa Luzia 16,Sem Pendências,BA,Eólica,Cinética do Vento,NE,"21,199,000.00",#REF!,5.300,,,0.000,1.800,0.1,6,6,6,0.600,0.600,0.600,0.600,0.600,"105,192.000",130.00,R$/MWh,0.00,0.00,"13,674,960.00",#REF!,#REF!,0.00,0.00,0.00,1/1/2024,12/31/2043,Não,"5,769.98",#REF!
,1949,2021,LEN,33ºLEN,Leilão de Energia Nova,006/2021,VSL 3,15.673.834/0001-35,QTDE2024-20,EOL.CV.BA.051591-4.01,Ventos de Santa Luzia 17,Atraso,BA,Eólica,Cinética do Vento,NE,"21,199,000.00",#REF!,5.300,,,0.000,1.800,0.1,6,6,6,0.600,0.600,0.600,0.600,0.600,"105,192.000",130.00,R$/MWh,0.00,0.00,"13,674,960.00",#REF!,#REF!,0.00,0.00,0.00,1/1/2024,12/31/2043,Não,"5,769.98",#REF!
,1950,2021,LEN,33ºLEN,Leilão de Energia Nova,006/2021,SOLAR TECNOLOGIA,15.312.198/0001-16,QTDS2024-20,UFV.RS.PE.037814-3.01,Boa Hora 4,Atraso,PE,Solar Fotovoltaica,Radiação Solar Global,NE,"109,820,000.00",#REF!,23.100,,,27.300,5.800,0.1,18,18,18,1.800,1.800,1.800,1.800,1.800,"315,576.000",120.00,R$/MWh,0.00,0.00,"37,869,120.00",#REF!,#REF!,0.00,0.00,0.00,1/1/2024,12/31/2043,Não,"5,769.98",#REF!
,1951,2021,LEN,33ºLEN,Leilão de Energia Nova,006/2021,SANTA LUZIA VII,40.586.619/0001-44,QTDS2024-20,UFV.RS.PB.049691-0.01,SANTA LUZIA VII,Sem Pendências,PB,Solar Fotovoltaica,Radiação Solar Global,NE,"144,693,200.00",#REF!,50.000,,,56.875,14.900,0.1,80,80,80,8.000,8.000,8.000,8.000,8.000,"1,402,560.000",127.40,R$/MWh,0.00,0.00,"178,686,144.00",#REF!,#REF!,0.00,0.00,0.00,1/1/2024,12/31/2043,Não,"5,769.98",#REF!
,1952,2021,LEN,33ºLEN,Leilão de Energia Nova,006/2021,SANTA LUZIA V,40.790.472/0001-00,QTDS2024-20,UFV.RS.PB.049689-8.01,SANTA LUZIA V,Sem Pendências,PB,Solar Fotovoltaica,Radiação Solar Global,NE,"144,693,200.00",#REF!,50.000,,,57.000,14.900,0.1,80,80,80,8.000,8.000,8.000,8.000,8.000,"1,402,560.000",127.40,R$/MWh,0.00,0.00,"178,686,144.00",#REF!,#REF!,0.00,0.00,0.00,1/1/2024,12/31/2043,Não,"5,769.98",#REF!
,1953,2021,LEN,33ºLEN,Leilão de Energia Nova,006/2021,SOLAR TECNOLOGIA,15.312.198/0001-16,QTDS2024-20,UFV.RS.PE.037815-1.01,Boa Hora 5,Atraso,PE,Solar Fotovoltaica,Radiação Solar Global,NE,"109,820,000.00",#REF!,23.100,,,27.300,5.800,0.1,18,18,18,1.800,1.800,1.800,1.800,1.800,"315,576.000",120.00,R$/MWh,0.00,0.00,"37,869,120.00",#REF!,#REF!,0.00,0.00,0.00,1/1/2024,12/31/2043,Não,"5,769.98",#REF!
,1954,2021,LEN,33ºLEN,Leilão de Energia Nova,006/2021,SOLAR TECNOLOGIA,15.312.198/0001-16,QTDS2024-20,UFV.RS.PE.037816-0.01,Boa Hora 6,Atraso,PE,Solar Fotovoltaica,Radiação Solar Global,NE,"109,820,000.00",#REF!,23.100,,,27.300,5.800,0.1,18,18,18,1.800,1.800,1.800,1.800,1.800,"315,576.000",120.00,R$/MWh,0.00,0.00,"37,869,120.00",#REF!,#REF!,0.00,0.00,0.00,1/1/2024,12/31/2043,Não,"5,769.98",#REF!
,1955,2021,LEN,33ºLEN,Leilão de Energia Nova,006/2021,ZILOR,60.855.574/0004-16,DISP2024-20,UTE.AI.SP.051532-9.01,BARRA GRANDE 2,Sem Pendências,SP,Biomassa,Bagaço de Cana de Açúcar,SE,"250,100,000.00",#REF!,70.000,,,0.000,21.400,0.1,193,193,193,19.300,19.300,19.300,19.300,19.300,"3,383,676.000",177.20,R$/MWh,0.00,0.00,"599,587,387.20",#REF!,#REF!,"31,784,784.00","31,784,784.00","31,784,784.00",1/1/2024,12/31/2043,Não,"5,769.98",#REF!
,1956,2021,LEN,33ºLEN,Leilão de Energia Nova,006/2021,MELHORAMENTOS NP,61.082.962/0001-21,DISP2024-20,UTE.AI.PR.028074-7.01,DESTILARIA MELHORAMENTOS,Sem Pendências,PR,Biomassa,Bagaço de Cana de Açúcar,S,"63,951,980.00",#REF!,21.140,,,0.000,4.300,0.1,43,43,43,4.300,4.300,4.300,4.300,4.300,"753,876.000",174.00,R$/MWh,0.00,0.00,"131,174,424.00",#REF!,#REF!,"7,030,335.10","7,030,335.10","7,030,335.10",1/1/2024,12/31/2043,Não,"5,769.98",#REF!
,1957,2021,LEN,34ºLEN,Leilão de Energia Nova,007/2021,CHM,14.143.405/0001-93,QTDH2025-30,PCH.PH.RS.035481-3.01,CHIMARRÃO,Sem Pendências,RS,Hidrelétrica (PCH),Rio Turvo,S,"58,509,860.00",#REF!,11.500,,,0.000,5.360,0.1,53,53,53,5.300,5.300,5.300,5.300,5.300,"1,393,730.400",206.28,R$/MWh,0.00,0.00,"287,498,706.91",#REF!,#REF!,0.00,0.00,0.00,1/1/2025,12/31/2054,Não,"5,769.98",#REF!
,1958,2021,LEN,34ºLEN,Leilão de Energia Nova,007/2021,LINHA 11 OESTE,27.059.624/0001-30,QTDH2025-30,PCH.PH.RS.037413-0.01,Linha Onze Oeste,Sem Pendências,RS,Hidrelétrica (PCH),Rio Ijuí,S,"122,736,520.00",#REF!,15.520,,,0.000,8.550,0.1,26,26,26,2.600,2.600,2.600,2.600,2.600,"683,716.800",206.28,R$/MWh,0.00,0.00,"141,037,101.50",#REF!,#REF!,0.00,0.00,0.00,1/1/2025,12/31/2054,Não,"5,769.98",#REF!
,1959,2021,LEN,34ºLEN,Leilão de Energia Nova,007/2021,UHE JURUENA,39.916.142/0001-39,QTDH2025-30,UHE.PH.MT.040733-0.01,JURUENA,Atraso,MT,Hidrelétrica (UHE),Rio Jaruena,SE,"334,174,240.00",#REF!,49.998,,,0.000,39.800,0.1,120,120,120,12.000,12.000,12.000,12.000,12.000,"3,155,616.000",207.84,R$/MWh,0.00,0.00,"655,863,229.44",#REF!,#REF!,0.00,0.00,0.00,1/1/2025,12/31/2054,Não,"5,769.98",#REF!
,1960,2021,LEN,34ºLEN,Leilão de Energia Nova,007/2021,MIRANTE DO OESTE 1,28.507.748/0001-02,QTDE2025-20,EOL.CV.RN.044974-1.01,OESTE SERIDO I,Sem Pendências,RN,Eólica,Cinética do Vento,NE,"101,356,000.00",#REF!,25.200,,,0.000,14.400,0.1,44,44,44,4.400,4.400,4.400,4.400,4.400,"771,408.000",150.00,R$/MWh,0.00,0.00,"115,711,200.00",#REF!,#REF!,0.00,0.00,0.00,1/1/2025,12/31/2044,Não,"5,769.98",#REF!
,1961,2021,LEN,34ºLEN,Leilão de Energia Nova,007/2021,MIRANTE DO OESTE 1,28.507.748/0001-02,QTDE2025-20,EOL.CV.RN.047166-6.01,OESTE SERIDO V,Sem Pendências,RN,Eólica,Cinética do Vento,NE,"101,355,000.00",#REF!,25.200,,,0.000,16.700,0.1,44,44,44,5.100,5.100,5.100,5.100,5.100,"894,132.000",151.90,R$/MWh,0.00,0.00,"135,818,650.80",#REF!,#REF!,0.00,0.00,0.00,1/1/2025,12/31/2044,Não,"5,769.98",#REF!
,1962,2021,LEN,34ºLEN,Leilão de Energia Nova,007/2021,MIRANTE DO OESTE 2,28.507.748/0001-02,QTDE2025-20,EOL.CV.RN.047161-5.01,OESTE SERIDÓ XI,Sem Pendências,RN,Eólica,Cinética do Vento,NE,"124,955,000.00",#REF!,33.600,,,0.000,19.100,0.1,58,58,58,5.800,5.800,5.800,5.800,5.800,"1,016,856.000",150.50,R$/MWh,0.00,0.00,"153,036,828.00",#REF!,#REF!,0.00,0.00,0.00,1/1/2025,12/31/2044,Não,"5,769.98",#REF!
,1963,2021,LEN,34ºLEN,Leilão de Energia Nova,007/2021,ELAWAN,32.849.284/0001-81,QTDE2025-20,EOL.CV.RN.034612-8.01,Passagem,Atraso,RN,Eólica,Cinética do Vento,NE,"220,978,000.00",#REF!,52.000,,,0.000,27.500,0.1,120,120,120,12.000,12.000,12.000,12.000,12.000,"2,103,840.000",150.58,R$/MWh,0.00,0.00,"316,796,227.20",#REF!,#REF!,0.00,0.00,0.00,1/1/2025,12/31/2044,Não,"5,769.98",#REF!
,1964,2021,LEN,34ºLEN,Leilão de Energia Nova,007/2021,VSA,15.328.709/0001-98,QTDE2025-20,EOL.CV.BA.047205-0.01,Ventos de Santo Antônio 01,Sem Pendências,BA,Eólica,Cinética do Vento,NE,"33,600,000.00",#REF!,5.300,,,0.000,1.400,0.1,5,5,5,0.500,0.500,0.500,0.500,0.500,"87,660.000",150.59,R$/MWh,0.00,0.00,"13,200,719.40",#REF!,#REF!,0.00,0.00,0.00,1/1/2025,12/31/2044,Não,"5,769.98",#REF!
,1965,2021,LEN,34ºLEN,Leilão de Energia Nova,007/2021,VSA,15.328.709/0001-98,QTDE2025-20,EOL.CV.BA.047208-5.01,Ventos de Santo Antônio 04,Atraso,BA,Eólica,Cinética do Vento,NE,"33,600,000.00",#REF!,5.300,,,0.000,1.600,0.1,5,5,5,0.500,0.500,0.500,0.500,0.500,"87,660.000",150.59,R$/MWh,0.00,0.00,"13,200,719.40",#REF!,#REF!,0.00,0.00,0.00,1/1/2025,12/31/2044,Não,"5,769.98",#REF!
,1966,2021,LEN,34ºLEN,Leilão de Energia Nova,007/2021,VSA,15.328.709/0001-98,QTDE2025-20,EOL.CV.BA.051592-2.01,Ventos de Santo Antônio 05,Atraso,BA,Eólica,Cinética do Vento,NE,"33,600,000.00",#REF!,5.300,,,0.000,1.700,0.1,5,5,5,0.600,0.600,0.600,0.600,0.600,"105,192.000",150.59,R$/MWh,0.00,0.00,"15,840,863.28",#REF!,#REF!,0.00,0.00,0.00,1/1/2025,12/31/2044,Não,"5,769.98",#REF!
,1967,2021,LEN,34ºLEN,Leilão de Energia Nova,007/2021,VSA 2,15.328.709/0001-98,QTDE2025-20,EOL.CV.BA.051593-0.01,Ventos de Santo Antônio 06,Sem Pendências,BA,Eólica,Cinética do Vento,NE,"33,600,000.00",#REF!,5.300,,,0.000,2.100,0.1,7,7,7,0.700,0.700,0.700,0.700,0.700,"122,724.000",150.59,R$/MWh,0.00,0.00,"18,481,007.16",#REF!,#REF!,0.00,0.00,0.00,1/1/2025,12/31/2044,Não,"5,769.98",#REF!
,1968,2021,LEN,34ºLEN,Leilão de Energia Nova,007/2021,VSA 2,15.328.709/0001-98,QTDE2025-20,EOL.CV.BA.051594-9.01,Ventos de Santo Antônio 07,Sem Pendências,BA,Eólica,Cinética do Vento,NE,"33,600,000.00",#REF!,5.300,,,0.000,2.000,0.1,7,7,7,0.600,0.600,0.600,0.600,0.600,"105,192.000",150.59,R$/MWh,0.00,0.00,"15,840,863.28",#REF!,#REF!,0.00,0.00,0.00,1/1/2025,12/31/2044,Não,"5,769.98",#REF!
,1969,2021,LEN,34ºLEN,Leilão de Energia Nova,007/2021,VSA 2,15.328.709/0001-98,QTDE2025-20,EOL.CV.BA.051595-7.01,Ventos de Santo Antônio 08,Sem Pendências,BA,Eólica,Cinética do Vento,NE,"33,600,000.00",#REF!,5.300,,,0.000,2.000,0.1,7,7,7,0.600,0.600,0.600,0.600,0.600,"105,192.000",150.52,R$/MWh,0.00,0.00,"15,833,499.84",#REF!,#REF!,0.00,0.00,0.00,1/1/2025,12/31/2044,Não,"5,769.98",#REF!
,1970,2021,LEN,34ºLEN,Leilão de Energia Nova,007/2021,SANTA LUZIA VII,40.586.619/0001-44,QTDS2025-20,UFV.RS.PB.049691-0.01,SANTA LUZIA VII,Sem Pendências,PB,Solar Fotovoltaica,Radiação Solar Global,NE,"144,693,200.00",#REF!,50.000,,,56.875,14.900,0.1,60,60,60,6.000,6.000,6.000,6.000,6.000,"1,051,920.000",138.50,R$/MWh,0.00,0.00,"145,690,920.00",#REF!,#REF!,0.00,0.00,0.00,1/1/2025,12/31/2044,Não,"5,769.98",#REF!
,1971,2021,LEN,34ºLEN,Leilão de Energia Nova,007/2021,SANTA LUZIA IX,40.586.767/0001-69,QTDS2025-20,UFV.RS.PB.049693-6.01,SANTA LUZIA IX,Sem Pendências,PB,Solar Fotovoltaica,Radiação Solar Global,NE,"144,693,200.00",#REF!,50.000,,,57.000,14.900,0.1,100,100,100,10.000,10.000,10.000,10.000,10.000,"1,753,200.000",135.00,R$/MWh,0.00,0.00,"236,682,000.00",#REF!,#REF!,0.00,0.00,0.00,1/1/2025,12/31/2044,Não,"5,769.98",#REF!
,1972,2021,LEN,34ºLEN,Leilão de Energia Nova,007/2021,UBZ,55.109.565/0001-01,DISP2025-20,UTE.AI.SP.027835-1.01,Bazan,Sem Pendências,SP,Biomassa,Bagaço de Cana de Açúcar,SE,"170,300,000.00",#REF!,61.300,,,0.000,18.900,0.1,80,80,80,8.000,8.000,8.000,8.000,8.000,"1,402,560.000",196.24,R$/MWh,0.00,0.00,"275,238,374.40",#REF!,#REF!,"15,188,582.71","15,188,582.71","15,188,582.71",1/1/2025,12/31/2044,Não,"5,769.98",#REF!
,1973,2021,LEN,34ºLEN,Leilão de Energia Nova,007/2021,LAGUNA,07.912.062/0001-19,DISP2025-20,UTE.AI.MS.030482-4.01,LAGUNA,Sem Pendências,MS,Biomassa,Bagaço de Cana de Açúcar,SE,"31,700,000.00",#REF!,21.200,,,0.000,4.700,0.1,23,23,23,2.300,2.300,2.300,2.300,2.300,"403,236.000",194.76,R$/MWh,0.00,0.00,"78,534,243.36",#REF!,#REF!,"4,210,547.99","4,210,547.99","4,210,547.99",1/1/2025,12/31/2044,Não,"5,769.98",#REF!
,1974,2021,LEN,34ºLEN,Leilão de Energia Nova,007/2021,ALBIOMA,07.966.116/0001-29,DISP2025-20,UTE.AI.GO.030355-0.01,CODORA,Sem Pendências,GO,Biomassa,Bagaço de Cana de Açúcar,SE,"94,750,000.00",#REF!,10.000,,,0.000,7.300,0.1,73,73,73,7.300,7.300,7.300,7.300,7.300,"1,279,836.000",196.14,R$/MWh,0.00,0.00,"251,027,033.04",#REF!,#REF!,"12,939,885.06","12,939,885.06","12,939,885.06",1/1/2025,12/31/2044,Não,"5,769.98",#REF!
,1975,2021,LEN,35ºLEN,Leilão de Energia Nova,008/2021,SÃO ROQUE ENERGÉTICA,15.116.321/0001-23,QTDH2026-25,UHE.PH.SC.030938-9.01,UHE SÃO ROQUE,Sem Pendências,SC,Hidrelétrica (UHE),Rio Canoas,S,0.00,#REF!,141.900,,,0.000,91.300,0.1,278,278,278,27.800,27.800,27.800,27.800,27.800,"6,092,203.200",174.27,R$/MWh,0.00,0.00,"1,061,688,251.66",#REF!,#REF!,0.00,0.00,0.00,1/1/2026,12/31/2050,Não,"5,876.05",#REF!
,1976,2021,LEN,35ºLEN,Leilão de Energia Nova,008/2021,EÓLICA SERRA DAS VACAS,28.228.040/0001-04,QTDE2026-15,EOL.CV.PE.049354-6.01,Serra das Vacas B,Sem Pendências,PE,Eólica,Cinética do Vento,NE,"164,280,400.00",#REF!,44.000,,,0.000,19.100,0.1,59,59,59,5.900,5.900,5.900,5.900,5.900,"775,826.400",177.65,R$/MWh,0.00,0.00,"137,825,559.96",#REF!,#REF!,0.00,0.00,0.00,1/1/2026,12/31/2040,Não,"5,876.05",#REF!
,1977,2021,LEN,35ºLEN,Leilão de Energia Nova,008/2021,STATKRAFT,00.622.416/0001-41,QTDE2026-15,EOL.CV.BA.050844-6.01,Morro 1,Sem Pendências,BA,Eólica,Cinética do Vento,NE,"168,000,000.00",#REF!,42.000,,,0.000,21.100,0.1,64,64,64,6.400,6.400,6.400,6.400,6.400,"841,574.400",134.97,R$/MWh,0.00,0.00,"113,587,296.77",#REF!,#REF!,0.00,0.00,0.00,1/1/2026,12/31/2040,Não,"5,876.05",#REF!
,1978,2021,LEN,35ºLEN,Leilão de Energia Nova,008/2021,STATKRAFT,00.622.416/0001-41,QTDE2026-15,EOL.CV.BA.050845-4.01,Morro 2,Sem Pendências,BA,Eólica,Cinética do Vento,NE,"117,600,000.00",#REF!,29.400,,,0.000,14.600,0.1,44,44,44,4.400,4.400,4.400,4.400,4.400,"578,582.400",134.97,R$/MWh,0.00,0.00,"78,091,266.53",#REF!,#REF!,0.00,0.00,0.00,1/1/2026,12/31/2040,Não,"5,876.05",#REF!
,1979,2021,LEN,35ºLEN,Leilão de Energia Nova,008/2021,VSL,15.673.834/0001-35,QTDE2026-15,EOL.CV.BA.051585-0.01,Ventos de Santa Luzia 11,Sem Pendências,BA,Eólica,Cinética do Vento,NE,"21,199,000.00",#REF!,5.300,,,0.000,1.600,0.1,11,11,11,1.100,1.100,1.100,1.100,1.100,"144,645.600",175.86,R$/MWh,0.00,0.00,"25,437,375.22",#REF!,#REF!,0.00,0.00,0.00,1/1/2026,12/31/2040,Não,"5,876.05",#REF!
,1980,2021,LEN,35ºLEN,Leilão de Energia Nova,008/2021,VSL,15.673.834/0001-35,QTDE2026-15,EOL.CV.BA.051586-8.01,Ventos de Santa Luzia 12,Sem Pendências,BA,Eólica,Cinética do Vento,NE,"21,199,000.00",#REF!,5.300,,,0.000,1.700,0.1,11,11,11,1.100,1.100,1.100,1.100,1.100,"144,645.600",175.87,R$/MWh,0.00,0.00,"25,438,821.67",#REF!,#REF!,0.00,0.00,0.00,1/1/2026,12/31/2040,Não,"5,876.05",#REF!
,1981,2021,LEN,35ºLEN,Leilão de Energia Nova,008/2021,VSL,15.673.834/0001-35,QTDE2026-15,EOL.CV.BA.051587-6.01,Ventos de Santa Luzia 13,Sem Pendências,BA,Eólica,Cinética do Vento,NE,"21,199,000.00",#REF!,5.300,,,0.000,1.800,0.1,12,12,12,1.200,1.200,1.200,1.200,1.200,"157,795.200",175.86,R$/MWh,0.00,0.00,"27,749,863.87",#REF!,#REF!,0.00,0.00,0.00,1/1/2026,12/31/2040,Não,"5,876.05",#REF!
,1982,2021,LEN,35ºLEN,Leilão de Energia Nova,008/2021,VSL,14.676.561/0001-10,QTDE2026-15,EOL.CV.PB.049664-2.01,Ventos de São Rafael 01,Sem Pendências,RN,Eólica,Cinética do Vento,NE,"24,001,000.00",#REF!,6.000,,,0.000,2.300,0.1,16,16,16,1.600,1.600,1.600,1.600,1.600,"210,393.600",175.87,R$/MWh,0.00,0.00,"37,001,922.43",#REF!,#REF!,0.00,0.00,0.00,1/1/2026,12/31/2040,Não,"5,876.05",#REF!
,1983,2021,LEN,35ºLEN,Leilão de Energia Nova,008/2021,VSL,14.676.561/0001-10,QTDE2026-15,EOL.CV.RN.049665-0.01,Ventos de São Rafael 02,Sem Pendências,RN,Eólica,Cinética do Vento,NE,"24,001,000.00",#REF!,6.000,,,0.000,2.300,0.1,16,16,16,1.600,1.600,1.600,1.600,1.600,"210,393.600",175.87,R$/MWh,0.00,0.00,"37,001,922.43",#REF!,#REF!,0.00,0.00,0.00,1/1/2026,12/31/2040,Não,"5,876.05",#REF!
,1984,2021,LEN,35ºLEN,Leilão de Energia Nova,008/2021,VSL,14.676.561/0001-10,QTDE2026-15,EOL.CV.RN.049666-9.01,Ventos de São Rafael 03,Sem Pendências,RN,Eólica,Cinética do Vento,NE,"24,001,000.00",#REF!,6.000,,,0.000,2.100,0.1,14,14,14,1.400,1.400,1.400,1.400,1.400,"184,094.400",175.87,R$/MWh,0.00,0.00,"32,376,682.13",#REF!,#REF!,0.00,0.00,0.00,1/1/2026,12/31/2040,Não,"5,876.05",#REF!
,1985,2021,LEN,35ºLEN,Leilão de Energia Nova,008/2021,VSL,14.676.561/0001-10,QTDE2026-15,EOL.CV.RN.049667-7.01,Ventos de São Rafael 04,Sem Pendências,RN,Eólica,Cinética do Vento,NE,"24,001,000.00",#REF!,6.000,,,0.000,2.200,0.1,15,15,15,1.500,1.500,1.500,1.500,1.500,"197,244.000",175.87,R$/MWh,0.00,0.00,"34,689,302.28",#REF!,#REF!,0.00,0.00,0.00,1/1/2026,12/31/2040,Não,"5,876.05",#REF!
,1986,2021,LEN,35ºLEN,Leilão de Energia Nova,008/2021,VSL,14.676.561/0001-10,QTDE2026-15,EOL.CV.RN.049668-5.01,Ventos de São Rafael 05,Sem Pendências,RN,Eólica,Cinética do Vento,NE,"24,001,000.00",#REF!,6.000,,,0.000,2.400,0.1,16,16,16,1.600,1.600,1.600,1.600,1.600,"210,393.600",175.87,R$/MWh,0.00,0.00,"37,001,922.43",#REF!,#REF!,0.00,0.00,0.00,1/1/2026,12/31/2040,Não,"5,876.05",#REF!
,1987,2021,LEN,35ºLEN,Leilão de Energia Nova,008/2021,BJA A5/21,29.166.267/0001-35,QTDS2026-15,UFV.RS.CE.051608-2.01,Bom Jardim I,Sem Pendências,CE,Solar Fotovoltaica,Radiação Solar Global,NE,"209,376,430.00",#REF!,48.118,,,59.388,15.100,0.1,46,46,46,4.600,4.600,4.600,4.600,4.600,"604,881.600",168.00,R$/MWh,0.00,0.00,"101,620,108.80",#REF!,#REF!,0.00,0.00,0.00,1/1/2026,12/31/2040,Não,"5,876.05",#REF!
,1988,2021,LEN,35ºLEN,Leilão de Energia Nova,008/2021,BJA A5/21,29.166.267/0001-35,QTDS2026-15,UFV.RS.CE.051610-4.01,Bom Jardim III,Sem Pendências,CE,Solar Fotovoltaica,Radiação Solar Global,NE,"209,376,430.00",#REF!,48.118,,,59.388,15.100,0.1,45,45,45,4.500,4.500,4.500,4.500,4.500,"591,732.000",168.00,R$/MWh,0.00,0.00,"99,410,976.00",#REF!,#REF!,0.00,0.00,0.00,1/1/2026,12/31/2040,Não,"5,876.05",#REF!
,1989,2021,LEN,35ºLEN,Leilão de Energia Nova,008/2021,CSI RDSF,39.401.496/0001-40,QTDS2026-15,UFV.RS.PI.051649-0.01,Raios de São Francisco V,Sem Pendências,PI,Solar Fotovoltaica,Radiação Solar Global,NE,"100,694,010.00",#REF!,30.000,,,36.936,8.700,0.1,66,66,66,6.600,6.600,6.600,6.600,6.600,"867,873.600",166.61,R$/MWh,0.00,0.00,"144,596,420.50",#REF!,#REF!,0.00,0.00,0.00,1/1/2026,12/31/2040,Não,"5,876.05",#REF!
,1990,2021,LEN,35ºLEN,Leilão de Energia Nova,008/2021,CSI RDSF,39.401.496/0001-40,QTDS2026-15,UFV.RS.PI.051650-3.01,Raios de São Francisco VI,Sem Pendências,PI,Solar Fotovoltaica,Radiação Solar Global,NE,"100,694,010.00",#REF!,30.000,,,36.936,8.700,0.1,66,66,66,6.600,6.600,6.600,6.600,6.600,"867,873.600",166.32,R$/MWh,0.00,0.00,"144,344,737.15",#REF!,#REF!,0.00,0.00,0.00,1/1/2026,12/31/2040,Não,"5,876.05",#REF!
,1991,2021,LEN,35ºLEN,Leilão de Energia Nova,008/2021,Panorama,35.658.058/0001-01,QTDS2026-15,UFV.RS.SP.049926-9.01,Lins 01,Sem Pendências,SP,Solar Fotovoltaica,Radiação Solar Global,SE,"16,306,000.00",#REF!,5.010,,,5.535,1.100,0.1,5,5,5,0.500,0.500,0.500,0.500,0.500,"65,748.000",166.31,R$/MWh,0.00,0.00,"10,934,549.88",#REF!,#REF!,0.00,0.00,0.00,1/1/2026,12/31/2040,Não,"5,876.05",#REF!
,1992,2021,LEN,35ºLEN,Leilão de Energia Nova,008/2021,Panorama,35.658.058/0001-01,QTDS2026-15,UFV.RS.SP.049927-7.01,Lins 02,Sem Pendências,SP,Solar Fotovoltaica,Radiação Solar Global,SE,"17,681,000.00",#REF!,5.010,,,5.535,1.100,0.1,5,5,5,0.500,0.500,0.500,0.500,0.500,"65,748.000",166.31,R$/MWh,0.00,0.00,"10,934,549.88",#REF!,#REF!,0.00,0.00,0.00,1/1/2026,12/31/2040,Não,"5,876.05",#REF!
,1993,2021,LEN,35ºLEN,Leilão de Energia Nova,008/2021,Panorama,35.658.058/0001-01,QTDS2026-15,UFV.RS.SP.049928-5.01,Lins 03,Sem Pendências,SP,Solar Fotovoltaica,Radiação Solar Global,SE,"17,681,000.00",#REF!,5.010,,,5.535,1.100,0.1,5,5,5,0.500,0.500,0.500,0.500,0.500,"65,748.000",166.31,R$/MWh,0.00,0.00,"10,934,549.88",#REF!,#REF!,0.00,0.00,0.00,1/1/2026,12/31/2040,Não,"5,876.05",#REF!
,1994,2021,LEN,35ºLEN,Leilão de Energia Nova,008/2021,Panorama,35.658.058/0001-01,QTDS2026-15,UFV.RS.SP.049929-3.01,Lins 04,Sem Pendências,SP,Solar Fotovoltaica,Radiação Solar Global,SE,"17,681,000.00",#REF!,5.010,,,5.535,1.100,0.1,5,5,5,0.500,0.500,0.500,0.500,0.500,"65,748.000",166.31,R$/MWh,0.00,0.00,"10,934,549.88",#REF!,#REF!,0.00,0.00,0.00,1/1/2026,12/31/2040,Não,"5,876.05",#REF!
,1995,2021,LEN,35ºLEN,Leilão de Energia Nova,008/2021,Panorama,35.658.058/0001-01,QTDS2026-15,UFV.RS.SP.049930-7.01,Lins 05,Sem Pendências,SP,Solar Fotovoltaica,Radiação Solar Global,SE,"17,681,000.00",#REF!,5.010,,,5.535,1.100,0.1,5,5,5,0.500,0.500,0.500,0.500,0.500,"65,748.000",166.31,R$/MWh,0.00,0.00,"10,934,549.88",#REF!,#REF!,0.00,0.00,0.00,1/1/2026,12/31/2040,Não,"5,876.05",#REF!
,1996,2021,LEN,35ºLEN,Leilão de Energia Nova,008/2021,Panorama,35.658.058/0001-01,QTDS2026-15,UFV.RS.SP.049931-5.01,Lins 06,Sem Pendências,SP,Solar Fotovoltaica,Radiação Solar Global,SE,"17,681,000.00",#REF!,5.010,,,5.535,1.100,0.1,5,5,5,0.500,0.500,0.500,0.500,0.500,"65,748.000",166.31,R$/MWh,0.00,0.00,"10,934,549.88",#REF!,#REF!,0.00,0.00,0.00,1/1/2026,12/31/2040,Não,"5,876.05",#REF!
,1997,2021,LEN,35ºLEN,Leilão de Energia Nova,008/2021,Panorama,35.658.058/0001-01,QTDS2026-15,UFV.RS.SP.049932-3.01,Lins 07,Sem Pendências,SP,Solar Fotovoltaica,Radiação Solar Global,SE,"17,681,000.00",#REF!,5.010,,,5.535,1.100,0.1,5,5,5,0.500,0.500,0.500,0.500,0.500,"65,748.000",166.31,R$/MWh,0.00,0.00,"10,934,549.88",#REF!,#REF!,0.00,0.00,0.00,1/1/2026,12/31/2040,Não,"5,876.05",#REF!
,1998,2021,LEN,35ºLEN,Leilão de Energia Nova,008/2021,Panorama,35.658.058/0001-01,QTDS2026-15,UFV.RS.SP.049933-1.01,Lins 08,Sem Pendências,SP,Solar Fotovoltaica,Radiação Solar Global,SE,"17,681,000.00",#REF!,5.010,,,5.535,1.100,0.1,5,5,5,0.500,0.500,0.500,0.500,0.500,"65,748.000",166.31,R$/MWh,0.00,0.00,"10,934,549.88",#REF!,#REF!,0.00,0.00,0.00,1/1/2026,12/31/2040,Não,"5,876.05",#REF!
,1999,2021,LEN,35ºLEN,Leilão de Energia Nova,008/2021,Panorama,35.658.058/0001-01,QTDS2026-15,UFV.RS.SP.049401-1.01,Panorama 01,Sem Pendências,SP,Solar Fotovoltaica,Radiação Solar Global,SE,"17,681,000.00",#REF!,5.010,,,5.535,1.100,0.1,5,5,5,0.500,0.500,0.500,0.500,0.500,"65,748.000",166.32,R$/MWh,0.00,0.00,"10,935,207.36",#REF!,#REF!,0.00,0.00,0.00,1/1/2026,12/31/2040,Não,"5,876.05",#REF!
,2000,2021,LEN,35ºLEN,Leilão de Energia Nova,008/2021,Panorama,35.658.058/0001-01,QTDS2026-15,UFV.RS.SP.049402-0.01,Panorama 02,Sem Pendências,SP,Solar Fotovoltaica,Radiação Solar Global,SE,"17,681,000.00",#REF!,5.010,,,5.535,1.100,0.1,5,5,5,0.500,0.500,0.500,0.500,0.500,"65,748.000",166.31,R$/MWh,0.00,0.00,"10,934,549.88",#REF!,#REF!,0.00,0.00,0.00,1/1/2026,12/31/2040,Não,"5,876.05",#REF!
,2001,2021,LEN,35ºLEN,Leilão de Energia Nova,008/2021,Panorama,35.658.058/0001-01,QTDS2026-15,UFV.RS.SP.049403-8.01,Panorama 03,Sem Pendências,SP,Solar Fotovoltaica,Radiação Solar Global,SE,"17,681,000.00",#REF!,5.010,,,5.535,1.100,0.1,5,5,5,0.500,0.500,0.500,0.500,0.500,"65,748.000",166.31,R$/MWh,0.00,0.00,"10,934,549.88",#REF!,#REF!,0.00,0.00,0.00,1/1/2026,12/31/2040,Não,"5,876.05",#REF!
,2002,2021,LEN,35ºLEN,Leilão de Energia Nova,008/2021,Panorama,35.658.058/0001-01,QTDS2026-15,UFV.RS.SP.049404-6.01,Panorama 04,Sem Pendências,SP,Solar Fotovoltaica,Radiação Solar Global,SE,"17,681,000.00",#REF!,5.010,,,5.535,1.100,0.1,5,5,5,0.500,0.500,0.500,0.500,0.500,"65,748.000",166.31,R$/MWh,0.00,0.00,"10,934,549.88",#REF!,#REF!,0.00,0.00,0.00,1/1/2026,12/31/2040,Não,"5,876.05",#REF!
,2003,2021,LEN,35ºLEN,Leilão de Energia Nova,008/2021,Panorama,35.658.058/0001-01,QTDS2026-15,UFV.RS.SP.049405-4.01,Panorama 05,Sem Pendências,SP,Solar Fotovoltaica,Radiação Solar Global,SE,"17,681,000.00",#REF!,5.010,,,5.535,1.100,0.1,5,5,5,0.500,0.500,0.500,0.500,0.500,"65,748.000",166.31,R$/MWh,0.00,0.00,"10,934,549.88",#REF!,#REF!,0.00,0.00,0.00,1/1/2026,12/31/2040,Não,"5,876.05",#REF!
,2004,2021,LEN,35ºLEN,Leilão de Energia Nova,008/2021,Panorama,35.658.058/0001-01,QTDS2026-15,UFV.RS.SP.049406-2.01,Panorama 06,Sem Pendências,SP,Solar Fotovoltaica,Radiação Solar Global,SE,"17,681,000.00",#REF!,5.010,,,5.535,1.100,0.1,5,5,5,0.500,0.500,0.500,0.500,0.500,"65,748.000",166.31,R$/MWh,0.00,0.00,"10,934,549.88",#REF!,#REF!,0.00,0.00,0.00,1/1/2026,12/31/2040,Não,"5,876.05",#REF!
,2005,2021,LEN,35ºLEN,Leilão de Energia Nova,008/2021,Panorama,35.658.058/0001-01,QTDS2026-15,UFV.RS.SP.049407-0.01,Panorama 07,Sem Pendências,SP,Solar Fotovoltaica,Radiação Solar Global,SE,"17,681,000.00",#REF!,5.010,,,5.535,1.100,0.1,5,5,5,0.500,0.500,0.500,0.500,0.500,"65,748.000",166.31,R$/MWh,0.00,0.00,"10,934,549.88",#REF!,#REF!,0.00,0.00,0.00,1/1/2026,12/31/2040,Não,"5,876.05",#REF!
,2006,2021,LEN,35ºLEN,Leilão de Energia Nova,008/2021,Panorama,35.658.058/0001-01,QTDS2026-15,UFV.RS.SP.049408-9.01,Panorama 08,Sem Pendências,SP,Solar Fotovoltaica,Radiação Solar Global,SE,"17,681,000.00",#REF!,5.010,,,5.535,1.100,0.1,5,5,5,0.500,0.500,0.500,0.500,0.500,"65,748.000",166.31,R$/MWh,0.00,0.00,"10,934,549.88",#REF!,#REF!,0.00,0.00,0.00,1/1/2026,12/31/2040,Não,"5,876.05",#REF!
,2007,2021,LEN,35ºLEN,Leilão de Energia Nova,008/2021,CVW,38.505.151/0001-74,DISTE2026-20,UTE.AI.AL.049853-0.01,CVW ENERGÉTICA,Sem Pendências,AL,Biomassa,Bagaço de Cana de Açúcar,NE,"100,200,000.00",#REF!,40.000,,,0.000,12.500,0.1,54,54,54,5.400,5.400,5.400,5.400,5.400,"946,728.000",263.18,R$/MWh,0.00,0.00,"249,159,875.04",#REF!,#REF!,"61,495,200.00","61,495,200.00","61,495,200.00",1/1/2026,12/31/2045,Não,"5,876.05",#REF!
,2008,2021,LEN,35ºLEN,Leilão de Energia Nova,008/2021,FS AGRISOLUTIONS,20.003.699/0002-31,DISTE2026-20,UTE.FL.MT.044865-6.01,SORRISO,Sem Pendências,MT,Biomassa,Cavaco de Madeira,SE,"100,651,000.00",#REF!,55.000,,,0.000,14.000,0.1,42,42,42,4.200,4.200,4.200,4.200,4.200,"736,344.000",273.00,R$/MWh,0.00,0.00,"201,021,912.00",#REF!,#REF!,"50,221,080.00","50,221,080.00","50,221,080.00",1/1/2026,12/31/2045,Não,"5,876.05",#REF!
,2009,2021,LEN,35ºLEN,Leilão de Energia Nova,008/2021,Raízen Paraguaçu,52.189.420/0001-61,DISTE2026-20,UTE.AI.SP.061648-6.01,BIOENERGIA PARAGUACU,Sem Pendências,SP,Biomassa,Bagaço de Cana de Açúcar,SE,"114,143,130.00",#REF!,30.000,,,0.000,9.900,0.1,99,99,99,9.900,9.900,9.900,9.900,9.900,"1,735,668.000",273.02,R$/MWh,0.00,0.00,"473,872,077.36",#REF!,#REF!,"131,701,593.40","131,701,593.40","131,701,593.40",1/1/2026,12/31/2045,Não,"5,876.05",#REF!
,2010,2021,LEN,35ºLEN,Leilão de Energia Nova,008/2021,Triângulo,37.978.223/0001-38,DISTE2026-20,UTE.AI.MG.050155-7.01,Triângulo,Sem Pendências,MG,Biomassa,Bagaço de Cana de Açúcar,SE,"83,000,000.00",#REF!,40.000,,,0.000,19.100,0.1,90,90,90,9.000,9.000,9.000,9.000,9.000,"1,577,880.000",265.00,R$/MWh,0.00,0.00,"418,138,200.00",#REF!,#REF!,"109,242,708.70","109,242,708.70","109,242,708.70",1/1/2026,12/31/2045,Não,"5,876.05",#REF!
,2011,2021,LEN,35ºLEN,Leilão de Energia Nova,008/2021,UTE CDL,27.171.295/0001-15,DISTE2026-20,UTE.FL.SP.040580-9.01,CIDADE DO LIVRO,Contrato não Adjudicado,SP,Biomassa,Bagaço de Cana de Açúcar,SE,"502,299,200.00",#REF!,80.000,,,0.000,52.100,0.1,156,156,156,15.600,15.600,15.600,15.600,15.600,"2,734,992.000",275.08,R$/MWh,0.00,0.00,"752,341,599.36",#REF!,#REF!,"107,163,391.65","107,163,391.65","107,163,391.65",1/1/2026,12/31/2045,Não,"5,876.05",#REF!
,2012,2021,LEN,35ºLEN,Leilão de Energia Nova,008/2021,UTE LAGUNA,07.912.062/0001-19,DISTE2026-20,UTE.AI.MS.030482-4.01,LAGUNA,Sem Pendências,MS,Biomassa,Bagaço de Cana de Açúcar,SE,"31,700,000.00",#REF!,21.200,,,0.000,4.600,0.1,23,23,23,2.300,2.300,2.300,2.300,2.300,"403,236.000",273.00,R$/MWh,0.00,0.00,"110,083,428.00",#REF!,#REF!,"28,952,074.15","28,952,074.15","28,952,074.15",1/1/2026,12/31/2045,Não,"5,876.05",#REF!
,2013,2021,LEN,35ºLEN,Leilão de Energia Nova,008/2021,UTE Uberaba 2,07.674.341/0001-91,DISTE2026-20,UTE.AI.MG.044551-7.01,UBERABA 2,Sem Pendências,MG,Biomassa,Bagaço de Cana de Açúcar,SE,"80,000,000.00",#REF!,35.000,,,0.000,19.100,0.1,67,67,67,6.700,6.700,6.700,6.700,6.700,"1,174,644.000",273.00,R$/MWh,0.00,0.00,"320,677,812.00",#REF!,#REF!,"84,727,180.65","84,727,180.65","84,727,180.65",1/1/2026,12/31/2045,Não,"5,876.05",#REF!
,2014,2021,LEN,35ºLEN,Leilão de Energia Nova,008/2021,URE BARUERI,14.641.895/0001-58,DISRS2026-20,UTE.RU.SP.031070-0.01,BARUERI,Sem Pendências,SP,Resíduo Sólido Urbano,Resíduo Sólido Urbano,SE,"520,000,000.00",#REF!,20.000,,,0.000,16.000,0.1,120,120,120,12.000,12.000,12.000,12.000,12.000,"2,103,840.000",549.35,R$/MWh,0.00,0.00,"1,155,744,504.00",#REF!,#REF!,"288,534,035.30","288,534,035.30","288,534,035.30",1/1/2026,12/31/2045,Não,"5,876.05",#REF!
,2015,2021,PCS,01ºPCS,Procedimento Competitivo Simplificado,001/2021,FENIX,35.367.818/0002-02,QTDE2022-03,UTE.FL.MT.029649-0.02,"UNIDADE DE GERAÇAÕ DE 
ENERGIA ELETRICA FENIX",Contrato Rescindido,MT,Biomassa,Cavaco de Madeira,SE,"150,720,000.00",#REF!,32.500,,,0.000,20.000,0.1,200,200,200,20.000,20.000,20.000,20.000,20.000,"643,680.000",343.00,R$/MWh,0.00,0.00,"220,782,240.00",#REF!,#REF!,0.00,0.00,0.00,5/1/2022,12/31/2025,Não,"6,018.51",#REF!
,2016,2021,PCS,01ºPCS,Procedimento Competitivo Simplificado,001/2021,ROVEMA,07.290.082/0001-03,QTDE2022-03,UFV.RS.RO.056129-0.01,BURITIS,Sem Pendências,RO,Solar Fotovoltaica,Radiação Solar Global,SE,"37,646,400.00",#REF!,5.200,,,6.055,1.100,0.1,10,10,10,1.000,1.000,1.000,1.000,1.000,"32,184.000",343.00,R$/MWh,0.00,0.00,"11,039,112.00",#REF!,#REF!,0.00,0.00,0.00,5/1/2022,12/31/2025,Não,"6,018.51",#REF!
,2017,2021,PCS,01ºPCS,Procedimento Competitivo Simplificado,001/2021,ROVEMA,07.290.082/0001-03,QTDE2022-03,UFV.RS.RO.056130-4.01,MACHADINHO,Sem Pendências,RO,Solar Fotovoltaica,Radiação Solar Global,SE,"37,646,400.00",#REF!,5.300,,,6.900,1.300,0.1,12,12,12,1.200,1.200,1.200,1.200,1.200,"38,620.800",347.00,R$/MWh,0.00,0.00,"13,401,417.60",#REF!,#REF!,0.00,0.00,0.00,5/1/2022,12/31/2025,Não,"6,018.51",#REF!
,2018,2021,PCS,01ºPCS,Procedimento Competitivo Simplificado,001/2021,BBOG,22.881.417/0001-43,DISP2022-03,UTE.GN.PR.037896-8.01,BARRA BONITA I,Sem Pendências,PR,Gás Natural,Gás Natural,S,"31,055,000.00",#REF!,9.389,,,0.000,4.100,0.1,39,39,39,3.900,3.900,3.900,3.900,3.900,"125,517.600","1,594.00",R$/MWh,0.00,0.00,"200,075,054.40",#REF!,#REF!,"60,051,095.06","60,051,095.06","60,051,095.06",5/1/2022,12/31/2025,Não,"6,018.51",#REF!
,2019,2021,PCS,01ºPCS,Procedimento Competitivo Simplificado,001/2021,EDLUX,43.750.514/0001-77,DISP2022-03,UTE.GN.MS.055592-4.01,EDLUX X,Imbróglio Judicial,MS,Gás Natural,Gás Natural,SE,"54,100,000.00",#REF!,56.000,,,0.000,53.200,0.1,532,532,532,53.200,53.200,53.200,53.200,53.200,"1,712,188.800","1,594.84",R$/MWh,0.00,0.00,"2,730,667,185.79",#REF!,#REF!,"829,031,644.40","829,031,644.40","829,031,644.40",5/1/2022,12/31/2025,Não,"6,018.51",#REF!
,2020,2021,PCS,01ºPCS,Procedimento Competitivo Simplificado,001/2021,EPP,23.398.090/0001-16,DISP2022-03,UTE.GN.MS.055739-0.01,EPP II,Imbróglio Judicial,MS,Gás Natural,Gás Natural,SE,"465,890,080.00",#REF!,112.902,,,0.000,106.900,0.1,"1,069","1,069","1,069",106.900,106.900,106.900,106.900,106.900,"3,440,469.600","1,602.01",R$/MWh,0.00,0.00,"5,511,666,703.90",#REF!,#REF!,"1,672,439,756.09","1,672,439,756.09","1,672,439,756.09",5/1/2022,12/31/2025,Não,"6,018.51",#REF!
,2021,2021,PCS,01ºPCS,Procedimento Competitivo Simplificado,001/2021,EPP,23.398.090/0001-16,DISP2022-03,UTE.GN.RJ.055740-4.01,EPP IV,Imbróglio Judicial,RJ,Gás Natural,Gás Natural,SE,"255,884,270.00",#REF!,62.010,,,0.000,58.700,0.1,587,587,587,58.700,58.700,58.700,58.700,58.700,"1,889,200.800","1,600.01",R$/MWh,0.00,0.00,"3,022,740,172.01",#REF!,#REF!,"917,344,810.00","917,344,810.00","917,344,810.00",5/1/2022,12/31/2025,Não,"6,018.51",#REF!
,2022,2021,PCS,01ºPCS,Procedimento Competitivo Simplificado,001/2021,EPP 2,23.398.090/0001-16,DISP2022-03,UTE.GN.RJ.055856-7.01,Rio de Janeiro I,Imbróglio Judicial,RJ,Gás Natural,Gás Natural,SE,"465,890,080.00",#REF!,112.902,,,0.000,106.900,0.1,"1,069","1,069","1,069",106.900,106.900,106.900,106.900,106.900,"3,440,469.600","1,601.01",R$/MWh,0.00,0.00,"5,508,226,234.30",#REF!,#REF!,"1,671,503,312.09","1,671,503,312.09","1,671,503,312.09",5/1/2022,12/31/2025,Não,"6,018.51",#REF!
,2023,2021,PCS,01ºPCS,Procedimento Competitivo Simplificado,001/2021,KPS 1,43.637.457/0001-14,DISP2022-03,UTE.GN.RJ.055914-8.01,Karkey 013,Data de Suprimento Alterada,RJ,Gás Natural,Gás Natural,SE,"1,795,396,180.00",#REF!,255.000,,,0.000,70.200,0.1,702,702,702,70.200,70.200,70.200,70.200,70.200,"2,259,316.800","1,598.90",R$/MWh,0.00,0.00,"3,612,421,631.52",#REF!,#REF!,"1,066,394,950.32","1,066,394,950.32","1,066,394,950.32",9/30/2022,5/31/2026,Não,"6,018.51",#REF!
,2024,2021,PCS,01ºPCS,Procedimento Competitivo Simplificado,001/2021,KPS 2,43.637.457/0001-14,DISP2022-03,UTE.GN.RJ.055917-2.01,Karkey 019,Data de Suprimento Alterada,RJ,Gás Natural,Gás Natural,SE,"807,232,450.00",#REF!,115.000,,,0.000,67.200,0.1,672,672,672,67.200,67.200,67.200,67.200,67.200,"2,162,764.800","1,599.60",R$/MWh,0.00,0.00,"3,459,558,574.08",#REF!,#REF!,"1,040,707,828.62","1,040,707,828.62","1,040,707,828.62",9/30/2022,5/31/2026,Não,"6,018.51",#REF!
,2025,2021,PCS,01ºPCS,Procedimento Competitivo Simplificado,001/2021,MP 1,28.287.882/0001-37,DISP2022-03,UTE.GN.SP.055998-9.01,MP Paulinia,Sem Pendências,SP,Gás Natural,Gás Natural,SE,"64,190,000.00",#REF!,15.950,,,0.000,15.700,0.1,157,157,157,15.700,15.700,15.700,15.700,15.700,"505,288.800","1,601.80",R$/MWh,0.00,0.00,"809,371,599.84",#REF!,#REF!,"245,665,260.21","245,665,260.21","245,665,260.21",5/1/2022,12/31/2025,Não,"6,018.51",#REF!
,2026,2021,PCS,01ºPCS,Procedimento Competitivo Simplificado,001/2021,PORSUD I,43.637.457/0001-14,DISP2022-03,UTE.GN.RJ.055706-4.01,PORSUD I,Data de Suprimento Alterada,RJ,Gás Natural,Gás Natural,SE,"304,908,000.00",#REF!,115.000,,,0.000,37.100,0.1,371,371,371,37.100,37.100,37.100,37.100,37.100,"1,194,026.400","1,599.50",R$/MWh,0.00,0.00,"1,909,845,226.80",#REF!,#REF!,"569,772,715.62","569,772,715.62","569,772,715.62",9/30/2022,5/31/2026,Não,"6,018.51",#REF!
,2027,2021,PCS,01ºPCS,Procedimento Competitivo Simplificado,001/2021,PORSUD II,43.637.457/0001-14,DISP2022-03,UTE.GN.RJ.055707-2.01,PORSUD II,Data de Suprimento Alterada,RJ,Gás Natural,Gás Natural,SE,"198,853,000.00",#REF!,75.000,,,0.000,24.500,0.1,245,245,245,24.500,24.500,24.500,24.500,24.500,"788,508.000","1,601.00",R$/MWh,0.00,0.00,"1,262,401,308.00",#REF!,#REF!,"376,616,212.75","376,616,212.75","376,616,212.75",9/30/2022,5/31/2026,Não,"6,018.51",#REF!
,2028,2021,PCS,01ºPCS,Procedimento Competitivo Simplificado,001/2021,ROVEMA,07.290.082/0001-03,DISP2022-03,UTE.GN.SC.056139-8.01,RE TG 100 02 01,Outorga Revogada,SC,Gás Natural,Gás Natural,S,"42,590,000.00",#REF!,100.200,,,0.000,68.700,0.1,687,687,687,68.700,68.700,68.700,68.700,68.700,"2,211,040.800","1,599.95",R$/MWh,0.00,0.00,"3,537,554,727.96",#REF!,#REF!,"1,069,411,610.00","1,069,411,610.00","1,069,411,610.00",5/1/2022,12/31/2025,Não,"6,018.51",#REF!
,2029,2021,PCS,01ºPCS,Procedimento Competitivo Simplificado,001/2021,TEVISA,09.043.782/0001-10,DISP2022-03,UTE.GN.ES.056350-1.01,VIANA 1,Sem Pendências,ES,Gás Natural,Gás Natural,SE,"147,332,000.00",#REF!,37.480,,,0.000,36.000,0.1,350,350,350,35.000,35.000,35.000,35.000,35.000,"1,126,440.000","1,594.00",R$/MWh,0.00,0.00,"1,795,545,360.00",#REF!,#REF!,"545,110,433.87","545,110,433.87","545,110,433.87",5/1/2022,12/31/2025,Não,"6,018.51",#REF!
,2030,2021,PCS,01ºPCS,Procedimento Competitivo Simplificado,001/2021,UTE POVOAÇÃO 1,43.174.526/0001-09,DISP2022-03,UTE.GN.ES.056045-6.01,POVOAÇÃO 1,Data de Suprimento Alterada,ES,Gás Natural,Gás Natural,SE,"269,571,000.00",#REF!,74.960,,,0.000,72.000,0.1,710,710,710,71.000,71.000,71.000,71.000,71.000,"2,285,064.000","1,601.95",R$/MWh,0.00,0.00,"3,660,558,274.80",#REF!,#REF!,"1,110,740,033.57","1,110,740,033.57","1,110,740,033.57",5/11/2022,1/10/2026,Não,"6,018.51",#REF!
,2031,2021,PCS,01ºPCS,Procedimento Competitivo Simplificado,001/2021,UTE-LORM,10.472.905/0001-18,DISP2022-03,UTE.GN.ES.030054-3.01,LUIZ OSCAR RODRIGUES DE MELO,Data de Suprimento Alterada,ES,Gás Natural,Gás Natural,SE,"132,023,000.00",#REF!,36.000,,,0.000,34.600,0.1,346,346,346,34.600,34.600,34.600,34.600,34.600,"1,113,566.400","1,594.00",R$/MWh,0.00,0.00,"1,775,024,841.60",#REF!,#REF!,"538,847,772.25","538,847,772.25","538,847,772.25",5/11/2022,1/10/2026,Não,"6,018.51",#REF!
,2032,2021,LEE,26ºLEE,Leilão de Energia Existente,009/2021,ALUPAR,08.364.948/0001-38,QTDE2022-02,-,-,Sem Pendências,-,-,-,N,0.00,#REF!,0.000,,,0.000,0.000,1.0,19,19,19,19.000,19.000,0.000,0.000,19.000,"332,880.000",210.00,R$/MWh,0.00,0.00,"69,904,800.00",#REF!,#REF!,0.00,0.00,0.00,1/1/2022,12/31/2023,Não,"6,018.51",#REF!
,2033,2021,LEE,26ºLEE,Leilão de Energia Existente,009/2021,BRASIL COM,13.145.928/0001-06,QTDE2022-02,-,-,Sem Pendências,-,-,-,N,0.00,#REF!,0.000,,,0.000,0.000,1.0,20,20,20,20.000,20.000,0.000,0.000,20.000,"350,400.000",209.00,R$/MWh,0.00,0.00,"73,233,600.00",#REF!,#REF!,0.00,0.00,0.00,1/1/2022,12/31/2023,Não,"6,018.51",#REF!
,2034,2021,LEE,26ºLEE,Leilão de Energia Existente,009/2021,COPEL COM,19.125.927/0001-86,QTDE2022-02,-,-,Sem Pendências,-,-,-,NE,0.00,#REF!,0.000,,,0.000,0.000,1.0,7,7,7,7.000,7.000,0.000,0.000,7.000,"122,640.000",205.80,R$/MWh,0.00,0.00,"25,239,312.00",#REF!,#REF!,0.00,0.00,0.00,1/1/2022,12/31/2023,Não,"6,018.51",#REF!
,2035,2021,LEE,26ºLEE,Leilão de Energia Existente,009/2021,SAFIRA COM,09.495.582/0001-07,QTDE2022-02,-,-,Sem Pendências,-,-,-,N,0.00,#REF!,0.000,,,0.000,0.000,1.0,20,20,20,20.000,20.000,0.000,0.000,20.000,"350,400.000",210.00,R$/MWh,0.00,0.00,"73,584,000.00",#REF!,#REF!,0.00,0.00,0.00,1/1/2022,12/31/2023,Não,"6,018.51",#REF!
,2036,2021,LEE,27ºLEE,Leilão de Energia Existente,010/2021,ELETRONORTE,00.357.038/0001-16,QTDE2023-02,-,-,Sem Pendências,-,-,-,N,0.00,#REF!,0.000,,,0.000,0.000,1.0,51,51,51,51.000,51.000,0.000,0.000,51.000,"894,744.000",200.00,R$/MWh,0.00,0.00,"178,948,800.00",#REF!,#REF!,0.00,0.00,0.00,1/1/2023,12/31/2024,Não,"6,018.51",#REF!
,2037,2021,LEE,27ºLEE,Leilão de Energia Existente,010/2021,KROMA,10.202.852/0001-15,QTDE2023-02,-,-,Sem Pendências,-,-,-,N,0.00,#REF!,0.000,,,0.000,0.000,1.0,10,10,10,10.000,10.000,0.000,0.000,10.000,"175,440.000",199.88,R$/MWh,0.00,0.00,"35,066,947.20",#REF!,#REF!,0.00,0.00,0.00,1/1/2023,12/31/2024,Não,"6,018.51",#REF!
,2038,2021,LEE,27ºLEE,Leilão de Energia Existente,010/2021,KROMA,10.202.852/0001-15,QTDE2023-02,-,-,Sem Pendências,-,-,-,NE,0.00,#REF!,0.000,,,0.000,0.000,1.0,5,5,5,5.000,5.000,0.000,0.000,5.000,"87,720.000",199.88,R$/MWh,0.00,0.00,"17,533,473.60",#REF!,#REF!,0.00,0.00,0.00,1/1/2023,12/31/2024,Não,"6,018.51",#REF!
,2039,2021,LEE,27ºLEE,Leilão de Energia Existente,010/2021,MAXIMA ENERGIA,12.630.054/0001-10,QTDE2023-02,-,-,Sem Pendências,-,-,-,N,0.00,#REF!,0.000,,,0.000,0.000,1.0,3,3,3,3.000,3.000,0.000,0.000,3.000,"52,632.000",199.90,R$/MWh,0.00,0.00,"10,521,136.80",#REF!,#REF!,0.00,0.00,0.00,1/1/2023,12/31/2024,Não,"6,018.51",#REF!
,2040,2021,LEE,27ºLEE,Leilão de Energia Existente,010/2021,VIVAZ ENERGIA,26.537.119/0001-91,QTDE2023-02,-,-,Sem Pendências,-,-,-,N,0.00,#REF!,0.000,,,0.000,0.000,1.0,2,2,2,2.000,2.000,0.000,0.000,2.000,"35,088.000",199.98,R$/MWh,0.00,0.00,"7,016,898.24",#REF!,#REF!,0.00,0.00,0.00,1/1/2023,12/31/2024,Não,"6,018.51",#REF!
,2041,2021,LRC,01ºLRC,Leilão de Reserva de Capacidade,011/2021,Azulão,30.185.130/0001-07,POTE2026-15,UTE.GN.AM.035071-0.01,AZULÃO,Data de Suprimento Alterada,AM,Gás Natural,Gás Natural,N,"915,400,240.00",#REF!,295.429,284.303,267.308,0.000,26.500,1.0,0,0,0,0.000,0.000,0.000,0.000,0.000,0.000,"878,000.00",R$/MW.ano,0.00,555.75,"3,520,446,360.00",#REF!,#REF!,"216,869,653.48","216,869,653.48","216,869,653.48",7/1/2026,6/30/2041,Não,"6,075.69",#REF!
,2042,2021,LRC,01ºLRC,Leilão de Reserva de Capacidade,011/2021,CEC,10.508.162/0001-99,POTE2026-15,UTE.PE.BA.029653-8.01,GLOBAL I,Sem Pendências,BA,Óleo Combustível,Óleo Combustível B1,NE,"20,000,000.00",#REF!,136.400,131.744,126.527,0.000,4.700,1.0,0,0,0,0.000,0.000,0.000,0.000,0.000,0.000,"879,227.22",R$/MW.ano,0.00,"1,275.59","1,668,689,736.97",#REF!,#REF!,"91,878,393.00","91,878,393.00","91,878,393.00",7/1/2026,6/30/2041,Não,"6,075.69",#REF!
,2043,2021,LRC,01ºLRC,Leilão de Reserva de Capacidade,011/2021,CEC,10.508.162/0001-99,POTE2026-15,UTE.PE.BA.029639-2.01,GLOBAL II,Sem Pendências,BA,Óleo Combustível,Óleo Combustível B1,NE,"20,000,000.00",#REF!,136.400,131.546,126.337,0.000,4.700,1.0,0,0,0,0.000,0.000,0.000,0.000,0.000,0.000,"879,227.23",R$/MW.ano,0.00,"1,275.59","1,666,183,958.35",#REF!,#REF!,"91,740,425.00","91,740,425.00","91,740,425.00",7/1/2026,6/30/2041,Não,"6,075.69",#REF!
,2044,2021,LRC,01ºLRC,Leilão de Reserva de Capacidade,011/2021,CEP,09.439.128/0001-20,POTE2026-15,UTE.PE.RN.028655-9.01,POTIGUAR,Sem Pendências,RN,Óleo Combustível,Óleo Diesel,NE,"15,000,000.00",#REF!,48.140,47.660,45.539,0.000,1.100,1.0,0,0,0,0.000,0.000,0.000,0.000,0.000,0.000,"873,761.39",R$/MW.ano,0.00,"2,050.45","596,853,299.09",#REF!,#REF!,"28,585,167.00","28,585,167.00","28,585,167.00",7/1/2026,6/30/2041,Não,"6,075.69",#REF!
,2045,2021,LRC,01ºLRC,Leilão de Reserva de Capacidade,011/2021,CEP,09.439.128/0001-20,POTE2026-15,UTE.PE.RN.029556-6.01,POTIGUAR III,Sem Pendências,RN,Óleo Combustível,Óleo Diesel,NE,"15,000,000.00",#REF!,51.460,50.950,48.513,0.000,1.200,1.0,0,0,0,0.000,0.000,0.000,0.000,0.000,0.000,"873,761.40",R$/MW.ano,0.00,"2,050.45","635,831,801.97",#REF!,#REF!,"30,451,969.00","30,451,969.00","30,451,969.00",7/1/2026,6/30/2041,Não,"6,075.69",#REF!
,2046,2021,LRC,01ºLRC,Leilão de Reserva de Capacidade,011/2021,DELTA GERAÇÃO PIE,13.787.764/0001-10,POTE2026-15,UTE.GN.MS.027075-0.01,WILLIAM ARJONA,Sem Pendências,MS,Gás Natural,Gás Natural,SE,0.00,#REF!,177.116,166.300,148.301,0.000,11.400,1.0,0,0,0,0.000,0.000,0.000,0.000,0.000,0.000,"877,700.00",R$/MW.ano,0.00,599.83,"1,952,456,815.50",#REF!,#REF!,"119,489,141.04","119,489,141.04","119,489,141.04",7/1/2026,6/30/2041,Não,"6,075.69",#REF!
,2047,2021,LRC,01ºLRC,Leilão de Reserva de Capacidade,011/2021,Geramar,09.110.880/0001-23,POTE2026-15,UTE.PE.MA.029705-4.01,GERAMAR I,Sem Pendências,MA,Óleo Combustível,Óleo Combustível B1,N,0.00,#REF!,165.870,162.870,145.539,0.000,6.300,1.0,0,0,0,0.000,0.000,0.000,0.000,0.000,0.000,"872,388.41",R$/MW.ano,0.00,"1,050.78","1,904,498,052.04",#REF!,#REF!,"108,615,000.00","108,615,000.00","108,615,000.00",7/1/2026,6/30/2041,Não,"6,075.69",#REF!
,2048,2021,LRC,01ºLRC,Leilão de Reserva de Capacidade,011/2021,Geramar,09.110.880/0001-23,POTE2026-15,UTE.PE.MA.029668-6.01,GERAMAR II,Sem Pendências,MA,Óleo Combustível,Óleo Combustível B1,N,0.00,#REF!,165.870,162.870,145.539,0.000,6.300,1.0,0,0,0,0.000,0.000,0.000,0.000,0.000,0.000,"872,388.41",R$/MW.ano,0.00,"1,050.78","1,904,498,052.04",#REF!,#REF!,"108,615,000.00","108,615,000.00","108,615,000.00",7/1/2026,6/30/2041,Não,"6,075.69",#REF!
,2049,2021,LRC,01ºLRC,Leilão de Reserva de Capacidade,011/2021,LGSA,10.472.905/0001-18,POTE2026-15,UTE.GN.ES.030054-3.01,LUIZ OSCAR RODRIGUES DE MELO,Sem Pendências,ES,Gás Natural,Gás Natural,SE,"105,800,000.00",#REF!,204.000,198.798,190.867,0.000,14.000,1.0,0,0,0,0.000,0.000,0.000,0.000,0.000,0.000,"878,152.17",R$/MW.ano,0.00,600.00,"2,514,154,053.47",#REF!,#REF!,"153,867,846.23","153,867,846.23","153,867,846.23",7/1/2026,6/30/2041,Não,"6,075.69",#REF!
,2050,2021,LRC,01ºLRC,Leilão de Reserva de Capacidade,011/2021,Parnaíba II,14.578.002/0001-77,POTE2026-15,UTE.GN.MA.031193-6.01,PARNAÍBA IV,Sem Pendências,MA,Gás Natural,Gás Natural,N,0.00,#REF!,56.277,55.140,39.331,0.000,4.900,1.0,0,0,0,0.000,0.000,0.000,0.000,0.000,0.000,"881,000.00",R$/MW.ano,0.00,544.00,"632,086,665.00",#REF!,#REF!,"32,083,083.32","32,083,083.32","32,083,083.32",7/1/2026,6/30/2041,Não,"6,075.69",#REF!
,2051,2021,LRC,01ºLRC,Leilão de Reserva de Capacidade,011/2021,PETROBRAS,33.000.167/0001-01,POTE2026-15,UTE.GN.MG.001096-0.01,IBIRITÉ,Sem Pendências,MG,Gás Natural,Gás Natural,SE,0.00,#REF!,226.000,220.413,197.870,0.000,14.500,1.0,0,0,0,0.000,0.000,0.000,0.000,0.000,0.000,"878,152.17",R$/MW.ano,0.00,600.00,"2,606,399,548.17",#REF!,#REF!,"159,513,329.88","159,513,329.88","159,513,329.88",7/1/2026,6/30/2041,Não,"6,075.69",#REF!
,2052,2021,LRC,01ºLRC,Leilão de Reserva de Capacidade,011/2021,PETROBRAS,33.000.167/0001-01,POTE2026-15,UTE.GN.RJ.027888-2.01,TERMORIO,Sem Pendências,RJ,Gás Natural,Gás Natural,SE,0.00,#REF!,"1,058.300",994.081,922.351,0.000,68.100,1.0,0,0,0,0.000,0.000,0.000,0.000,0.000,0.000,"876,685.12",R$/MW.ano,0.00,600.00,"12,129,170,956.76",#REF!,#REF!,"742,202,125.12","742,202,125.12","742,202,125.12",7/1/2026,6/30/2041,Não,"6,075.69",#REF!
,2053,2021,LRC,01ºLRC,Leilão de Reserva de Capacidade,011/2021,PORTOCEM,27.241.084/0001-01,POTE2026-15,UTE.GN.CE.037748-1.01,PORTOCÉM I,Data de Suprimento Alterada,CE,Gás Natural,Gás Natural,NE,"4,225,156,350.00",#REF!,"1,571.888","1,535.057","1,473.690",0.000,203.500,1.0,0,0,0,0.000,0.000,0.000,0.000,0.000,0.000,"843,974.84",R$/MW.ano,0.00,490.37,"18,656,359,229.39",#REF!,#REF!,"1,157,038,878.12","1,157,038,878.12","1,157,038,878.12",7/1/2026,6/30/2041,Não,"6,075.69",#REF!
,2054,2021,LRC,01ºLRC,Leilão de Reserva de Capacidade,011/2021,Termopernambuco,03.795.050/0001-09,POTE2026-15,UTE.GN.PE.028031-3.01,TERMOPERNAMBUCO,Sem Pendências,PE,Gás Natural,Gás Natural,NE,"50,584,000.00",#REF!,550.000,17.790,498.173,0.000,38.800,1.0,0,0,0,0.000,0.000,0.000,0.000,0.000,0.000,"487,412.70",R$/MW.ano,0.00,599.12,"3,642,237,704.96",#REF!,#REF!,"207,000,000.00","207,000,000.00","207,000,000.00",7/1/2026,6/30/2041,Não,"6,075.69",#REF!
,2055,2021,LRC,01ºLRC,Leilão de Reserva de Capacidade,011/2021,TEVISA,09.043.782/0002-00,POTE2026-15,UTE.PE.ES.029664-3.01,VIANA,Sem Pendências,ES,Óleo Combustível,Óleo Combustível B1,SE,"93,500,000.00",#REF!,174.600,171.596,166.439,0.000,0.001,1.0,0,0,0,0.000,0.000,0.000,0.000,0.000,0.000,"878,152.17",R$/MW.ano,0.00,"1,155.69","2,192,381,535.34",#REF!,#REF!,"123,076,542.47","123,076,542.47","123,076,542.47",7/1/2026,6/30/2041,Não,"6,075.69",#REF!
,2056,2021,LRC,01ºLRC,Leilão de Reserva de Capacidade,011/2021,PORTOCEM,11.371.025/0001-18,POTE2026-15,UTE.GN.SC.035310-8.01,TROMBUDO,Sem Pendências,SC,Gás Natural,Gás Natural,S,"17,764,900.00",#REF!,28.023,27.500,24.959,0.000,2.100,1.0,0,0,0,0.000,0.000,0.000,0.000,0.000,0.000,"875,346.10",R$/MW.ano,0.00,596.90,"327,716,449.65",#REF!,#REF!,"20,060,000.00","20,060,000.00","20,060,000.00",7/1/2026,6/30/2041,Não,"6,075.69",#REF!
,2057,2021,LRC,01ºLRC,Leilão de Reserva de Capacidade,011/2021,UTLP,27.171.295/0001-15,POTE2026-15,UTE.FL.SP.040580-9.01,CIDADE DO LIVRO,Sem Pendências,SP,Biomassa,Bagaço de Cana de Açúcar,SE,"502,299,200.00",#REF!,80.000,72.400,65.601,0.000,55.700,1.0,0,0,0,0.000,0.000,0.000,0.000,0.000,0.000,"877,321.16",R$/MW.ano,0.00,210.00,"863,297,181.26",#REF!,#REF!,"55,900,000.00","55,900,000.00","55,900,000.00",7/1/2026,6/30/2041,Não,"6,075.69",#REF!
,2058,2022,LEN,36ºLEN,Leilão de Energia Nova,003/2022,AGE,09.225.505/0001-29,QTDH2026-20,PCH.PH.SC.030675-4.01,ALTO GARCIA,Sem Pendências,SC,Hidrelétrica (PCH),Rio Garcia,S,"12,625,000.00",#REF!,2.000,,,0.000,1.360,0.1,13,13,13,1.300,1.300,1.300,1.300,1.300,"227,916.000",289.60,R$/MWh,0.00,0.00,"66,004,473.60",#REF!,#REF!,0.00,0.00,0.00,1/1/2026,12/31/2045,Não,"6,382.88",#REF!
,2059,2022,LEN,36ºLEN,Leilão de Energia Nova,003/2022,ATEN1,06.015.859/0001-50,QTDH2026-20,PCH.PH.MS.037179-3.01,FUNDÃOZINHO,Sem Pendências,MS,Hidrelétrica (PCH),Rio Sucuriú,SE,"168,685,570.00",#REF!,22.000,,,0.000,14.900,0.1,149,149,149,14.900,14.900,14.900,14.900,14.900,"2,612,268.000",291.79,R$/MWh,0.00,0.00,"762,233,679.72",#REF!,#REF!,0.00,0.00,0.00,1/1/2026,12/31/2045,Não,"6,382.88",#REF!
,2060,2022,LEN,36ºLEN,Leilão de Energia Nova,003/2022,CAVERNOSO III,30.037.511/0001-49,QTDH2026-20,PCH.PH.PR.037314-1.01,CAVERNOSO III,Sem Pendências,PR,Hidrelétrica (PCH),Rio Cavernoso,S,"27,181,810.00",#REF!,6.480,,,0.000,3.540,0.1,18,18,18,1.800,1.800,1.800,1.800,1.800,"315,576.000",289.00,R$/MWh,0.00,0.00,"91,201,464.00",#REF!,#REF!,0.00,0.00,0.00,1/1/2026,12/31/2045,Não,"6,382.88",#REF!
,2061,2022,LEN,36ºLEN,Leilão de Energia Nova,003/2022,CAVERNOSO IV,25.290.240/0001-07,QTDH2026-20,PCH.PH.PR.034241-6.01,CAVERNOSO IV,Sem Pendências,PR,Hidrelétrica (PCH),Rio Cavernoso,S,"35,082,990.00",#REF!,5.999,,,0.000,3.230,0.1,20,20,20,2.000,2.000,2.000,2.000,2.000,"350,640.000",289.59,R$/MWh,0.00,0.00,"101,541,837.60",#REF!,#REF!,0.00,0.00,0.00,1/1/2026,12/31/2045,Não,"6,382.88",#REF!
,2062,2022,LEN,36ºLEN,Leilão de Energia Nova,003/2022,CAVERNOSO VIII,18.475.126/0001-88,QTDH2026-20,PCH.PH.PR.034117-7.01,CAVERNOSO VIII,Sem Pendências,PR,Hidrelétrica (PCH),Rio Cavernoso,S,"35,348,410.00",#REF!,4.986,,,0.000,2.690,0.1,20,20,20,2.000,2.000,2.000,2.000,2.000,"350,640.000",289.50,R$/MWh,0.00,0.00,"101,510,280.00",#REF!,#REF!,0.00,0.00,0.00,1/1/2026,12/31/2045,Não,"6,382.88",#REF!
,2063,2022,LEN,36ºLEN,Leilão de Energia Nova,003/2022,CBE,10.952.160/0001-94,QTDH2026-20,PCH.PH.SC.031498-6.01,CAMPO BELO,Sem Pendências,SC,Hidrelétrica (PCH),Rio Vacas Gordas,S,"69,194,500.00",#REF!,11.998,,,0.000,6.450,0.1,60,60,60,6.000,6.000,6.000,6.000,6.000,"1,051,920.000",265.00,R$/MWh,0.00,0.00,"278,758,800.00",#REF!,#REF!,0.00,0.00,0.00,1/1/2026,12/31/2045,Não,"6,382.88",#REF!
,2064,2022,LEN,36ºLEN,Leilão de Energia Nova,003/2022,CBS,22.933.611/0001-25,QTDH2026-20,PCH.PH.MT.037888-7.01,BRAÇO SUL,Sem Pendências,MT,Hidrelétrica (PCH),Rio Braço Sul,SE,"51,587,710.00",#REF!,9.500,,,0.000,4.480,0.1,44,44,44,4.400,4.400,4.400,4.400,4.400,"771,408.000",289.60,R$/MWh,0.00,0.00,"223,399,756.80",#REF!,#REF!,0.00,0.00,0.00,1/1/2026,12/31/2045,Não,"6,382.88",#REF!
,2065,2022,LEN,36ºLEN,Leilão de Energia Nova,003/2022,CELESC GERA,08.336.804/0001-78,QTDH2026-20,CGH.PH.SC.035741-3.01,MARUIM,Sem Pendências,SC,Hidrelétrica (CGH),Rio Maruim,S,"7,034,000.00",#REF!,1.000,,,0.000,0.650,0.1,6,6,6,0.600,0.600,0.600,0.600,0.600,"105,192.000",264.99,R$/MWh,0.00,0.00,"27,874,828.08",#REF!,#REF!,0.00,0.00,0.00,1/1/2026,12/31/2045,Não,"6,382.88",#REF!
,2066,2022,LEN,36ºLEN,Leilão de Energia Nova,003/2022,COPREL,08.323.274/0001-23,QTDH2026-20,PCH.PH.RS.037468-7.01,SANTO ANTONIO DO JACUÍ,Sem Pendências,RS,Hidrelétrica (PCH),Rio Jacuí,S,"43,220,000.00",#REF!,4.652,,,0.000,2.520,0.1,20,20,20,2.000,2.000,2.000,2.000,2.000,"350,640.000",289.00,R$/MWh,0.00,0.00,"101,334,960.00",#REF!,#REF!,0.00,0.00,0.00,1/1/2026,12/31/2045,Não,"6,382.88",#REF!
,2067,2022,LEN,36ºLEN,Leilão de Energia Nova,003/2022,CORREGO FUNDO,22.890.550/0001-66,QTDH2026-20,PCH.PH.PR.029505-1.01,CÓRREGO FUNDO,Sem Pendências,PR,Hidrelétrica (PCH),Rio Pirapó,S,"112,020,000.00",#REF!,10.000,,,0.000,6.350,0.1,33,33,33,3.300,3.300,3.300,3.300,3.300,"578,556.000",289.60,R$/MWh,0.00,0.00,"167,549,817.60",#REF!,#REF!,0.00,0.00,0.00,1/1/2026,12/31/2045,Não,"6,382.88",#REF!
,2068,2022,LEN,36ºLEN,Leilão de Energia Nova,003/2022,CRIO,36.453.135/0001-50,QTDH2026-20,CGH.PH.TO.053909-0.01,RIO DA CONCEIÇÃO,Sem Pendências,TO,Hidrelétrica (CGH),Rio Manuel Alves,N,"22,605,430.00",#REF!,4.400,,,0.000,2.610,0.1,26,26,26,2.600,2.600,2.600,2.600,2.600,"455,832.000",289.50,R$/MWh,0.00,0.00,"131,963,364.00",#REF!,#REF!,0.00,0.00,0.00,1/1/2026,12/31/2045,Não,"6,382.88",#REF!
,2069,2022,LEN,36ºLEN,Leilão de Energia Nova,003/2022,FARTURA,10.405.377/0001-84,QTDH2026-20,CGH.PH.SC.044805-2.01,FARTURA,Sem Pendências,SC,Hidrelétrica (CGH),Rio Engano,S,"27,842,000.00",#REF!,4.948,,,0.000,2.710,0.1,15,15,15,1.500,1.500,1.500,1.500,1.500,"262,980.000",290.00,R$/MWh,0.00,0.00,"76,264,200.00",#REF!,#REF!,0.00,0.00,0.00,1/1/2026,12/31/2045,Não,"6,382.88",#REF!
,2070,2022,LEN,36ºLEN,Leilão de Energia Nova,003/2022,JUÁ,14.582.568/0001-72,QTDH2026-20,CGH.PH.MG.046523-2.02,JUÁ ENERGIA,Sem Pendências,MG,Hidrelétrica (CGH),Rio Glória,SE,"22,172,430.00",#REF!,3.000,,,0.000,2.190,0.1,20,20,20,2.000,2.000,2.000,2.000,2.000,"350,640.000",275.00,R$/MWh,0.00,0.00,"96,426,000.00",#REF!,#REF!,0.00,0.00,0.00,1/1/2026,12/31/2045,Não,"6,382.88",#REF!
,2071,2022,LEN,36ºLEN,Leilão de Energia Nova,003/2022,LINHA ONZE OESTE,27.059.624/0001-30,QTDH2026-20,PCH.PH.RS.037413-0.01,LINHA ONZE OESTE,Sem Pendências,RS,Hidrelétrica (PCH),Rio Ijuí,S,0.00,#REF!,15.520,,,0.000,8.550,0.1,59,59,59,5.900,5.900,5.900,5.900,5.900,"1,034,388.000",268.45,R$/MWh,0.00,0.00,"277,681,458.60",#REF!,#REF!,0.00,0.00,0.00,1/1/2026,12/31/2045,Não,"6,382.88",#REF!
,2072,2022,LEN,36ºLEN,Leilão de Energia Nova,003/2022,LTDA,10.945.279/0001-30,QTDH2026-20,PCH.PH.SC.031439-0.01,BOA VISTA,Sem Pendências,SC,Hidrelétrica (PCH),Rio Lava Tudo,S,"42,104,630.00",#REF!,5.000,,,0.000,2.500,0.1,20,20,20,2.000,2.000,2.000,2.000,2.000,"350,640.000",290.00,R$/MWh,0.00,0.00,"101,685,600.00",#REF!,#REF!,0.00,0.00,0.00,1/1/2026,12/31/2045,Não,"6,382.88",#REF!
,2073,2022,LEN,36ºLEN,Leilão de Energia Nova,003/2022,PAREDINHA,27.816.584/0001-24,QTDH2026-20,PCH.PH.PR.037743-0.01,PAREDINHA,Sem Pendências,PR,Hidrelétrica (PCH),Rio Cachoeira,S,"106,218,450.00",#REF!,21.000,,,0.000,12.070,0.1,108,108,108,10.800,10.800,10.800,10.800,10.800,"1,893,456.000",290.80,R$/MWh,0.00,0.00,"550,617,004.80",#REF!,#REF!,0.00,0.00,0.00,1/1/2026,12/31/2045,Não,"6,382.88",#REF!
,2074,2022,LEN,36ºLEN,Leilão de Energia Nova,003/2022,SAL,14.142.685/0001-15,QTDH2026-20,PCH.PH.RS.037249-8.01,SALTINHO RS,Sem Pendências,RS,Hidrelétrica (PCH),Rio Ituim,S,"110,223,120.00",#REF!,27.268,,,0.000,13.830,0.1,130,130,130,13.000,13.000,13.000,13.000,13.000,"2,279,160.000",265.00,R$/MWh,0.00,0.00,"603,977,400.00",#REF!,#REF!,0.00,0.00,0.00,1/1/2026,12/31/2045,Não,"6,382.88",#REF!
,2075,2022,LEN,36ºLEN,Leilão de Energia Nova,003/2022,TITO,29.369.506/0001-54,QTDH2026-20,PCH.PH.PR.037258-7.01,SÃO LUÍS,Sem Pendências,PR,Hidrelétrica (PCH),Rio Chopim,S,"171,963,130.00",#REF!,30.000,,,0.000,16.940,0.1,80,80,80,8.000,8.000,8.000,8.000,8.000,"1,402,560.000",280.00,R$/MWh,0.00,0.00,"392,716,800.00",#REF!,#REF!,0.00,0.00,0.00,1/1/2026,12/31/2045,Não,"6,382.88",#REF!
,2076,2022,LEN,36ºLEN,Leilão de Energia Nova,003/2022,BAUIV,34.986.649/0001-45,QTDE2026-15,EOL.CV.BA.038032-6.01,BARAÚNAS IV,Sem Pendências,BA,Eólica,Cinética do Vento,NE,"241,163,990.00",#REF!,41.580,,,0.000,21.100,0.1,95,95,95,9.500,9.500,9.500,9.500,9.500,"1,249,212.000",179.50,R$/MWh,0.00,0.00,"224,233,554.00",#REF!,#REF!,0.00,0.00,0.00,1/1/2026,12/31/2040,Não,"6,382.88",#REF!
,2077,2022,LEN,36ºLEN,Leilão de Energia Nova,003/2022,BAUXV,34.986.689/0001-97,QTDE2026-15,EOL.CV.BA.038031-8.01,BARAÚNAS XV,Sem Pendências,BA,Eólica,Cinética do Vento,NE,"281,358,010.00",#REF!,48.510,,,0.000,22.300,0.1,95,95,95,9.500,9.500,9.500,9.500,9.500,"1,249,212.000",179.67,R$/MWh,0.00,0.00,"224,445,920.04",#REF!,#REF!,0.00,0.00,0.00,1/1/2026,12/31/2040,Não,"6,382.88",#REF!
,2078,2022,LEN,36ºLEN,Leilão de Energia Nova,003/2022,BI,30.418.521/0001-24,QTDE2026-15,UFV.RS.PE.040725-9.01,BELMONTE 1 1,Sem Pendências,PE,Solar Fotovoltaica,Radiação Solar Global,NE,"205,316,700.00",#REF!,50.000,,,62.964,16.000,0.1,108,108,108,10.800,10.800,10.800,10.800,10.800,"1,420,156.800",178.00,R$/MWh,0.00,0.00,"252,787,910.40",#REF!,#REF!,0.00,0.00,0.00,1/1/2026,12/31/2040,Não,"6,382.88",#REF!
,2079,2022,LEN,36ºLEN,Leilão de Energia Nova,003/2022,BI,30.418.521/0001-24,QTDE2026-15,UFV.RS.PE.040728-3.01,BELMONTE 1 4,Sem Pendências,PE,Solar Fotovoltaica,Radiação Solar Global,NE,"34,642,500.00",#REF!,6.061,,,7.632,1.800,0.1,12,12,12,1.200,1.200,1.200,1.200,1.200,"157,795.200",178.66,R$/MWh,0.00,0.00,"28,191,690.43",#REF!,#REF!,0.00,0.00,0.00,1/1/2026,12/31/2040,Não,"6,382.88",#REF!
,2080,2022,LEN,36ºLEN,Leilão de Energia Nova,003/2022,BII,30.418.547/0001-72,QTDE2026-15,UFV.RS.PE.040735-6.01,BELMONTE 2 1,Sem Pendências,PE,Solar Fotovoltaica,Radiação Solar Global,NE,"205,316,700.00",#REF!,50.000,,,62.964,16.000,0.1,108,108,108,10.800,10.800,10.800,10.800,10.800,"1,420,156.800",177.99,R$/MWh,0.00,0.00,"252,773,708.83",#REF!,#REF!,0.00,0.00,0.00,1/1/2026,12/31/2040,Não,"6,382.88",#REF!
,2081,2022,LEN,36ºLEN,Leilão de Energia Nova,003/2022,CSLG,38.026.165/0001-05,QTDE2026-15,UFV.RS.PE.045056-1.01,LUIZ GONZAGA I,Sem Pendências,PE,Solar Fotovoltaica,Radiação Solar Global,NE,"121,006,810.00",#REF!,30.000,,,38.808,9.000,0.1,85,85,85,8.500,8.500,8.500,8.500,8.500,"1,117,716.000",178.52,R$/MWh,0.00,0.00,"199,534,660.32",#REF!,#REF!,0.00,0.00,0.00,1/1/2026,12/31/2040,Não,"6,382.88",#REF!
,2082,2022,LEN,36ºLEN,Leilão de Energia Nova,003/2022,CSLG,38.026.165/0001-05,QTDE2026-15,UFV.RS.PE.045058-8.01,LUIZ GONZAGA III,Sem Pendências,PE,Solar Fotovoltaica,Radiação Solar Global,NE,"121,006,810.00",#REF!,30.000,,,38.808,9.000,0.1,85,85,85,8.500,8.500,8.500,8.500,8.500,"1,117,716.000",178.52,R$/MWh,0.00,0.00,"199,534,660.32",#REF!,#REF!,0.00,0.00,0.00,1/1/2026,12/31/2040,Não,"6,382.88",#REF!
,2083,2022,LEN,36ºLEN,Leilão de Energia Nova,003/2022,EDPR1,09.334.083/0001-20,QTDE2026-15,EOL.CV.PB.044988-1.01,SERRA DA BORBOREMA I,Sem Pendências,PB,Eólica,Cinética do Vento,NE,"366,150,630.00",#REF!,43.400,,,0.000,22.900,0.1,139,139,139,13.900,13.900,13.900,13.900,13.900,"1,827,794.400",178.65,R$/MWh,0.00,0.00,"326,535,469.56",#REF!,#REF!,0.00,0.00,0.00,1/1/2026,12/31/2040,Não,"6,382.88",#REF!
,2084,2022,LEN,36ºLEN,Leilão de Energia Nova,003/2022,EDPR1,09.334.083/0001-20,QTDE2026-15,EOL.CV.PB.044989-0.01,SERRA DA BORBOREMA II,Sem Pendências,PB,Eólica,Cinética do Vento,NE,"418,208,620.00",#REF!,49.600,,,0.000,26.500,0.1,192,192,192,19.200,19.200,19.200,19.200,19.200,"2,524,723.200",179.49,R$/MWh,0.00,0.00,"453,162,567.17",#REF!,#REF!,0.00,0.00,0.00,1/1/2026,12/31/2040,Não,"6,382.88",#REF!
,2085,2022,LEN,36ºLEN,Leilão de Energia Nova,003/2022,SUZANO RRP1,16.404.287/0710-95,DIST2026-20,UTE.FL.MS.049647-2.01,SUZANO RRP1,Sem Pendências,MS,Biomassa,Lixívia,SE,"3,914,364,150.00",#REF!,384.000,165.000,,0.000,130.000,0.1,500,500,500,50.000,50.000,50.000,50.000,50.000,"8,766,000.000",315.00,R$/MWh,0.00,0.00,"2,761,290,000.00",#REF!,#REF!,"137,970,000.00","137,970,000.00","137,970,000.00",1/1/2026,12/31/2045,Não,"6,382.88",#REF!
,2086,2022,LEN,36ºLEN,Leilão de Energia Nova,003/2022,UTE BIOENERGIA MOC,44.102.764/0001-63,DIST2026-20,UTE.AI.SP.061587-0.01,IPIRANGA BIOENERGIA MOCOCA II,Sem Pendências,SP,Biomassa,Bagaço de Cana de Açúcar,SE,"60,000,000.00",#REF!,25.000,25.000,,0.000,15.800,0.1,115,115,115,11.500,11.500,11.500,11.500,11.500,"2,016,180.000",314.64,R$/MWh,0.00,0.00,"634,370,875.20",#REF!,#REF!,"31,868,635.53","31,868,635.53","31,868,635.53",1/1/2026,12/31/2045,Não,"6,382.88",#REF!
,2087,2022,LRCE,02ºLRC,Leilão de Reserva de Capacidade,008/2022,GPE,07.701.564/0001-09,DISNT2026-15,UTE.GN.AM.035316-7.01,MANAUS I,Sem Pendências,AM,Gás Natural,Gás Natural,N,"783,062,060.00",#REF!,162.905,160.873,,0.000,155.500,0.1,"1,487","1,487","1,487",148.700,148.700,148.700,148.700,148.700,"19,553,455.200",444.00,R$/MWh,0.00,0.00,"8,681,734,108.80",#REF!,#REF!,"552,814,387.00","552,814,387.00","552,814,387.00",12/31/2026,12/30/2041,Não,"6,388.87",#REF!
,2088,2022,LRCE,02ºLRC,Leilão de Reserva de Capacidade,008/2022,SPARTA,35.577.677/0001-71,DISNT2026-15,UTE.GN.AM.066966-0.01,AZULÃO II,Data de Suprimento Alterada,AM,Gás Natural,Gás Natural,N,"1,681,756,980.00",#REF!,295.429,284.303,,0.000,277.700,0.1,"2,604","2,604","2,604",260.400,260.400,260.400,260.400,260.400,"34,241,558.400",444.00,R$/MWh,0.00,0.00,"15,203,251,929.60",#REF!,#REF!,"960,962,665.05","960,962,665.05","960,962,665.05",12/31/2026,12/30/2041,Não,"6,388.87",#REF!
,2089,2022,LRCE,02ºLRC,Leilão de Reserva de Capacidade,008/2022,SPARTA,35.577.677/0001-71,DISNT2026-15,UTE.GN.AM.066967-9.01,AZULÃO IV,Data de Suprimento Alterada,AM,Gás Natural,Gás Natural,N,"1,681,756,980.00",#REF!,295.429,284.074,,0.000,277.700,0.1,"2,604","2,604","2,604",260.400,260.400,260.400,260.400,260.400,"34,241,558.400",444.00,R$/MWh,0.00,0.00,"15,203,251,929.60",#REF!,#REF!,"960,962,665.05","960,962,665.05","960,962,665.05",12/31/2026,12/30/2041,Não,"6,388.87",#REF!
,2090,2022,LEN,37ºLEN,Leilão de Energia Nova,004/2022,AMY,41.085.050/0001-04,QTDH2027-20,PCH.PH.SC.030131-0.01,ARROZEIRA MEYER,Sem Pendências,SC,Hidrelétrica (PCH),Rio dos Cedros,S,"131,319,010.00",#REF!,24.000,,,0.000,11.830,0.1,35,35,35,3.500,3.500,3.500,3.500,3.500,"613,620.000",279.54,R$/MWh,0.00,0.00,"171,531,334.80",#REF!,#REF!,0.00,0.00,0.00,1/1/2027,12/31/2046,Não,"6,370.34",#REF!
,2091,2022,LEN,37ºLEN,Leilão de Energia Nova,004/2022,ATEN,06.015.859/0001-50,QTDH2027-20,PCH.PH.GO.037206-4.01,TABOCA,Sem Pendências,GO,Hidrelétrica (PCH),Rio Verde,SE,"307,068,090.00",#REF!,29.788,,,0.000,19.370,0.1,187,187,187,18.700,18.700,18.700,18.700,18.700,"3,278,484.000",279.45,R$/MWh,0.00,0.00,"916,172,353.80",#REF!,#REF!,0.00,0.00,0.00,1/1/2027,12/31/2046,Não,"6,370.34",#REF!
,2092,2022,LEN,37ºLEN,Leilão de Energia Nova,004/2022,BRO,04.019.594/0001-33,QTDH2027-20,PCH.PH.PR.035005-2.01,BEIRA RIO,Sem Pendências,PR,Hidrelétrica (PCH),Rio Jaguariaíva,S,"114,830,240.00",#REF!,18.150,,,0.000,11.010,0.1,110,110,110,11.000,11.000,11.000,11.000,11.000,"1,928,520.000",278.89,R$/MWh,0.00,0.00,"537,844,942.80",#REF!,#REF!,0.00,0.00,0.00,1/1/2027,12/31/2046,Não,"6,370.34",#REF!
,2093,2022,LEN,37ºLEN,Leilão de Energia Nova,004/2022,CAVERNOSO III,30.037.511/0001-49,QTDH2027-20,PCH.PH.PR.037314-1.01,CAVERNOSO III,Sem Pendências,PR,Hidrelétrica (PCH),Rio Cavernoso,S,"27,181,810.00",#REF!,6.480,,,0.000,3.540,0.1,17,17,17,1.700,1.700,1.700,1.700,1.700,"298,044.000",276.69,R$/MWh,0.00,0.00,"82,465,794.36",#REF!,#REF!,0.00,0.00,0.00,1/1/2027,12/31/2046,Não,"6,370.34",#REF!
,2094,2022,LEN,37ºLEN,Leilão de Energia Nova,004/2022,DQE,13.313.381/0001-00,QTDH2027-20,PCH.PH.SC.045165-7.01,LEBON RÉGIS,Sem Pendências,SC,Hidrelétrica (PCH),Rio dos Patos,S,"32,422,720.00",#REF!,6.000,,,0.000,3.030,0.1,30,30,30,3.000,3.000,3.000,3.000,3.000,"525,960.000",277.42,R$/MWh,0.00,0.00,"145,911,823.20",#REF!,#REF!,0.00,0.00,0.00,1/1/2027,12/31/2046,Não,"6,370.34",#REF!
,2095,2022,LEN,37ºLEN,Leilão de Energia Nova,004/2022,ESTEN,31.254.315/0001-99,QTDH2027-20,UHE.PH.GO.038340-6.01,ESTRELA,Sem Pendências,GO,Hidrelétrica (UHE),Rio Verde,SE,"318,550,330.00",#REF!,48.400,,,0.000,27.700,0.1,268,268,268,26.800,26.800,26.800,26.800,26.800,"4,698,576.000",277.44,R$/MWh,0.00,0.00,"1,303,572,925.44",#REF!,#REF!,0.00,0.00,0.00,1/1/2027,12/31/2046,Não,"6,370.34",#REF!
,2096,2022,LEN,37ºLEN,Leilão de Energia Nova,004/2022,FARTURA,10.405.377/0001-84,QTDH2027-20,CGH.PH.SC.044805-2.01,FARTURA,Sem Pendências,SC,Hidrelétrica (CGH),Rio Engano,S,"27,842,000.00",#REF!,4.948,,,0.000,2.710,0.1,12,12,12,1.200,1.200,1.200,1.200,1.200,"210,384.000",279.26,R$/MWh,0.00,0.00,"58,751,835.84",#REF!,#REF!,0.00,0.00,0.00,1/1/2027,12/31/2046,Não,"6,370.34",#REF!
,2097,2022,LEN,37ºLEN,Leilão de Energia Nova,004/2022,FORTALEZA,09.167.664/0001-14,QTDH2027-20,PCH.PH.PR.035274-8.01,FORTALEZA,Sem Pendências,PR,Hidrelétrica (PCH),Rio Iapó,S,"91,713,180.00",#REF!,12.833,,,0.000,7.430,0.1,70,70,70,7.000,7.000,7.000,7.000,7.000,"1,227,240.000",275.40,R$/MWh,0.00,0.00,"337,981,896.00",#REF!,#REF!,0.00,0.00,0.00,1/1/2027,12/31/2046,Não,"6,370.34",#REF!
,2098,2022,LEN,37ºLEN,Leilão de Energia Nova,004/2022,IBICARE,13.799.554/0001-42,QTDH2027-20,PCH.PH.SC.035782-0.01,IBICARÉ,Sem Pendências,SC,Hidrelétrica (PCH),Rio Do Peixe,S,"37,514,030.00",#REF!,5.996,,,0.000,3.400,0.1,34,34,34,3.400,3.400,3.400,3.400,3.400,"596,088.000",279.50,R$/MWh,0.00,0.00,"166,606,596.00",#REF!,#REF!,0.00,0.00,0.00,1/1/2027,12/31/2046,Não,"6,370.34",#REF!
,2099,2022,LEN,37ºLEN,Leilão de Energia Nova,004/2022,PEGORARO,10.187.932/0001-49,QTDH2027-20,PCH.PH.MT.034468-0.01,PEGORARO,Data de Suprimento Alterada,MT,Hidrelétrica (PCH),Córrego do Salto,SE,"40,362,280.00",#REF!,5.200,,,0.000,2.520,0.1,22,22,22,2.200,2.200,2.200,2.200,2.200,"385,704.000",277.44,R$/MWh,0.00,0.00,"107,009,717.76",#REF!,#REF!,0.00,0.00,0.00,1/1/2027,12/31/2046,Não,"6,370.34",#REF!
,2100,2022,LEN,37ºLEN,Leilão de Energia Nova,004/2022,RAMADA,10.530.238/0001-82,QTDH2027-20,CGH.PH.SC.038156-0.01,RAMADA,Sem Pendências,SC,Hidrelétrica (CGH),Rio Antoninha,S,"31,400,000.00",#REF!,3.664,,,0.000,1.960,0.1,18,18,18,1.800,1.800,1.800,1.800,1.800,"315,576.000",277.40,R$/MWh,0.00,0.00,"87,540,782.40",#REF!,#REF!,0.00,0.00,0.00,1/1/2027,12/31/2046,Não,"6,370.34",#REF!
,2101,2022,LEN,37ºLEN,Leilão de Energia Nova,004/2022,SAE,32.905.845/0001-12,QTDH2027-20,PCH.PH.MT.037681-7.01,COLIBRI,Data de Suprimento Alterada,MT,Hidrelétrica (PCH),Córrego da Pratinha,SE,"87,384,330.00",#REF!,10.000,,,0.000,7.070,0.1,70,70,70,7.000,7.000,7.000,7.000,7.000,"1,227,240.000",277.46,R$/MWh,0.00,0.00,"340,510,010.40",#REF!,#REF!,0.00,0.00,0.00,1/1/2027,12/31/2046,Não,"6,370.34",#REF!
,2102,2022,LEN,37ºLEN,Leilão de Energia Nova,004/2022,BAUIV,34.986.649/0001-45,QTDE2027-15,EOL.CV.BA.038032-6.01,BARAÚNAS IV,Sem Pendências,BA,Eólica,Cinética do Vento,NE,"241,163,990.00",#REF!,41.580,,,0.000,21.100,0.1,65,65,65,6.500,6.500,6.500,6.500,6.500,"854,724.000",175.00,R$/MWh,0.00,0.00,"149,576,700.00",#REF!,#REF!,0.00,0.00,0.00,1/1/2027,12/31/2041,Não,"6,370.34",#REF!
,2103,2022,LEN,37ºLEN,Leilão de Energia Nova,004/2022,BAUXV,34.986.689/0001-97,QTDE2027-15,EOL.CV.BA.038031-8.01,BARAÚNAS XV,Sem Pendências,BA,Eólica,Cinética do Vento,NE,"281,358,010.00",#REF!,48.510,,,0.000,22.300,0.1,70,70,70,7.000,7.000,7.000,7.000,7.000,"920,472.000",175.00,R$/MWh,0.00,0.00,"161,082,600.00",#REF!,#REF!,0.00,0.00,0.00,1/1/2027,12/31/2041,Não,"6,370.34",#REF!
,2104,2022,LEN,37ºLEN,Leilão de Energia Nova,004/2022,EAP I,33.268.331/0001-66,QTDE2027-15,EOL.CV.RN.032080-3.01,AW SÃO JOÃO,Sem Pendências,RN,Eólica,Cinética do Vento,NE,"101,348,610.00",#REF!,25.200,,,0.000,14.100,0.1,100,100,100,10.000,10.000,10.000,10.000,10.000,"1,314,960.000",178.00,R$/MWh,0.00,0.00,"234,062,880.00",#REF!,#REF!,0.00,0.00,0.00,1/1/2027,12/31/2041,Não,"6,370.34",#REF!
,2105,2022,LEN,37ºLEN,Leilão de Energia Nova,004/2022,JANAUBA,32.609.833/0001-40,QTDS2027-15,UFV.RS.MG.045712-4.01,PROFESSORA HELEY DE ABREU SILVA BATISTA 1,Sem Pendências,MG,Solar Fotovoltaica,Radiação Solar Global,SE,"257,597,500.00",#REF!,50.000,,,64.627,16.600,0.1,166,166,166,16.600,16.600,16.600,16.600,16.600,"2,182,833.600",170.70,R$/MWh,0.00,0.00,"372,609,695.52",#REF!,#REF!,0.00,0.00,0.00,1/1/2027,12/31/2041,Não,"6,370.34",#REF!
,2106,2022,LEN,37ºLEN,Leilão de Energia Nova,004/2022,JANAUBA,32.609.833/0001-40,QTDS2027-15,UFV.RS.MG.045713-2.01,PROFESSORA HELEY DE ABREU SILVA BATISTA 2,Sem Pendências,MG,Solar Fotovoltaica,Radiação Solar Global,SE,"257,597,500.00",#REF!,50.000,,,64.627,16.600,0.1,166,166,166,16.600,16.600,16.600,16.600,16.600,"2,182,833.600",171.95,R$/MWh,0.00,0.00,"375,338,237.52",#REF!,#REF!,0.00,0.00,0.00,1/1/2027,12/31/2041,Não,"6,370.34",#REF!
,2107,2022,LEN,37ºLEN,Leilão de Energia Nova,004/2022,SANTA LUZIA XXVI,43.460.135/0001-42,QTDS2027-15,UFV.RS.PB.055553-3.01,SANTA LUZIA XXVI,Outorga Revogada,PB,Solar Fotovoltaica,Radiação Solar Global,NE,"144,693,200.00",#REF!,50.000,,,57.000,15.500,0.1,66,66,66,6.600,6.600,6.600,6.600,6.600,"867,873.600",172.20,R$/MWh,0.00,0.00,"149,447,833.92",#REF!,#REF!,0.00,0.00,0.00,1/1/2027,12/31/2041,Não,"6,370.34",#REF!
,2108,2022,LEN,37ºLEN,Leilão de Energia Nova,004/2022,SANTA LUZIA XXVII,43.488.399/0001-04,QTDS2027-15,UFV.RS.PB.055554-1.01,SANTA LUZIA XXVII,Outorga Revogada,PB,Solar Fotovoltaica,Radiação Solar Global,NE,"162,439,850.00",#REF!,50.000,,,57.782,15.500,0.1,120,120,120,12.000,12.000,12.000,12.000,12.000,"1,577,952.000",171.20,R$/MWh,0.00,0.00,"270,145,382.40",#REF!,#REF!,0.00,0.00,0.00,1/1/2027,12/31/2041,Não,"6,370.34",#REF!
,2109,2022,LEN,37ºLEN,Leilão de Energia Nova,004/2022,LASA LAGO AZUL,02.678.100/0001-05,DISBM2027-20,UTE.AI.GO.029173-0.01,LASA LAGO AZUL,Sem Pendências,GO,Biomassa,Bagaço de Cana de Açúcar,SE,"130,000,000.00",#REF!,21.700,10.000,,0.000,14.400,0.1,43,43,43,4.300,4.300,4.300,4.300,4.300,"753,876.000",211.80,R$/MWh,0.00,0.00,"159,670,936.80",#REF!,#REF!,"8,010,366.98","8,010,366.98","8,010,366.98",1/1/2027,12/31/2046,Não,"6,370.34",#REF!
,2110,2022,LEN,37ºLEN,Leilão de Energia Nova,004/2022,NARDINI APORÉ,48.708.267/0015-60,DISBM2027-20,UTE.AI.GO.030105-1.01,NARDINI AGROINDUSTRIAL,Sem Pendências,GO,Biomassa,Bagaço de Cana de Açúcar,SE,"131,190,000.00",#REF!,25.000,15.000,,0.000,12.300,0.1,87,87,87,8.700,8.700,8.700,8.700,8.700,"1,525,284.000",211.50,R$/MWh,0.00,0.00,"322,597,566.00",#REF!,#REF!,"16,576,868.12","16,576,868.12","16,576,868.12",1/1/2027,12/31/2046,Não,"6,370.34",#REF!
,2111,2022,LEN,37ºLEN,Leilão de Energia Nova,004/2022,URE BARUERI,14.641.895/0001-58,DISRS2027-20,UTE.RU.SP.031070-0.01,BARUERI,Sem Pendências,SP,Resíduo Sólido Urbano,Resíduo Sólido Urbano,SE,0.00,#REF!,20.000,17.500,,0.000,16.000,0.1,12,12,12,1.200,1.200,1.200,1.200,1.200,"210,384.000",603.50,R$/MWh,0.00,0.00,"126,966,744.00",#REF!,#REF!,"6,341,426.80","6,341,426.80","6,341,426.80",1/1/2027,12/31/2046,Não,"6,370.34",#REF!
,2112,2022,LEE,28ºLEE,Leilão de Energia Existente,006/2022,INDRA ENERGIA,32.312.466/0001-19,QTDE2023-02,-,-,Sem Pendências,-,-,-,N,0.00,#REF!,0.000,,,0.000,0.000,1.0,10,10,10,10.000,10.000,0.000,0.000,10.000,"175,440.000",98.77,R$/MWh,0.00,0.00,"17,328,208.80",#REF!,#REF!,0.00,0.00,0.00,1/1/2023,12/31/2024,Não,"6,407.93",#REF!
,2113,2022,LEE,28ºLEE,Leilão de Energia Existente,006/2022,LIBERTHA,33.127.947/0001-17,QTDE2023-02,-,-,Sem Pendências,-,-,-,SE,0.00,#REF!,0.000,,,0.000,0.000,1.0,20,20,20,20.000,20.000,0.000,0.000,20.000,"350,880.000",100.00,R$/MWh,0.00,0.00,"35,088,000.00",#REF!,#REF!,0.00,0.00,0.00,1/1/2023,12/31/2024,Não,"6,407.93",#REF!
,2114,2022,LEE,28ºLEE,Leilão de Energia Existente,006/2022,SAFIRA COM,09.495.582/0001-07,QTDE2023-02,-,-,Sem Pendências,-,-,-,N,0.00,#REF!,0.000,,,0.000,0.000,1.0,15,15,15,15.000,15.000,0.000,0.000,15.000,"263,160.000",100.00,R$/MWh,0.00,0.00,"26,316,000.00",#REF!,#REF!,0.00,0.00,0.00,1/1/2023,12/31/2024,Não,"6,407.93",#REF!
,2115,2022,LEE,28ºLEE,Leilão de Energia Existente,006/2022,SAFIRA COM,09.495.582/0001-07,QTDE2023-02,-,-,Sem Pendências,-,-,-,NE,0.00,#REF!,0.000,,,0.000,0.000,1.0,16,16,16,16.000,16.000,0.000,0.000,16.000,"280,704.000",100.00,R$/MWh,0.00,0.00,"28,070,400.00",#REF!,#REF!,0.00,0.00,0.00,1/1/2023,12/31/2024,Não,"6,407.93",#REF!
,2116,2022,LEE,29ºLEE,Leilão de Energia Existente,007/2022,DELTA ENERGIA,04.802.543/0001-83,QTDE2024-02,-,-,Sem Pendências,-,-,-,NE,0.00,#REF!,0.000,,,0.000,0.000,1.0,40,40,40,40.000,40.000,0.000,0.000,40.000,"701,760.000",131.66,R$/MWh,0.00,0.00,"92,393,721.60",#REF!,#REF!,0.00,0.00,0.00,1/1/2024,12/31/2025,Não,"6,407.93",#REF!
,2117,2022,LEE,29ºLEE,Leilão de Energia Existente,007/2022,GOLD ENERGIA,30.483.222/0001-73,QTDE2024-02,-,-,Contrato Rescindido,-,-,-,N,0.00,#REF!,0.000,,,0.000,0.000,1.0,34,34,34,34.000,34.000,0.000,0.000,34.000,"596,496.000",133.10,R$/MWh,0.00,0.00,"79,393,617.60",#REF!,#REF!,0.00,0.00,0.00,1/1/2024,12/31/2025,Não,"6,407.93",#REF!
,2118,2022,LEE,29ºLEE,Leilão de Energia Existente,007/2022,SAO ROQUE,15.116.321/0001-23,QTDE2024-02,-,-,Sem Pendências,-,-,-,S,0.00,#REF!,0.000,,,0.000,0.000,1.0,30,30,30,30.000,30.000,0.000,0.000,30.000,"526,320.000",131.00,R$/MWh,0.00,0.00,"68,947,920.00",#REF!,#REF!,0.00,0.00,0.00,1/1/2024,12/31/2025,Não,"6,407.93",#REF!
,2119,2022,LEE,29ºLEE,Leilão de Energia Existente,007/2022,STIMA ENERGIA,25.099.255/0001-84,QTDE2024-02,-,-,Sem Pendências,-,-,-,NE,0.00,#REF!,0.000,,,0.000,0.000,1.0,30,30,30,30.000,30.000,0.000,0.000,30.000,"526,320.000",132.50,R$/MWh,0.00,0.00,"69,737,400.00",#REF!,#REF!,0.00,0.00,0.00,1/1/2024,12/31/2025,Não,"6,407.93",#REF!
,2120,2022,LEE,29ºLEE,Leilão de Energia Existente,007/2022,TRINITY ENERGIA,17.077.752/0001-53,QTDE2024-02,-,-,Sem Pendências,-,-,-,N,0.00,#REF!,0.000,,,0.000,0.000,1.0,10,10,10,10.000,10.000,0.000,0.000,10.000,"175,440.000",130.44,R$/MWh,0.00,0.00,"22,884,393.60",#REF!,#REF!,0.00,0.00,0.00,1/1/2024,12/31/2025,Não,"6,407.93",#REF!
,2121,2023,LEE,30ºLEE,Leilão de Energia Existente,004/2023,ALUPAR,08.364.948/0001-38,QTDE2024-02,-,-,Sem Pendências,-,-,-,N,0.00,#REF!,0.000,,,0.000,0.000,1.0,50,50,50,50.000,50.000,0.000,0.000,50.000,"877,200.000",90.15,R$/MWh,0.00,0.00,"79,079,580.00",#REF!,#REF!,0.00,0.00,0.00,1/1/2024,12/31/2025,Não,"6,716.74",#REF!
,2122,2023,LEE,30ºLEE,Leilão de Energia Existente,004/2023,BANCO BTG PACTUAL,30.306.294/0001-45,QTDE2024-02,-,-,Sem Pendências,-,-,-,N,0.00,#REF!,0.000,,,0.000,0.000,1.0,70,70,70,70.000,70.000,0.000,0.000,70.000,"1,228,080.000",89.95,R$/MWh,0.00,0.00,"110,465,796.00",#REF!,#REF!,0.00,0.00,0.00,1/1/2024,12/31/2025,Não,"6,716.74",#REF!
,2123,2023,LEE,30ºLEE,Leilão de Energia Existente,004/2023,BANCO BTG PACTUAL,30.306.294/0001-45,QTDE2024-02,-,-,Sem Pendências,-,-,-,NE,0.00,#REF!,0.000,,,0.000,0.000,1.0,30,30,30,30.000,30.000,0.000,0.000,30.000,"526,320.000",91.63,R$/MWh,0.00,0.00,"48,226,701.60",#REF!,#REF!,0.00,0.00,0.00,1/1/2024,12/31/2025,Não,"6,716.74",#REF!
,2124,2023,LEE,30ºLEE,Leilão de Energia Existente,004/2023,EDP C,04.149.295/0001-13,QTDE2024-02,-,-,Sem Pendências,-,-,-,N,0.00,#REF!,0.000,,,0.000,0.000,1.0,15,15,15,15.000,15.000,0.000,0.000,15.000,"263,160.000",91.00,R$/MWh,0.00,0.00,"23,947,560.00",#REF!,#REF!,0.00,0.00,0.00,1/1/2024,12/31/2025,Não,"6,716.74",#REF!
,2125,2023,LEE,30ºLEE,Leilão de Energia Existente,004/2023,EDP C,04.149.295/0001-13,QTDE2024-02,-,-,Sem Pendências,-,-,-,NE,0.00,#REF!,0.000,,,0.000,0.000,1.0,40,40,40,40.000,40.000,0.000,0.000,40.000,"701,760.000",91.00,R$/MWh,0.00,0.00,"63,860,160.00",#REF!,#REF!,0.00,0.00,0.00,1/1/2024,12/31/2025,Não,"6,716.74",#REF!
,2126,2023,LEE,30ºLEE,Leilão de Energia Existente,004/2023,ENEL TRADING,30.248.458/0001-25,QTDE2024-02,-,-,Sem Pendências,-,-,-,N,0.00,#REF!,0.000,,,0.000,0.000,1.0,100,100,100,100.000,100.000,0.000,0.000,100.000,"1,754,400.000",91.63,R$/MWh,0.00,0.00,"160,755,672.00",#REF!,#REF!,0.00,0.00,0.00,1/1/2024,12/31/2025,Não,"6,716.74",#REF!
,2127,2023,LEE,30ºLEE,Leilão de Energia Existente,004/2023,ENEL TRADING,30.248.458/0001-25,QTDE2024-02,-,-,Sem Pendências,-,-,-,NE,0.00,#REF!,0.000,,,0.000,0.000,1.0,68,68,68,68.000,68.000,0.000,0.000,68.000,"1,192,992.000",91.68,R$/MWh,0.00,0.00,"109,373,506.56",#REF!,#REF!,0.00,0.00,0.00,1/1/2024,12/31/2025,Não,"6,716.74",#REF!
,2128,2023,LEE,30ºLEE,Leilão de Energia Existente,004/2023,GOLD ENERGIA,30.483.222/0001-73,QTDE2024-02,-,-,Contrato Rescindido,-,-,-,NE,0.00,#REF!,0.000,,,0.000,0.000,1.0,80,80,80,80.000,80.000,0.000,0.000,80.000,"1,403,520.000",90.74,R$/MWh,0.00,0.00,"127,355,404.80",#REF!,#REF!,0.00,0.00,0.00,1/1/2024,12/31/2025,Não,"6,716.74",#REF!
,2129,2023,LEE,30ºLEE,Leilão de Energia Existente,004/2023,ITAU COM,31.781.135/0001-65,QTDE2024-02,-,-,Sem Pendências,-,-,-,NE,0.00,#REF!,0.000,,,0.000,0.000,1.0,10,10,10,10.000,10.000,0.000,0.000,10.000,"175,440.000",90.75,R$/MWh,0.00,0.00,"15,921,180.00",#REF!,#REF!,0.00,0.00,0.00,1/1/2024,12/31/2025,Não,"6,716.74",#REF!
,2130,2023,LEE,30ºLEE,Leilão de Energia Existente,004/2023,SQUADRA,30.966.130/0001-44,QTDE2024-02,-,-,Sem Pendências,-,-,-,N,0.00,#REF!,0.000,,,0.000,0.000,1.0,10,10,10,10.000,10.000,0.000,0.000,10.000,"175,440.000",90.75,R$/MWh,0.00,0.00,"15,921,180.00",#REF!,#REF!,0.00,0.00,0.00,1/1/2024,12/31/2025,Não,"6,716.74",#REF!
,2131,2023,LEE,31ºLEE,Leilão de Energia Existente,005/2023,BANCO BTG PACTUAL,30.306.294/0001-45,QTDE2025-02,-,-,Sem Pendências,-,-,-,NE,0.00,#REF!,0.000,,,0.000,0.000,1.0,40,40,40,40.000,40.000,0.000,0.000,40.000,"700,800.000",116.60,R$/MWh,0.00,0.00,"81,713,280.00",#REF!,#REF!,0.00,0.00,0.00,1/1/2025,12/31/2026,Não,"6,716.74",#REF!
,2132,2023,LEE,31ºLEE,Leilão de Energia Existente,005/2023,CTG TRADING,03.631.957/0001-24,QTDE2025-02,-,-,Sem Pendências,-,-,-,SE,0.00,#REF!,0.000,,,0.000,0.000,1.0,10,10,10,10.000,10.000,0.000,0.000,10.000,"175,200.000",116.00,R$/MWh,0.00,0.00,"20,323,200.00",#REF!,#REF!,0.00,0.00,0.00,1/1/2025,12/31/2026,Não,"6,716.74",#REF!
,2133,2023,LEE,31ºLEE,Leilão de Energia Existente,005/2023,EDP C,04.149.295/0001-13,QTDE2025-02,-,-,Sem Pendências,-,-,-,NE,0.00,#REF!,0.000,,,0.000,0.000,1.0,40,40,40,40.000,40.000,0.000,0.000,40.000,"700,800.000",116.50,R$/MWh,0.00,0.00,"81,643,200.00",#REF!,#REF!,0.00,0.00,0.00,1/1/2025,12/31/2026,Não,"6,716.74",#REF!
,2134,2023,LEE,31ºLEE,Leilão de Energia Existente,005/2023,GOLD ENERGIA,30.483.222/0001-73,QTDE2025-02,-,-,Contrato Rescindido,-,-,-,NE,0.00,#REF!,0.000,,,0.000,0.000,1.0,118,118,118,118.000,118.000,0.000,0.000,118.000,"2,067,360.000",118.32,R$/MWh,0.00,0.00,"244,610,035.20",#REF!,#REF!,0.00,0.00,0.00,1/1/2025,12/31/2026,Não,"6,716.74",#REF!
,2135,2023,LEE,31ºLEE,Leilão de Energia Existente,005/2023,ITAU COM,31.781.135/0001-65,QTDE2025-02,-,-,Sem Pendências,-,-,-,N,0.00,#REF!,0.000,,,0.000,0.000,1.0,20,20,20,20.000,20.000,0.000,0.000,20.000,"350,400.000",116.62,R$/MWh,0.00,0.00,"40,863,648.00",#REF!,#REF!,0.00,0.00,0.00,1/1/2025,12/31/2026,Não,"6,716.74",#REF!
,2136,2023,LEE,31ºLEE,Leilão de Energia Existente,005/2023,RIO PARANAPAN,02.998.301/0001-81,QTDE2025-02,-,-,Sem Pendências,-,-,-,SE,0.00,#REF!,0.000,,,0.000,0.000,1.0,30,30,30,30.000,30.000,0.000,0.000,30.000,"525,600.000",116.00,R$/MWh,0.00,0.00,"60,969,600.00",#REF!,#REF!,0.00,0.00,0.00,1/1/2025,12/31/2026,Não,"6,716.74",#REF!
,2137,2023,LEE,31ºLEE,Leilão de Energia Existente,005/2023,SAFIRA COM,09.495.582/0001-07,QTDE2025-02,-,-,Sem Pendências,-,-,-,N,0.00,#REF!,0.000,,,0.000,0.000,1.0,10,10,10,10.000,10.000,0.000,0.000,10.000,"175,200.000",116.50,R$/MWh,0.00,0.00,"20,410,800.00",#REF!,#REF!,0.00,0.00,0.00,1/1/2025,12/31/2026,Não,"6,716.74",#REF!
,2138,2023,LEE,31ºLEE,Leilão de Energia Existente,005/2023,SAFIRA COM,09.495.582/0001-07,QTDE2025-02,-,-,Sem Pendências,-,-,-,NE,0.00,#REF!,0.000,,,0.000,0.000,1.0,10,10,10,10.000,10.000,0.000,0.000,10.000,"175,200.000",116.50,R$/MWh,0.00,0.00,"20,410,800.00",#REF!,#REF!,0.00,0.00,0.00,1/1/2025,12/31/2026,Não,"6,716.74",#REF!
,2139,2024,LEE,32ºLEE,Leilão de Energia Existente,003/2024,ARTEMIS COM,31.562.321/0001-03,QTD-2025-02,-,-,Sem Pendências,-,-,-,NE,0.00,#REF!,0.000,,,0.000,0.000,0.1,200,200,200,20.000,20.000,0.000,0.000,20.000,"350,400.000",163.65,R$/MWh,0.00,0.00,"57,342,960.00",#REF!,#REF!,0.00,0.00,0.00,1/1/2025,12/31/2026,Não,"7,036.33",#REF!
,2140,2024,LEE,32ºLEE,Leilão de Energia Existente,003/2024,ARTEMIS COM,31.562.321/0001-03,QTD-2025-02,-,-,Sem Pendências,-,-,-,S,0.00,#REF!,0.000,,,0.000,0.000,0.1,50,50,50,5.000,5.000,0.000,0.000,5.000,"87,600.000",163.65,R$/MWh,0.00,0.00,"14,335,740.00",#REF!,#REF!,0.00,0.00,0.00,1/1/2025,12/31/2026,Não,"7,036.33",#REF!
,2141,2024,LEE,32ºLEE,Leilão de Energia Existente,003/2024,AUREN,03.984.862/0001-94,QTD-2025-02,-,-,Sem Pendências,-,-,-,NE,0.00,#REF!,0.000,,,0.000,0.000,0.1,"1,250","1,250","1,250",125.000,125.000,0.000,0.000,125.000,"2,190,000.000",163.27,R$/MWh,0.00,0.00,"357,561,300.00",#REF!,#REF!,0.00,0.00,0.00,1/1/2025,12/31/2026,Não,"7,036.33",#REF!
,2142,2024,LEE,32ºLEE,Leilão de Energia Existente,003/2024,BANCO BTG PACTUAL,30.306.294/0001-45,QTD-2025-02,-,-,Sem Pendências,-,-,-,NE,0.00,#REF!,0.000,,,0.000,0.000,0.1,"2,500","2,500","2,500",250.000,250.000,0.000,0.000,250.000,"4,380,000.000",163.66,R$/MWh,0.00,0.00,"716,830,800.00",#REF!,#REF!,0.00,0.00,0.00,1/1/2025,12/31/2026,Não,"7,036.33",#REF!
,2143,2024,LEE,32ºLEE,Leilão de Energia Existente,003/2024,BOLT,13.700.609/0001-15,QTD-2025-02,-,-,Sem Pendências,-,-,-,N,0.00,#REF!,0.000,,,0.000,0.000,0.1,150,150,150,15.000,15.000,0.000,0.000,15.000,"262,800.000",162.11,R$/MWh,0.00,0.00,"42,602,508.00",#REF!,#REF!,0.00,0.00,0.00,1/1/2025,12/31/2026,Não,"7,036.33",#REF!
,2144,2024,LEE,32ºLEE,Leilão de Energia Existente,003/2024,BOLT,13.700.609/0001-15,QTD-2025-02,-,-,Sem Pendências,-,-,-,NE,0.00,#REF!,0.000,,,0.000,0.000,0.1,150,150,150,15.000,15.000,0.000,0.000,15.000,"262,800.000",162.11,R$/MWh,0.00,0.00,"42,602,508.00",#REF!,#REF!,0.00,0.00,0.00,1/1/2025,12/31/2026,Não,"7,036.33",#REF!
,2145,2024,LEE,32ºLEE,Leilão de Energia Existente,003/2024,BTG PACTUAL COMMODITIES,14.796.754/0001-04,QTD-2025-02,-,-,Sem Pendências,-,-,-,NE,0.00,#REF!,0.000,,,0.000,0.000,0.1,"1,215","1,215","1,215",121.500,121.500,0.000,0.000,121.500,"2,128,680.000",163.75,R$/MWh,0.00,0.00,"348,571,350.00",#REF!,#REF!,0.00,0.00,0.00,1/1/2025,12/31/2026,Não,"7,036.33",#REF!
,2146,2024,LEE,32ºLEE,Leilão de Energia Existente,003/2024,CASA DOS VENTOS COM,33.933.760/0001-00,QTD-2025-02,-,-,Sem Pendências,-,-,-,NE,0.00,#REF!,0.000,,,0.000,0.000,0.1,500,500,500,50.000,50.000,0.000,0.000,50.000,"876,000.000",162.97,R$/MWh,0.00,0.00,"142,761,720.00",#REF!,#REF!,0.00,0.00,0.00,1/1/2025,12/31/2026,Não,"7,036.33",#REF!
,2147,2024,LEE,32ºLEE,Leilão de Energia Existente,003/2024,CENTRAL,30.983.948/0001-75,QTD-2025-02,-,-,Sem Pendências,-,-,-,NE,0.00,#REF!,0.000,,,0.000,0.000,0.1,120,120,120,12.000,12.000,0.000,0.000,12.000,"210,240.000",163.00,R$/MWh,0.00,0.00,"34,269,120.00",#REF!,#REF!,0.00,0.00,0.00,1/1/2025,12/31/2026,Não,"7,036.33",#REF!
,2148,2024,LEE,32ºLEE,Leilão de Energia Existente,003/2024,CHESF,33.541.368/0001-16,QTD-2025-02,-,-,Sem Pendências,-,-,-,NE,0.00,#REF!,0.000,,,0.000,0.000,0.1,"3,400","3,400","3,400",340.000,340.000,0.000,0.000,340.000,"5,956,800.000",160.91,R$/MWh,0.00,0.00,"958,508,688.00",#REF!,#REF!,0.00,0.00,0.00,1/1/2025,12/31/2026,Não,"7,036.33",#REF!
,2149,2024,LEE,32ºLEE,Leilão de Energia Existente,003/2024,COPEL COM,19.125.927/0001-86,QTD-2025-02,-,-,Sem Pendências,-,-,-,NE,0.00,#REF!,0.000,,,0.000,0.000,0.1,500,500,500,50.000,50.000,0.000,0.000,50.000,"876,000.000",159.42,R$/MWh,0.00,0.00,"139,651,920.00",#REF!,#REF!,0.00,0.00,0.00,1/1/2025,12/31/2026,Não,"7,036.33",#REF!
,2150,2024,LEE,32ºLEE,Leilão de Energia Existente,003/2024,CZARNIKOW,07.794.616/0001-20,QTD-2025-02,-,-,Sem Pendências,-,-,-,N,0.00,#REF!,0.000,,,0.000,0.000,0.1,100,100,100,10.000,10.000,0.000,0.000,10.000,"175,200.000",163.70,R$/MWh,0.00,0.00,"28,680,240.00",#REF!,#REF!,0.00,0.00,0.00,1/1/2025,12/31/2026,Não,"7,036.33",#REF!
,2151,2024,LEE,32ºLEE,Leilão de Energia Existente,003/2024,CZARNIKOW,07.794.616/0001-20,QTD-2025-02,-,-,Sem Pendências,-,-,-,NE,0.00,#REF!,0.000,,,0.000,0.000,0.1,130,130,130,13.000,13.000,0.000,0.000,13.000,"227,760.000",163.60,R$/MWh,0.00,0.00,"37,261,536.00",#REF!,#REF!,0.00,0.00,0.00,1/1/2025,12/31/2026,Não,"7,036.33",#REF!
,2152,2024,LEE,32ºLEE,Leilão de Energia Existente,003/2024,DELTA ENERGIA,04.802.543/0001-83,QTD-2025-02,-,-,Sem Pendências,-,-,-,NE,0.00,#REF!,0.000,,,0.000,0.000,0.1,150,150,150,15.000,15.000,0.000,0.000,15.000,"262,800.000",159.80,R$/MWh,0.00,0.00,"41,995,440.00",#REF!,#REF!,0.00,0.00,0.00,1/1/2025,12/31/2026,Não,"7,036.33",#REF!
,2153,2024,LEE,32ºLEE,Leilão de Energia Existente,003/2024,ECOM,05.352.237/0001-55,QTD-2025-02,-,-,Sem Pendências,-,-,-,NE,0.00,#REF!,0.000,,,0.000,0.000,0.1,400,400,400,40.000,40.000,0.000,0.000,40.000,"700,800.000",161.22,R$/MWh,0.00,0.00,"112,982,976.00",#REF!,#REF!,0.00,0.00,0.00,1/1/2025,12/31/2026,Não,"7,036.33",#REF!
,2154,2024,LEE,32ºLEE,Leilão de Energia Existente,003/2024,EDP C,04.149.295/0001-13,QTD-2025-02,-,-,Sem Pendências,-,-,-,NE,0.00,#REF!,0.000,,,0.000,0.000,0.1,800,800,800,80.000,80.000,0.000,0.000,80.000,"1,401,600.000",163.00,R$/MWh,0.00,0.00,"228,460,800.00",#REF!,#REF!,0.00,0.00,0.00,1/1/2025,12/31/2026,Não,"7,036.33",#REF!
,2155,2024,LEE,32ºLEE,Leilão de Energia Existente,003/2024,ELECTRA ENERGY,04.518.259/0001-80,QTD-2025-02,-,-,Sem Pendências,-,-,-,NE,0.00,#REF!,0.000,,,0.000,0.000,0.1,500,500,500,50.000,50.000,0.000,0.000,50.000,"876,000.000",162.00,R$/MWh,0.00,0.00,"141,912,000.00",#REF!,#REF!,0.00,0.00,0.00,1/1/2025,12/31/2026,Não,"7,036.33",#REF!
,2156,2024,LEE,32ºLEE,Leilão de Energia Existente,003/2024,ELERAC,03.780.401/0001-08,QTD-2025-02,-,-,Sem Pendências,-,-,-,NE,0.00,#REF!,0.000,,,0.000,0.000,0.1,400,400,400,40.000,40.000,0.000,0.000,40.000,"700,800.000",159.00,R$/MWh,0.00,0.00,"111,427,200.00",#REF!,#REF!,0.00,0.00,0.00,1/1/2025,12/31/2026,Não,"7,036.33",#REF!
,2157,2024,LEE,32ºLEE,Leilão de Energia Existente,003/2024,ENEL TRADING,30.248.458/0001-25,QTD-2025-02,-,-,Sem Pendências,-,-,-,NE,0.00,#REF!,0.000,,,0.000,0.000,0.1,500,500,500,50.000,50.000,0.000,0.000,50.000,"876,000.000",163.00,R$/MWh,0.00,0.00,"142,788,000.00",#REF!,#REF!,0.00,0.00,0.00,1/1/2025,12/31/2026,Não,"7,036.33",#REF!
,2158,2024,LEE,32ºLEE,Leilão de Energia Existente,003/2024,ENGEFORM COM,42.311.687/0001-26,QTD-2025-02,-,-,Sem Pendências,-,-,-,NE,0.00,#REF!,0.000,,,0.000,0.000,0.1,30,30,30,3.000,3.000,0.000,0.000,3.000,"52,560.000",162.28,R$/MWh,0.00,0.00,"8,529,436.80",#REF!,#REF!,0.00,0.00,0.00,1/1/2025,12/31/2026,Não,"7,036.33",#REF!
,2159,2024,LEE,32ºLEE,Leilão de Energia Existente,003/2024,ENGIE BR GER,02.474.103/0001-19,QTD-2025-02,-,-,Sem Pendências,-,-,-,NE,0.00,#REF!,0.000,,,0.000,0.000,0.1,170,170,170,17.000,17.000,0.000,0.000,17.000,"297,840.000",162.60,R$/MWh,0.00,0.00,"48,428,784.00",#REF!,#REF!,0.00,0.00,0.00,1/1/2025,12/31/2026,Não,"7,036.33",#REF!
,2160,2024,LEE,32ºLEE,Leilão de Energia Existente,003/2024,GERAMAMORE,09.625.739/0001-63,QTD-2025-02,-,-,Sem Pendências,-,-,-,SE,0.00,#REF!,0.000,,,0.000,0.000,0.1,50,50,50,5.000,5.000,0.000,0.000,5.000,"87,600.000",162.68,R$/MWh,0.00,0.00,"14,250,768.00",#REF!,#REF!,0.00,0.00,0.00,1/1/2025,12/31/2026,Não,"7,036.33",#REF!
,2161,2024,LEE,32ºLEE,Leilão de Energia Existente,003/2024,KROMA,10.202.852/0001-15,QTD-2025-02,-,-,Sem Pendências,-,-,-,NE,0.00,#REF!,0.000,,,0.000,0.000,0.1,100,100,100,10.000,10.000,0.000,0.000,10.000,"175,200.000",160.91,R$/MWh,0.00,0.00,"28,191,432.00",#REF!,#REF!,0.00,0.00,0.00,1/1/2025,12/31/2026,Não,"7,036.33",#REF!
,2162,2024,LEE,32ºLEE,Leilão de Energia Existente,003/2024,PAECOM,48.251.703/0001-19,QTD-2025-02,-,-,Sem Pendências,-,-,-,NE,0.00,#REF!,0.000,,,0.000,0.000,0.1,100,100,100,10.000,10.000,0.000,0.000,10.000,"175,200.000",163.65,R$/MWh,0.00,0.00,"28,671,480.00",#REF!,#REF!,0.00,0.00,0.00,1/1/2025,12/31/2026,Não,"7,036.33",#REF!
,2163,2024,LEE,32ºLEE,Leilão de Energia Existente,003/2024,REPESA,23.096.269/0001-19,QTD-2025-02,-,-,Sem Pendências,-,-,-,NE,0.00,#REF!,0.000,,,0.000,0.000,0.1,500,500,500,50.000,50.000,0.000,0.000,50.000,"876,000.000",162.60,R$/MWh,0.00,0.00,"142,437,600.00",#REF!,#REF!,0.00,0.00,0.00,1/1/2025,12/31/2026,Não,"7,036.33",#REF!
,2164,2024,LEE,32ºLEE,Leilão de Energia Existente,003/2024,SAFIRA COM,09.495.582/0001-07,QTD-2025-02,-,-,Sem Pendências,-,-,-,N,0.00,#REF!,0.000,,,0.000,0.000,0.1,200,200,200,20.000,20.000,0.000,0.000,20.000,"350,400.000",163.65,R$/MWh,0.00,0.00,"57,342,960.00",#REF!,#REF!,0.00,0.00,0.00,1/1/2025,12/31/2026,Não,"7,036.33",#REF!
,2165,2024,LEE,32ºLEE,Leilão de Energia Existente,003/2024,SAFIRA COM,09.495.582/0001-07,QTD-2025-02,-,-,Sem Pendências,-,-,-,SE,0.00,#REF!,0.000,,,0.000,0.000,0.1,50,50,50,5.000,5.000,0.000,0.000,5.000,"87,600.000",163.65,R$/MWh,0.00,0.00,"14,335,740.00",#REF!,#REF!,0.00,0.00,0.00,1/1/2025,12/31/2026,Não,"7,036.33",#REF!
,2166,2024,LEE,32ºLEE,Leilão de Energia Existente,003/2024,SANTANDER COM,04.270.778/0001-71,QTD-2025-02,-,-,Sem Pendências,-,-,-,NE,0.00,#REF!,0.000,,,0.000,0.000,0.1,"1,000","1,000","1,000",100.000,100.000,0.000,0.000,100.000,"1,752,000.000",159.90,R$/MWh,0.00,0.00,"280,144,800.00",#REF!,#REF!,0.00,0.00,0.00,1/1/2025,12/31/2026,Não,"7,036.33",#REF!
,2167,2024,LEE,32ºLEE,Leilão de Energia Existente,003/2024,TRIA,46.494.301/0001-10,QTD-2025-02,-,-,Sem Pendências,-,-,-,NE,0.00,#REF!,0.000,,,0.000,0.000,0.1,200,200,200,20.000,20.000,0.000,0.000,20.000,"350,400.000",163.50,R$/MWh,0.00,0.00,"57,290,400.00",#REF!,#REF!,0.00,0.00,0.00,1/1/2025,12/31/2026,Não,"7,036.33",#REF!
,2168,2024,LEE,32ºLEE,Leilão de Energia Existente,003/2024,VITOL POWER,43.308.969/0001-37,QTD-2025-02,-,-,Sem Pendências,-,-,-,NE,0.00,#REF!,0.000,,,0.000,0.000,0.1,500,500,500,50.000,50.000,0.000,0.000,50.000,"876,000.000",163.20,R$/MWh,0.00,0.00,"142,963,200.00",#REF!,#REF!,0.00,0.00,0.00,1/1/2025,12/31/2026,Não,"7,036.33",#REF!
,2169,2024,LEE,32ºLEE,Leilão de Energia Existente,003/2024,ZETA ENERGIA,17.386.017/0001-21,QTD-2025-02,-,-,Sem Pendências,-,-,-,NE,0.00,#REF!,0.000,,,0.000,0.000,0.1,300,300,300,30.000,30.000,0.000,0.000,30.000,"525,600.000",163.65,R$/MWh,0.00,0.00,"86,014,440.00",#REF!,#REF!,0.00,0.00,0.00,1/1/2025,12/31/2026,Não,"7,036.33",#REF!
,2170,2024,LEE,33ºLEE,Leilão de Energia Existente,004/2024,ARTEMIS COM,31.562.321/0001-03,QTD-2026-02,-,-,Sem Pendências,-,-,-,NE,0.00,#REF!,0.000,,,0.000,0.000,0.1,50,50,50,5.000,5.000,0.000,0.000,5.000,"87,600.000",161.90,R$/MWh,0.00,0.00,"14,182,440.00",#REF!,#REF!,0.00,0.00,0.00,1/1/2026,12/31/2027,Não,"7,036.33",#REF!
,2171,2024,LEE,33ºLEE,Leilão de Energia Existente,004/2024,BTG PACTUAL COMMODITIES,14.796.754/0001-04,QTD-2026-02,-,-,Sem Pendências,-,-,-,NE,0.00,#REF!,0.000,,,0.000,0.000,0.1,188,188,188,18.800,18.800,0.000,0.000,18.800,"329,376.000",163.22,R$/MWh,0.00,0.00,"53,760,750.72",#REF!,#REF!,0.00,0.00,0.00,1/1/2026,12/31/2027,Não,"7,036.33",#REF!
,2172,2024,LEE,33ºLEE,Leilão de Energia Existente,004/2024,BTG PACTUAL ENERGIA,48.400.908/0001-19,QTD-2026-02,-,-,Sem Pendências,-,-,-,NE,0.00,#REF!,0.000,,,0.000,0.000,0.1,250,250,250,25.000,25.000,0.000,0.000,25.000,"438,000.000",163.12,R$/MWh,0.00,0.00,"71,446,560.00",#REF!,#REF!,0.00,0.00,0.00,1/1/2026,12/31/2027,Não,"7,036.33",#REF!
,2173,2024,LEE,33ºLEE,Leilão de Energia Existente,004/2024,CHESF,33.541.368/0001-16,QTD-2026-02,-,-,Sem Pendências,-,-,-,NE,0.00,#REF!,0.000,,,0.000,0.000,0.1,800,800,800,80.000,80.000,0.000,0.000,80.000,"1,401,600.000",160.05,R$/MWh,0.00,0.00,"224,326,080.00",#REF!,#REF!,0.00,0.00,0.00,1/1/2026,12/31/2027,Não,"7,036.33",#REF!
,2174,2024,LEE,33ºLEE,Leilão de Energia Existente,004/2024,EDP C,04.149.295/0001-13,QTD-2026-02,-,-,Sem Pendências,-,-,-,NE,0.00,#REF!,0.000,,,0.000,0.000,0.1,100,100,100,10.000,10.000,0.000,0.000,10.000,"175,200.000",161.00,R$/MWh,0.00,0.00,"28,207,200.00",#REF!,#REF!,0.00,0.00,0.00,1/1/2026,12/31/2027,Não,"7,036.33",#REF!
,2175,2024,LEE,33ºLEE,Leilão de Energia Existente,004/2024,ELECTRA ENERGY,04.518.259/0001-80,QTD-2026-02,-,-,Sem Pendências,-,-,-,NE,0.00,#REF!,0.000,,,0.000,0.000,0.1,500,500,500,50.000,50.000,0.000,0.000,50.000,"876,000.000",158.00,R$/MWh,0.00,0.00,"138,408,000.00",#REF!,#REF!,0.00,0.00,0.00,1/1/2026,12/31/2027,Não,"7,036.33",#REF!
,2176,2024,LEE,33ºLEE,Leilão de Energia Existente,004/2024,ENEL TRADING,30.248.458/0001-25,QTD-2026-02,-,-,Sem Pendências,-,-,-,NE,0.00,#REF!,0.000,,,0.000,0.000,0.1,"1,000","1,000","1,000",100.000,100.000,0.000,0.000,100.000,"1,752,000.000",159.99,R$/MWh,0.00,0.00,"280,302,480.00",#REF!,#REF!,0.00,0.00,0.00,1/1/2026,12/31/2027,Não,"7,036.33",#REF!
,2177,2024,LEE,33ºLEE,Leilão de Energia Existente,004/2024,MATRIX COM,17.858.631/0001-49,QTD-2026-02,-,-,Sem Pendências,-,-,-,NE,0.00,#REF!,0.000,,,0.000,0.000,0.1,"1,000","1,000","1,000",100.000,100.000,0.000,0.000,100.000,"1,752,000.000",163.00,R$/MWh,0.00,0.00,"285,576,000.00",#REF!,#REF!,0.00,0.00,0.00,1/1/2026,12/31/2027,Não,"7,036.33",#REF!
,2178,2024,LEE,33ºLEE,Leilão de Energia Existente,004/2024,SAFIRA COM,09.495.582/0001-07,QTD-2026-02,-,-,Sem Pendências,-,-,-,NE,0.00,#REF!,0.000,,,0.000,0.000,0.1,50,50,50,5.000,5.000,0.000,0.000,5.000,"87,600.000",161.25,R$/MWh,0.00,0.00,"14,125,500.00",#REF!,#REF!,0.00,0.00,0.00,1/1/2026,12/31/2027,Não,"7,036.33",#REF!
,2179,2024,LEE,33ºLEE,Leilão de Energia Existente,004/2024,SANTANDER COM,04.270.778/0001-71,QTD-2026-02,-,-,Sem Pendências,-,-,-,NE,0.00,#REF!,0.000,,,0.000,0.000,0.1,"1,000","1,000","1,000",100.000,100.000,0.000,0.000,100.000,"1,752,000.000",161.50,R$/MWh,0.00,0.00,"282,948,000.00",#REF!,#REF!,0.00,0.00,0.00,1/1/2026,12/31/2027,Não,"7,036.33",#REF!
,2180,2024,LEE,33ºLEE,Leilão de Energia Existente,004/2024,VITOL POWER,43.308.969/0001-37,QTD-2026-02,-,-,Sem Pendências,-,-,-,NE,0.00,#REF!,0.000,,,0.000,0.000,0.1,150,150,150,15.000,15.000,0.000,0.000,15.000,"262,800.000",161.30,R$/MWh,0.00,0.00,"42,389,640.00",#REF!,#REF!,0.00,0.00,0.00,1/1/2026,12/31/2027,Não,"7,036.33",#REF!
,2181,2025,LEN,39ºLEN,Leilão de Energia Nova,003/2025,AGATHON,08.229.380/0001-42,QTDH2030-20,PCH.PH.PR.035387-6.01,SÃO SALVADOR,Sem Pendências,PR,Hidrelétrica (PCH),ANDRADA,S,"31,101,680.00",#REF!,5.699,,,0.000,2.400,0.1,24,24,24,2.400,2.400,2.400,2.400,2.400,"420,768.000",402.97,R$/MWh,0.00,0.00,"169,556,880.96",#REF!,#REF!,0.00,0.00,0.00,1/1/2030,12/31/2049,Não,"7,331.98",#REF!
,2182,2025,LEN,39ºLEN,Leilão de Energia Nova,003/2025,AGUAS DE OURO,33.017.729/0001-20,QTDH2030-20,PCH.PH.SC.037302-8.01,ÁGUAS DE OURO,Sem Pendências,SC,Hidrelétrica (PCH),DO PEIXE,S,"75,960,000.00","75,960,000.00",16.334,,,0.000,8.950,0.1,89,89,89,8.900,8.900,8.900,8.900,8.900,"1,560,348.000",389.00,R$/MWh,0.00,0.00,"606,975,372.00",389.00,"606,975,372.00",0.00,0.00,0.00,1/1/2030,12/31/2049,Não,"7,331.98","7,331.98"
,2183,2025,LEN,39ºLEN,Leilão de Energia Nova,003/2025,AMY,41.085.050/0001-04,QTDH2030-20,PCH.PH.SC.030131-0.01,ARROZEIRA MEYER,Sem Pendências,SC,Hidrelétrica (PCH),DOS CEDROS,S,0.00,0.00,24.000,,,0.000,11.830,0.1,74,74,74,7.400,7.400,7.400,7.400,7.400,"1,297,368.000",316.50,R$/MWh,0.00,0.00,"410,616,972.00",316.50,"410,616,972.00",0.00,0.00,0.00,1/1/2030,12/31/2049,Não,"7,331.98","7,331.98"
,2184,2025,LEN,39ºLEN,Leilão de Energia Nova,003/2025,APARECIDA,36.282.940/0001-68,QTDH2030-20,PCH.PH.SC.032659-3.01,APARECIDA,Sem Pendências,SC,Hidrelétrica (PCH),CHAPECÓ,S,"64,613,260.00","64,613,260.00",7.500,,,0.000,3.660,0.1,36,36,36,3.600,3.600,3.600,3.600,3.600,"631,152.000",403.00,R$/MWh,0.00,0.00,"254,354,256.00",403.00,"254,354,256.00",0.00,0.00,0.00,1/1/2030,12/31/2049,Não,"7,331.98","7,331.98"
,2185,2025,LEN,39ºLEN,Leilão de Energia Nova,003/2025,ATEN,06.015.859/0001-50,QTDH2030-20,PCH.PH.GO.034866-0.01,TUCANO M1,Sem Pendências,GO,Hidrelétrica (PCH),VERDE,SE,"316,114,260.00","316,114,260.00",24.000,,,0.000,16.920,0.1,169,169,169,16.900,16.900,16.900,16.900,16.900,"2,962,908.000",389.97,R$/MWh,0.00,0.00,"1,155,445,232.76",389.97,"1,155,445,232.76",0.00,0.00,0.00,1/1/2030,12/31/2049,Não,"7,331.98","7,331.98"
,2186,2025,LEN,39ºLEN,Leilão de Energia Nova,003/2025,ATR,27.780.961/0001-12,QTDH2030-20,PCH.PH.PR.040826-3.01,ÁGUA TREMIDA,Sem Pendências,PR,Hidrelétrica (PCH),GOIOERE,S,"110,023,580.00","110,023,580.00",8.000,,,0.000,4.390,0.1,41,41,41,4.100,4.100,4.100,4.100,4.100,"718,812.000",401.86,R$/MWh,0.00,0.00,"288,861,790.32",401.86,"288,861,790.32",0.00,0.00,0.00,1/1/2030,12/31/2049,Não,"7,331.98","7,331.98"
,2187,2025,LEN,39ºLEN,Leilão de Energia Nova,003/2025,CARATUVA,31.617.166/0001-85,QTDH2030-20,PCH.PH.PR.034997-6.01,CARATUVA,Sem Pendências,PR,Hidrelétrica (PCH),RIBEIRA DO IGUAPE,S,"52,650,000.00","52,650,000.00",8.001,,,0.000,4.610,0.1,44,44,44,4.400,4.400,4.400,4.400,4.400,"771,408.000",390.00,R$/MWh,0.00,0.00,"300,849,120.00",390.00,"300,849,120.00",0.00,0.00,0.00,1/1/2030,12/31/2049,Não,"7,331.98","7,331.98"
,2188,2025,LEN,39ºLEN,Leilão de Energia Nova,003/2025,CB,07.003.107/0001-32,QTDH2030-20,PCH.PH.SC.032598-8.01,BARREIROS,Sem Pendências,SC,Hidrelétrica (PCH),CHAPECÓ,S,"201,498,410.00","201,498,410.00",22.138,,,0.000,12.930,0.1,116,116,116,11.600,11.600,11.600,11.600,11.600,"2,033,712.000",393.00,R$/MWh,0.00,0.00,"799,248,816.00",393.00,"799,248,816.00",0.00,0.00,0.00,1/1/2030,12/31/2049,Não,"7,331.98","7,331.98"
,2189,2025,LEN,39ºLEN,Leilão de Energia Nova,003/2025,CBAC,22.933.611/0001-25,QTDH2030-20,PCH.PH.MT.035435-0.01,BACURI,Sem Pendências,MT,Hidrelétrica (PCH),PONTE DE PEDRA,SE,"213,875,350.00","213,875,350.00",15.000,,,0.000,12.500,0.1,125,125,125,12.500,12.500,12.500,12.500,12.500,"2,191,500.000",402.85,R$/MWh,0.00,0.00,"882,845,775.00",402.85,"882,845,775.00",0.00,0.00,0.00,1/1/2030,12/31/2049,Não,"7,331.98","7,331.98"
,2190,2025,LEN,39ºLEN,Leilão de Energia Nova,003/2025,CBSE,83.053.736/0001-55,QTDH2030-20,PCH.PH.SC.035526-7.01,ESPRAIADO,Sem Pendências,SC,Hidrelétrica (PCH),TIMBÓ,S,"293,625,790.00","293,625,790.00",28.998,,,0.000,15.140,0.1,151,151,151,15.100,15.100,15.100,15.100,15.100,"2,647,332.000",380.00,R$/MWh,0.00,0.00,"1,005,986,160.00",380.00,"1,005,986,160.00",0.00,0.00,0.00,1/1/2030,12/31/2049,Não,"7,331.98","7,331.98"
,2191,2025,LEN,39ºLEN,Leilão de Energia Nova,003/2025,CCACH,22.933.611/0001-25,QTDH2030-20,PCH.PH.MT.037886-0.01,CACHIMBO,Sem Pendências,MT,Hidrelétrica (PCH),BRAÇO SUL,SE,"71,883,000.00","71,883,000.00",9.500,,,0.000,4.210,0.1,42,42,42,4.200,4.200,4.200,4.200,4.200,"736,344.000",402.85,R$/MWh,0.00,0.00,"296,636,180.40",402.85,"296,636,180.40",0.00,0.00,0.00,1/1/2030,12/31/2049,Não,"7,331.98","7,331.98"
,2192,2025,LEN,39ºLEN,Leilão de Energia Nova,003/2025,CELESC GERA,08.336.804/0001-78,QTDH2030-20,PCH.PH.SC.000728-5.02,CAVEIRAS,Sem Pendências,SC,Hidrelétrica (PCH),CAVEIRAS,S,"59,312,210.00","59,312,210.00",5.570,,,0.000,1.710,0.1,17,17,17,1.700,1.700,1.700,1.700,1.700,"298,044.000",402.77,R$/MWh,0.00,0.00,"120,043,181.88",402.77,"120,043,181.88",0.00,0.00,0.00,1/1/2030,12/31/2049,Não,"7,331.98","7,331.98"
,2193,2025,LEN,39ºLEN,Leilão de Energia Nova,003/2025,CGH KARAM,31.087.558/0001-80,QTDH2030-20,CGH.PH.SC.075533-8.01,KARAM,Sem Pendências,SC,Hidrelétrica (CGH),GARCIA,S,"13,450,430.00","13,450,430.00",1.979,,,0.000,1.040,0.1,10,10,10,1.000,1.000,1.000,1.000,1.000,"175,320.000",357.70,R$/MWh,0.00,0.00,"62,711,964.00",357.70,"62,711,964.00",0.00,0.00,0.00,1/1/2030,12/31/2049,Não,"7,331.98","7,331.98"
,2194,2025,LEN,39ºLEN,Leilão de Energia Nova,003/2025,CGHMORROAGUDO,35.687.898/0001-00,QTDH2030-20,CGH.PH.SC.075532-0.01,MORRO AGUDO,Sem Pendências,SC,Hidrelétrica (CGH),VACAS GORDAS,S,"22,009,000.00","22,009,000.00",1.800,,,0.000,0.820,0.1,8,8,8,0.800,0.800,0.800,0.800,0.800,"140,256.000",398.00,R$/MWh,0.00,0.00,"55,821,888.00",398.00,"55,821,888.00",0.00,0.00,0.00,1/1/2030,12/31/2049,Não,"7,331.98","7,331.98"
,2195,2025,LEN,39ºLEN,Leilão de Energia Nova,003/2025,CGHPINHEIRAL,35.680.872/0001-22,QTDH2030-20,CGH.PH.SC.075546-0.01,PINHEIRAL,Sem Pendências,SC,Hidrelétrica (CGH),VACAS GORDAS,S,"26,865,000.00","26,865,000.00",2.993,,,0.000,1.260,0.1,12,12,12,1.200,1.200,1.200,1.200,1.200,"210,384.000",398.00,R$/MWh,0.00,0.00,"83,732,832.00",398.00,"83,732,832.00",0.00,0.00,0.00,1/1/2030,12/31/2049,Não,"7,331.98","7,331.98"
,2196,2025,LEN,39ºLEN,Leilão de Energia Nova,003/2025,CITAE,33.042.730/0001-04,QTDH2030-20,UHE.PH.RS.000324-7.01,BUGRES,Sem Pendências,RS,Hidrelétrica (UHE),SANTA CRUZ,S,"61,800,000.00","61,800,000.00",6.500,,,0.000,3.130,0.1,31,31,31,3.100,3.100,3.100,3.100,3.100,"543,492.000",403.87,R$/MWh,0.00,0.00,"219,500,114.04",403.87,"219,500,114.04",0.00,0.00,0.00,1/1/2030,12/31/2049,Não,"7,331.98","7,331.98"
,2197,2025,LEN,39ºLEN,Leilão de Energia Nova,003/2025,CMAT,22.933.611/0001-25,QTDH2030-20,PCH.PH.MT.035325-6.01,MATRINCHÃ,Sem Pendências,MT,Hidrelétrica (PCH),PONTE DE PEDRA,SE,"167,416,430.00","167,416,430.00",20.000,,,0.000,16.670,0.1,166,166,166,16.600,16.600,16.600,16.600,16.600,"2,910,312.000",403.88,R$/MWh,0.00,0.00,"1,175,416,810.56",403.88,"1,175,416,810.56",0.00,0.00,0.00,1/1/2030,12/31/2049,Não,"7,331.98","7,331.98"
,2198,2025,LEN,39ºLEN,Leilão de Energia Nova,003/2025,CMRC,07.895.905/0001-16,QTDH2030-20,PCH.PH.GO.037826-7.01,ENG ÉRICO BITENCOURT DE FREITAS,Sem Pendências,GO,Hidrelétrica (PCH),CLARO,SE,"318,206,050.00","318,206,050.00",30.000,,,0.000,20.700,0.1,201,201,201,20.100,20.100,20.100,20.100,20.100,"3,523,932.000",402.90,R$/MWh,0.00,0.00,"1,419,792,202.80",402.90,"1,419,792,202.80",0.00,0.00,0.00,1/1/2030,12/31/2049,Não,"7,331.98","7,331.98"
,2199,2025,LEN,39ºLEN,Leilão de Energia Nova,003/2025,CRERAL,11.192.351/0001-68,QTDH2030-20,UHE.PH.RS.032517-1.01,FOZ DO PRATA,Sem Pendências,RS,Hidrelétrica (UHE),DA PRATA,S,"301,158,503.00","301,158,503.00",49.365,,,0.000,23.000,0.1,229,229,229,22.900,22.900,22.900,22.900,22.900,"4,014,828.000",400.00,R$/MWh,0.00,0.00,"1,605,931,200.00",400.00,"1,605,931,200.00",0.00,0.00,0.00,1/1/2030,12/31/2049,Não,"7,331.98","7,331.98"
,2200,2025,LEN,39ºLEN,Leilão de Energia Nova,003/2025,CRICIÚMA,34.954.482/0001-30,QTDH2030-20,PCH.PH.SC.032953-3.01,CRICIÚMA,Sem Pendências,SC,Hidrelétrica (PCH),CHAPECÓ,S,"72,858,910.00","72,858,910.00",6.000,,,0.000,2.910,0.1,29,29,29,2.900,2.900,2.900,2.900,2.900,"508,428.000",403.00,R$/MWh,0.00,0.00,"204,896,484.00",403.00,"204,896,484.00",0.00,0.00,0.00,1/1/2030,12/31/2049,Não,"7,331.98","7,331.98"
,2201,2025,LEN,39ºLEN,Leilão de Energia Nova,003/2025,CSB,04.222.898/0001-01,QTDH2030-20,PCH.PH.GO.035499-6.01,SÃO BENTO,Sem Pendências,GO,Hidrelétrica (PCH),SÃO BENTO,SE,"91,506,940.00","91,506,940.00",12.000,,,0.000,6.040,0.1,60,60,60,6.000,6.000,6.000,6.000,6.000,"1,051,920.000",402.97,R$/MWh,0.00,0.00,"423,892,202.40",402.97,"423,892,202.40",0.00,0.00,0.00,1/1/2030,12/31/2049,Não,"7,331.98","7,331.98"
,2202,2025,LEN,39ºLEN,Leilão de Energia Nova,003/2025,EMAE,02.302.101/0001-42,QTDH2030-20,PCH.PH.SP.029204-4.02,EDGARD DE SOUZA,Sem Pendências,SP,Hidrelétrica (PCH),TIETÊ,SE,"259,764,100.00","259,764,100.00",18.000,,,0.000,13.440,0.1,134,134,134,13.400,13.400,13.400,13.400,13.400,"2,349,288.000",402.95,R$/MWh,0.00,0.00,"946,645,599.60",402.95,"946,645,599.60",0.00,0.00,0.00,1/1/2030,12/31/2049,Não,"7,331.98","7,331.98"
,2203,2025,LEN,39ºLEN,Leilão de Energia Nova,003/2025,FGV,51.029.574/0001-23,QTDH2030-20,CGH.PH.ES.075557-5.01,FREI GALVÃO,Sem Pendências,ES,Hidrelétrica (CGH),JUCU BRAÇO SUL,SE,"36,930,470.00","36,930,470.00",5.000,,,0.000,2.740,0.1,27,27,27,2.700,2.700,2.700,2.700,2.700,"473,364.000",398.47,R$/MWh,0.00,0.00,"188,621,353.08",398.47,"188,621,353.08",0.00,0.00,0.00,1/1/2030,12/31/2049,Não,"7,331.98","7,331.98"
,2204,2025,LEN,39ºLEN,Leilão de Energia Nova,003/2025,FLTDA,42.772.409/0001-76,QTDH2030-20,PCH.PH.RS.037658-2.02,FORQUILHA II,Sem Pendências,RS,Hidrelétrica (PCH),FORQUILHA,S,"55,870,950.00","55,870,950.00",7.498,,,0.000,3.850,0.1,38,38,38,3.800,3.800,3.800,3.800,3.800,"666,216.000",398.95,R$/MWh,0.00,0.00,"265,786,873.20",398.95,"265,786,873.20",0.00,0.00,0.00,1/1/2030,12/31/2049,Não,"7,331.98","7,331.98"
,2205,2025,LEN,39ºLEN,Leilão de Energia Nova,003/2025,FORTALEZA,22.726.910/0001-99,QTDH2030-20,PCH.PH.SC.035466-0.01,FORTALEZA SC,Sem Pendências,SC,Hidrelétrica (PCH),ANTAS,S,"62,176,470.00","62,176,470.00",10.000,,,0.000,5.110,0.1,51,51,51,5.100,5.100,5.100,5.100,5.100,"894,132.000",389.00,R$/MWh,0.00,0.00,"347,817,348.00",389.00,"347,817,348.00",0.00,0.00,0.00,1/1/2030,12/31/2049,Não,"7,331.98","7,331.98"
,2206,2025,LEN,39ºLEN,Leilão de Energia Nova,003/2025,GAMBA,44.694.384/0001-65,QTDH2030-20,PCH.PH.SC.037247-1.01,GAMBA GEN,Sem Pendências,SC,Hidrelétrica (PCH),LAVA TUDO,S,"101,244,490.00","101,244,490.00",11.260,,,0.000,5.880,0.1,55,55,55,5.500,5.500,5.500,5.500,5.500,"964,260.000",400.00,R$/MWh,0.00,0.00,"385,704,000.00",400.00,"385,704,000.00",0.00,0.00,0.00,1/1/2030,12/31/2049,Não,"7,331.98","7,331.98"
,2207,2025,LEN,39ºLEN,Leilão de Energia Nova,003/2025,GENEROSO,19.396.984/0001-08,QTDH2030-20,PCH.PH.PR.037573-0.02,GENEROSO,Sem Pendências,PR,Hidrelétrica (PCH),CHOPIM,S,"70,000,000.00","70,000,000.00",5.000,,,0.000,3.990,0.1,39,39,39,3.900,3.900,3.900,3.900,3.900,"683,748.000",403.23,R$/MWh,0.00,0.00,"275,707,706.04",403.23,"275,707,706.04",0.00,0.00,0.00,1/1/2030,12/31/2049,Não,"7,331.98","7,331.98"
,2208,2025,LEN,39ºLEN,Leilão de Energia Nova,003/2025,GESL,04.610.623/0001-37,QTDH2030-20,PCH.PH.BA.035105-9.01,SANTA LUZIA,Sem Pendências,BA,Hidrelétrica (PCH),GRANDE,NE,0.00,0.00,17.000,,,0.000,10.160,0.1,20,20,20,2.000,2.000,2.000,2.000,2.000,"350,640.000",316.50,R$/MWh,0.00,0.00,"110,977,560.00",316.50,"110,977,560.00",0.00,0.00,0.00,1/1/2030,12/31/2049,Não,"7,331.98","7,331.98"
,2209,2025,LEN,39ºLEN,Leilão de Energia Nova,003/2025,IBICARE,13.799.554/0001-42,QTDH2030-20,PCH.PH.SC.035782-0.01,IBICARÉ,Sem Pendências,SC,Hidrelétrica (PCH),DO PEIXE,S,0.00,0.00,9.000,,,0.000,4.100,0.1,7,7,7,0.700,0.700,0.700,0.700,0.700,"122,724.000",316.50,R$/MWh,0.00,0.00,"38,842,146.00",316.50,"38,842,146.00",0.00,0.00,0.00,1/1/2030,12/31/2049,Não,"7,331.98","7,331.98"
,2210,2025,LEN,39ºLEN,Leilão de Energia Nova,003/2025,INDAIA,28.515.300/0001-22,QTDH2030-20,CGH.PH.MS.001128-2.01,INDAIÁ,Sem Pendências,MS,Hidrelétrica (CGH),INDAIÁ GRANDE,SE,"28,461,000.00","28,461,000.00",3.200,,,0.000,1.920,0.1,19,19,19,1.900,1.900,1.900,1.900,1.900,"333,108.000",401.93,R$/MWh,0.00,0.00,"133,886,098.44",401.93,"133,886,098.44",0.00,0.00,0.00,1/1/2030,12/31/2049,Não,"7,331.98","7,331.98"
,2211,2025,LEN,39ºLEN,Leilão de Energia Nova,003/2025,ITAGUAGÉ,35.607.053/0001-50,QTDH2030-20,PCH.PH.PR.035798-7.01,ITAGUAJÉ,Sem Pendências,PR,Hidrelétrica (PCH),PIRAPÓ,S,"57,898,010.00","57,898,010.00",7.296,,,0.000,4.650,0.1,40,40,40,4.000,4.000,4.000,4.000,4.000,"701,280.000",401.98,R$/MWh,0.00,0.00,"281,900,534.40",401.98,"281,900,534.40",0.00,0.00,0.00,1/1/2030,12/31/2049,Não,"7,331.98","7,331.98"
,2212,2025,LEN,39ºLEN,Leilão de Energia Nova,003/2025,ITR,20.431.592/0001-03,QTDH2030-20,PCH.PH.SC.029320-2.01,ITARARÉ,Sem Pendências,SC,Hidrelétrica (PCH),CAVEIRAS,S,"40,644,410.00","40,644,410.00",9.400,,,0.000,4.800,0.1,48,48,48,4.800,4.800,4.800,4.800,4.800,"841,536.000",398.00,R$/MWh,0.00,0.00,"334,931,328.00",398.00,"334,931,328.00",0.00,0.00,0.00,1/1/2030,12/31/2049,Não,"7,331.98","7,331.98"
,2213,2025,LEN,39ºLEN,Leilão de Energia Nova,003/2025,KLN1,13.111.015/0001-79,QTDH2030-20,PCH.PH.MT.034030-8.01,PUCON 2,Sem Pendências,MT,Hidrelétrica (PCH),CULUENE,SE,"68,407,440.00","68,407,440.00",7.100,,,0.000,3.170,0.1,31,31,31,3.100,3.100,3.100,3.100,3.100,"543,492.000",401.86,R$/MWh,0.00,0.00,"218,407,695.12",401.86,"218,407,695.12",0.00,0.00,0.00,1/1/2030,12/31/2049,Não,"7,331.98","7,331.98"
,2214,2025,LEN,39ºLEN,Leilão de Energia Nova,003/2025,LDC,09.227.053/0001-14,QTDH2030-20,PCH.PH.SC.037177-7.01,LOMBO DO CAVALO,Sem Pendências,SC,Hidrelétrica (PCH),DAS ANTAS,S,"25,762,400.00","25,762,400.00",5.600,,,0.000,2.540,0.1,25,25,25,2.500,2.500,2.500,2.500,2.500,"438,300.000",398.47,R$/MWh,0.00,0.00,"174,649,401.00",398.47,"174,649,401.00",0.00,0.00,0.00,1/1/2030,12/31/2049,Não,"7,331.98","7,331.98"
,2215,2025,LEN,39ºLEN,Leilão de Energia Nova,003/2025,LXG,09.310.265/0001-60,QTDH2030-20,PCH.PH.RS.035762-6.01,LIXIGUANA,Sem Pendências,RS,Hidrelétrica (PCH),TURVO-ITUIM,S,"81,512,950.00","81,512,950.00",9.000,,,0.000,4.570,0.1,45,45,45,4.500,4.500,4.500,4.500,4.500,"788,940.000",401.00,R$/MWh,0.00,0.00,"316,364,940.00",401.00,"316,364,940.00",0.00,0.00,0.00,1/1/2030,12/31/2049,Não,"7,331.98","7,331.98"
,2216,2025,LEN,39ºLEN,Leilão de Energia Nova,003/2025,MUTUM,06.326.654/0001-96,QTDH2030-20,PCH.PH.MT.031411-0.01,MUTUM I,Sem Pendências,MT,Hidrelétrica (PCH),CÓRREGO MUTUM,SE,"33,117,290.00","33,117,290.00",3.927,,,0.000,2.220,0.1,22,22,22,2.200,2.200,2.200,2.200,2.200,"385,704.000",389.00,R$/MWh,0.00,0.00,"150,038,856.00",389.00,"150,038,856.00",0.00,0.00,0.00,1/1/2030,12/31/2049,Não,"7,331.98","7,331.98"
,2217,2025,LEN,39ºLEN,Leilão de Energia Nova,003/2025,NOVA ERECHIM,20.239.366/0001-25,QTDH2030-20,PCH.PH.SC.037124-6.01,NOVA ERECHIM,Sem Pendências,SC,Hidrelétrica (PCH),CHAPECÓ,S,"172,562,000.00","172,562,000.00",24.000,,,0.000,12.650,0.1,125,125,125,12.500,12.500,12.500,12.500,12.500,"2,191,500.000",385.00,R$/MWh,0.00,0.00,"843,727,500.00",385.00,"843,727,500.00",0.00,0.00,0.00,1/1/2030,12/31/2049,Não,"7,331.98","7,331.98"
,2218,2025,LEN,39ºLEN,Leilão de Energia Nova,003/2025,OTACILIO,39.406.698/0001-85,QTDH2030-20,PCH.PH.MT.045075-8.01,OTACILIO LUCION,Sem Pendências,MT,Hidrelétrica (PCH),PINDAITUBA,SE,"208,470,280.00","208,470,280.00",19.000,,,0.000,14.440,0.1,144,144,144,14.400,14.400,14.400,14.400,14.400,"2,524,608.000",403.50,R$/MWh,0.00,0.00,"1,018,679,328.00",403.50,"1,018,679,328.00",0.00,0.00,0.00,1/1/2030,12/31/2049,Não,"7,331.98","7,331.98"
,2219,2025,LEN,39ºLEN,Leilão de Energia Nova,003/2025,PCH,09.310.265/0001-60,QTDH2030-20,PCH.PH.RS.035546-1.01,FAZENDA VELHA VTH,Sem Pendências,RS,Hidrelétrica (PCH),TURVO,S,"55,105,450.00","55,105,450.00",7.300,,,0.000,3.760,0.1,37,37,37,3.700,3.700,3.700,3.700,3.700,"648,684.000",401.00,R$/MWh,0.00,0.00,"260,122,284.00",401.00,"260,122,284.00",0.00,0.00,0.00,1/1/2030,12/31/2049,Não,"7,331.98","7,331.98"
,2220,2025,LEN,39ºLEN,Leilão de Energia Nova,003/2025,PCH ELETRO-IVO,31.882.778/0001-03,QTDH2030-20,PCH.PH.RO.029682-1.01,SÃO PAULO DO PIMENTA BUENO,Sem Pendências,RO,Hidrelétrica (PCH),PIMENTA BUENO,SE,"191,303,000.00","191,303,000.00",30.000,,,0.000,17.470,0.1,165,165,165,16.500,16.500,16.500,16.500,16.500,"2,892,780.000",402.00,R$/MWh,0.00,0.00,"1,162,897,560.00",402.00,"1,162,897,560.00",0.00,0.00,0.00,1/1/2030,12/31/2049,Não,"7,331.98","7,331.98"
,2221,2025,LEN,39ºLEN,Leilão de Energia Nova,003/2025,PCH GUARANI,36.785.805/0001-35,QTDH2030-20,PCH.PH.SC.034038-3.01,GUARANI,Sem Pendências,SC,Hidrelétrica (PCH),CHAPECOZINHO,S,"96,293,800.00","96,293,800.00",24.463,,,0.000,13.560,0.1,135,135,135,13.500,13.500,13.500,13.500,13.500,"2,366,820.000",402.53,R$/MWh,0.00,0.00,"952,716,054.60",402.53,"952,716,054.60",0.00,0.00,0.00,1/1/2030,12/31/2049,Não,"7,331.98","7,331.98"
,2222,2025,LEN,39ºLEN,Leilão de Energia Nova,003/2025,PCH MALACARA,49.486.827/0001-46,QTDH2030-20,PCH.PH.SC.037248-0.01,MALACARA,Sem Pendências,SC,Hidrelétrica (PCH),LAVA TUDO,S,"88,554,740.00","88,554,740.00",10.170,,,0.000,5.540,0.1,50,50,50,5.000,5.000,5.000,5.000,5.000,"876,600.000",400.00,R$/MWh,0.00,0.00,"350,640,000.00",400.00,"350,640,000.00",0.00,0.00,0.00,1/1/2030,12/31/2049,Não,"7,331.98","7,331.98"
,2223,2025,LEN,39ºLEN,Leilão de Energia Nova,003/2025,PCH NOVA TRENTO,09.428.256/0001-79,QTDH2030-20,PCH.PH.SC.029716-0.01,NOVA TRENTO,Sem Pendências,SC,Hidrelétrica (PCH),ALTO BRAÇO,S,"55,809,020.00","55,809,020.00",4.613,,,0.000,2.550,0.1,20,20,20,2.000,2.000,2.000,2.000,2.000,"350,640.000",390.00,R$/MWh,0.00,0.00,"136,749,600.00",390.00,"136,749,600.00",0.00,0.00,0.00,1/1/2030,12/31/2049,Não,"7,331.98","7,331.98"
,2224,2025,LEN,39ºLEN,Leilão de Energia Nova,003/2025,PCH PASSO MANSO,04.554.491/0001-73,QTDH2030-20,PCH.PH.SC.037660-4.01,PASSO MANSO,Sem Pendências,SC,Hidrelétrica (PCH),ITAJAÍ DO OESTE,S,"32,548,390.00","32,548,390.00",5.280,,,0.000,2.880,0.1,28,28,28,2.800,2.800,2.800,2.800,2.800,"490,896.000",402.85,R$/MWh,0.00,0.00,"197,757,453.60",402.85,"197,757,453.60",0.00,0.00,0.00,1/1/2030,12/31/2049,Não,"7,331.98","7,331.98"
,2225,2025,LEN,39ºLEN,Leilão de Energia Nova,003/2025,PCH PIRA,26.986.376/0001-00,QTDH2030-20,PCH.PH.SC.034669-1.01,PIRA,Sem Pendências,SC,Hidrelétrica (PCH),DO PEIXE,S,0.00,0.00,24.000,,,0.000,13.020,0.1,55,55,55,5.500,5.500,5.500,5.500,5.500,"964,260.000",316.50,R$/MWh,0.00,0.00,"305,188,290.00",316.50,"305,188,290.00",0.00,0.00,0.00,1/1/2030,12/31/2049,Não,"7,331.98","7,331.98"
,2226,2025,LEN,39ºLEN,Leilão de Energia Nova,003/2025,PCHCANTU1,41.986.535/0001-60,QTDH2030-20,PCH.PH.PR.033876-1.01,CANTU 1,Sem Pendências,PR,Hidrelétrica (PCH),CANTU,S,"125,998,000.00","125,998,000.00",9.999,,,0.000,5.470,0.1,54,54,54,5.400,5.400,5.400,5.400,5.400,"946,728.000",401.86,R$/MWh,0.00,0.00,"380,452,114.08",401.86,"380,452,114.08",0.00,0.00,0.00,1/1/2030,12/31/2049,Não,"7,331.98","7,331.98"
,2227,2025,LEN,39ºLEN,Leilão de Energia Nova,003/2025,PCHRB,48.129.897/0001-84,QTDH2030-20,PCH.PH.PR.035098-2.01,RIBEIRÃO BONITO,Sem Pendências,PR,Hidrelétrica (PCH),TURVO,S,"67,848,870.00","67,848,870.00",6.300,,,0.000,3.660,0.1,36,36,36,3.600,3.600,3.600,3.600,3.600,"631,152.000",401.86,R$/MWh,0.00,0.00,"253,634,742.72",401.86,"253,634,742.72",0.00,0.00,0.00,1/1/2030,12/31/2049,Não,"7,331.98","7,331.98"
,2228,2025,LEN,39ºLEN,Leilão de Energia Nova,003/2025,PCHVLE,12.326.607/0001-45,QTDH2030-20,PCH.PH.RS.032823-5.01,VALE DO LEITE,Sem Pendências,RS,Hidrelétrica (PCH),FORQUETA,S,"81,591,230.00","81,591,230.00",6.400,,,0.000,3.220,0.1,28,28,28,2.800,2.800,2.800,2.800,2.800,"490,896.000",390.00,R$/MWh,0.00,0.00,"191,449,440.00",390.00,"191,449,440.00",0.00,0.00,0.00,1/1/2030,12/31/2049,Não,"7,331.98","7,331.98"
,2229,2025,LEN,39ºLEN,Leilão de Energia Nova,003/2025,PIRATUBA,42.418.029/0001-38,QTDH2030-20,PCH.PH.SC.037546-2.01,PIRATUBA,Sem Pendências,SC,Hidrelétrica (PCH),DO PEIXE,S,"81,345,870.00","81,345,870.00",15.968,,,0.000,8.120,0.1,80,80,80,8.000,8.000,8.000,8.000,8.000,"1,402,560.000",395.00,R$/MWh,0.00,0.00,"554,011,200.00",395.00,"554,011,200.00",0.00,0.00,0.00,1/1/2030,12/31/2049,Não,"7,331.98","7,331.98"
,2230,2025,LEN,39ºLEN,Leilão de Energia Nova,003/2025,RIO VERMELHO,07.206.715/0001-44,QTDH2030-20,PCH.PH.SC.032305-5.01,RABO DO MACACO,Sem Pendências,SC,Hidrelétrica (PCH),VERMELHO,S,"66,224,620.00","66,224,620.00",5.700,,,0.000,2.780,0.1,20,20,20,2.000,2.000,2.000,2.000,2.000,"350,640.000",374.00,R$/MWh,0.00,0.00,"131,139,360.00",374.00,"131,139,360.00",0.00,0.00,0.00,1/1/2030,12/31/2049,Não,"7,331.98","7,331.98"
,2231,2025,LEN,39ºLEN,Leilão de Energia Nova,003/2025,RIOVENTO,33.072.077/0001-26,QTDH2030-20,CGH.PH.GO.075540-0.01,PONENTE,Sem Pendências,GO,Hidrelétrica (CGH),RIBEIRÃO ARIRANHA,SE,"15,037,190.00","15,037,190.00",2.500,,,0.000,1.420,0.1,14,14,14,1.400,1.400,1.400,1.400,1.400,"245,448.000",401.86,R$/MWh,0.00,0.00,"98,635,733.28",401.86,"98,635,733.28",0.00,0.00,0.00,1/1/2030,12/31/2049,Não,"7,331.98","7,331.98"
,2232,2025,LEN,39ºLEN,Leilão de Energia Nova,003/2025,RIOVENTO - VTGD,33.072.077/0001-26,QTDH2030-20,CGH.PH.MG.075539-7.01,VOLTA GRANDE,Sem Pendências,MG,Hidrelétrica (CGH),ANGU,SE,"15,121,880.00","15,121,880.00",2.498,,,0.000,1.600,0.1,16,16,16,1.600,1.600,1.600,1.600,1.600,"280,512.000",401.86,R$/MWh,0.00,0.00,"112,726,552.32",401.86,"112,726,552.32",0.00,0.00,0.00,1/1/2030,12/31/2049,Não,"7,331.98","7,331.98"
,2233,2025,LEN,39ºLEN,Leilão de Energia Nova,003/2025,RME,39.528.015/0001-62,QTDH2030-20,PCH.PH.RJ.029433-0.01,JAMBO,Sem Pendências,RJ,Hidrelétrica (PCH),GRANDE,SE,"67,811,060.00","67,811,060.00",14.000,,,0.000,8.280,0.1,82,82,82,8.200,8.200,8.200,8.200,8.200,"1,437,624.000",398.47,R$/MWh,0.00,0.00,"572,850,035.28",398.47,"572,850,035.28",0.00,0.00,0.00,1/1/2030,12/31/2049,Não,"7,331.98","7,331.98"
,2234,2025,LEN,39ºLEN,Leilão de Energia Nova,003/2025,RNAS,15.718.929/0001-28,QTDH2030-20,PCH.PH.MS.037179-3.01,FUNDÃOZINHO,Sem Pendências,MS,Hidrelétrica (PCH),SUCURIÚ,SE,0.00,0.00,22.000,,,0.000,15.670,0.1,7,7,7,0.700,0.700,0.700,0.700,0.700,"122,724.000",316.50,R$/MWh,0.00,0.00,"38,842,146.00",316.50,"38,842,146.00",0.00,0.00,0.00,1/1/2030,12/31/2049,Não,"7,331.98","7,331.98"
,2235,2025,LEN,39ºLEN,Leilão de Energia Nova,003/2025,SA,22.890.550/0001-66,QTDH2030-20,PCH.PH.PR.029505-1.01,CÓRREGO FUNDO,Sem Pendências,PR,Hidrelétrica (PCH),PIRAPÓ,S,0.00,0.00,10.000,,,0.000,6.350,0.1,20,20,20,2.000,2.000,2.000,2.000,2.000,"350,640.000",314.40,R$/MWh,0.00,0.00,"110,241,216.00",314.40,"110,241,216.00",0.00,0.00,0.00,1/1/2030,12/31/2049,Não,"7,331.98","7,331.98"
,2236,2025,LEN,39ºLEN,Leilão de Energia Nova,003/2025,SAL,14.142.685/0001-15,QTDH2030-20,PCH.PH.RS.037249-8.01,SALTINHO,Sem Pendências,RS,Hidrelétrica (PCH),ITUIM,S,0.00,0.00,27.270,,,0.000,13.830,0.1,8,8,8,0.800,0.800,0.800,0.800,0.800,"140,256.000",316.50,R$/MWh,0.00,0.00,"44,391,024.00",316.50,"44,391,024.00",0.00,0.00,0.00,1/1/2030,12/31/2049,Não,"7,331.98","7,331.98"
,2237,2025,LEN,39ºLEN,Leilão de Energia Nova,003/2025,SANTO CRISTO,44.539.045/0001-04,QTDH2030-20,PCH.PH.SC.030982-6.01,SANTO CRISTO,Sem Pendências,SC,Hidrelétrica (PCH),PELOTINHAS,S,"85,202,930.00","85,202,930.00",19.500,,,0.000,9.830,0.1,94,94,94,9.400,9.400,9.400,9.400,9.400,"1,648,008.000",402.97,R$/MWh,0.00,0.00,"664,097,783.76",402.97,"664,097,783.76",0.00,0.00,0.00,1/1/2030,12/31/2049,Não,"7,331.98","7,331.98"
,2238,2025,LEN,39ºLEN,Leilão de Energia Nova,003/2025,THES,37.133.094/0001-87,QTDH2030-20,CGH.PH.PR.075530-3.01,NOVA GERAÇÃO,Sem Pendências,PR,Hidrelétrica (CGH),SÃO FRANCISCO VERDADEIRO,S,"18,090,420.00","18,090,420.00",1.600,,,0.000,1.080,0.1,10,10,10,1.000,1.000,1.000,1.000,1.000,"175,320.000",402.85,R$/MWh,0.00,0.00,"70,627,662.00",402.85,"70,627,662.00",0.00,0.00,0.00,1/1/2030,12/31/2049,Não,"7,331.98","7,331.98"
,2239,2025,LEN,39ºLEN,Leilão de Energia Nova,003/2025,TITO,29.369.506/0001-54,QTDH2030-20,PCH.PH.PR.037258-7.01,TITO,Sem Pendências,PR,Hidrelétrica (PCH),CHOPIM,S,0.00,0.00,30.000,,,0.000,16.940,0.1,26,26,26,2.600,2.600,2.600,2.600,2.600,"455,832.000",316.50,R$/MWh,0.00,0.00,"144,270,828.00",316.50,"144,270,828.00",0.00,0.00,0.00,1/1/2030,12/31/2049,Não,"7,331.98","7,331.98"
,2240,2025,LEN,39ºLEN,Leilão de Energia Nova,003/2025,TRINDADE BAIXO JUSAN,35.760.993/0001-84,QTDH2030-20,PCH.PH.PR.033723-4.01,TRINDADE BAIXO JUSANTE,Sem Pendências,PR,Hidrelétrica (PCH),CHOPIM,S,"106,863,210.00","106,863,210.00",18.817,,,0.000,10.150,0.1,101,101,101,10.100,10.100,10.100,10.100,10.100,"1,770,732.000",390.00,R$/MWh,0.00,0.00,"690,585,480.00",390.00,"690,585,480.00",0.00,0.00,0.00,1/1/2030,12/31/2049,Não,"7,331.98","7,331.98"
,2241,2025,LEN,39ºLEN,Leilão de Energia Nova,003/2025,URSULETA,23.871.558/0001-48,QTDH2030-20,PCH.PH.SC.037544-6.01,URSULETA,Sem Pendências,SC,Hidrelétrica (PCH),IRANI,S,"61,804,320.00","61,804,320.00",5.700,,,0.000,2.980,0.1,29,29,29,2.900,2.900,2.900,2.900,2.900,"508,428.000",370.00,R$/MWh,0.00,0.00,"188,118,360.00",370.00,"188,118,360.00",0.00,0.00,0.00,1/1/2030,12/31/2049,Não,"7,331.98","7,331.98"
,2242,2025,LEN,39ºLEN,Leilão de Energia Nova,003/2025,URU,59.141.885/0001-91,QTDH2030-20,PCH.PH.SC.040194-3.01,URUPEMA,Sem Pendências,SC,Hidrelétrica (PCH),LAVA TUDO,S,"67,240,480.00","67,240,480.00",10.000,,,0.000,4.970,0.1,49,49,49,4.900,4.900,4.900,4.900,4.900,"859,068.000",387.47,R$/MWh,0.00,0.00,"332,863,077.96",387.47,"332,863,077.96",0.00,0.00,0.00,1/1/2030,12/31/2049,Não,"7,331.98","7,331.98"
,2243,2025,LEN,39ºLEN,Leilão de Energia Nova,003/2025,USINA UNIÃO,10.204.485/0001-99,QTDH2030-20,PCH.PH.PE.048667-1.02,AMARAJI,Sem Pendências,PE,Hidrelétrica (PCH),AMARAJI,NE,"104,566,140.00","104,566,140.00",8.850,,,0.000,4.610,0.1,43,43,43,4.300,4.300,4.300,4.300,4.300,"753,876.000",403.50,R$/MWh,0.00,0.00,"304,188,966.00",403.50,"304,188,966.00",0.00,0.00,0.00,1/1/2030,12/31/2049,Não,"7,331.98","7,331.98"
,2244,2025,LEN,39ºLEN,Leilão de Energia Nova,003/2025,VLTDA,32.270.437/0001-31,QTDH2030-20,PCH.PH.SC.040193-5.01,SÃO JOAQUIM SC,Sem Pendências,SC,Hidrelétrica (PCH),RIO LAVA TUDO,S,"62,197,460.00","62,197,460.00",6.208,,,0.000,3.150,0.1,31,31,31,3.100,3.100,3.100,3.100,3.100,"543,492.000",398.00,R$/MWh,0.00,0.00,"216,309,816.00",398.00,"216,309,816.00",0.00,0.00,0.00,1/1/2030,12/31/2049,Não,"7,331.98","7,331.98"
,2245,2025,LEN,39ºLEN,Leilão de Energia Nova,003/2025,XAV,44.546.696/0001-21,QTDH2030-20,PCH.PH.RJ.003058-9.01,XAVIER,Sem Pendências,RJ,Hidrelétrica (PCH),GRANDE,SE,"46,772,040.00","46,772,040.00",9.800,,,0.000,6.320,0.1,63,63,63,6.300,6.300,6.300,6.300,6.300,"1,104,516.000",398.47,R$/MWh,0.00,0.00,"440,116,490.52",398.47,"440,116,490.52",0.00,0.00,0.00,1/1/2030,12/31/2049,Não,"7,331.98","7,331.98"
,,,,,,,,,,,,,,,,,,,,,,,,,,,,,,,,,,,,,,,,,,,,,,,,
,,,,,,,,,,,,,,,,,,,,,,,,,,,,,,,,,,,,,,,,,,,,,,,,
,,,,,,,,,,,,,,,,,,,,,,,,,,,,,,,,,,,,,,,,,,,,,,,,
,,,,,,,,,,,,,,,,,,,,,,,,,,,,,,,,,,,,,,,,,,,,,,,,
,,,,,,,,,,,,,,,,,,,,,,,,,,,,,,,,,,,,,,,,,,,,,,,,
,,,,,,,,,,,,,,,,,,,,,,,,,,,,,,,,,,,,,,,,,,,,,,,,
,,,,,,,,,,,,,,,,,,,,,,,,,,,,,,,,,,,,,,,,,,,,,,,,
,,,,,,,,,,,,,,,,,,,,,,,,,,,,,,,,,,,,,,,,,,,,,,,,
,,,,,,,,,,,,,,,,,,,,,,,,,,,,,,,,,,,,,,,,,,,,,,,,
,,,,,,,,,,,,,,,,,,,,,,,,,,,,,,,,,,,,,,,,,,,,,,,,
,,,,,,,,,,,,,,,,,,,,,,,,,,,,,,,,,,,,,,,,,,,,,,,,
,,,,,,,,,,,,,,,,,,,,,,,,,,,,,,,,,,,,,,,,,,,,,,,,
,,,,,,,,,,,,,,,,,,,,,,,,,,,,,,,,,,,,,,,,,,,,,,,,
