Area,Date,Category,Subcategory,Variable,Unit,Value
Argentina,2018-01-01,Electricity generation,Aggregate fuel,Clean,%,34.57
Argentina,2018-01-01,Electricity generation,Aggregate fuel,Fossil,%,65.44
Argentina,2018-01-01,Electricity generation,Aggregate fuel,Gas and Other Fossil,%,63.4
Argentina,2018-01-01,Electricity generation,Aggregate fuel,"Hydro, Bioenergy and Other Renewables",%,29.08
Argentina,2018-01-01,Electricity generation,Aggregate fuel,Renewables,%,29.55
Argentina,2018-01-01,Electricity generation,Aggregate fuel,Wind and Solar,%,0.47
Argentina,2018-01-01,Electricity generation,Fuel,Bioenergy,%,0.16
Argentina,2018-01-01,Electricity generation,Fuel,Coal,%,2.04
Argentina,2018-01-01,Electricity generation,Fuel,Gas,%,61.05
Argentina,2018-01-01,Electricity generation,Fuel,Hydro,%,28.92
Argentina,2018-01-01,Electricity generation,Fuel,Nuclear,%,5.02
Argentina,2018-01-01,Electricity generation,Fuel,Other Fossil,%,2.35
Argentina,2018-01-01,Electricity generation,Fuel,Solar,%,0.0
Argentina,2018-01-01,Electricity generation,Fuel,Wind,%,0.47
Argentina,2018-02-01,Electricity generation,Aggregate fuel,Clean,%,33.17
Argentina,2018-02-01,Electricity generation,Aggregate fuel,Fossil,%,66.84
Argentina,2018-02-01,Electricity generation,Aggregate fuel,Gas and Other Fossil,%,64.8
Argentina,2018-02-01,Electricity generation,Aggregate fuel,"Hydro, Bioenergy and Other Renewables",%,27.89
Argentina,2018-02-01,Electricity generation,Aggregate fuel,Renewables,%,28.32
Argentina,2018-02-01,Electricity generation,Aggregate fuel,Wind and Solar,%,0.43
Argentina,2018-02-01,Electricity generation,Fuel,Bioenergy,%,0.17
Argentina,2018-02-01,Electricity generation,Fuel,Coal,%,2.04
Argentina,2018-02-01,Electricity generation,Fuel,Gas,%,62.5
Argentina,2018-02-01,Electricity generation,Fuel,Hydro,%,27.72
Argentina,2018-02-01,Electricity generation,Fuel,Nuclear,%,4.85
Argentina,2018-02-01,Electricity generation,Fuel,Other Fossil,%,2.3
Argentina,2018-02-01,Electricity generation,Fuel,Solar,%,0.0
Argentina,2018-02-01,Electricity generation,Fuel,Wind,%,0.43
Argentina,2018-03-01,Electricity generation,Aggregate fuel,Clean,%,33.56
Argentina,2018-03-01,Electricity generation,Aggregate fuel,Fossil,%,66.44
Argentina,2018-03-01,Electricity generation,Aggregate fuel,Gas and Other Fossil,%,64.2
Argentina,2018-03-01,Electricity generation,Aggregate fuel,"Hydro, Bioenergy and Other Renewables",%,28.74
Argentina,2018-03-01,Electricity generation,Aggregate fuel,Renewables,%,29.17
Argentina,2018-03-01,Electricity generation,Aggregate fuel,Wind and Solar,%,0.43
Argentina,2018-03-01,Electricity generation,Fuel,Bioenergy,%,0.17
Argentina,2018-03-01,Electricity generation,Fuel,Coal,%,2.24
Argentina,2018-03-01,Electricity generation,Fuel,Gas,%,62.22
Argentina,2018-03-01,Electricity generation,Fuel,Hydro,%,28.57
Argentina,2018-03-01,Electricity generation,Fuel,Nuclear,%,4.39
Argentina,2018-03-01,Electricity generation,Fuel,Other Fossil,%,1.98
Argentina,2018-03-01,Electricity generation,Fuel,Solar,%,0.0
Argentina,2018-03-01,Electricity generation,Fuel,Wind,%,0.43
Argentina,2018-04-01,Electricity generation,Aggregate fuel,Clean,%,34.98
Argentina,2018-04-01,Electricity generation,Aggregate fuel,Fossil,%,65.01
Argentina,2018-04-01,Electricity generation,Aggregate fuel,Gas and Other Fossil,%,63.44
Argentina,2018-04-01,Electricity generation,Aggregate fuel,"Hydro, Bioenergy and Other Renewables",%,29.09
Argentina,2018-04-01,Electricity generation,Aggregate fuel,Renewables,%,29.64
Argentina,2018-04-01,Electricity generation,Aggregate fuel,Wind and Solar,%,0.55
Argentina,2018-04-01,Electricity generation,Fuel,Bioenergy,%,0.18
Argentina,2018-04-01,Electricity generation,Fuel,Coal,%,1.57
Argentina,2018-04-01,Electricity generation,Fuel,Gas,%,61.05
Argentina,2018-04-01,Electricity generation,Fuel,Hydro,%,28.91
Argentina,2018-04-01,Electricity generation,Fuel,Nuclear,%,5.34
Argentina,2018-04-01,Electricity generation,Fuel,Other Fossil,%,2.39
Argentina,2018-04-01,Electricity generation,Fuel,Solar,%,0.0
Argentina,2018-04-01,Electricity generation,Fuel,Wind,%,0.55
Argentina,2018-05-01,Electricity generation,Aggregate fuel,Clean,%,35.03
Argentina,2018-05-01,Electricity generation,Aggregate fuel,Fossil,%,64.97
Argentina,2018-05-01,Electricity generation,Aggregate fuel,Gas and Other Fossil,%,63.79
Argentina,2018-05-01,Electricity generation,Aggregate fuel,"Hydro, Bioenergy and Other Renewables",%,27.66
Argentina,2018-05-01,Electricity generation,Aggregate fuel,Renewables,%,28.21
Argentina,2018-05-01,Electricity generation,Aggregate fuel,Wind and Solar,%,0.55
Argentina,2018-05-01,Electricity generation,Fuel,Bioenergy,%,0.27
Argentina,2018-05-01,Electricity generation,Fuel,Coal,%,1.18
Argentina,2018-05-01,Electricity generation,Fuel,Gas,%,62.33
Argentina,2018-05-01,Electricity generation,Fuel,Hydro,%,27.39
Argentina,2018-05-01,Electricity generation,Fuel,Nuclear,%,6.82
Argentina,2018-05-01,Electricity generation,Fuel,Other Fossil,%,1.46
Argentina,2018-05-01,Electricity generation,Fuel,Solar,%,0.0
Argentina,2018-05-01,Electricity generation,Fuel,Wind,%,0.55
Argentina,2018-06-01,Electricity generation,Aggregate fuel,Clean,%,34.12
Argentina,2018-06-01,Electricity generation,Aggregate fuel,Fossil,%,65.88
Argentina,2018-06-01,Electricity generation,Aggregate fuel,Gas and Other Fossil,%,63.44
Argentina,2018-06-01,Electricity generation,Aggregate fuel,"Hydro, Bioenergy and Other Renewables",%,27.38
Argentina,2018-06-01,Electricity generation,Aggregate fuel,Renewables,%,28.11
Argentina,2018-06-01,Electricity generation,Aggregate fuel,Wind and Solar,%,0.73
Argentina,2018-06-01,Electricity generation,Fuel,Bioenergy,%,0.41
Argentina,2018-06-01,Electricity generation,Fuel,Coal,%,2.44
Argentina,2018-06-01,Electricity generation,Fuel,Gas,%,61.33
Argentina,2018-06-01,Electricity generation,Fuel,Hydro,%,26.97
Argentina,2018-06-01,Electricity generation,Fuel,Nuclear,%,6.01
Argentina,2018-06-01,Electricity generation,Fuel,Other Fossil,%,2.11
Argentina,2018-06-01,Electricity generation,Fuel,Solar,%,0.0
Argentina,2018-06-01,Electricity generation,Fuel,Wind,%,0.73
Argentina,2018-07-01,Electricity generation,Aggregate fuel,Clean,%,34.88
Argentina,2018-07-01,Electricity generation,Aggregate fuel,Fossil,%,65.11
Argentina,2018-07-01,Electricity generation,Aggregate fuel,Gas and Other Fossil,%,62.73
Argentina,2018-07-01,Electricity generation,Aggregate fuel,"Hydro, Bioenergy and Other Renewables",%,28.75
Argentina,2018-07-01,Electricity generation,Aggregate fuel,Renewables,%,29.44
Argentina,2018-07-01,Electricity generation,Aggregate fuel,Wind and Solar,%,0.69
Argentina,2018-07-01,Electricity generation,Fuel,Bioenergy,%,0.38
Argentina,2018-07-01,Electricity generation,Fuel,Coal,%,2.38
Argentina,2018-07-01,Electricity generation,Fuel,Gas,%,60.51
Argentina,2018-07-01,Electricity generation,Fuel,Hydro,%,28.37
Argentina,2018-07-01,Electricity generation,Fuel,Nuclear,%,5.44
Argentina,2018-07-01,Electricity generation,Fuel,Other Fossil,%,2.22
Argentina,2018-07-01,Electricity generation,Fuel,Solar,%,0.0
Argentina,2018-07-01,Electricity generation,Fuel,Wind,%,0.69
Argentina,2018-08-01,Electricity generation,Aggregate fuel,Clean,%,36.14
Argentina,2018-08-01,Electricity generation,Aggregate fuel,Fossil,%,63.86
Argentina,2018-08-01,Electricity generation,Aggregate fuel,Gas and Other Fossil,%,61.71
Argentina,2018-08-01,Electricity generation,Aggregate fuel,"Hydro, Bioenergy and Other Renewables",%,29.44
Argentina,2018-08-01,Electricity generation,Aggregate fuel,Renewables,%,30.68
Argentina,2018-08-01,Electricity generation,Aggregate fuel,Wind and Solar,%,1.24
Argentina,2018-08-01,Electricity generation,Fuel,Bioenergy,%,0.41
Argentina,2018-08-01,Electricity generation,Fuel,Coal,%,2.15
Argentina,2018-08-01,Electricity generation,Fuel,Gas,%,60.22
Argentina,2018-08-01,Electricity generation,Fuel,Hydro,%,29.03
Argentina,2018-08-01,Electricity generation,Fuel,Nuclear,%,5.46
Argentina,2018-08-01,Electricity generation,Fuel,Other Fossil,%,1.49
Argentina,2018-08-01,Electricity generation,Fuel,Solar,%,0.08
Argentina,2018-08-01,Electricity generation,Fuel,Wind,%,1.16
Argentina,2018-09-01,Electricity generation,Aggregate fuel,Clean,%,33.24
Argentina,2018-09-01,Electricity generation,Aggregate fuel,Fossil,%,66.76
Argentina,2018-09-01,Electricity generation,Aggregate fuel,Gas and Other Fossil,%,66.27
Argentina,2018-09-01,Electricity generation,Aggregate fuel,"Hydro, Bioenergy and Other Renewables",%,28.64
Argentina,2018-09-01,Electricity generation,Aggregate fuel,Renewables,%,30.21
Argentina,2018-09-01,Electricity generation,Aggregate fuel,Wind and Solar,%,1.57
Argentina,2018-09-01,Electricity generation,Fuel,Bioenergy,%,0.39
Argentina,2018-09-01,Electricity generation,Fuel,Coal,%,0.49
Argentina,2018-09-01,Electricity generation,Fuel,Gas,%,65.1
Argentina,2018-09-01,Electricity generation,Fuel,Hydro,%,28.25
Argentina,2018-09-01,Electricity generation,Fuel,Nuclear,%,3.03
Argentina,2018-09-01,Electricity generation,Fuel,Other Fossil,%,1.17
Argentina,2018-09-01,Electricity generation,Fuel,Solar,%,0.1
Argentina,2018-09-01,Electricity generation,Fuel,Wind,%,1.47
Argentina,2018-10-01,Electricity generation,Aggregate fuel,Clean,%,40.83
Argentina,2018-10-01,Electricity generation,Aggregate fuel,Fossil,%,59.17
Argentina,2018-10-01,Electricity generation,Aggregate fuel,Gas and Other Fossil,%,58.78
Argentina,2018-10-01,Electricity generation,Aggregate fuel,"Hydro, Bioenergy and Other Renewables",%,35.04
Argentina,2018-10-01,Electricity generation,Aggregate fuel,Renewables,%,36.97
Argentina,2018-10-01,Electricity generation,Aggregate fuel,Wind and Solar,%,1.93
Argentina,2018-10-01,Electricity generation,Fuel,Bioenergy,%,0.39
Argentina,2018-10-01,Electricity generation,Fuel,Coal,%,0.39
Argentina,2018-10-01,Electricity generation,Fuel,Gas,%,57.72
Argentina,2018-10-01,Electricity generation,Fuel,Hydro,%,34.65
Argentina,2018-10-01,Electricity generation,Fuel,Nuclear,%,3.86
Argentina,2018-10-01,Electricity generation,Fuel,Other Fossil,%,1.06
Argentina,2018-10-01,Electricity generation,Fuel,Solar,%,0.1
Argentina,2018-10-01,Electricity generation,Fuel,Wind,%,1.83
Argentina,2018-11-01,Electricity generation,Aggregate fuel,Clean,%,45.18
Argentina,2018-11-01,Electricity generation,Aggregate fuel,Fossil,%,54.82
Argentina,2018-11-01,Electricity generation,Aggregate fuel,Gas and Other Fossil,%,54.82
Argentina,2018-11-01,Electricity generation,Aggregate fuel,"Hydro, Bioenergy and Other Renewables",%,39.21
Argentina,2018-11-01,Electricity generation,Aggregate fuel,Renewables,%,41.52
Argentina,2018-11-01,Electricity generation,Aggregate fuel,Wind and Solar,%,2.31
Argentina,2018-11-01,Electricity generation,Fuel,Bioenergy,%,0.39
Argentina,2018-11-01,Electricity generation,Fuel,Coal,%,0.0
Argentina,2018-11-01,Electricity generation,Fuel,Gas,%,53.76
Argentina,2018-11-01,Electricity generation,Fuel,Hydro,%,38.82
Argentina,2018-11-01,Electricity generation,Fuel,Nuclear,%,3.66
Argentina,2018-11-01,Electricity generation,Fuel,Other Fossil,%,1.06
Argentina,2018-11-01,Electricity generation,Fuel,Solar,%,0.19
Argentina,2018-11-01,Electricity generation,Fuel,Wind,%,2.12
Argentina,2018-12-01,Electricity generation,Aggregate fuel,Clean,%,40.35
Argentina,2018-12-01,Electricity generation,Aggregate fuel,Fossil,%,59.65
Argentina,2018-12-01,Electricity generation,Aggregate fuel,Gas and Other Fossil,%,59.65
Argentina,2018-12-01,Electricity generation,Aggregate fuel,"Hydro, Bioenergy and Other Renewables",%,35.74
Argentina,2018-12-01,Electricity generation,Aggregate fuel,Renewables,%,38.45
Argentina,2018-12-01,Electricity generation,Aggregate fuel,Wind and Solar,%,2.71
Argentina,2018-12-01,Electricity generation,Fuel,Bioenergy,%,0.27
Argentina,2018-12-01,Electricity generation,Fuel,Coal,%,0.0
Argentina,2018-12-01,Electricity generation,Fuel,Gas,%,58.12
Argentina,2018-12-01,Electricity generation,Fuel,Hydro,%,35.47
Argentina,2018-12-01,Electricity generation,Fuel,Nuclear,%,1.9
Argentina,2018-12-01,Electricity generation,Fuel,Other Fossil,%,1.53
Argentina,2018-12-01,Electricity generation,Fuel,Solar,%,0.36
Argentina,2018-12-01,Electricity generation,Fuel,Wind,%,2.35
Argentina,2019-01-01,Electricity generation,Aggregate fuel,Clean,%,35.49
Argentina,2019-01-01,Electricity generation,Aggregate fuel,Fossil,%,64.51
Argentina,2019-01-01,Electricity generation,Aggregate fuel,Gas and Other Fossil,%,64.42
Argentina,2019-01-01,Electricity generation,Aggregate fuel,"Hydro, Bioenergy and Other Renewables",%,30.97
Argentina,2019-01-01,Electricity generation,Aggregate fuel,Renewables,%,33.78
Argentina,2019-01-01,Electricity generation,Aggregate fuel,Wind and Solar,%,2.81
Argentina,2019-01-01,Electricity generation,Fuel,Bioenergy,%,0.17
Argentina,2019-01-01,Electricity generation,Fuel,Coal,%,0.09
Argentina,2019-01-01,Electricity generation,Fuel,Gas,%,62.71
Argentina,2019-01-01,Electricity generation,Fuel,Hydro,%,30.8
Argentina,2019-01-01,Electricity generation,Fuel,Nuclear,%,1.71
Argentina,2019-01-01,Electricity generation,Fuel,Other Fossil,%,1.71
Argentina,2019-01-01,Electricity generation,Fuel,Solar,%,0.34
Argentina,2019-01-01,Electricity generation,Fuel,Wind,%,2.47
Argentina,2019-02-01,Electricity generation,Aggregate fuel,Clean,%,30.25
Argentina,2019-02-01,Electricity generation,Aggregate fuel,Fossil,%,69.73
Argentina,2019-02-01,Electricity generation,Aggregate fuel,Gas and Other Fossil,%,68.64
Argentina,2019-02-01,Electricity generation,Aggregate fuel,"Hydro, Bioenergy and Other Renewables",%,25.06
Argentina,2019-02-01,Electricity generation,Aggregate fuel,Renewables,%,27.52
Argentina,2019-02-01,Electricity generation,Aggregate fuel,Wind and Solar,%,2.46
Argentina,2019-02-01,Electricity generation,Fuel,Bioenergy,%,0.27
Argentina,2019-02-01,Electricity generation,Fuel,Coal,%,1.09
Argentina,2019-02-01,Electricity generation,Fuel,Gas,%,66.73
Argentina,2019-02-01,Electricity generation,Fuel,Hydro,%,24.79
Argentina,2019-02-01,Electricity generation,Fuel,Nuclear,%,2.73
Argentina,2019-02-01,Electricity generation,Fuel,Other Fossil,%,1.91
Argentina,2019-02-01,Electricity generation,Fuel,Solar,%,0.36
Argentina,2019-02-01,Electricity generation,Fuel,Wind,%,2.1
Argentina,2019-03-01,Electricity generation,Aggregate fuel,Clean,%,39.1
Argentina,2019-03-01,Electricity generation,Aggregate fuel,Fossil,%,60.9
Argentina,2019-03-01,Electricity generation,Aggregate fuel,Gas and Other Fossil,%,60.9
Argentina,2019-03-01,Electricity generation,Aggregate fuel,"Hydro, Bioenergy and Other Renewables",%,30.4
Argentina,2019-03-01,Electricity generation,Aggregate fuel,Renewables,%,33.92
Argentina,2019-03-01,Electricity generation,Aggregate fuel,Wind and Solar,%,3.52
Argentina,2019-03-01,Electricity generation,Fuel,Bioenergy,%,0.39
Argentina,2019-03-01,Electricity generation,Fuel,Coal,%,0.0
Argentina,2019-03-01,Electricity generation,Fuel,Gas,%,60.02
Argentina,2019-03-01,Electricity generation,Fuel,Hydro,%,30.01
Argentina,2019-03-01,Electricity generation,Fuel,Nuclear,%,5.18
Argentina,2019-03-01,Electricity generation,Fuel,Other Fossil,%,0.88
Argentina,2019-03-01,Electricity generation,Fuel,Solar,%,0.49
Argentina,2019-03-01,Electricity generation,Fuel,Wind,%,3.03
Argentina,2019-04-01,Electricity generation,Aggregate fuel,Clean,%,40.14
Argentina,2019-04-01,Electricity generation,Aggregate fuel,Fossil,%,59.86
Argentina,2019-04-01,Electricity generation,Aggregate fuel,Gas and Other Fossil,%,59.86
Argentina,2019-04-01,Electricity generation,Aggregate fuel,"Hydro, Bioenergy and Other Renewables",%,29.67
Argentina,2019-04-01,Electricity generation,Aggregate fuel,Renewables,%,33.57
Argentina,2019-04-01,Electricity generation,Aggregate fuel,Wind and Solar,%,3.9
Argentina,2019-04-01,Electricity generation,Fuel,Bioenergy,%,0.31
Argentina,2019-04-01,Electricity generation,Fuel,Coal,%,0.0
Argentina,2019-04-01,Electricity generation,Fuel,Gas,%,58.83
Argentina,2019-04-01,Electricity generation,Fuel,Hydro,%,29.36
Argentina,2019-04-01,Electricity generation,Fuel,Nuclear,%,6.57
Argentina,2019-04-01,Electricity generation,Fuel,Other Fossil,%,1.03
Argentina,2019-04-01,Electricity generation,Fuel,Solar,%,0.51
Argentina,2019-04-01,Electricity generation,Fuel,Wind,%,3.39
Argentina,2019-05-01,Electricity generation,Aggregate fuel,Clean,%,41.91
Argentina,2019-05-01,Electricity generation,Aggregate fuel,Fossil,%,58.09
Argentina,2019-05-01,Electricity generation,Aggregate fuel,Gas and Other Fossil,%,57.32
Argentina,2019-05-01,Electricity generation,Aggregate fuel,"Hydro, Bioenergy and Other Renewables",%,30.33
Argentina,2019-05-01,Electricity generation,Aggregate fuel,Renewables,%,33.87
Argentina,2019-05-01,Electricity generation,Aggregate fuel,Wind and Solar,%,3.54
Argentina,2019-05-01,Electricity generation,Fuel,Bioenergy,%,0.38
Argentina,2019-05-01,Electricity generation,Fuel,Coal,%,0.77
Argentina,2019-05-01,Electricity generation,Fuel,Gas,%,55.6
Argentina,2019-05-01,Electricity generation,Fuel,Hydro,%,29.95
Argentina,2019-05-01,Electricity generation,Fuel,Nuclear,%,8.04
Argentina,2019-05-01,Electricity generation,Fuel,Other Fossil,%,1.72
Argentina,2019-05-01,Electricity generation,Fuel,Solar,%,0.38
Argentina,2019-05-01,Electricity generation,Fuel,Wind,%,3.16
Argentina,2019-06-01,Electricity generation,Aggregate fuel,Clean,%,38.89
Argentina,2019-06-01,Electricity generation,Aggregate fuel,Fossil,%,61.11
Argentina,2019-06-01,Electricity generation,Aggregate fuel,Gas and Other Fossil,%,59.82
Argentina,2019-06-01,Electricity generation,Aggregate fuel,"Hydro, Bioenergy and Other Renewables",%,27.92
Argentina,2019-06-01,Electricity generation,Aggregate fuel,Renewables,%,32.07
Argentina,2019-06-01,Electricity generation,Aggregate fuel,Wind and Solar,%,4.15
Argentina,2019-06-01,Electricity generation,Fuel,Bioenergy,%,0.55
Argentina,2019-06-01,Electricity generation,Fuel,Coal,%,1.29
Argentina,2019-06-01,Electricity generation,Fuel,Gas,%,58.25
Argentina,2019-06-01,Electricity generation,Fuel,Hydro,%,27.37
Argentina,2019-06-01,Electricity generation,Fuel,Nuclear,%,6.82
Argentina,2019-06-01,Electricity generation,Fuel,Other Fossil,%,1.57
Argentina,2019-06-01,Electricity generation,Fuel,Solar,%,0.37
Argentina,2019-06-01,Electricity generation,Fuel,Wind,%,3.78
Argentina,2019-07-01,Electricity generation,Aggregate fuel,Clean,%,36.13
Argentina,2019-07-01,Electricity generation,Aggregate fuel,Fossil,%,63.88
Argentina,2019-07-01,Electricity generation,Aggregate fuel,Gas and Other Fossil,%,61.44
Argentina,2019-07-01,Electricity generation,Aggregate fuel,"Hydro, Bioenergy and Other Renewables",%,26.3
Argentina,2019-07-01,Electricity generation,Aggregate fuel,Renewables,%,30.12
Argentina,2019-07-01,Electricity generation,Aggregate fuel,Wind and Solar,%,3.82
Argentina,2019-07-01,Electricity generation,Fuel,Bioenergy,%,0.49
Argentina,2019-07-01,Electricity generation,Fuel,Coal,%,2.44
Argentina,2019-07-01,Electricity generation,Fuel,Gas,%,59.9
Argentina,2019-07-01,Electricity generation,Fuel,Hydro,%,25.81
Argentina,2019-07-01,Electricity generation,Fuel,Nuclear,%,6.01
Argentina,2019-07-01,Electricity generation,Fuel,Other Fossil,%,1.54
Argentina,2019-07-01,Electricity generation,Fuel,Solar,%,0.41
Argentina,2019-07-01,Electricity generation,Fuel,Wind,%,3.41
Argentina,2019-08-01,Electricity generation,Aggregate fuel,Clean,%,41.21
Argentina,2019-08-01,Electricity generation,Aggregate fuel,Fossil,%,58.79
Argentina,2019-08-01,Electricity generation,Aggregate fuel,Gas and Other Fossil,%,58.79
Argentina,2019-08-01,Electricity generation,Aggregate fuel,"Hydro, Bioenergy and Other Renewables",%,29.23
Argentina,2019-08-01,Electricity generation,Aggregate fuel,Renewables,%,33.71
Argentina,2019-08-01,Electricity generation,Aggregate fuel,Wind and Solar,%,4.48
Argentina,2019-08-01,Electricity generation,Fuel,Bioenergy,%,0.52
Argentina,2019-08-01,Electricity generation,Fuel,Coal,%,0.0
Argentina,2019-08-01,Electricity generation,Fuel,Gas,%,57.67
Argentina,2019-08-01,Electricity generation,Fuel,Hydro,%,28.71
Argentina,2019-08-01,Electricity generation,Fuel,Nuclear,%,7.5
Argentina,2019-08-01,Electricity generation,Fuel,Other Fossil,%,1.12
Argentina,2019-08-01,Electricity generation,Fuel,Solar,%,0.6
Argentina,2019-08-01,Electricity generation,Fuel,Wind,%,3.88
Argentina,2019-09-01,Electricity generation,Aggregate fuel,Clean,%,43.12
Argentina,2019-09-01,Electricity generation,Aggregate fuel,Fossil,%,56.87
Argentina,2019-09-01,Electricity generation,Aggregate fuel,Gas and Other Fossil,%,55.27
Argentina,2019-09-01,Electricity generation,Aggregate fuel,"Hydro, Bioenergy and Other Renewables",%,29.09
Argentina,2019-09-01,Electricity generation,Aggregate fuel,Renewables,%,34.93
Argentina,2019-09-01,Electricity generation,Aggregate fuel,Wind and Solar,%,5.84
Argentina,2019-09-01,Electricity generation,Fuel,Bioenergy,%,0.56
Argentina,2019-09-01,Electricity generation,Fuel,Coal,%,1.6
Argentina,2019-09-01,Electricity generation,Fuel,Gas,%,54.05
Argentina,2019-09-01,Electricity generation,Fuel,Hydro,%,28.53
Argentina,2019-09-01,Electricity generation,Fuel,Nuclear,%,8.19
Argentina,2019-09-01,Electricity generation,Fuel,Other Fossil,%,1.22
Argentina,2019-09-01,Electricity generation,Fuel,Solar,%,0.85
Argentina,2019-09-01,Electricity generation,Fuel,Wind,%,4.99
Argentina,2019-10-01,Electricity generation,Aggregate fuel,Clean,%,40.2
Argentina,2019-10-01,Electricity generation,Aggregate fuel,Fossil,%,59.81
Argentina,2019-10-01,Electricity generation,Aggregate fuel,Gas and Other Fossil,%,59.43
Argentina,2019-10-01,Electricity generation,Aggregate fuel,"Hydro, Bioenergy and Other Renewables",%,27.65
Argentina,2019-10-01,Electricity generation,Aggregate fuel,Renewables,%,33.5
Argentina,2019-10-01,Electricity generation,Aggregate fuel,Wind and Solar,%,5.85
Argentina,2019-10-01,Electricity generation,Fuel,Bioenergy,%,0.57
Argentina,2019-10-01,Electricity generation,Fuel,Coal,%,0.38
Argentina,2019-10-01,Electricity generation,Fuel,Gas,%,57.64
Argentina,2019-10-01,Electricity generation,Fuel,Hydro,%,27.08
Argentina,2019-10-01,Electricity generation,Fuel,Nuclear,%,6.7
Argentina,2019-10-01,Electricity generation,Fuel,Other Fossil,%,1.79
Argentina,2019-10-01,Electricity generation,Fuel,Solar,%,0.94
Argentina,2019-10-01,Electricity generation,Fuel,Wind,%,4.91
Argentina,2019-11-01,Electricity generation,Aggregate fuel,Clean,%,42.16
Argentina,2019-11-01,Electricity generation,Aggregate fuel,Fossil,%,57.84
Argentina,2019-11-01,Electricity generation,Aggregate fuel,Gas and Other Fossil,%,57.65
Argentina,2019-11-01,Electricity generation,Aggregate fuel,"Hydro, Bioenergy and Other Renewables",%,28.64
Argentina,2019-11-01,Electricity generation,Aggregate fuel,Renewables,%,35.02
Argentina,2019-11-01,Electricity generation,Aggregate fuel,Wind and Solar,%,6.38
Argentina,2019-11-01,Electricity generation,Fuel,Bioenergy,%,0.47
Argentina,2019-11-01,Electricity generation,Fuel,Coal,%,0.19
Argentina,2019-11-01,Electricity generation,Fuel,Gas,%,56.24
Argentina,2019-11-01,Electricity generation,Fuel,Hydro,%,28.17
Argentina,2019-11-01,Electricity generation,Fuel,Nuclear,%,7.14
Argentina,2019-11-01,Electricity generation,Fuel,Other Fossil,%,1.41
Argentina,2019-11-01,Electricity generation,Fuel,Solar,%,1.03
Argentina,2019-11-01,Electricity generation,Fuel,Wind,%,5.35
Argentina,2019-12-01,Electricity generation,Aggregate fuel,Clean,%,39.52
Argentina,2019-12-01,Electricity generation,Aggregate fuel,Fossil,%,60.46
Argentina,2019-12-01,Electricity generation,Aggregate fuel,Gas and Other Fossil,%,58.64
Argentina,2019-12-01,Electricity generation,Aggregate fuel,"Hydro, Bioenergy and Other Renewables",%,26.93
Argentina,2019-12-01,Electricity generation,Aggregate fuel,Renewables,%,33.18
Argentina,2019-12-01,Electricity generation,Aggregate fuel,Wind and Solar,%,6.25
Argentina,2019-12-01,Electricity generation,Fuel,Bioenergy,%,0.43
Argentina,2019-12-01,Electricity generation,Fuel,Coal,%,1.82
Argentina,2019-12-01,Electricity generation,Fuel,Gas,%,57.25
Argentina,2019-12-01,Electricity generation,Fuel,Hydro,%,26.5
Argentina,2019-12-01,Electricity generation,Fuel,Nuclear,%,6.34
Argentina,2019-12-01,Electricity generation,Fuel,Other Fossil,%,1.39
Argentina,2019-12-01,Electricity generation,Fuel,Solar,%,1.04
Argentina,2019-12-01,Electricity generation,Fuel,Wind,%,5.21
Argentina,2020-01-01,Electricity generation,Aggregate fuel,Clean,%,38.37
Argentina,2020-01-01,Electricity generation,Aggregate fuel,Fossil,%,61.62
Argentina,2020-01-01,Electricity generation,Aggregate fuel,Gas and Other Fossil,%,61.14
Argentina,2020-01-01,Electricity generation,Aggregate fuel,"Hydro, Bioenergy and Other Renewables",%,25.66
Argentina,2020-01-01,Electricity generation,Aggregate fuel,Renewables,%,32.01
Argentina,2020-01-01,Electricity generation,Aggregate fuel,Wind and Solar,%,6.35
Argentina,2020-01-01,Electricity generation,Fuel,Bioenergy,%,0.32
Argentina,2020-01-01,Electricity generation,Fuel,Coal,%,0.48
Argentina,2020-01-01,Electricity generation,Fuel,Gas,%,59.61
Argentina,2020-01-01,Electricity generation,Fuel,Hydro,%,25.34
Argentina,2020-01-01,Electricity generation,Fuel,Nuclear,%,6.36
Argentina,2020-01-01,Electricity generation,Fuel,Other Fossil,%,1.53
Argentina,2020-01-01,Electricity generation,Fuel,Solar,%,0.88
Argentina,2020-01-01,Electricity generation,Fuel,Wind,%,5.47
Argentina,2020-02-01,Electricity generation,Aggregate fuel,Clean,%,37.62
Argentina,2020-02-01,Electricity generation,Aggregate fuel,Fossil,%,62.38
Argentina,2020-02-01,Electricity generation,Aggregate fuel,Gas and Other Fossil,%,61.4
Argentina,2020-02-01,Electricity generation,Aggregate fuel,"Hydro, Bioenergy and Other Renewables",%,23.95
Argentina,2020-02-01,Electricity generation,Aggregate fuel,Renewables,%,30.47
Argentina,2020-02-01,Electricity generation,Aggregate fuel,Wind and Solar,%,6.52
Argentina,2020-02-01,Electricity generation,Fuel,Bioenergy,%,0.27
Argentina,2020-02-01,Electricity generation,Fuel,Coal,%,0.98
Argentina,2020-02-01,Electricity generation,Fuel,Gas,%,59.79
Argentina,2020-02-01,Electricity generation,Fuel,Hydro,%,23.68
Argentina,2020-02-01,Electricity generation,Fuel,Nuclear,%,7.15
Argentina,2020-02-01,Electricity generation,Fuel,Other Fossil,%,1.61
Argentina,2020-02-01,Electricity generation,Fuel,Solar,%,0.71
Argentina,2020-02-01,Electricity generation,Fuel,Wind,%,5.81
Argentina,2020-03-01,Electricity generation,Aggregate fuel,Clean,%,34.52
Argentina,2020-03-01,Electricity generation,Aggregate fuel,Fossil,%,65.47
Argentina,2020-03-01,Electricity generation,Aggregate fuel,Gas and Other Fossil,%,63.93
Argentina,2020-03-01,Electricity generation,Aggregate fuel,"Hydro, Bioenergy and Other Renewables",%,20.08
Argentina,2020-03-01,Electricity generation,Aggregate fuel,Renewables,%,26.57
Argentina,2020-03-01,Electricity generation,Aggregate fuel,Wind and Solar,%,6.49
Argentina,2020-03-01,Electricity generation,Fuel,Bioenergy,%,0.34
Argentina,2020-03-01,Electricity generation,Fuel,Coal,%,1.54
Argentina,2020-03-01,Electricity generation,Fuel,Gas,%,62.31
Argentina,2020-03-01,Electricity generation,Fuel,Hydro,%,19.74
Argentina,2020-03-01,Electricity generation,Fuel,Nuclear,%,7.95
Argentina,2020-03-01,Electricity generation,Fuel,Other Fossil,%,1.62
Argentina,2020-03-01,Electricity generation,Fuel,Solar,%,0.85
Argentina,2020-03-01,Electricity generation,Fuel,Wind,%,5.64
Argentina,2020-04-01,Electricity generation,Aggregate fuel,Clean,%,38.71
Argentina,2020-04-01,Electricity generation,Aggregate fuel,Fossil,%,61.29
Argentina,2020-04-01,Electricity generation,Aggregate fuel,Gas and Other Fossil,%,61.29
Argentina,2020-04-01,Electricity generation,Aggregate fuel,"Hydro, Bioenergy and Other Renewables",%,20.13
Argentina,2020-04-01,Electricity generation,Aggregate fuel,Renewables,%,27.81
Argentina,2020-04-01,Electricity generation,Aggregate fuel,Wind and Solar,%,7.68
Argentina,2020-04-01,Electricity generation,Fuel,Bioenergy,%,0.44
Argentina,2020-04-01,Electricity generation,Fuel,Coal,%,0.0
Argentina,2020-04-01,Electricity generation,Fuel,Gas,%,60.73
Argentina,2020-04-01,Electricity generation,Fuel,Hydro,%,19.69
Argentina,2020-04-01,Electricity generation,Fuel,Nuclear,%,10.9
Argentina,2020-04-01,Electricity generation,Fuel,Other Fossil,%,0.56
Argentina,2020-04-01,Electricity generation,Fuel,Solar,%,0.89
Argentina,2020-04-01,Electricity generation,Fuel,Wind,%,6.79
Argentina,2020-05-01,Electricity generation,Aggregate fuel,Clean,%,40.03
Argentina,2020-05-01,Electricity generation,Aggregate fuel,Fossil,%,59.99
Argentina,2020-05-01,Electricity generation,Aggregate fuel,Gas and Other Fossil,%,59.79
Argentina,2020-05-01,Electricity generation,Aggregate fuel,"Hydro, Bioenergy and Other Renewables",%,22.05
Argentina,2020-05-01,Electricity generation,Aggregate fuel,Renewables,%,30.0
Argentina,2020-05-01,Electricity generation,Aggregate fuel,Wind and Solar,%,7.95
Argentina,2020-05-01,Electricity generation,Fuel,Bioenergy,%,0.5
Argentina,2020-05-01,Electricity generation,Fuel,Coal,%,0.2
Argentina,2020-05-01,Electricity generation,Fuel,Gas,%,59.29
Argentina,2020-05-01,Electricity generation,Fuel,Hydro,%,21.55
Argentina,2020-05-01,Electricity generation,Fuel,Nuclear,%,10.03
Argentina,2020-05-01,Electricity generation,Fuel,Other Fossil,%,0.5
Argentina,2020-05-01,Electricity generation,Fuel,Solar,%,0.7
Argentina,2020-05-01,Electricity generation,Fuel,Wind,%,7.25
Argentina,2020-06-01,Electricity generation,Aggregate fuel,Clean,%,40.82
Argentina,2020-06-01,Electricity generation,Aggregate fuel,Fossil,%,59.17
Argentina,2020-06-01,Electricity generation,Aggregate fuel,Gas and Other Fossil,%,58.36
Argentina,2020-06-01,Electricity generation,Aggregate fuel,"Hydro, Bioenergy and Other Renewables",%,25.36
Argentina,2020-06-01,Electricity generation,Aggregate fuel,Renewables,%,32.46
Argentina,2020-06-01,Electricity generation,Aggregate fuel,Wind and Solar,%,7.1
Argentina,2020-06-01,Electricity generation,Fuel,Bioenergy,%,0.63
Argentina,2020-06-01,Electricity generation,Fuel,Coal,%,0.81
Argentina,2020-06-01,Electricity generation,Fuel,Gas,%,57.01
Argentina,2020-06-01,Electricity generation,Fuel,Hydro,%,24.73
Argentina,2020-06-01,Electricity generation,Fuel,Nuclear,%,8.36
Argentina,2020-06-01,Electricity generation,Fuel,Other Fossil,%,1.35
Argentina,2020-06-01,Electricity generation,Fuel,Solar,%,0.54
Argentina,2020-06-01,Electricity generation,Fuel,Wind,%,6.56
Argentina,2020-07-01,Electricity generation,Aggregate fuel,Clean,%,42.96
Argentina,2020-07-01,Electricity generation,Aggregate fuel,Fossil,%,57.04
Argentina,2020-07-01,Electricity generation,Aggregate fuel,Gas and Other Fossil,%,53.6
Argentina,2020-07-01,Electricity generation,Aggregate fuel,"Hydro, Bioenergy and Other Renewables",%,30.11
Argentina,2020-07-01,Electricity generation,Aggregate fuel,Renewables,%,36.9
Argentina,2020-07-01,Electricity generation,Aggregate fuel,Wind and Solar,%,6.79
Argentina,2020-07-01,Electricity generation,Fuel,Bioenergy,%,0.57
Argentina,2020-07-01,Electricity generation,Fuel,Coal,%,3.44
Argentina,2020-07-01,Electricity generation,Fuel,Gas,%,50.9
Argentina,2020-07-01,Electricity generation,Fuel,Hydro,%,29.54
Argentina,2020-07-01,Electricity generation,Fuel,Nuclear,%,6.06
Argentina,2020-07-01,Electricity generation,Fuel,Other Fossil,%,2.7
Argentina,2020-07-01,Electricity generation,Fuel,Solar,%,0.57
Argentina,2020-07-01,Electricity generation,Fuel,Wind,%,6.22
Argentina,2020-08-01,Electricity generation,Aggregate fuel,Clean,%,42.17
Argentina,2020-08-01,Electricity generation,Aggregate fuel,Fossil,%,57.83
Argentina,2020-08-01,Electricity generation,Aggregate fuel,Gas and Other Fossil,%,55.1
Argentina,2020-08-01,Electricity generation,Aggregate fuel,"Hydro, Bioenergy and Other Renewables",%,24.77
Argentina,2020-08-01,Electricity generation,Aggregate fuel,Renewables,%,34.06
Argentina,2020-08-01,Electricity generation,Aggregate fuel,Wind and Solar,%,9.29
Argentina,2020-08-01,Electricity generation,Fuel,Bioenergy,%,0.73
Argentina,2020-08-01,Electricity generation,Fuel,Coal,%,2.73
Argentina,2020-08-01,Electricity generation,Fuel,Gas,%,53.73
Argentina,2020-08-01,Electricity generation,Fuel,Hydro,%,24.04
Argentina,2020-08-01,Electricity generation,Fuel,Nuclear,%,8.11
Argentina,2020-08-01,Electricity generation,Fuel,Other Fossil,%,1.37
Argentina,2020-08-01,Electricity generation,Fuel,Solar,%,0.82
Argentina,2020-08-01,Electricity generation,Fuel,Wind,%,8.47
Argentina,2020-09-01,Electricity generation,Aggregate fuel,Clean,%,43.18
Argentina,2020-09-01,Electricity generation,Aggregate fuel,Fossil,%,56.81
Argentina,2020-09-01,Electricity generation,Aggregate fuel,Gas and Other Fossil,%,56.33
Argentina,2020-09-01,Electricity generation,Aggregate fuel,"Hydro, Bioenergy and Other Renewables",%,25.21
Argentina,2020-09-01,Electricity generation,Aggregate fuel,Renewables,%,34.68
Argentina,2020-09-01,Electricity generation,Aggregate fuel,Wind and Solar,%,9.47
Argentina,2020-09-01,Electricity generation,Fuel,Bioenergy,%,0.77
Argentina,2020-09-01,Electricity generation,Fuel,Coal,%,0.48
Argentina,2020-09-01,Electricity generation,Fuel,Gas,%,55.46
Argentina,2020-09-01,Electricity generation,Fuel,Hydro,%,24.44
Argentina,2020-09-01,Electricity generation,Fuel,Nuclear,%,8.5
Argentina,2020-09-01,Electricity generation,Fuel,Other Fossil,%,0.87
Argentina,2020-09-01,Electricity generation,Fuel,Solar,%,1.26
Argentina,2020-09-01,Electricity generation,Fuel,Wind,%,8.21
Argentina,2020-10-01,Electricity generation,Aggregate fuel,Clean,%,39.16
Argentina,2020-10-01,Electricity generation,Aggregate fuel,Fossil,%,60.84
Argentina,2020-10-01,Electricity generation,Aggregate fuel,Gas and Other Fossil,%,60.84
Argentina,2020-10-01,Electricity generation,Aggregate fuel,"Hydro, Bioenergy and Other Renewables",%,22.81
Argentina,2020-10-01,Electricity generation,Aggregate fuel,Renewables,%,32.71
Argentina,2020-10-01,Electricity generation,Aggregate fuel,Wind and Solar,%,9.9
Argentina,2020-10-01,Electricity generation,Fuel,Bioenergy,%,0.75
Argentina,2020-10-01,Electricity generation,Fuel,Coal,%,0.0
Argentina,2020-10-01,Electricity generation,Fuel,Gas,%,60.09
Argentina,2020-10-01,Electricity generation,Fuel,Hydro,%,22.06
Argentina,2020-10-01,Electricity generation,Fuel,Nuclear,%,6.45
Argentina,2020-10-01,Electricity generation,Fuel,Other Fossil,%,0.75
Argentina,2020-10-01,Electricity generation,Fuel,Solar,%,1.4
Argentina,2020-10-01,Electricity generation,Fuel,Wind,%,8.5
Argentina,2020-11-01,Electricity generation,Aggregate fuel,Clean,%,33.58
Argentina,2020-11-01,Electricity generation,Aggregate fuel,Fossil,%,66.41
Argentina,2020-11-01,Electricity generation,Aggregate fuel,Gas and Other Fossil,%,64.62
Argentina,2020-11-01,Electricity generation,Aggregate fuel,"Hydro, Bioenergy and Other Renewables",%,18.71
Argentina,2020-11-01,Electricity generation,Aggregate fuel,Renewables,%,27.77
Argentina,2020-11-01,Electricity generation,Aggregate fuel,Wind and Solar,%,9.06
Argentina,2020-11-01,Electricity generation,Fuel,Bioenergy,%,0.68
Argentina,2020-11-01,Electricity generation,Fuel,Coal,%,1.79
Argentina,2020-11-01,Electricity generation,Fuel,Gas,%,62.31
Argentina,2020-11-01,Electricity generation,Fuel,Hydro,%,18.03
Argentina,2020-11-01,Electricity generation,Fuel,Nuclear,%,5.81
Argentina,2020-11-01,Electricity generation,Fuel,Other Fossil,%,2.31
Argentina,2020-11-01,Electricity generation,Fuel,Solar,%,1.62
Argentina,2020-11-01,Electricity generation,Fuel,Wind,%,7.44
Argentina,2020-12-01,Electricity generation,Aggregate fuel,Clean,%,33.84
Argentina,2020-12-01,Electricity generation,Aggregate fuel,Fossil,%,66.17
Argentina,2020-12-01,Electricity generation,Aggregate fuel,Gas and Other Fossil,%,63.27
Argentina,2020-12-01,Electricity generation,Aggregate fuel,"Hydro, Bioenergy and Other Renewables",%,18.68
Argentina,2020-12-01,Electricity generation,Aggregate fuel,Renewables,%,28.42
Argentina,2020-12-01,Electricity generation,Aggregate fuel,Wind and Solar,%,9.74
Argentina,2020-12-01,Electricity generation,Fuel,Bioenergy,%,0.63
Argentina,2020-12-01,Electricity generation,Fuel,Coal,%,2.9
Argentina,2020-12-01,Electricity generation,Fuel,Gas,%,61.07
Argentina,2020-12-01,Electricity generation,Fuel,Hydro,%,18.05
Argentina,2020-12-01,Electricity generation,Fuel,Nuclear,%,5.42
Argentina,2020-12-01,Electricity generation,Fuel,Other Fossil,%,2.2
Argentina,2020-12-01,Electricity generation,Fuel,Solar,%,1.73
Argentina,2020-12-01,Electricity generation,Fuel,Wind,%,8.01
Argentina,2021-01-01,Electricity generation,Aggregate fuel,Clean,%,33.04
Argentina,2021-01-01,Electricity generation,Aggregate fuel,Fossil,%,66.95
Argentina,2021-01-01,Electricity generation,Aggregate fuel,Gas and Other Fossil,%,65.01
Argentina,2021-01-01,Electricity generation,Aggregate fuel,"Hydro, Bioenergy and Other Renewables",%,18.07
Argentina,2021-01-01,Electricity generation,Aggregate fuel,Renewables,%,27.76
Argentina,2021-01-01,Electricity generation,Aggregate fuel,Wind and Solar,%,9.69
Argentina,2021-01-01,Electricity generation,Fuel,Bioenergy,%,0.54
Argentina,2021-01-01,Electricity generation,Fuel,Coal,%,1.94
Argentina,2021-01-01,Electricity generation,Fuel,Gas,%,62.92
Argentina,2021-01-01,Electricity generation,Fuel,Hydro,%,17.53
Argentina,2021-01-01,Electricity generation,Fuel,Nuclear,%,5.28
Argentina,2021-01-01,Electricity generation,Fuel,Other Fossil,%,2.09
Argentina,2021-01-01,Electricity generation,Fuel,Solar,%,1.47
Argentina,2021-01-01,Electricity generation,Fuel,Wind,%,8.22
Argentina,2021-02-01,Electricity generation,Aggregate fuel,Clean,%,38.93
Argentina,2021-02-01,Electricity generation,Aggregate fuel,Fossil,%,61.06
Argentina,2021-02-01,Electricity generation,Aggregate fuel,Gas and Other Fossil,%,60.79
Argentina,2021-02-01,Electricity generation,Aggregate fuel,"Hydro, Bioenergy and Other Renewables",%,24.95
Argentina,2021-02-01,Electricity generation,Aggregate fuel,Renewables,%,34.09
Argentina,2021-02-01,Electricity generation,Aggregate fuel,Wind and Solar,%,9.14
Argentina,2021-02-01,Electricity generation,Fuel,Bioenergy,%,0.64
Argentina,2021-02-01,Electricity generation,Fuel,Coal,%,0.27
Argentina,2021-02-01,Electricity generation,Fuel,Gas,%,59.69
Argentina,2021-02-01,Electricity generation,Fuel,Hydro,%,24.31
Argentina,2021-02-01,Electricity generation,Fuel,Nuclear,%,4.84
Argentina,2021-02-01,Electricity generation,Fuel,Other Fossil,%,1.1
Argentina,2021-02-01,Electricity generation,Fuel,Solar,%,1.55
Argentina,2021-02-01,Electricity generation,Fuel,Wind,%,7.59
Argentina,2021-03-01,Electricity generation,Aggregate fuel,Clean,%,34.86
Argentina,2021-03-01,Electricity generation,Aggregate fuel,Fossil,%,65.13
Argentina,2021-03-01,Electricity generation,Aggregate fuel,Gas and Other Fossil,%,63.56
Argentina,2021-03-01,Electricity generation,Aggregate fuel,"Hydro, Bioenergy and Other Renewables",%,19.04
Argentina,2021-03-01,Electricity generation,Aggregate fuel,Renewables,%,28.69
Argentina,2021-03-01,Electricity generation,Aggregate fuel,Wind and Solar,%,9.65
Argentina,2021-03-01,Electricity generation,Fuel,Bioenergy,%,0.61
Argentina,2021-03-01,Electricity generation,Fuel,Coal,%,1.57
Argentina,2021-03-01,Electricity generation,Fuel,Gas,%,62.26
Argentina,2021-03-01,Electricity generation,Fuel,Hydro,%,18.43
Argentina,2021-03-01,Electricity generation,Fuel,Nuclear,%,6.17
Argentina,2021-03-01,Electricity generation,Fuel,Other Fossil,%,1.3
Argentina,2021-03-01,Electricity generation,Fuel,Solar,%,1.39
Argentina,2021-03-01,Electricity generation,Fuel,Wind,%,8.26
Argentina,2021-04-01,Electricity generation,Aggregate fuel,Clean,%,32.65
Argentina,2021-04-01,Electricity generation,Aggregate fuel,Fossil,%,67.35
Argentina,2021-04-01,Electricity generation,Aggregate fuel,Gas and Other Fossil,%,64.79
Argentina,2021-04-01,Electricity generation,Aggregate fuel,"Hydro, Bioenergy and Other Renewables",%,16.47
Argentina,2021-04-01,Electricity generation,Aggregate fuel,Renewables,%,27.42
Argentina,2021-04-01,Electricity generation,Aggregate fuel,Wind and Solar,%,10.95
Argentina,2021-04-01,Electricity generation,Fuel,Bioenergy,%,0.69
Argentina,2021-04-01,Electricity generation,Fuel,Coal,%,2.56
Argentina,2021-04-01,Electricity generation,Fuel,Gas,%,62.82
Argentina,2021-04-01,Electricity generation,Fuel,Hydro,%,15.78
Argentina,2021-04-01,Electricity generation,Fuel,Nuclear,%,5.23
Argentina,2021-04-01,Electricity generation,Fuel,Other Fossil,%,1.97
Argentina,2021-04-01,Electricity generation,Fuel,Solar,%,1.48
Argentina,2021-04-01,Electricity generation,Fuel,Wind,%,9.47
Argentina,2021-05-01,Electricity generation,Aggregate fuel,Clean,%,36.33
Argentina,2021-05-01,Electricity generation,Aggregate fuel,Fossil,%,63.67
Argentina,2021-05-01,Electricity generation,Aggregate fuel,Gas and Other Fossil,%,60.82
Argentina,2021-05-01,Electricity generation,Aggregate fuel,"Hydro, Bioenergy and Other Renewables",%,19.68
Argentina,2021-05-01,Electricity generation,Aggregate fuel,Renewables,%,29.92
Argentina,2021-05-01,Electricity generation,Aggregate fuel,Wind and Solar,%,10.24
Argentina,2021-05-01,Electricity generation,Fuel,Bioenergy,%,0.71
Argentina,2021-05-01,Electricity generation,Fuel,Coal,%,2.85
Argentina,2021-05-01,Electricity generation,Fuel,Gas,%,58.77
Argentina,2021-05-01,Electricity generation,Fuel,Hydro,%,18.97
Argentina,2021-05-01,Electricity generation,Fuel,Nuclear,%,6.41
Argentina,2021-05-01,Electricity generation,Fuel,Other Fossil,%,2.05
Argentina,2021-05-01,Electricity generation,Fuel,Solar,%,1.07
Argentina,2021-05-01,Electricity generation,Fuel,Wind,%,9.17
Argentina,2021-06-01,Electricity generation,Aggregate fuel,Clean,%,33.92
Argentina,2021-06-01,Electricity generation,Aggregate fuel,Fossil,%,66.08
Argentina,2021-06-01,Electricity generation,Aggregate fuel,Gas and Other Fossil,%,63.92
Argentina,2021-06-01,Electricity generation,Aggregate fuel,"Hydro, Bioenergy and Other Renewables",%,15.6
Argentina,2021-06-01,Electricity generation,Aggregate fuel,Renewables,%,25.44
Argentina,2021-06-01,Electricity generation,Aggregate fuel,Wind and Solar,%,9.84
Argentina,2021-06-01,Electricity generation,Fuel,Bioenergy,%,0.88
Argentina,2021-06-01,Electricity generation,Fuel,Coal,%,2.16
Argentina,2021-06-01,Electricity generation,Fuel,Gas,%,61.84
Argentina,2021-06-01,Electricity generation,Fuel,Hydro,%,14.72
Argentina,2021-06-01,Electricity generation,Fuel,Nuclear,%,8.48
Argentina,2021-06-01,Electricity generation,Fuel,Other Fossil,%,2.08
Argentina,2021-06-01,Electricity generation,Fuel,Solar,%,0.88
Argentina,2021-06-01,Electricity generation,Fuel,Wind,%,8.96
Argentina,2021-07-01,Electricity generation,Aggregate fuel,Clean,%,34.9
Argentina,2021-07-01,Electricity generation,Aggregate fuel,Fossil,%,65.09
Argentina,2021-07-01,Electricity generation,Aggregate fuel,Gas and Other Fossil,%,63.01
Argentina,2021-07-01,Electricity generation,Aggregate fuel,"Hydro, Bioenergy and Other Renewables",%,15.37
Argentina,2021-07-01,Electricity generation,Aggregate fuel,Renewables,%,26.41
Argentina,2021-07-01,Electricity generation,Aggregate fuel,Wind and Solar,%,11.04
Argentina,2021-07-01,Electricity generation,Fuel,Bioenergy,%,0.85
Argentina,2021-07-01,Electricity generation,Fuel,Coal,%,2.08
Argentina,2021-07-01,Electricity generation,Fuel,Gas,%,61.54
Argentina,2021-07-01,Electricity generation,Fuel,Hydro,%,14.52
Argentina,2021-07-01,Electricity generation,Fuel,Nuclear,%,8.49
Argentina,2021-07-01,Electricity generation,Fuel,Other Fossil,%,1.47
Argentina,2021-07-01,Electricity generation,Fuel,Solar,%,1.08
Argentina,2021-07-01,Electricity generation,Fuel,Wind,%,9.96
Argentina,2021-08-01,Electricity generation,Aggregate fuel,Clean,%,33.23
Argentina,2021-08-01,Electricity generation,Aggregate fuel,Fossil,%,66.78
Argentina,2021-08-01,Electricity generation,Aggregate fuel,Gas and Other Fossil,%,64.74
Argentina,2021-08-01,Electricity generation,Aggregate fuel,"Hydro, Bioenergy and Other Renewables",%,14.11
Argentina,2021-08-01,Electricity generation,Aggregate fuel,Renewables,%,24.92
Argentina,2021-08-01,Electricity generation,Aggregate fuel,Wind and Solar,%,10.81
Argentina,2021-08-01,Electricity generation,Fuel,Bioenergy,%,0.94
Argentina,2021-08-01,Electricity generation,Fuel,Coal,%,2.04
Argentina,2021-08-01,Electricity generation,Fuel,Gas,%,63.56
Argentina,2021-08-01,Electricity generation,Fuel,Hydro,%,13.17
Argentina,2021-08-01,Electricity generation,Fuel,Nuclear,%,8.31
Argentina,2021-08-01,Electricity generation,Fuel,Other Fossil,%,1.18
Argentina,2021-08-01,Electricity generation,Fuel,Solar,%,1.33
Argentina,2021-08-01,Electricity generation,Fuel,Wind,%,9.48
Argentina,2021-09-01,Electricity generation,Aggregate fuel,Clean,%,39.42
Argentina,2021-09-01,Electricity generation,Aggregate fuel,Fossil,%,60.58
Argentina,2021-09-01,Electricity generation,Aggregate fuel,Gas and Other Fossil,%,57.85
Argentina,2021-09-01,Electricity generation,Aggregate fuel,"Hydro, Bioenergy and Other Renewables",%,21.6
Argentina,2021-09-01,Electricity generation,Aggregate fuel,Renewables,%,32.54
Argentina,2021-09-01,Electricity generation,Aggregate fuel,Wind and Solar,%,10.94
Argentina,2021-09-01,Electricity generation,Fuel,Bioenergy,%,0.97
Argentina,2021-09-01,Electricity generation,Fuel,Coal,%,2.73
Argentina,2021-09-01,Electricity generation,Fuel,Gas,%,56.35
Argentina,2021-09-01,Electricity generation,Fuel,Hydro,%,20.63
Argentina,2021-09-01,Electricity generation,Fuel,Nuclear,%,6.88
Argentina,2021-09-01,Electricity generation,Fuel,Other Fossil,%,1.5
Argentina,2021-09-01,Electricity generation,Fuel,Solar,%,1.68
Argentina,2021-09-01,Electricity generation,Fuel,Wind,%,9.26
Argentina,2021-10-01,Electricity generation,Aggregate fuel,Clean,%,45.05
Argentina,2021-10-01,Electricity generation,Aggregate fuel,Fossil,%,54.95
Argentina,2021-10-01,Electricity generation,Aggregate fuel,Gas and Other Fossil,%,53.7
Argentina,2021-10-01,Electricity generation,Aggregate fuel,"Hydro, Bioenergy and Other Renewables",%,23.55
Argentina,2021-10-01,Electricity generation,Aggregate fuel,Renewables,%,36.93
Argentina,2021-10-01,Electricity generation,Aggregate fuel,Wind and Solar,%,13.38
Argentina,2021-10-01,Electricity generation,Fuel,Bioenergy,%,0.98
Argentina,2021-10-01,Electricity generation,Fuel,Coal,%,1.25
Argentina,2021-10-01,Electricity generation,Fuel,Gas,%,52.54
Argentina,2021-10-01,Electricity generation,Fuel,Hydro,%,22.57
Argentina,2021-10-01,Electricity generation,Fuel,Nuclear,%,8.12
Argentina,2021-10-01,Electricity generation,Fuel,Other Fossil,%,1.16
Argentina,2021-10-01,Electricity generation,Fuel,Solar,%,2.41
Argentina,2021-10-01,Electricity generation,Fuel,Wind,%,10.97
Argentina,2021-11-01,Electricity generation,Aggregate fuel,Clean,%,41.5
Argentina,2021-11-01,Electricity generation,Aggregate fuel,Fossil,%,58.51
Argentina,2021-11-01,Electricity generation,Aggregate fuel,Gas and Other Fossil,%,56.14
Argentina,2021-11-01,Electricity generation,Aggregate fuel,"Hydro, Bioenergy and Other Renewables",%,20.0
Argentina,2021-11-01,Electricity generation,Aggregate fuel,Renewables,%,32.2
Argentina,2021-11-01,Electricity generation,Aggregate fuel,Wind and Solar,%,12.2
Argentina,2021-11-01,Electricity generation,Fuel,Bioenergy,%,0.88
Argentina,2021-11-01,Electricity generation,Fuel,Coal,%,2.37
Argentina,2021-11-01,Electricity generation,Fuel,Gas,%,54.74
Argentina,2021-11-01,Electricity generation,Fuel,Hydro,%,19.12
Argentina,2021-11-01,Electricity generation,Fuel,Nuclear,%,9.3
Argentina,2021-11-01,Electricity generation,Fuel,Other Fossil,%,1.4
Argentina,2021-11-01,Electricity generation,Fuel,Solar,%,2.46
Argentina,2021-11-01,Electricity generation,Fuel,Wind,%,9.74
Argentina,2021-12-01,Electricity generation,Aggregate fuel,Clean,%,35.13
Argentina,2021-12-01,Electricity generation,Aggregate fuel,Fossil,%,64.87
Argentina,2021-12-01,Electricity generation,Aggregate fuel,Gas and Other Fossil,%,63.01
Argentina,2021-12-01,Electricity generation,Aggregate fuel,"Hydro, Bioenergy and Other Renewables",%,16.64
Argentina,2021-12-01,Electricity generation,Aggregate fuel,Renewables,%,27.16
Argentina,2021-12-01,Electricity generation,Aggregate fuel,Wind and Solar,%,10.52
Argentina,2021-12-01,Electricity generation,Fuel,Bioenergy,%,0.7
Argentina,2021-12-01,Electricity generation,Fuel,Coal,%,1.86
Argentina,2021-12-01,Electricity generation,Fuel,Gas,%,60.84
Argentina,2021-12-01,Electricity generation,Fuel,Hydro,%,15.94
Argentina,2021-12-01,Electricity generation,Fuel,Nuclear,%,7.97
Argentina,2021-12-01,Electricity generation,Fuel,Other Fossil,%,2.17
Argentina,2021-12-01,Electricity generation,Fuel,Solar,%,1.93
Argentina,2021-12-01,Electricity generation,Fuel,Wind,%,8.59
Argentina,2022-01-01,Electricity generation,Aggregate fuel,Clean,%,34.01
Argentina,2022-01-01,Electricity generation,Aggregate fuel,Fossil,%,65.98
Argentina,2022-01-01,Electricity generation,Aggregate fuel,Gas and Other Fossil,%,63.69
Argentina,2022-01-01,Electricity generation,Aggregate fuel,"Hydro, Bioenergy and Other Renewables",%,16.08
Argentina,2022-01-01,Electricity generation,Aggregate fuel,Renewables,%,26.78
Argentina,2022-01-01,Electricity generation,Aggregate fuel,Wind and Solar,%,10.7
Argentina,2022-01-01,Electricity generation,Fuel,Bioenergy,%,0.66
Argentina,2022-01-01,Electricity generation,Fuel,Coal,%,2.29
Argentina,2022-01-01,Electricity generation,Fuel,Gas,%,61.33
Argentina,2022-01-01,Electricity generation,Fuel,Hydro,%,15.42
Argentina,2022-01-01,Electricity generation,Fuel,Nuclear,%,7.23
Argentina,2022-01-01,Electricity generation,Fuel,Other Fossil,%,2.36
Argentina,2022-01-01,Electricity generation,Fuel,Solar,%,1.92
Argentina,2022-01-01,Electricity generation,Fuel,Wind,%,8.78
Argentina,2022-02-01,Electricity generation,Aggregate fuel,Clean,%,34.25
Argentina,2022-02-01,Electricity generation,Aggregate fuel,Fossil,%,65.75
Argentina,2022-02-01,Electricity generation,Aggregate fuel,Gas and Other Fossil,%,63.46
Argentina,2022-02-01,Electricity generation,Aggregate fuel,"Hydro, Bioenergy and Other Renewables",%,14.19
Argentina,2022-02-01,Electricity generation,Aggregate fuel,Renewables,%,26.1
Argentina,2022-02-01,Electricity generation,Aggregate fuel,Wind and Solar,%,11.91
Argentina,2022-02-01,Electricity generation,Fuel,Bioenergy,%,0.82
Argentina,2022-02-01,Electricity generation,Fuel,Coal,%,2.29
Argentina,2022-02-01,Electricity generation,Fuel,Gas,%,61.81
Argentina,2022-02-01,Electricity generation,Fuel,Hydro,%,13.37
Argentina,2022-02-01,Electricity generation,Fuel,Nuclear,%,8.15
Argentina,2022-02-01,Electricity generation,Fuel,Other Fossil,%,1.65
Argentina,2022-02-01,Electricity generation,Fuel,Solar,%,2.29
Argentina,2022-02-01,Electricity generation,Fuel,Wind,%,9.62
Argentina,2022-03-01,Electricity generation,Aggregate fuel,Clean,%,36.33
Argentina,2022-03-01,Electricity generation,Aggregate fuel,Fossil,%,63.68
Argentina,2022-03-01,Electricity generation,Aggregate fuel,Gas and Other Fossil,%,61.37
Argentina,2022-03-01,Electricity generation,Aggregate fuel,"Hydro, Bioenergy and Other Renewables",%,16.08
Argentina,2022-03-01,Electricity generation,Aggregate fuel,Renewables,%,29.67
Argentina,2022-03-01,Electricity generation,Aggregate fuel,Wind and Solar,%,13.59
Argentina,2022-03-01,Electricity generation,Fuel,Bioenergy,%,0.8
Argentina,2022-03-01,Electricity generation,Fuel,Coal,%,2.31
Argentina,2022-03-01,Electricity generation,Fuel,Gas,%,59.86
Argentina,2022-03-01,Electricity generation,Fuel,Hydro,%,15.28
Argentina,2022-03-01,Electricity generation,Fuel,Nuclear,%,6.66
Argentina,2022-03-01,Electricity generation,Fuel,Other Fossil,%,1.51
Argentina,2022-03-01,Electricity generation,Fuel,Solar,%,2.31
Argentina,2022-03-01,Electricity generation,Fuel,Wind,%,11.28
Argentina,2022-04-01,Electricity generation,Aggregate fuel,Clean,%,42.68
Argentina,2022-04-01,Electricity generation,Aggregate fuel,Fossil,%,57.32
Argentina,2022-04-01,Electricity generation,Aggregate fuel,Gas and Other Fossil,%,54.64
Argentina,2022-04-01,Electricity generation,Aggregate fuel,"Hydro, Bioenergy and Other Renewables",%,22.49
Argentina,2022-04-01,Electricity generation,Aggregate fuel,Renewables,%,36.36
Argentina,2022-04-01,Electricity generation,Aggregate fuel,Wind and Solar,%,13.87
Argentina,2022-04-01,Electricity generation,Fuel,Bioenergy,%,0.86
Argentina,2022-04-01,Electricity generation,Fuel,Coal,%,2.68
Argentina,2022-04-01,Electricity generation,Fuel,Gas,%,53.3
Argentina,2022-04-01,Electricity generation,Fuel,Hydro,%,21.63
Argentina,2022-04-01,Electricity generation,Fuel,Nuclear,%,6.32
Argentina,2022-04-01,Electricity generation,Fuel,Other Fossil,%,1.34
Argentina,2022-04-01,Electricity generation,Fuel,Solar,%,2.2
Argentina,2022-04-01,Electricity generation,Fuel,Wind,%,11.67
Argentina,2022-05-01,Electricity generation,Aggregate fuel,Clean,%,38.44
Argentina,2022-05-01,Electricity generation,Aggregate fuel,Fossil,%,61.56
Argentina,2022-05-01,Electricity generation,Aggregate fuel,Gas and Other Fossil,%,59.37
Argentina,2022-05-01,Electricity generation,Aggregate fuel,"Hydro, Bioenergy and Other Renewables",%,21.28
Argentina,2022-05-01,Electricity generation,Aggregate fuel,Renewables,%,32.92
Argentina,2022-05-01,Electricity generation,Aggregate fuel,Wind and Solar,%,11.64
Argentina,2022-05-01,Electricity generation,Fuel,Bioenergy,%,0.79
Argentina,2022-05-01,Electricity generation,Fuel,Coal,%,2.19
Argentina,2022-05-01,Electricity generation,Fuel,Gas,%,57.53
Argentina,2022-05-01,Electricity generation,Fuel,Hydro,%,20.49
Argentina,2022-05-01,Electricity generation,Fuel,Nuclear,%,5.52
Argentina,2022-05-01,Electricity generation,Fuel,Other Fossil,%,1.84
Argentina,2022-05-01,Electricity generation,Fuel,Solar,%,1.66
Argentina,2022-05-01,Electricity generation,Fuel,Wind,%,9.98
Argentina,2022-06-01,Electricity generation,Aggregate fuel,Clean,%,40.59
Argentina,2022-06-01,Electricity generation,Aggregate fuel,Fossil,%,59.39
Argentina,2022-06-01,Electricity generation,Aggregate fuel,Gas and Other Fossil,%,56.14
Argentina,2022-06-01,Electricity generation,Aggregate fuel,"Hydro, Bioenergy and Other Renewables",%,25.29
Argentina,2022-06-01,Electricity generation,Aggregate fuel,Renewables,%,35.2
Argentina,2022-06-01,Electricity generation,Aggregate fuel,Wind and Solar,%,9.91
Argentina,2022-06-01,Electricity generation,Fuel,Bioenergy,%,0.79
Argentina,2022-06-01,Electricity generation,Fuel,Coal,%,3.25
Argentina,2022-06-01,Electricity generation,Fuel,Gas,%,54.08
Argentina,2022-06-01,Electricity generation,Fuel,Hydro,%,24.5
Argentina,2022-06-01,Electricity generation,Fuel,Nuclear,%,5.39
Argentina,2022-06-01,Electricity generation,Fuel,Other Fossil,%,2.06
Argentina,2022-06-01,Electricity generation,Fuel,Solar,%,1.27
Argentina,2022-06-01,Electricity generation,Fuel,Wind,%,8.64
Argentina,2022-07-01,Electricity generation,Aggregate fuel,Clean,%,39.43
Argentina,2022-07-01,Electricity generation,Aggregate fuel,Fossil,%,60.58
Argentina,2022-07-01,Electricity generation,Aggregate fuel,Gas and Other Fossil,%,57.85
Argentina,2022-07-01,Electricity generation,Aggregate fuel,"Hydro, Bioenergy and Other Renewables",%,21.74
Argentina,2022-07-01,Electricity generation,Aggregate fuel,Renewables,%,33.31
Argentina,2022-07-01,Electricity generation,Aggregate fuel,Wind and Solar,%,11.57
Argentina,2022-07-01,Electricity generation,Fuel,Bioenergy,%,0.91
Argentina,2022-07-01,Electricity generation,Fuel,Coal,%,2.73
Argentina,2022-07-01,Electricity generation,Fuel,Gas,%,56.45
Argentina,2022-07-01,Electricity generation,Fuel,Hydro,%,20.83
Argentina,2022-07-01,Electricity generation,Fuel,Nuclear,%,6.12
Argentina,2022-07-01,Electricity generation,Fuel,Other Fossil,%,1.4
Argentina,2022-07-01,Electricity generation,Fuel,Solar,%,1.49
Argentina,2022-07-01,Electricity generation,Fuel,Wind,%,10.08
Argentina,2022-08-01,Electricity generation,Aggregate fuel,Clean,%,45.8
Argentina,2022-08-01,Electricity generation,Aggregate fuel,Fossil,%,54.19
Argentina,2022-08-01,Electricity generation,Aggregate fuel,Gas and Other Fossil,%,52.16
Argentina,2022-08-01,Electricity generation,Aggregate fuel,"Hydro, Bioenergy and Other Renewables",%,24.98
Argentina,2022-08-01,Electricity generation,Aggregate fuel,Renewables,%,37.42
Argentina,2022-08-01,Electricity generation,Aggregate fuel,Wind and Solar,%,12.44
Argentina,2022-08-01,Electricity generation,Fuel,Bioenergy,%,0.97
Argentina,2022-08-01,Electricity generation,Fuel,Coal,%,2.03
Argentina,2022-08-01,Electricity generation,Fuel,Gas,%,50.22
Argentina,2022-08-01,Electricity generation,Fuel,Hydro,%,24.01
Argentina,2022-08-01,Electricity generation,Fuel,Nuclear,%,8.38
Argentina,2022-08-01,Electricity generation,Fuel,Other Fossil,%,1.94
Argentina,2022-08-01,Electricity generation,Fuel,Solar,%,2.03
Argentina,2022-08-01,Electricity generation,Fuel,Wind,%,10.41
Argentina,2022-09-01,Electricity generation,Aggregate fuel,Clean,%,45.52
Argentina,2022-09-01,Electricity generation,Aggregate fuel,Fossil,%,54.48
Argentina,2022-09-01,Electricity generation,Aggregate fuel,Gas and Other Fossil,%,53.28
Argentina,2022-09-01,Electricity generation,Aggregate fuel,"Hydro, Bioenergy and Other Renewables",%,24.71
Argentina,2022-09-01,Electricity generation,Aggregate fuel,Renewables,%,38.55
Argentina,2022-09-01,Electricity generation,Aggregate fuel,Wind and Solar,%,13.84
Argentina,2022-09-01,Electricity generation,Fuel,Bioenergy,%,1.0
Argentina,2022-09-01,Electricity generation,Fuel,Coal,%,1.2
Argentina,2022-09-01,Electricity generation,Fuel,Gas,%,51.59
Argentina,2022-09-01,Electricity generation,Fuel,Hydro,%,23.71
Argentina,2022-09-01,Electricity generation,Fuel,Nuclear,%,6.97
Argentina,2022-09-01,Electricity generation,Fuel,Other Fossil,%,1.69
Argentina,2022-09-01,Electricity generation,Fuel,Solar,%,2.59
Argentina,2022-09-01,Electricity generation,Fuel,Wind,%,11.25
Argentina,2022-10-01,Electricity generation,Aggregate fuel,Clean,%,52.75
Argentina,2022-10-01,Electricity generation,Aggregate fuel,Fossil,%,47.25
Argentina,2022-10-01,Electricity generation,Aggregate fuel,Gas and Other Fossil,%,46.22
Argentina,2022-10-01,Electricity generation,Aggregate fuel,"Hydro, Bioenergy and Other Renewables",%,36.97
Argentina,2022-10-01,Electricity generation,Aggregate fuel,Renewables,%,52.1
Argentina,2022-10-01,Electricity generation,Aggregate fuel,Wind and Solar,%,15.13
Argentina,2022-10-01,Electricity generation,Fuel,Bioenergy,%,0.93
Argentina,2022-10-01,Electricity generation,Fuel,Coal,%,1.03
Argentina,2022-10-01,Electricity generation,Fuel,Gas,%,45.66
Argentina,2022-10-01,Electricity generation,Fuel,Hydro,%,36.04
Argentina,2022-10-01,Electricity generation,Fuel,Nuclear,%,0.65
Argentina,2022-10-01,Electricity generation,Fuel,Other Fossil,%,0.56
Argentina,2022-10-01,Electricity generation,Fuel,Solar,%,2.99
Argentina,2022-10-01,Electricity generation,Fuel,Wind,%,12.14
Argentina,2022-11-01,Electricity generation,Aggregate fuel,Clean,%,46.34
Argentina,2022-11-01,Electricity generation,Aggregate fuel,Fossil,%,53.66
Argentina,2022-11-01,Electricity generation,Aggregate fuel,Gas and Other Fossil,%,52.8
Argentina,2022-11-01,Electricity generation,Aggregate fuel,"Hydro, Bioenergy and Other Renewables",%,33.68
Argentina,2022-11-01,Electricity generation,Aggregate fuel,Renewables,%,46.08
Argentina,2022-11-01,Electricity generation,Aggregate fuel,Wind and Solar,%,12.4
Argentina,2022-11-01,Electricity generation,Fuel,Bioenergy,%,0.86
Argentina,2022-11-01,Electricity generation,Fuel,Coal,%,0.86
Argentina,2022-11-01,Electricity generation,Fuel,Gas,%,51.16
Argentina,2022-11-01,Electricity generation,Fuel,Hydro,%,32.82
Argentina,2022-11-01,Electricity generation,Fuel,Nuclear,%,0.26
Argentina,2022-11-01,Electricity generation,Fuel,Other Fossil,%,1.64
Argentina,2022-11-01,Electricity generation,Fuel,Solar,%,2.58
Argentina,2022-11-01,Electricity generation,Fuel,Wind,%,9.82
Argentina,2022-12-01,Electricity generation,Aggregate fuel,Clean,%,39.22
Argentina,2022-12-01,Electricity generation,Aggregate fuel,Fossil,%,60.76
Argentina,2022-12-01,Electricity generation,Aggregate fuel,Gas and Other Fossil,%,58.02
Argentina,2022-12-01,Electricity generation,Aggregate fuel,"Hydro, Bioenergy and Other Renewables",%,24.19
Argentina,2022-12-01,Electricity generation,Aggregate fuel,Renewables,%,36.17
Argentina,2022-12-01,Electricity generation,Aggregate fuel,Wind and Solar,%,11.98
Argentina,2022-12-01,Electricity generation,Fuel,Bioenergy,%,0.78
Argentina,2022-12-01,Electricity generation,Fuel,Coal,%,2.74
Argentina,2022-12-01,Electricity generation,Fuel,Gas,%,55.91
Argentina,2022-12-01,Electricity generation,Fuel,Hydro,%,23.41
Argentina,2022-12-01,Electricity generation,Fuel,Nuclear,%,3.05
Argentina,2022-12-01,Electricity generation,Fuel,Other Fossil,%,2.11
Argentina,2022-12-01,Electricity generation,Fuel,Solar,%,2.35
Argentina,2022-12-01,Electricity generation,Fuel,Wind,%,9.63
Argentina,2023-01-01,Electricity generation,Aggregate fuel,Clean,%,36.75
Argentina,2023-01-01,Electricity generation,Aggregate fuel,Fossil,%,63.25
Argentina,2023-01-01,Electricity generation,Aggregate fuel,Gas and Other Fossil,%,60.03
Argentina,2023-01-01,Electricity generation,Aggregate fuel,"Hydro, Bioenergy and Other Renewables",%,21.1
Argentina,2023-01-01,Electricity generation,Aggregate fuel,Renewables,%,32.03
Argentina,2023-01-01,Electricity generation,Aggregate fuel,Wind and Solar,%,10.93
Argentina,2023-01-01,Electricity generation,Fuel,Bioenergy,%,0.67
Argentina,2023-01-01,Electricity generation,Fuel,Coal,%,3.22
Argentina,2023-01-01,Electricity generation,Fuel,Gas,%,57.49
Argentina,2023-01-01,Electricity generation,Fuel,Hydro,%,20.43
Argentina,2023-01-01,Electricity generation,Fuel,Nuclear,%,4.72
Argentina,2023-01-01,Electricity generation,Fuel,Other Fossil,%,2.54
Argentina,2023-01-01,Electricity generation,Fuel,Solar,%,2.32
Argentina,2023-01-01,Electricity generation,Fuel,Wind,%,8.61
Argentina,2023-02-01,Electricity generation,Aggregate fuel,Clean,%,40.94
Argentina,2023-02-01,Electricity generation,Aggregate fuel,Fossil,%,59.06
Argentina,2023-02-01,Electricity generation,Aggregate fuel,Gas and Other Fossil,%,56.67
Argentina,2023-02-01,Electricity generation,Aggregate fuel,"Hydro, Bioenergy and Other Renewables",%,24.1
Argentina,2023-02-01,Electricity generation,Aggregate fuel,Renewables,%,35.64
Argentina,2023-02-01,Electricity generation,Aggregate fuel,Wind and Solar,%,11.54
Argentina,2023-02-01,Electricity generation,Fuel,Bioenergy,%,0.68
Argentina,2023-02-01,Electricity generation,Fuel,Coal,%,2.39
Argentina,2023-02-01,Electricity generation,Fuel,Gas,%,54.79
Argentina,2023-02-01,Electricity generation,Fuel,Hydro,%,23.42
Argentina,2023-02-01,Electricity generation,Fuel,Nuclear,%,5.3
Argentina,2023-02-01,Electricity generation,Fuel,Other Fossil,%,1.88
Argentina,2023-02-01,Electricity generation,Fuel,Solar,%,2.31
Argentina,2023-02-01,Electricity generation,Fuel,Wind,%,9.23
Argentina,2023-03-01,Electricity generation,Aggregate fuel,Clean,%,40.56
Argentina,2023-03-01,Electricity generation,Aggregate fuel,Fossil,%,59.44
Argentina,2023-03-01,Electricity generation,Aggregate fuel,Gas and Other Fossil,%,55.83
Argentina,2023-03-01,Electricity generation,Aggregate fuel,"Hydro, Bioenergy and Other Renewables",%,25.81
Argentina,2023-03-01,Electricity generation,Aggregate fuel,Renewables,%,35.91
Argentina,2023-03-01,Electricity generation,Aggregate fuel,Wind and Solar,%,10.1
Argentina,2023-03-01,Electricity generation,Fuel,Bioenergy,%,0.59
Argentina,2023-03-01,Electricity generation,Fuel,Coal,%,3.61
Argentina,2023-03-01,Electricity generation,Fuel,Gas,%,53.54
Argentina,2023-03-01,Electricity generation,Fuel,Hydro,%,25.22
Argentina,2023-03-01,Electricity generation,Fuel,Nuclear,%,4.65
Argentina,2023-03-01,Electricity generation,Fuel,Other Fossil,%,2.29
Argentina,2023-03-01,Electricity generation,Fuel,Solar,%,1.99
Argentina,2023-03-01,Electricity generation,Fuel,Wind,%,8.11
Argentina,2023-04-01,Electricity generation,Aggregate fuel,Clean,%,46.59
Argentina,2023-04-01,Electricity generation,Aggregate fuel,Fossil,%,53.4
Argentina,2023-04-01,Electricity generation,Aggregate fuel,Gas and Other Fossil,%,50.89
Argentina,2023-04-01,Electricity generation,Aggregate fuel,"Hydro, Bioenergy and Other Renewables",%,25.86
Argentina,2023-04-01,Electricity generation,Aggregate fuel,Renewables,%,39.57
Argentina,2023-04-01,Electricity generation,Aggregate fuel,Wind and Solar,%,13.71
Argentina,2023-04-01,Electricity generation,Fuel,Bioenergy,%,0.94
Argentina,2023-04-01,Electricity generation,Fuel,Coal,%,2.51
Argentina,2023-04-01,Electricity generation,Fuel,Gas,%,48.9
Argentina,2023-04-01,Electricity generation,Fuel,Hydro,%,24.92
Argentina,2023-04-01,Electricity generation,Fuel,Nuclear,%,7.02
Argentina,2023-04-01,Electricity generation,Fuel,Other Fossil,%,1.99
Argentina,2023-04-01,Electricity generation,Fuel,Solar,%,2.51
Argentina,2023-04-01,Electricity generation,Fuel,Wind,%,11.2
Argentina,2023-05-01,Electricity generation,Aggregate fuel,Clean,%,39.4
Argentina,2023-05-01,Electricity generation,Aggregate fuel,Fossil,%,60.6
Argentina,2023-05-01,Electricity generation,Aggregate fuel,Gas and Other Fossil,%,60.13
Argentina,2023-05-01,Electricity generation,Aggregate fuel,"Hydro, Bioenergy and Other Renewables",%,20.54
Argentina,2023-05-01,Electricity generation,Aggregate fuel,Renewables,%,33.05
Argentina,2023-05-01,Electricity generation,Aggregate fuel,Wind and Solar,%,12.51
Argentina,2023-05-01,Electricity generation,Fuel,Bioenergy,%,0.84
Argentina,2023-05-01,Electricity generation,Fuel,Coal,%,0.47
Argentina,2023-05-01,Electricity generation,Fuel,Gas,%,58.54
Argentina,2023-05-01,Electricity generation,Fuel,Hydro,%,19.7
Argentina,2023-05-01,Electricity generation,Fuel,Nuclear,%,6.35
Argentina,2023-05-01,Electricity generation,Fuel,Other Fossil,%,1.59
Argentina,2023-05-01,Electricity generation,Fuel,Solar,%,1.68
Argentina,2023-05-01,Electricity generation,Fuel,Wind,%,10.83
Argentina,2023-06-01,Electricity generation,Aggregate fuel,Clean,%,38.19
Argentina,2023-06-01,Electricity generation,Aggregate fuel,Fossil,%,61.8
Argentina,2023-06-01,Electricity generation,Aggregate fuel,Gas and Other Fossil,%,59.76
Argentina,2023-06-01,Electricity generation,Aggregate fuel,"Hydro, Bioenergy and Other Renewables",%,20.28
Argentina,2023-06-01,Electricity generation,Aggregate fuel,Renewables,%,32.42
Argentina,2023-06-01,Electricity generation,Aggregate fuel,Wind and Solar,%,12.14
Argentina,2023-06-01,Electricity generation,Fuel,Bioenergy,%,0.76
Argentina,2023-06-01,Electricity generation,Fuel,Coal,%,2.04
Argentina,2023-06-01,Electricity generation,Fuel,Gas,%,57.89
Argentina,2023-06-01,Electricity generation,Fuel,Hydro,%,19.52
Argentina,2023-06-01,Electricity generation,Fuel,Nuclear,%,5.77
Argentina,2023-06-01,Electricity generation,Fuel,Other Fossil,%,1.87
Argentina,2023-06-01,Electricity generation,Fuel,Solar,%,1.53
Argentina,2023-06-01,Electricity generation,Fuel,Wind,%,10.61
Argentina,2023-07-01,Electricity generation,Aggregate fuel,Clean,%,47.72
Argentina,2023-07-01,Electricity generation,Aggregate fuel,Fossil,%,52.28
Argentina,2023-07-01,Electricity generation,Aggregate fuel,Gas and Other Fossil,%,50.08
Argentina,2023-07-01,Electricity generation,Aggregate fuel,"Hydro, Bioenergy and Other Renewables",%,31.6
Argentina,2023-07-01,Electricity generation,Aggregate fuel,Renewables,%,42.02
Argentina,2023-07-01,Electricity generation,Aggregate fuel,Wind and Solar,%,10.42
Argentina,2023-07-01,Electricity generation,Fuel,Bioenergy,%,0.9
Argentina,2023-07-01,Electricity generation,Fuel,Coal,%,2.2
Argentina,2023-07-01,Electricity generation,Fuel,Gas,%,48.86
Argentina,2023-07-01,Electricity generation,Fuel,Hydro,%,30.7
Argentina,2023-07-01,Electricity generation,Fuel,Nuclear,%,5.7
Argentina,2023-07-01,Electricity generation,Fuel,Other Fossil,%,1.22
Argentina,2023-07-01,Electricity generation,Fuel,Solar,%,1.63
Argentina,2023-07-01,Electricity generation,Fuel,Wind,%,8.79
Argentina,2023-08-01,Electricity generation,Aggregate fuel,Clean,%,55.53
Argentina,2023-08-01,Electricity generation,Aggregate fuel,Fossil,%,44.46
Argentina,2023-08-01,Electricity generation,Aggregate fuel,Gas and Other Fossil,%,42.82
Argentina,2023-08-01,Electricity generation,Aggregate fuel,"Hydro, Bioenergy and Other Renewables",%,35.76
Argentina,2023-08-01,Electricity generation,Aggregate fuel,Renewables,%,49.62
Argentina,2023-08-01,Electricity generation,Aggregate fuel,Wind and Solar,%,13.86
Argentina,2023-08-01,Electricity generation,Fuel,Bioenergy,%,0.98
Argentina,2023-08-01,Electricity generation,Fuel,Coal,%,1.64
Argentina,2023-08-01,Electricity generation,Fuel,Gas,%,41.92
Argentina,2023-08-01,Electricity generation,Fuel,Hydro,%,34.78
Argentina,2023-08-01,Electricity generation,Fuel,Nuclear,%,5.91
Argentina,2023-08-01,Electricity generation,Fuel,Other Fossil,%,0.9
Argentina,2023-08-01,Electricity generation,Fuel,Solar,%,2.05
Argentina,2023-08-01,Electricity generation,Fuel,Wind,%,11.81
Argentina,2023-09-01,Electricity generation,Aggregate fuel,Clean,%,58.62
Argentina,2023-09-01,Electricity generation,Aggregate fuel,Fossil,%,41.39
Argentina,2023-09-01,Electricity generation,Aggregate fuel,Gas and Other Fossil,%,40.25
Argentina,2023-09-01,Electricity generation,Aggregate fuel,"Hydro, Bioenergy and Other Renewables",%,38.84
Argentina,2023-09-01,Electricity generation,Aggregate fuel,Renewables,%,51.5
Argentina,2023-09-01,Electricity generation,Aggregate fuel,Wind and Solar,%,12.66
Argentina,2023-09-01,Electricity generation,Fuel,Bioenergy,%,0.97
Argentina,2023-09-01,Electricity generation,Fuel,Coal,%,1.14
Argentina,2023-09-01,Electricity generation,Fuel,Gas,%,39.28
Argentina,2023-09-01,Electricity generation,Fuel,Hydro,%,37.87
Argentina,2023-09-01,Electricity generation,Fuel,Nuclear,%,7.12
Argentina,2023-09-01,Electricity generation,Fuel,Other Fossil,%,0.97
Argentina,2023-09-01,Electricity generation,Fuel,Solar,%,2.55
Argentina,2023-09-01,Electricity generation,Fuel,Wind,%,10.11
Argentina,2023-10-01,Electricity generation,Aggregate fuel,Clean,%,63.02
Argentina,2023-10-01,Electricity generation,Aggregate fuel,Fossil,%,36.98
Argentina,2023-10-01,Electricity generation,Aggregate fuel,Gas and Other Fossil,%,36.8
Argentina,2023-10-01,Electricity generation,Aggregate fuel,"Hydro, Bioenergy and Other Renewables",%,40.07
Argentina,2023-10-01,Electricity generation,Aggregate fuel,Renewables,%,55.19
Argentina,2023-10-01,Electricity generation,Aggregate fuel,Wind and Solar,%,15.12
Argentina,2023-10-01,Electricity generation,Fuel,Bioenergy,%,0.91
Argentina,2023-10-01,Electricity generation,Fuel,Coal,%,0.18
Argentina,2023-10-01,Electricity generation,Fuel,Gas,%,36.07
Argentina,2023-10-01,Electricity generation,Fuel,Hydro,%,39.16
Argentina,2023-10-01,Electricity generation,Fuel,Nuclear,%,7.83
Argentina,2023-10-01,Electricity generation,Fuel,Other Fossil,%,0.73
Argentina,2023-10-01,Electricity generation,Fuel,Solar,%,3.1
Argentina,2023-10-01,Electricity generation,Fuel,Wind,%,12.02
Argentina,2023-11-01,Electricity generation,Aggregate fuel,Clean,%,57.81
Argentina,2023-11-01,Electricity generation,Aggregate fuel,Fossil,%,42.19
Argentina,2023-11-01,Electricity generation,Aggregate fuel,Gas and Other Fossil,%,42.19
Argentina,2023-11-01,Electricity generation,Aggregate fuel,"Hydro, Bioenergy and Other Renewables",%,34.68
Argentina,2023-11-01,Electricity generation,Aggregate fuel,Renewables,%,50.3
Argentina,2023-11-01,Electricity generation,Aggregate fuel,Wind and Solar,%,15.62
Argentina,2023-11-01,Electricity generation,Fuel,Bioenergy,%,0.86
Argentina,2023-11-01,Electricity generation,Fuel,Coal,%,0.0
Argentina,2023-11-01,Electricity generation,Fuel,Gas,%,41.07
Argentina,2023-11-01,Electricity generation,Fuel,Hydro,%,33.82
Argentina,2023-11-01,Electricity generation,Fuel,Nuclear,%,7.51
Argentina,2023-11-01,Electricity generation,Fuel,Other Fossil,%,1.12
Argentina,2023-11-01,Electricity generation,Fuel,Solar,%,3.02
Argentina,2023-11-01,Electricity generation,Fuel,Wind,%,12.6
Argentina,2023-12-01,Electricity generation,Aggregate fuel,Clean,%,57.65
Argentina,2023-12-01,Electricity generation,Aggregate fuel,Fossil,%,42.35
Argentina,2023-12-01,Electricity generation,Aggregate fuel,Gas and Other Fossil,%,42.35
Argentina,2023-12-01,Electricity generation,Aggregate fuel,"Hydro, Bioenergy and Other Renewables",%,35.83
Argentina,2023-12-01,Electricity generation,Aggregate fuel,Renewables,%,48.86
Argentina,2023-12-01,Electricity generation,Aggregate fuel,Wind and Solar,%,13.03
Argentina,2023-12-01,Electricity generation,Fuel,Bioenergy,%,0.81
Argentina,2023-12-01,Electricity generation,Fuel,Coal,%,0.0
Argentina,2023-12-01,Electricity generation,Fuel,Gas,%,41.37
Argentina,2023-12-01,Electricity generation,Fuel,Hydro,%,35.02
Argentina,2023-12-01,Electricity generation,Fuel,Nuclear,%,8.79
Argentina,2023-12-01,Electricity generation,Fuel,Other Fossil,%,0.98
Argentina,2023-12-01,Electricity generation,Fuel,Solar,%,3.01
Argentina,2023-12-01,Electricity generation,Fuel,Wind,%,10.02
Argentina,2024-01-01,Electricity generation,Aggregate fuel,Clean,%,49.47
Argentina,2024-01-01,Electricity generation,Aggregate fuel,Fossil,%,50.54
Argentina,2024-01-01,Electricity generation,Aggregate fuel,Gas and Other Fossil,%,50.54
Argentina,2024-01-01,Electricity generation,Aggregate fuel,"Hydro, Bioenergy and Other Renewables",%,28.94
Argentina,2024-01-01,Electricity generation,Aggregate fuel,Renewables,%,41.26
Argentina,2024-01-01,Electricity generation,Aggregate fuel,Wind and Solar,%,12.32
Argentina,2024-01-01,Electricity generation,Fuel,Bioenergy,%,0.72
Argentina,2024-01-01,Electricity generation,Fuel,Coal,%,0.0
Argentina,2024-01-01,Electricity generation,Fuel,Gas,%,49.68
Argentina,2024-01-01,Electricity generation,Fuel,Hydro,%,28.22
Argentina,2024-01-01,Electricity generation,Fuel,Nuclear,%,8.21
Argentina,2024-01-01,Electricity generation,Fuel,Other Fossil,%,0.86
Argentina,2024-01-01,Electricity generation,Fuel,Solar,%,2.74
Argentina,2024-01-01,Electricity generation,Fuel,Wind,%,9.58
Argentina,2024-02-01,Electricity generation,Aggregate fuel,Clean,%,42.74
Argentina,2024-02-01,Electricity generation,Aggregate fuel,Fossil,%,57.27
Argentina,2024-02-01,Electricity generation,Aggregate fuel,Gas and Other Fossil,%,56.58
Argentina,2024-02-01,Electricity generation,Aggregate fuel,"Hydro, Bioenergy and Other Renewables",%,23.9
Argentina,2024-02-01,Electricity generation,Aggregate fuel,Renewables,%,35.13
Argentina,2024-02-01,Electricity generation,Aggregate fuel,Wind and Solar,%,11.23
Argentina,2024-02-01,Electricity generation,Fuel,Bioenergy,%,0.69
Argentina,2024-02-01,Electricity generation,Fuel,Coal,%,0.69
Argentina,2024-02-01,Electricity generation,Fuel,Gas,%,55.27
Argentina,2024-02-01,Electricity generation,Fuel,Hydro,%,23.21
Argentina,2024-02-01,Electricity generation,Fuel,Nuclear,%,7.61
Argentina,2024-02-01,Electricity generation,Fuel,Other Fossil,%,1.31
Argentina,2024-02-01,Electricity generation,Fuel,Solar,%,2.31
Argentina,2024-02-01,Electricity generation,Fuel,Wind,%,8.92
Argentina,2024-03-01,Electricity generation,Aggregate fuel,Clean,%,44.39
Argentina,2024-03-01,Electricity generation,Aggregate fuel,Fossil,%,55.61
Argentina,2024-03-01,Electricity generation,Aggregate fuel,Gas and Other Fossil,%,54.96
Argentina,2024-03-01,Electricity generation,Aggregate fuel,"Hydro, Bioenergy and Other Renewables",%,21.79
Argentina,2024-03-01,Electricity generation,Aggregate fuel,Renewables,%,35.51
Argentina,2024-03-01,Electricity generation,Aggregate fuel,Wind and Solar,%,13.72
Argentina,2024-03-01,Electricity generation,Fuel,Bioenergy,%,0.81
Argentina,2024-03-01,Electricity generation,Fuel,Coal,%,0.65
Argentina,2024-03-01,Electricity generation,Fuel,Gas,%,53.67
Argentina,2024-03-01,Electricity generation,Fuel,Hydro,%,20.98
Argentina,2024-03-01,Electricity generation,Fuel,Nuclear,%,8.88
Argentina,2024-03-01,Electricity generation,Fuel,Other Fossil,%,1.29
Argentina,2024-03-01,Electricity generation,Fuel,Solar,%,2.66
Argentina,2024-03-01,Electricity generation,Fuel,Wind,%,11.06
Argentina,2024-04-01,Electricity generation,Aggregate fuel,Clean,%,50.1
Argentina,2024-04-01,Electricity generation,Aggregate fuel,Fossil,%,49.9
Argentina,2024-04-01,Electricity generation,Aggregate fuel,Gas and Other Fossil,%,49.9
Argentina,2024-04-01,Electricity generation,Aggregate fuel,"Hydro, Bioenergy and Other Renewables",%,23.72
Argentina,2024-04-01,Electricity generation,Aggregate fuel,Renewables,%,39.53
Argentina,2024-04-01,Electricity generation,Aggregate fuel,Wind and Solar,%,15.81
Argentina,2024-04-01,Electricity generation,Fuel,Bioenergy,%,0.67
Argentina,2024-04-01,Electricity generation,Fuel,Coal,%,0.0
Argentina,2024-04-01,Electricity generation,Fuel,Gas,%,49.33
Argentina,2024-04-01,Electricity generation,Fuel,Hydro,%,23.05
Argentina,2024-04-01,Electricity generation,Fuel,Nuclear,%,10.57
Argentina,2024-04-01,Electricity generation,Fuel,Other Fossil,%,0.57
Argentina,2024-04-01,Electricity generation,Fuel,Solar,%,2.67
Argentina,2024-04-01,Electricity generation,Fuel,Wind,%,13.14
Argentina,2024-05-01,Electricity generation,Aggregate fuel,Clean,%,48.48
Argentina,2024-05-01,Electricity generation,Aggregate fuel,Fossil,%,51.5
Argentina,2024-05-01,Electricity generation,Aggregate fuel,Gas and Other Fossil,%,48.81
Argentina,2024-05-01,Electricity generation,Aggregate fuel,"Hydro, Bioenergy and Other Renewables",%,28.32
Argentina,2024-05-01,Electricity generation,Aggregate fuel,Renewables,%,39.26
Argentina,2024-05-01,Electricity generation,Aggregate fuel,Wind and Solar,%,10.94
Argentina,2024-05-01,Electricity generation,Fuel,Bioenergy,%,0.73
Argentina,2024-05-01,Electricity generation,Fuel,Coal,%,2.69
Argentina,2024-05-01,Electricity generation,Fuel,Gas,%,47.18
Argentina,2024-05-01,Electricity generation,Fuel,Hydro,%,27.59
Argentina,2024-05-01,Electricity generation,Fuel,Nuclear,%,9.22
Argentina,2024-05-01,Electricity generation,Fuel,Other Fossil,%,1.63
Argentina,2024-05-01,Electricity generation,Fuel,Solar,%,1.88
Argentina,2024-05-01,Electricity generation,Fuel,Wind,%,9.06
Argentina,2024-06-01,Electricity generation,Aggregate fuel,Clean,%,45.07
Argentina,2024-06-01,Electricity generation,Aggregate fuel,Fossil,%,54.94
Argentina,2024-06-01,Electricity generation,Aggregate fuel,Gas and Other Fossil,%,53.22
Argentina,2024-06-01,Electricity generation,Aggregate fuel,"Hydro, Bioenergy and Other Renewables",%,21.81
Argentina,2024-06-01,Electricity generation,Aggregate fuel,Renewables,%,34.84
Argentina,2024-06-01,Electricity generation,Aggregate fuel,Wind and Solar,%,13.03
Argentina,2024-06-01,Electricity generation,Fuel,Bioenergy,%,1.0
Argentina,2024-06-01,Electricity generation,Fuel,Coal,%,1.72
Argentina,2024-06-01,Electricity generation,Fuel,Gas,%,52.22
Argentina,2024-06-01,Electricity generation,Fuel,Hydro,%,20.81
Argentina,2024-06-01,Electricity generation,Fuel,Nuclear,%,10.23
Argentina,2024-06-01,Electricity generation,Fuel,Other Fossil,%,1.0
Argentina,2024-06-01,Electricity generation,Fuel,Solar,%,1.81
Argentina,2024-06-01,Electricity generation,Fuel,Wind,%,11.22
Argentina,2024-07-01,Electricity generation,Aggregate fuel,Clean,%,49.09
Argentina,2024-07-01,Electricity generation,Aggregate fuel,Fossil,%,50.91
Argentina,2024-07-01,Electricity generation,Aggregate fuel,Gas and Other Fossil,%,48.47
Argentina,2024-07-01,Electricity generation,Aggregate fuel,"Hydro, Bioenergy and Other Renewables",%,27.33
Argentina,2024-07-01,Electricity generation,Aggregate fuel,Renewables,%,39.9
Argentina,2024-07-01,Electricity generation,Aggregate fuel,Wind and Solar,%,12.57
Argentina,2024-07-01,Electricity generation,Fuel,Bioenergy,%,0.94
Argentina,2024-07-01,Electricity generation,Fuel,Coal,%,2.44
Argentina,2024-07-01,Electricity generation,Fuel,Gas,%,47.29
Argentina,2024-07-01,Electricity generation,Fuel,Hydro,%,26.39
Argentina,2024-07-01,Electricity generation,Fuel,Nuclear,%,9.19
Argentina,2024-07-01,Electricity generation,Fuel,Other Fossil,%,1.18
Argentina,2024-07-01,Electricity generation,Fuel,Solar,%,1.89
Argentina,2024-07-01,Electricity generation,Fuel,Wind,%,10.68
Argentina,2024-08-01,Electricity generation,Aggregate fuel,Clean,%,45.55
Argentina,2024-08-01,Electricity generation,Aggregate fuel,Fossil,%,54.45
Argentina,2024-08-01,Electricity generation,Aggregate fuel,Gas and Other Fossil,%,53.33
Argentina,2024-08-01,Electricity generation,Aggregate fuel,"Hydro, Bioenergy and Other Renewables",%,25.97
Argentina,2024-08-01,Electricity generation,Aggregate fuel,Renewables,%,39.34
Argentina,2024-08-01,Electricity generation,Aggregate fuel,Wind and Solar,%,13.37
Argentina,2024-08-01,Electricity generation,Fuel,Bioenergy,%,1.12
Argentina,2024-08-01,Electricity generation,Fuel,Coal,%,1.12
Argentina,2024-08-01,Electricity generation,Fuel,Gas,%,52.29
Argentina,2024-08-01,Electricity generation,Fuel,Hydro,%,24.85
Argentina,2024-08-01,Electricity generation,Fuel,Nuclear,%,6.21
Argentina,2024-08-01,Electricity generation,Fuel,Other Fossil,%,1.04
Argentina,2024-08-01,Electricity generation,Fuel,Solar,%,2.33
Argentina,2024-08-01,Electricity generation,Fuel,Wind,%,11.04
Argentina,2024-09-01,Electricity generation,Aggregate fuel,Clean,%,43.32
Argentina,2024-09-01,Electricity generation,Aggregate fuel,Fossil,%,56.69
Argentina,2024-09-01,Electricity generation,Aggregate fuel,Gas and Other Fossil,%,56.31
Argentina,2024-09-01,Electricity generation,Aggregate fuel,"Hydro, Bioenergy and Other Renewables",%,20.76
Argentina,2024-09-01,Electricity generation,Aggregate fuel,Renewables,%,38.77
Argentina,2024-09-01,Electricity generation,Aggregate fuel,Wind and Solar,%,18.01
Argentina,2024-09-01,Electricity generation,Fuel,Bioenergy,%,1.14
Argentina,2024-09-01,Electricity generation,Fuel,Coal,%,0.38
Argentina,2024-09-01,Electricity generation,Fuel,Gas,%,55.55
Argentina,2024-09-01,Electricity generation,Fuel,Hydro,%,19.62
Argentina,2024-09-01,Electricity generation,Fuel,Nuclear,%,4.55
Argentina,2024-09-01,Electricity generation,Fuel,Other Fossil,%,0.76
Argentina,2024-09-01,Electricity generation,Fuel,Solar,%,3.51
Argentina,2024-09-01,Electricity generation,Fuel,Wind,%,14.5
Argentina,2024-10-01,Electricity generation,Aggregate fuel,Clean,%,46.66
Argentina,2024-10-01,Electricity generation,Aggregate fuel,Fossil,%,53.34
Argentina,2024-10-01,Electricity generation,Aggregate fuel,Gas and Other Fossil,%,53.07
Argentina,2024-10-01,Electricity generation,Aggregate fuel,"Hydro, Bioenergy and Other Renewables",%,26.35
Argentina,2024-10-01,Electricity generation,Aggregate fuel,Renewables,%,43.09
Argentina,2024-10-01,Electricity generation,Aggregate fuel,Wind and Solar,%,16.74
Argentina,2024-10-01,Electricity generation,Fuel,Bioenergy,%,1.1
Argentina,2024-10-01,Electricity generation,Fuel,Coal,%,0.27
Argentina,2024-10-01,Electricity generation,Fuel,Gas,%,51.97
Argentina,2024-10-01,Electricity generation,Fuel,Hydro,%,25.25
Argentina,2024-10-01,Electricity generation,Fuel,Nuclear,%,3.57
Argentina,2024-10-01,Electricity generation,Fuel,Other Fossil,%,1.1
Argentina,2024-10-01,Electricity generation,Fuel,Solar,%,3.66
Argentina,2024-10-01,Electricity generation,Fuel,Wind,%,13.08
Argentina,2024-11-01,Electricity generation,Aggregate fuel,Clean,%,46.99
Argentina,2024-11-01,Electricity generation,Aggregate fuel,Fossil,%,53.02
Argentina,2024-11-01,Electricity generation,Aggregate fuel,Gas and Other Fossil,%,52.58
Argentina,2024-11-01,Electricity generation,Aggregate fuel,"Hydro, Bioenergy and Other Renewables",%,25.8
Argentina,2024-11-01,Electricity generation,Aggregate fuel,Renewables,%,43.44
Argentina,2024-11-01,Electricity generation,Aggregate fuel,Wind and Solar,%,17.64
Argentina,2024-11-01,Electricity generation,Fuel,Bioenergy,%,0.8
Argentina,2024-11-01,Electricity generation,Fuel,Coal,%,0.44
Argentina,2024-11-01,Electricity generation,Fuel,Gas,%,51.6
Argentina,2024-11-01,Electricity generation,Fuel,Hydro,%,25.0
Argentina,2024-11-01,Electricity generation,Fuel,Nuclear,%,3.55
Argentina,2024-11-01,Electricity generation,Fuel,Other Fossil,%,0.98
Argentina,2024-11-01,Electricity generation,Fuel,Solar,%,3.99
Argentina,2024-11-01,Electricity generation,Fuel,Wind,%,13.65
Argentina,2024-12-01,Electricity generation,Aggregate fuel,Clean,%,51.22
Argentina,2024-12-01,Electricity generation,Aggregate fuel,Fossil,%,48.79
Argentina,2024-12-01,Electricity generation,Aggregate fuel,Gas and Other Fossil,%,48.37
Argentina,2024-12-01,Electricity generation,Aggregate fuel,"Hydro, Bioenergy and Other Renewables",%,29.38
Argentina,2024-12-01,Electricity generation,Aggregate fuel,Renewables,%,45.53
Argentina,2024-12-01,Electricity generation,Aggregate fuel,Wind and Solar,%,16.15
Argentina,2024-12-01,Electricity generation,Fuel,Bioenergy,%,0.84
Argentina,2024-12-01,Electricity generation,Fuel,Coal,%,0.42
Argentina,2024-12-01,Electricity generation,Fuel,Gas,%,47.7
Argentina,2024-12-01,Electricity generation,Fuel,Hydro,%,28.54
Argentina,2024-12-01,Electricity generation,Fuel,Nuclear,%,5.69
Argentina,2024-12-01,Electricity generation,Fuel,Other Fossil,%,0.67
Argentina,2024-12-01,Electricity generation,Fuel,Solar,%,4.02
Argentina,2024-12-01,Electricity generation,Fuel,Wind,%,12.13
Argentina,2025-01-01,Electricity generation,Aggregate fuel,Clean,%,39.54
Argentina,2025-01-01,Electricity generation,Aggregate fuel,Fossil,%,60.47
Argentina,2025-01-01,Electricity generation,Aggregate fuel,Gas and Other Fossil,%,59.31
Argentina,2025-01-01,Electricity generation,Aggregate fuel,"Hydro, Bioenergy and Other Renewables",%,19.41
Argentina,2025-01-01,Electricity generation,Aggregate fuel,Renewables,%,33.17
Argentina,2025-01-01,Electricity generation,Aggregate fuel,Wind and Solar,%,13.76
Argentina,2025-01-01,Electricity generation,Fuel,Bioenergy,%,0.8
Argentina,2025-01-01,Electricity generation,Fuel,Coal,%,1.16
Argentina,2025-01-01,Electricity generation,Fuel,Gas,%,58.51
Argentina,2025-01-01,Electricity generation,Fuel,Hydro,%,18.61
Argentina,2025-01-01,Electricity generation,Fuel,Nuclear,%,6.37
Argentina,2025-01-01,Electricity generation,Fuel,Other Fossil,%,0.8
Argentina,2025-01-01,Electricity generation,Fuel,Solar,%,3.26
Argentina,2025-01-01,Electricity generation,Fuel,Wind,%,10.5
Argentina,2025-02-01,Electricity generation,Aggregate fuel,Clean,%,38.28
Argentina,2025-02-01,Electricity generation,Aggregate fuel,Fossil,%,61.72
Argentina,2025-02-01,Electricity generation,Aggregate fuel,Gas and Other Fossil,%,60.48
Argentina,2025-02-01,Electricity generation,Aggregate fuel,"Hydro, Bioenergy and Other Renewables",%,18.4
Argentina,2025-02-01,Electricity generation,Aggregate fuel,Renewables,%,32.15
Argentina,2025-02-01,Electricity generation,Aggregate fuel,Wind and Solar,%,13.75
Argentina,2025-02-01,Electricity generation,Fuel,Bioenergy,%,0.78
Argentina,2025-02-01,Electricity generation,Fuel,Coal,%,1.24
Argentina,2025-02-01,Electricity generation,Fuel,Gas,%,59.39
Argentina,2025-02-01,Electricity generation,Fuel,Hydro,%,17.62
Argentina,2025-02-01,Electricity generation,Fuel,Nuclear,%,6.13
Argentina,2025-02-01,Electricity generation,Fuel,Other Fossil,%,1.09
Argentina,2025-02-01,Electricity generation,Fuel,Solar,%,3.11
Argentina,2025-02-01,Electricity generation,Fuel,Wind,%,10.64
Argentina,2025-03-01,Electricity generation,Aggregate fuel,Clean,%,41.63
Argentina,2025-03-01,Electricity generation,Aggregate fuel,Fossil,%,58.38
Argentina,2025-03-01,Electricity generation,Aggregate fuel,Gas and Other Fossil,%,57.8
Argentina,2025-03-01,Electricity generation,Aggregate fuel,"Hydro, Bioenergy and Other Renewables",%,18.99
Argentina,2025-03-01,Electricity generation,Aggregate fuel,Renewables,%,34.08
Argentina,2025-03-01,Electricity generation,Aggregate fuel,Wind and Solar,%,15.09
Argentina,2025-03-01,Electricity generation,Fuel,Bioenergy,%,0.91
Argentina,2025-03-01,Electricity generation,Fuel,Coal,%,0.58
Argentina,2025-03-01,Electricity generation,Fuel,Gas,%,56.8
Argentina,2025-03-01,Electricity generation,Fuel,Hydro,%,18.08
Argentina,2025-03-01,Electricity generation,Fuel,Nuclear,%,7.55
Argentina,2025-03-01,Electricity generation,Fuel,Other Fossil,%,1.0
Argentina,2025-03-01,Electricity generation,Fuel,Solar,%,3.15
Argentina,2025-03-01,Electricity generation,Fuel,Wind,%,11.94
Argentina,2025-04-01,Electricity generation,Aggregate fuel,Clean,%,47.48
Argentina,2025-04-01,Electricity generation,Aggregate fuel,Fossil,%,52.51
Argentina,2025-04-01,Electricity generation,Aggregate fuel,Gas and Other Fossil,%,52.03
Argentina,2025-04-01,Electricity generation,Aggregate fuel,"Hydro, Bioenergy and Other Renewables",%,21.32
Argentina,2025-04-01,Electricity generation,Aggregate fuel,Renewables,%,38.76
Argentina,2025-04-01,Electricity generation,Aggregate fuel,Wind and Solar,%,17.44
Argentina,2025-04-01,Electricity generation,Fuel,Bioenergy,%,1.16
Argentina,2025-04-01,Electricity generation,Fuel,Coal,%,0.48
Argentina,2025-04-01,Electricity generation,Fuel,Gas,%,51.45
Argentina,2025-04-01,Electricity generation,Fuel,Hydro,%,20.16
Argentina,2025-04-01,Electricity generation,Fuel,Nuclear,%,8.72
Argentina,2025-04-01,Electricity generation,Fuel,Other Fossil,%,0.58
Argentina,2025-04-01,Electricity generation,Fuel,Solar,%,3.39
Argentina,2025-04-01,Electricity generation,Fuel,Wind,%,14.05
Argentina,2025-05-01,Electricity generation,Aggregate fuel,Clean,%,47.76
Argentina,2025-05-01,Electricity generation,Aggregate fuel,Fossil,%,52.25
Argentina,2025-05-01,Electricity generation,Aggregate fuel,Gas and Other Fossil,%,51.81
Argentina,2025-05-01,Electricity generation,Aggregate fuel,"Hydro, Bioenergy and Other Renewables",%,22.78
Argentina,2025-05-01,Electricity generation,Aggregate fuel,Renewables,%,39.55
Argentina,2025-05-01,Electricity generation,Aggregate fuel,Wind and Solar,%,16.77
Argentina,2025-05-01,Electricity generation,Fuel,Bioenergy,%,1.24
Argentina,2025-05-01,Electricity generation,Fuel,Coal,%,0.44
Argentina,2025-05-01,Electricity generation,Fuel,Gas,%,51.1
Argentina,2025-05-01,Electricity generation,Fuel,Hydro,%,21.54
Argentina,2025-05-01,Electricity generation,Fuel,Nuclear,%,8.21
Argentina,2025-05-01,Electricity generation,Fuel,Other Fossil,%,0.71
Argentina,2025-05-01,Electricity generation,Fuel,Solar,%,2.74
Argentina,2025-05-01,Electricity generation,Fuel,Wind,%,14.03
Argentina,2025-06-01,Electricity generation,Aggregate fuel,Clean,%,49.6
Argentina,2025-06-01,Electricity generation,Aggregate fuel,Fossil,%,50.4
Argentina,2025-06-01,Electricity generation,Aggregate fuel,Gas and Other Fossil,%,46.79
Argentina,2025-06-01,Electricity generation,Aggregate fuel,"Hydro, Bioenergy and Other Renewables",%,28.09
Argentina,2025-06-01,Electricity generation,Aggregate fuel,Renewables,%,42.86
Argentina,2025-06-01,Electricity generation,Aggregate fuel,Wind and Solar,%,14.77
Argentina,2025-06-01,Electricity generation,Fuel,Bioenergy,%,1.12
Argentina,2025-06-01,Electricity generation,Fuel,Coal,%,3.61
Argentina,2025-06-01,Electricity generation,Fuel,Gas,%,45.99
Argentina,2025-06-01,Electricity generation,Fuel,Hydro,%,26.97
Argentina,2025-06-01,Electricity generation,Fuel,Nuclear,%,6.74
Argentina,2025-06-01,Electricity generation,Fuel,Other Fossil,%,0.8
Argentina,2025-06-01,Electricity generation,Fuel,Solar,%,2.25
Argentina,2025-06-01,Electricity generation,Fuel,Wind,%,12.52
Argentina,2025-07-01,Electricity generation,Aggregate fuel,Clean,%,46.28
Argentina,2025-07-01,Electricity generation,Aggregate fuel,Fossil,%,53.71
Argentina,2025-07-01,Electricity generation,Aggregate fuel,Gas and Other Fossil,%,50.49
Argentina,2025-07-01,Electricity generation,Aggregate fuel,"Hydro, Bioenergy and Other Renewables",%,23.68
Argentina,2025-07-01,Electricity generation,Aggregate fuel,Renewables,%,38.94
Argentina,2025-07-01,Electricity generation,Aggregate fuel,Wind and Solar,%,15.26
Argentina,2025-07-01,Electricity generation,Fuel,Bioenergy,%,1.24
Argentina,2025-07-01,Electricity generation,Fuel,Coal,%,3.22
Argentina,2025-07-01,Electricity generation,Fuel,Gas,%,49.5
Argentina,2025-07-01,Electricity generation,Fuel,Hydro,%,22.44
Argentina,2025-07-01,Electricity generation,Fuel,Nuclear,%,7.34
Argentina,2025-07-01,Electricity generation,Fuel,Other Fossil,%,0.99
Argentina,2025-07-01,Electricity generation,Fuel,Solar,%,2.64
Argentina,2025-07-01,Electricity generation,Fuel,Wind,%,12.62
Argentina,2025-08-01,Electricity generation,Aggregate fuel,Clean,%,47.14
Argentina,2025-08-01,Electricity generation,Aggregate fuel,Fossil,%,52.85
Argentina,2025-08-01,Electricity generation,Aggregate fuel,Gas and Other Fossil,%,50.0
Argentina,2025-08-01,Electricity generation,Aggregate fuel,"Hydro, Bioenergy and Other Renewables",%,22.49
Argentina,2025-08-01,Electricity generation,Aggregate fuel,Renewables,%,39.01
Argentina,2025-08-01,Electricity generation,Aggregate fuel,Wind and Solar,%,16.52
Argentina,2025-08-01,Electricity generation,Fuel,Bioenergy,%,1.3
Argentina,2025-08-01,Electricity generation,Fuel,Coal,%,2.85
Argentina,2025-08-01,Electricity generation,Fuel,Gas,%,49.57
Argentina,2025-08-01,Electricity generation,Fuel,Hydro,%,21.19
Argentina,2025-08-01,Electricity generation,Fuel,Nuclear,%,8.13
Argentina,2025-08-01,Electricity generation,Fuel,Other Fossil,%,0.43
Argentina,2025-08-01,Electricity generation,Fuel,Solar,%,3.37
Argentina,2025-08-01,Electricity generation,Fuel,Wind,%,13.15
Argentina,2025-09-01,Electricity generation,Aggregate fuel,Clean,%,55.86
Argentina,2025-09-01,Electricity generation,Aggregate fuel,Fossil,%,44.14
Argentina,2025-09-01,Electricity generation,Aggregate fuel,Gas and Other Fossil,%,41.79
Argentina,2025-09-01,Electricity generation,Aggregate fuel,"Hydro, Bioenergy and Other Renewables",%,27.51
Argentina,2025-09-01,Electricity generation,Aggregate fuel,Renewables,%,47.32
Argentina,2025-09-01,Electricity generation,Aggregate fuel,Wind and Solar,%,19.81
Argentina,2025-09-01,Electricity generation,Fuel,Bioenergy,%,1.31
Argentina,2025-09-01,Electricity generation,Fuel,Coal,%,2.35
Argentina,2025-09-01,Electricity generation,Fuel,Gas,%,41.41
Argentina,2025-09-01,Electricity generation,Fuel,Hydro,%,26.2
Argentina,2025-09-01,Electricity generation,Fuel,Nuclear,%,8.54
Argentina,2025-09-01,Electricity generation,Fuel,Other Fossil,%,0.38
Argentina,2025-09-01,Electricity generation,Fuel,Solar,%,4.6
Argentina,2025-09-01,Electricity generation,Fuel,Wind,%,15.21
Argentina,2025-10-01,Electricity generation,Aggregate fuel,Clean,%,59.98
Argentina,2025-10-01,Electricity generation,Aggregate fuel,Fossil,%,40.02
Argentina,2025-10-01,Electricity generation,Aggregate fuel,Gas and Other Fossil,%,37.82
Argentina,2025-10-01,Electricity generation,Aggregate fuel,"Hydro, Bioenergy and Other Renewables",%,29.21
Argentina,2025-10-01,Electricity generation,Aggregate fuel,Renewables,%,51.46
Argentina,2025-10-01,Electricity generation,Aggregate fuel,Wind and Solar,%,22.25
Argentina,2025-10-01,Electricity generation,Fuel,Bioenergy,%,1.28
Argentina,2025-10-01,Electricity generation,Fuel,Coal,%,2.2
Argentina,2025-10-01,Electricity generation,Fuel,Gas,%,37.36
Argentina,2025-10-01,Electricity generation,Fuel,Hydro,%,27.93
Argentina,2025-10-01,Electricity generation,Fuel,Nuclear,%,8.52
Argentina,2025-10-01,Electricity generation,Fuel,Other Fossil,%,0.46
Argentina,2025-10-01,Electricity generation,Fuel,Solar,%,5.22
Argentina,2025-10-01,Electricity generation,Fuel,Wind,%,17.03
Bolivia,2019-01-01,Electricity generation,Aggregate fuel,Clean,%,42.5
Bolivia,2019-01-01,Electricity generation,Aggregate fuel,Fossil,%,57.5
Bolivia,2019-01-01,Electricity generation,Aggregate fuel,Gas and Other Fossil,%,57.5
Bolivia,2019-01-01,Electricity generation,Aggregate fuel,"Hydro, Bioenergy and Other Renewables",%,40.0
Bolivia,2019-01-01,Electricity generation,Aggregate fuel,Renewables,%,42.5
Bolivia,2019-01-01,Electricity generation,Aggregate fuel,Wind and Solar,%,2.5
Bolivia,2019-01-01,Electricity generation,Fuel,Bioenergy,%,1.25
Bolivia,2019-01-01,Electricity generation,Fuel,Gas,%,57.5
Bolivia,2019-01-01,Electricity generation,Fuel,Hydro,%,38.75
Bolivia,2019-01-01,Electricity generation,Fuel,Solar,%,1.25
Bolivia,2019-01-01,Electricity generation,Fuel,Wind,%,1.25
Bolivia,2019-02-01,Electricity generation,Aggregate fuel,Clean,%,39.19
Bolivia,2019-02-01,Electricity generation,Aggregate fuel,Fossil,%,60.81
Bolivia,2019-02-01,Electricity generation,Aggregate fuel,Gas and Other Fossil,%,60.81
Bolivia,2019-02-01,Electricity generation,Aggregate fuel,"Hydro, Bioenergy and Other Renewables",%,37.84
Bolivia,2019-02-01,Electricity generation,Aggregate fuel,Renewables,%,39.19
Bolivia,2019-02-01,Electricity generation,Aggregate fuel,Wind and Solar,%,1.35
Bolivia,2019-02-01,Electricity generation,Fuel,Bioenergy,%,0.0
Bolivia,2019-02-01,Electricity generation,Fuel,Gas,%,60.81
Bolivia,2019-02-01,Electricity generation,Fuel,Hydro,%,37.84
Bolivia,2019-02-01,Electricity generation,Fuel,Solar,%,1.35
Bolivia,2019-02-01,Electricity generation,Fuel,Wind,%,0.0
Bolivia,2019-03-01,Electricity generation,Aggregate fuel,Clean,%,40.51
Bolivia,2019-03-01,Electricity generation,Aggregate fuel,Fossil,%,59.49
Bolivia,2019-03-01,Electricity generation,Aggregate fuel,Gas and Other Fossil,%,59.49
Bolivia,2019-03-01,Electricity generation,Aggregate fuel,"Hydro, Bioenergy and Other Renewables",%,39.24
Bolivia,2019-03-01,Electricity generation,Aggregate fuel,Renewables,%,40.51
Bolivia,2019-03-01,Electricity generation,Aggregate fuel,Wind and Solar,%,1.27
Bolivia,2019-03-01,Electricity generation,Fuel,Bioenergy,%,0.0
Bolivia,2019-03-01,Electricity generation,Fuel,Gas,%,59.49
Bolivia,2019-03-01,Electricity generation,Fuel,Hydro,%,39.24
Bolivia,2019-03-01,Electricity generation,Fuel,Solar,%,1.27
Bolivia,2019-03-01,Electricity generation,Fuel,Wind,%,0.0
Bolivia,2019-04-01,Electricity generation,Aggregate fuel,Clean,%,41.02
Bolivia,2019-04-01,Electricity generation,Aggregate fuel,Fossil,%,58.97
Bolivia,2019-04-01,Electricity generation,Aggregate fuel,Gas and Other Fossil,%,58.97
Bolivia,2019-04-01,Electricity generation,Aggregate fuel,"Hydro, Bioenergy and Other Renewables",%,39.74
Bolivia,2019-04-01,Electricity generation,Aggregate fuel,Renewables,%,41.02
Bolivia,2019-04-01,Electricity generation,Aggregate fuel,Wind and Solar,%,1.28
Bolivia,2019-04-01,Electricity generation,Fuel,Bioenergy,%,0.0
Bolivia,2019-04-01,Electricity generation,Fuel,Gas,%,58.97
Bolivia,2019-04-01,Electricity generation,Fuel,Hydro,%,39.74
Bolivia,2019-04-01,Electricity generation,Fuel,Solar,%,1.28
Bolivia,2019-04-01,Electricity generation,Fuel,Wind,%,0.0
Bolivia,2019-05-01,Electricity generation,Aggregate fuel,Clean,%,35.45
Bolivia,2019-05-01,Electricity generation,Aggregate fuel,Fossil,%,64.56
Bolivia,2019-05-01,Electricity generation,Aggregate fuel,Gas and Other Fossil,%,64.56
Bolivia,2019-05-01,Electricity generation,Aggregate fuel,"Hydro, Bioenergy and Other Renewables",%,32.91
Bolivia,2019-05-01,Electricity generation,Aggregate fuel,Renewables,%,35.45
Bolivia,2019-05-01,Electricity generation,Aggregate fuel,Wind and Solar,%,2.54
Bolivia,2019-05-01,Electricity generation,Fuel,Bioenergy,%,0.0
Bolivia,2019-05-01,Electricity generation,Fuel,Gas,%,64.56
Bolivia,2019-05-01,Electricity generation,Fuel,Hydro,%,32.91
Bolivia,2019-05-01,Electricity generation,Fuel,Solar,%,1.27
Bolivia,2019-05-01,Electricity generation,Fuel,Wind,%,1.27
Bolivia,2019-06-01,Electricity generation,Aggregate fuel,Clean,%,34.22
Bolivia,2019-06-01,Electricity generation,Aggregate fuel,Fossil,%,65.79
Bolivia,2019-06-01,Electricity generation,Aggregate fuel,Gas and Other Fossil,%,65.79
Bolivia,2019-06-01,Electricity generation,Aggregate fuel,"Hydro, Bioenergy and Other Renewables",%,31.58
Bolivia,2019-06-01,Electricity generation,Aggregate fuel,Renewables,%,34.22
Bolivia,2019-06-01,Electricity generation,Aggregate fuel,Wind and Solar,%,2.64
Bolivia,2019-06-01,Electricity generation,Fuel,Bioenergy,%,1.32
Bolivia,2019-06-01,Electricity generation,Fuel,Gas,%,65.79
Bolivia,2019-06-01,Electricity generation,Fuel,Hydro,%,30.26
Bolivia,2019-06-01,Electricity generation,Fuel,Solar,%,1.32
Bolivia,2019-06-01,Electricity generation,Fuel,Wind,%,1.32
Bolivia,2019-07-01,Electricity generation,Aggregate fuel,Clean,%,33.33
Bolivia,2019-07-01,Electricity generation,Aggregate fuel,Fossil,%,66.67
Bolivia,2019-07-01,Electricity generation,Aggregate fuel,Gas and Other Fossil,%,66.67
Bolivia,2019-07-01,Electricity generation,Aggregate fuel,"Hydro, Bioenergy and Other Renewables",%,30.77
Bolivia,2019-07-01,Electricity generation,Aggregate fuel,Renewables,%,33.33
Bolivia,2019-07-01,Electricity generation,Aggregate fuel,Wind and Solar,%,2.56
Bolivia,2019-07-01,Electricity generation,Fuel,Bioenergy,%,2.56
Bolivia,2019-07-01,Electricity generation,Fuel,Gas,%,66.67
Bolivia,2019-07-01,Electricity generation,Fuel,Hydro,%,28.21
Bolivia,2019-07-01,Electricity generation,Fuel,Solar,%,1.28
Bolivia,2019-07-01,Electricity generation,Fuel,Wind,%,1.28
Bolivia,2019-08-01,Electricity generation,Aggregate fuel,Clean,%,32.5
Bolivia,2019-08-01,Electricity generation,Aggregate fuel,Fossil,%,67.5
Bolivia,2019-08-01,Electricity generation,Aggregate fuel,Gas and Other Fossil,%,67.5
Bolivia,2019-08-01,Electricity generation,Aggregate fuel,"Hydro, Bioenergy and Other Renewables",%,30.0
Bolivia,2019-08-01,Electricity generation,Aggregate fuel,Renewables,%,32.5
Bolivia,2019-08-01,Electricity generation,Aggregate fuel,Wind and Solar,%,2.5
Bolivia,2019-08-01,Electricity generation,Fuel,Bioenergy,%,3.75
Bolivia,2019-08-01,Electricity generation,Fuel,Gas,%,67.5
Bolivia,2019-08-01,Electricity generation,Fuel,Hydro,%,26.25
Bolivia,2019-08-01,Electricity generation,Fuel,Solar,%,1.25
Bolivia,2019-08-01,Electricity generation,Fuel,Wind,%,1.25
Bolivia,2019-09-01,Electricity generation,Aggregate fuel,Clean,%,32.93
Bolivia,2019-09-01,Electricity generation,Aggregate fuel,Fossil,%,67.07
Bolivia,2019-09-01,Electricity generation,Aggregate fuel,Gas and Other Fossil,%,67.07
Bolivia,2019-09-01,Electricity generation,Aggregate fuel,"Hydro, Bioenergy and Other Renewables",%,29.27
Bolivia,2019-09-01,Electricity generation,Aggregate fuel,Renewables,%,32.93
Bolivia,2019-09-01,Electricity generation,Aggregate fuel,Wind and Solar,%,3.66
Bolivia,2019-09-01,Electricity generation,Fuel,Bioenergy,%,3.66
Bolivia,2019-09-01,Electricity generation,Fuel,Gas,%,67.07
Bolivia,2019-09-01,Electricity generation,Fuel,Hydro,%,25.61
Bolivia,2019-09-01,Electricity generation,Fuel,Solar,%,2.44
Bolivia,2019-09-01,Electricity generation,Fuel,Wind,%,1.22
Bolivia,2019-10-01,Electricity generation,Aggregate fuel,Clean,%,40.47
Bolivia,2019-10-01,Electricity generation,Aggregate fuel,Fossil,%,59.52
Bolivia,2019-10-01,Electricity generation,Aggregate fuel,Gas and Other Fossil,%,59.52
Bolivia,2019-10-01,Electricity generation,Aggregate fuel,"Hydro, Bioenergy and Other Renewables",%,36.9
Bolivia,2019-10-01,Electricity generation,Aggregate fuel,Renewables,%,40.47
Bolivia,2019-10-01,Electricity generation,Aggregate fuel,Wind and Solar,%,3.57
Bolivia,2019-10-01,Electricity generation,Fuel,Bioenergy,%,3.57
Bolivia,2019-10-01,Electricity generation,Fuel,Gas,%,59.52
Bolivia,2019-10-01,Electricity generation,Fuel,Hydro,%,33.33
Bolivia,2019-10-01,Electricity generation,Fuel,Solar,%,2.38
Bolivia,2019-10-01,Electricity generation,Fuel,Wind,%,1.19
Bolivia,2019-11-01,Electricity generation,Aggregate fuel,Clean,%,41.56
Bolivia,2019-11-01,Electricity generation,Aggregate fuel,Fossil,%,58.44
Bolivia,2019-11-01,Electricity generation,Aggregate fuel,Gas and Other Fossil,%,58.44
Bolivia,2019-11-01,Electricity generation,Aggregate fuel,"Hydro, Bioenergy and Other Renewables",%,38.96
Bolivia,2019-11-01,Electricity generation,Aggregate fuel,Renewables,%,41.56
Bolivia,2019-11-01,Electricity generation,Aggregate fuel,Wind and Solar,%,2.6
Bolivia,2019-11-01,Electricity generation,Fuel,Bioenergy,%,2.6
Bolivia,2019-11-01,Electricity generation,Fuel,Gas,%,58.44
Bolivia,2019-11-01,Electricity generation,Fuel,Hydro,%,36.36
Bolivia,2019-11-01,Electricity generation,Fuel,Solar,%,2.6
Bolivia,2019-11-01,Electricity generation,Fuel,Wind,%,0.0
Bolivia,2019-12-01,Electricity generation,Aggregate fuel,Clean,%,42.86
Bolivia,2019-12-01,Electricity generation,Aggregate fuel,Fossil,%,57.14
Bolivia,2019-12-01,Electricity generation,Aggregate fuel,Gas and Other Fossil,%,57.14
Bolivia,2019-12-01,Electricity generation,Aggregate fuel,"Hydro, Bioenergy and Other Renewables",%,40.48
Bolivia,2019-12-01,Electricity generation,Aggregate fuel,Renewables,%,42.86
Bolivia,2019-12-01,Electricity generation,Aggregate fuel,Wind and Solar,%,2.38
Bolivia,2019-12-01,Electricity generation,Fuel,Bioenergy,%,0.0
Bolivia,2019-12-01,Electricity generation,Fuel,Gas,%,57.14
Bolivia,2019-12-01,Electricity generation,Fuel,Hydro,%,40.48
Bolivia,2019-12-01,Electricity generation,Fuel,Solar,%,2.38
Bolivia,2019-12-01,Electricity generation,Fuel,Wind,%,0.0
Bolivia,2020-01-01,Electricity generation,Aggregate fuel,Clean,%,43.68
Bolivia,2020-01-01,Electricity generation,Aggregate fuel,Fossil,%,56.32
Bolivia,2020-01-01,Electricity generation,Aggregate fuel,Gas and Other Fossil,%,56.32
Bolivia,2020-01-01,Electricity generation,Aggregate fuel,"Hydro, Bioenergy and Other Renewables",%,41.38
Bolivia,2020-01-01,Electricity generation,Aggregate fuel,Renewables,%,43.68
Bolivia,2020-01-01,Electricity generation,Aggregate fuel,Wind and Solar,%,2.3
Bolivia,2020-01-01,Electricity generation,Fuel,Bioenergy,%,0.0
Bolivia,2020-01-01,Electricity generation,Fuel,Gas,%,56.32
Bolivia,2020-01-01,Electricity generation,Fuel,Hydro,%,41.38
Bolivia,2020-01-01,Electricity generation,Fuel,Solar,%,2.3
Bolivia,2020-01-01,Electricity generation,Fuel,Wind,%,0.0
Bolivia,2020-02-01,Electricity generation,Aggregate fuel,Clean,%,46.76
Bolivia,2020-02-01,Electricity generation,Aggregate fuel,Fossil,%,53.25
Bolivia,2020-02-01,Electricity generation,Aggregate fuel,Gas and Other Fossil,%,53.25
Bolivia,2020-02-01,Electricity generation,Aggregate fuel,"Hydro, Bioenergy and Other Renewables",%,44.16
Bolivia,2020-02-01,Electricity generation,Aggregate fuel,Renewables,%,46.76
Bolivia,2020-02-01,Electricity generation,Aggregate fuel,Wind and Solar,%,2.6
Bolivia,2020-02-01,Electricity generation,Fuel,Bioenergy,%,0.0
Bolivia,2020-02-01,Electricity generation,Fuel,Gas,%,53.25
Bolivia,2020-02-01,Electricity generation,Fuel,Hydro,%,44.16
Bolivia,2020-02-01,Electricity generation,Fuel,Solar,%,2.6
Bolivia,2020-02-01,Electricity generation,Fuel,Wind,%,0.0
Bolivia,2020-03-01,Electricity generation,Aggregate fuel,Clean,%,42.17
Bolivia,2020-03-01,Electricity generation,Aggregate fuel,Fossil,%,57.83
Bolivia,2020-03-01,Electricity generation,Aggregate fuel,Gas and Other Fossil,%,57.83
Bolivia,2020-03-01,Electricity generation,Aggregate fuel,"Hydro, Bioenergy and Other Renewables",%,39.76
Bolivia,2020-03-01,Electricity generation,Aggregate fuel,Renewables,%,42.17
Bolivia,2020-03-01,Electricity generation,Aggregate fuel,Wind and Solar,%,2.41
Bolivia,2020-03-01,Electricity generation,Fuel,Bioenergy,%,0.0
Bolivia,2020-03-01,Electricity generation,Fuel,Gas,%,57.83
Bolivia,2020-03-01,Electricity generation,Fuel,Hydro,%,39.76
Bolivia,2020-03-01,Electricity generation,Fuel,Solar,%,2.41
Bolivia,2020-03-01,Electricity generation,Fuel,Wind,%,0.0
Bolivia,2020-04-01,Electricity generation,Aggregate fuel,Clean,%,44.26
Bolivia,2020-04-01,Electricity generation,Aggregate fuel,Fossil,%,55.74
Bolivia,2020-04-01,Electricity generation,Aggregate fuel,Gas and Other Fossil,%,55.74
Bolivia,2020-04-01,Electricity generation,Aggregate fuel,"Hydro, Bioenergy and Other Renewables",%,40.98
Bolivia,2020-04-01,Electricity generation,Aggregate fuel,Renewables,%,44.26
Bolivia,2020-04-01,Electricity generation,Aggregate fuel,Wind and Solar,%,3.28
Bolivia,2020-04-01,Electricity generation,Fuel,Bioenergy,%,0.0
Bolivia,2020-04-01,Electricity generation,Fuel,Gas,%,55.74
Bolivia,2020-04-01,Electricity generation,Fuel,Hydro,%,40.98
Bolivia,2020-04-01,Electricity generation,Fuel,Solar,%,3.28
Bolivia,2020-04-01,Electricity generation,Fuel,Wind,%,0.0
Bolivia,2020-05-01,Electricity generation,Aggregate fuel,Clean,%,34.92
Bolivia,2020-05-01,Electricity generation,Aggregate fuel,Fossil,%,65.08
Bolivia,2020-05-01,Electricity generation,Aggregate fuel,Gas and Other Fossil,%,65.08
Bolivia,2020-05-01,Electricity generation,Aggregate fuel,"Hydro, Bioenergy and Other Renewables",%,31.75
Bolivia,2020-05-01,Electricity generation,Aggregate fuel,Renewables,%,34.92
Bolivia,2020-05-01,Electricity generation,Aggregate fuel,Wind and Solar,%,3.17
Bolivia,2020-05-01,Electricity generation,Fuel,Bioenergy,%,0.0
Bolivia,2020-05-01,Electricity generation,Fuel,Gas,%,65.08
Bolivia,2020-05-01,Electricity generation,Fuel,Hydro,%,31.75
Bolivia,2020-05-01,Electricity generation,Fuel,Solar,%,3.17
Bolivia,2020-05-01,Electricity generation,Fuel,Wind,%,0.0
Bolivia,2020-06-01,Electricity generation,Aggregate fuel,Clean,%,37.68
Bolivia,2020-06-01,Electricity generation,Aggregate fuel,Fossil,%,62.32
Bolivia,2020-06-01,Electricity generation,Aggregate fuel,Gas and Other Fossil,%,62.32
Bolivia,2020-06-01,Electricity generation,Aggregate fuel,"Hydro, Bioenergy and Other Renewables",%,33.33
Bolivia,2020-06-01,Electricity generation,Aggregate fuel,Renewables,%,37.68
Bolivia,2020-06-01,Electricity generation,Aggregate fuel,Wind and Solar,%,4.35
Bolivia,2020-06-01,Electricity generation,Fuel,Bioenergy,%,1.45
Bolivia,2020-06-01,Electricity generation,Fuel,Gas,%,62.32
Bolivia,2020-06-01,Electricity generation,Fuel,Hydro,%,31.88
Bolivia,2020-06-01,Electricity generation,Fuel,Solar,%,2.9
Bolivia,2020-06-01,Electricity generation,Fuel,Wind,%,1.45
Bolivia,2020-07-01,Electricity generation,Aggregate fuel,Clean,%,36.63
Bolivia,2020-07-01,Electricity generation,Aggregate fuel,Fossil,%,63.38
Bolivia,2020-07-01,Electricity generation,Aggregate fuel,Gas and Other Fossil,%,63.38
Bolivia,2020-07-01,Electricity generation,Aggregate fuel,"Hydro, Bioenergy and Other Renewables",%,32.4
Bolivia,2020-07-01,Electricity generation,Aggregate fuel,Renewables,%,36.63
Bolivia,2020-07-01,Electricity generation,Aggregate fuel,Wind and Solar,%,4.23
Bolivia,2020-07-01,Electricity generation,Fuel,Bioenergy,%,1.41
Bolivia,2020-07-01,Electricity generation,Fuel,Gas,%,63.38
Bolivia,2020-07-01,Electricity generation,Fuel,Hydro,%,30.99
Bolivia,2020-07-01,Electricity generation,Fuel,Solar,%,2.82
Bolivia,2020-07-01,Electricity generation,Fuel,Wind,%,1.41
Bolivia,2020-08-01,Electricity generation,Aggregate fuel,Clean,%,36.99
Bolivia,2020-08-01,Electricity generation,Aggregate fuel,Fossil,%,63.01
Bolivia,2020-08-01,Electricity generation,Aggregate fuel,Gas and Other Fossil,%,63.01
Bolivia,2020-08-01,Electricity generation,Aggregate fuel,"Hydro, Bioenergy and Other Renewables",%,32.88
Bolivia,2020-08-01,Electricity generation,Aggregate fuel,Renewables,%,36.99
Bolivia,2020-08-01,Electricity generation,Aggregate fuel,Wind and Solar,%,4.11
Bolivia,2020-08-01,Electricity generation,Fuel,Bioenergy,%,4.11
Bolivia,2020-08-01,Electricity generation,Fuel,Gas,%,63.01
Bolivia,2020-08-01,Electricity generation,Fuel,Hydro,%,28.77
Bolivia,2020-08-01,Electricity generation,Fuel,Solar,%,2.74
Bolivia,2020-08-01,Electricity generation,Fuel,Wind,%,1.37
Bolivia,2020-09-01,Electricity generation,Aggregate fuel,Clean,%,34.61
Bolivia,2020-09-01,Electricity generation,Aggregate fuel,Fossil,%,65.38
Bolivia,2020-09-01,Electricity generation,Aggregate fuel,Gas and Other Fossil,%,65.38
Bolivia,2020-09-01,Electricity generation,Aggregate fuel,"Hydro, Bioenergy and Other Renewables",%,30.77
Bolivia,2020-09-01,Electricity generation,Aggregate fuel,Renewables,%,34.61
Bolivia,2020-09-01,Electricity generation,Aggregate fuel,Wind and Solar,%,3.84
Bolivia,2020-09-01,Electricity generation,Fuel,Bioenergy,%,3.85
Bolivia,2020-09-01,Electricity generation,Fuel,Gas,%,65.38
Bolivia,2020-09-01,Electricity generation,Fuel,Hydro,%,26.92
Bolivia,2020-09-01,Electricity generation,Fuel,Solar,%,2.56
Bolivia,2020-09-01,Electricity generation,Fuel,Wind,%,1.28
Bolivia,2020-10-01,Electricity generation,Aggregate fuel,Clean,%,30.34
Bolivia,2020-10-01,Electricity generation,Aggregate fuel,Fossil,%,69.66
Bolivia,2020-10-01,Electricity generation,Aggregate fuel,Gas and Other Fossil,%,69.66
Bolivia,2020-10-01,Electricity generation,Aggregate fuel,"Hydro, Bioenergy and Other Renewables",%,26.97
Bolivia,2020-10-01,Electricity generation,Aggregate fuel,Renewables,%,30.34
Bolivia,2020-10-01,Electricity generation,Aggregate fuel,Wind and Solar,%,3.37
Bolivia,2020-10-01,Electricity generation,Fuel,Bioenergy,%,2.25
Bolivia,2020-10-01,Electricity generation,Fuel,Gas,%,69.66
Bolivia,2020-10-01,Electricity generation,Fuel,Hydro,%,24.72
Bolivia,2020-10-01,Electricity generation,Fuel,Solar,%,2.25
Bolivia,2020-10-01,Electricity generation,Fuel,Wind,%,1.12
Bolivia,2020-11-01,Electricity generation,Aggregate fuel,Clean,%,22.1
Bolivia,2020-11-01,Electricity generation,Aggregate fuel,Fossil,%,77.91
Bolivia,2020-11-01,Electricity generation,Aggregate fuel,Gas and Other Fossil,%,77.91
Bolivia,2020-11-01,Electricity generation,Aggregate fuel,"Hydro, Bioenergy and Other Renewables",%,18.61
Bolivia,2020-11-01,Electricity generation,Aggregate fuel,Renewables,%,22.1
Bolivia,2020-11-01,Electricity generation,Aggregate fuel,Wind and Solar,%,3.49
Bolivia,2020-11-01,Electricity generation,Fuel,Bioenergy,%,2.33
Bolivia,2020-11-01,Electricity generation,Fuel,Gas,%,77.91
Bolivia,2020-11-01,Electricity generation,Fuel,Hydro,%,16.28
Bolivia,2020-11-01,Electricity generation,Fuel,Solar,%,2.33
Bolivia,2020-11-01,Electricity generation,Fuel,Wind,%,1.16
Bolivia,2020-12-01,Electricity generation,Aggregate fuel,Clean,%,32.94
Bolivia,2020-12-01,Electricity generation,Aggregate fuel,Fossil,%,67.06
Bolivia,2020-12-01,Electricity generation,Aggregate fuel,Gas and Other Fossil,%,67.06
Bolivia,2020-12-01,Electricity generation,Aggregate fuel,"Hydro, Bioenergy and Other Renewables",%,30.59
Bolivia,2020-12-01,Electricity generation,Aggregate fuel,Renewables,%,32.94
Bolivia,2020-12-01,Electricity generation,Aggregate fuel,Wind and Solar,%,2.35
Bolivia,2020-12-01,Electricity generation,Fuel,Bioenergy,%,1.18
Bolivia,2020-12-01,Electricity generation,Fuel,Gas,%,67.06
Bolivia,2020-12-01,Electricity generation,Fuel,Hydro,%,29.41
Bolivia,2020-12-01,Electricity generation,Fuel,Solar,%,2.35
Bolivia,2020-12-01,Electricity generation,Fuel,Wind,%,0.0
Bolivia,2021-01-01,Electricity generation,Aggregate fuel,Clean,%,48.1
Bolivia,2021-01-01,Electricity generation,Aggregate fuel,Fossil,%,51.9
Bolivia,2021-01-01,Electricity generation,Aggregate fuel,Gas and Other Fossil,%,51.9
Bolivia,2021-01-01,Electricity generation,Aggregate fuel,"Hydro, Bioenergy and Other Renewables",%,45.57
Bolivia,2021-01-01,Electricity generation,Aggregate fuel,Renewables,%,48.1
Bolivia,2021-01-01,Electricity generation,Aggregate fuel,Wind and Solar,%,2.53
Bolivia,2021-01-01,Electricity generation,Fuel,Bioenergy,%,0.0
Bolivia,2021-01-01,Electricity generation,Fuel,Gas,%,51.9
Bolivia,2021-01-01,Electricity generation,Fuel,Hydro,%,45.57
Bolivia,2021-01-01,Electricity generation,Fuel,Solar,%,2.53
Bolivia,2021-01-01,Electricity generation,Fuel,Wind,%,0.0
Bolivia,2021-02-01,Electricity generation,Aggregate fuel,Clean,%,48.0
Bolivia,2021-02-01,Electricity generation,Aggregate fuel,Fossil,%,52.0
Bolivia,2021-02-01,Electricity generation,Aggregate fuel,Gas and Other Fossil,%,52.0
Bolivia,2021-02-01,Electricity generation,Aggregate fuel,"Hydro, Bioenergy and Other Renewables",%,44.0
Bolivia,2021-02-01,Electricity generation,Aggregate fuel,Renewables,%,48.0
Bolivia,2021-02-01,Electricity generation,Aggregate fuel,Wind and Solar,%,4.0
Bolivia,2021-02-01,Electricity generation,Fuel,Bioenergy,%,0.0
Bolivia,2021-02-01,Electricity generation,Fuel,Gas,%,52.0
Bolivia,2021-02-01,Electricity generation,Fuel,Hydro,%,44.0
Bolivia,2021-02-01,Electricity generation,Fuel,Solar,%,4.0
Bolivia,2021-02-01,Electricity generation,Fuel,Wind,%,0.0
Bolivia,2021-03-01,Electricity generation,Aggregate fuel,Clean,%,44.71
Bolivia,2021-03-01,Electricity generation,Aggregate fuel,Fossil,%,55.29
Bolivia,2021-03-01,Electricity generation,Aggregate fuel,Gas and Other Fossil,%,55.29
Bolivia,2021-03-01,Electricity generation,Aggregate fuel,"Hydro, Bioenergy and Other Renewables",%,41.18
Bolivia,2021-03-01,Electricity generation,Aggregate fuel,Renewables,%,44.71
Bolivia,2021-03-01,Electricity generation,Aggregate fuel,Wind and Solar,%,3.53
Bolivia,2021-03-01,Electricity generation,Fuel,Bioenergy,%,0.0
Bolivia,2021-03-01,Electricity generation,Fuel,Gas,%,55.29
Bolivia,2021-03-01,Electricity generation,Fuel,Hydro,%,41.18
Bolivia,2021-03-01,Electricity generation,Fuel,Solar,%,3.53
Bolivia,2021-03-01,Electricity generation,Fuel,Wind,%,0.0
Bolivia,2021-04-01,Electricity generation,Aggregate fuel,Clean,%,46.91
Bolivia,2021-04-01,Electricity generation,Aggregate fuel,Fossil,%,53.09
Bolivia,2021-04-01,Electricity generation,Aggregate fuel,Gas and Other Fossil,%,53.09
Bolivia,2021-04-01,Electricity generation,Aggregate fuel,"Hydro, Bioenergy and Other Renewables",%,43.21
Bolivia,2021-04-01,Electricity generation,Aggregate fuel,Renewables,%,46.91
Bolivia,2021-04-01,Electricity generation,Aggregate fuel,Wind and Solar,%,3.7
Bolivia,2021-04-01,Electricity generation,Fuel,Bioenergy,%,0.0
Bolivia,2021-04-01,Electricity generation,Fuel,Gas,%,53.09
Bolivia,2021-04-01,Electricity generation,Fuel,Hydro,%,43.21
Bolivia,2021-04-01,Electricity generation,Fuel,Solar,%,3.7
Bolivia,2021-04-01,Electricity generation,Fuel,Wind,%,0.0
Bolivia,2021-05-01,Electricity generation,Aggregate fuel,Clean,%,32.09
Bolivia,2021-05-01,Electricity generation,Aggregate fuel,Fossil,%,67.9
Bolivia,2021-05-01,Electricity generation,Aggregate fuel,Gas and Other Fossil,%,67.9
Bolivia,2021-05-01,Electricity generation,Aggregate fuel,"Hydro, Bioenergy and Other Renewables",%,27.16
Bolivia,2021-05-01,Electricity generation,Aggregate fuel,Renewables,%,32.09
Bolivia,2021-05-01,Electricity generation,Aggregate fuel,Wind and Solar,%,4.93
Bolivia,2021-05-01,Electricity generation,Fuel,Bioenergy,%,0.0
Bolivia,2021-05-01,Electricity generation,Fuel,Gas,%,67.9
Bolivia,2021-05-01,Electricity generation,Fuel,Hydro,%,27.16
Bolivia,2021-05-01,Electricity generation,Fuel,Solar,%,3.7
Bolivia,2021-05-01,Electricity generation,Fuel,Wind,%,1.23
Bolivia,2021-06-01,Electricity generation,Aggregate fuel,Clean,%,37.18
Bolivia,2021-06-01,Electricity generation,Aggregate fuel,Fossil,%,62.82
Bolivia,2021-06-01,Electricity generation,Aggregate fuel,Gas and Other Fossil,%,62.82
Bolivia,2021-06-01,Electricity generation,Aggregate fuel,"Hydro, Bioenergy and Other Renewables",%,32.05
Bolivia,2021-06-01,Electricity generation,Aggregate fuel,Renewables,%,37.18
Bolivia,2021-06-01,Electricity generation,Aggregate fuel,Wind and Solar,%,5.13
Bolivia,2021-06-01,Electricity generation,Fuel,Bioenergy,%,2.56
Bolivia,2021-06-01,Electricity generation,Fuel,Gas,%,62.82
Bolivia,2021-06-01,Electricity generation,Fuel,Hydro,%,29.49
Bolivia,2021-06-01,Electricity generation,Fuel,Solar,%,3.85
Bolivia,2021-06-01,Electricity generation,Fuel,Wind,%,1.28
Bolivia,2021-07-01,Electricity generation,Aggregate fuel,Clean,%,36.59
Bolivia,2021-07-01,Electricity generation,Aggregate fuel,Fossil,%,63.41
Bolivia,2021-07-01,Electricity generation,Aggregate fuel,Gas and Other Fossil,%,63.41
Bolivia,2021-07-01,Electricity generation,Aggregate fuel,"Hydro, Bioenergy and Other Renewables",%,31.71
Bolivia,2021-07-01,Electricity generation,Aggregate fuel,Renewables,%,36.59
Bolivia,2021-07-01,Electricity generation,Aggregate fuel,Wind and Solar,%,4.88
Bolivia,2021-07-01,Electricity generation,Fuel,Bioenergy,%,4.88
Bolivia,2021-07-01,Electricity generation,Fuel,Gas,%,63.41
Bolivia,2021-07-01,Electricity generation,Fuel,Hydro,%,26.83
Bolivia,2021-07-01,Electricity generation,Fuel,Solar,%,3.66
Bolivia,2021-07-01,Electricity generation,Fuel,Wind,%,1.22
Bolivia,2021-08-01,Electricity generation,Aggregate fuel,Clean,%,36.14
Bolivia,2021-08-01,Electricity generation,Aggregate fuel,Fossil,%,63.86
Bolivia,2021-08-01,Electricity generation,Aggregate fuel,Gas and Other Fossil,%,63.86
Bolivia,2021-08-01,Electricity generation,Aggregate fuel,"Hydro, Bioenergy and Other Renewables",%,31.33
Bolivia,2021-08-01,Electricity generation,Aggregate fuel,Renewables,%,36.14
Bolivia,2021-08-01,Electricity generation,Aggregate fuel,Wind and Solar,%,4.81
Bolivia,2021-08-01,Electricity generation,Fuel,Bioenergy,%,4.82
Bolivia,2021-08-01,Electricity generation,Fuel,Gas,%,63.86
Bolivia,2021-08-01,Electricity generation,Fuel,Hydro,%,26.51
Bolivia,2021-08-01,Electricity generation,Fuel,Solar,%,3.61
Bolivia,2021-08-01,Electricity generation,Fuel,Wind,%,1.2
Bolivia,2021-09-01,Electricity generation,Aggregate fuel,Clean,%,34.89
Bolivia,2021-09-01,Electricity generation,Aggregate fuel,Fossil,%,65.12
Bolivia,2021-09-01,Electricity generation,Aggregate fuel,Gas and Other Fossil,%,65.12
Bolivia,2021-09-01,Electricity generation,Aggregate fuel,"Hydro, Bioenergy and Other Renewables",%,29.07
Bolivia,2021-09-01,Electricity generation,Aggregate fuel,Renewables,%,34.89
Bolivia,2021-09-01,Electricity generation,Aggregate fuel,Wind and Solar,%,5.82
Bolivia,2021-09-01,Electricity generation,Fuel,Bioenergy,%,4.65
Bolivia,2021-09-01,Electricity generation,Fuel,Gas,%,65.12
Bolivia,2021-09-01,Electricity generation,Fuel,Hydro,%,24.42
Bolivia,2021-09-01,Electricity generation,Fuel,Solar,%,3.49
Bolivia,2021-09-01,Electricity generation,Fuel,Wind,%,2.33
Bolivia,2021-10-01,Electricity generation,Aggregate fuel,Clean,%,32.21
Bolivia,2021-10-01,Electricity generation,Aggregate fuel,Fossil,%,67.78
Bolivia,2021-10-01,Electricity generation,Aggregate fuel,Gas and Other Fossil,%,67.78
Bolivia,2021-10-01,Electricity generation,Aggregate fuel,"Hydro, Bioenergy and Other Renewables",%,27.77
Bolivia,2021-10-01,Electricity generation,Aggregate fuel,Renewables,%,32.21
Bolivia,2021-10-01,Electricity generation,Aggregate fuel,Wind and Solar,%,4.44
Bolivia,2021-10-01,Electricity generation,Fuel,Bioenergy,%,3.33
Bolivia,2021-10-01,Electricity generation,Fuel,Gas,%,67.78
Bolivia,2021-10-01,Electricity generation,Fuel,Hydro,%,24.44
Bolivia,2021-10-01,Electricity generation,Fuel,Solar,%,3.33
Bolivia,2021-10-01,Electricity generation,Fuel,Wind,%,1.11
Bolivia,2021-11-01,Electricity generation,Aggregate fuel,Clean,%,27.91
Bolivia,2021-11-01,Electricity generation,Aggregate fuel,Fossil,%,72.09
Bolivia,2021-11-01,Electricity generation,Aggregate fuel,Gas and Other Fossil,%,72.09
Bolivia,2021-11-01,Electricity generation,Aggregate fuel,"Hydro, Bioenergy and Other Renewables",%,22.09
Bolivia,2021-11-01,Electricity generation,Aggregate fuel,Renewables,%,27.91
Bolivia,2021-11-01,Electricity generation,Aggregate fuel,Wind and Solar,%,5.82
Bolivia,2021-11-01,Electricity generation,Fuel,Bioenergy,%,1.16
Bolivia,2021-11-01,Electricity generation,Fuel,Gas,%,72.09
Bolivia,2021-11-01,Electricity generation,Fuel,Hydro,%,20.93
Bolivia,2021-11-01,Electricity generation,Fuel,Solar,%,3.49
Bolivia,2021-11-01,Electricity generation,Fuel,Wind,%,2.33
Bolivia,2021-12-01,Electricity generation,Aggregate fuel,Clean,%,42.22
Bolivia,2021-12-01,Electricity generation,Aggregate fuel,Fossil,%,57.78
Bolivia,2021-12-01,Electricity generation,Aggregate fuel,Gas and Other Fossil,%,57.78
Bolivia,2021-12-01,Electricity generation,Aggregate fuel,"Hydro, Bioenergy and Other Renewables",%,37.78
Bolivia,2021-12-01,Electricity generation,Aggregate fuel,Renewables,%,42.22
Bolivia,2021-12-01,Electricity generation,Aggregate fuel,Wind and Solar,%,4.44
Bolivia,2021-12-01,Electricity generation,Fuel,Bioenergy,%,0.0
Bolivia,2021-12-01,Electricity generation,Fuel,Gas,%,57.78
Bolivia,2021-12-01,Electricity generation,Fuel,Hydro,%,37.78
Bolivia,2021-12-01,Electricity generation,Fuel,Solar,%,2.22
Bolivia,2021-12-01,Electricity generation,Fuel,Wind,%,2.22
Bolivia,2022-01-01,Electricity generation,Aggregate fuel,Clean,%,43.96
Bolivia,2022-01-01,Electricity generation,Aggregate fuel,Fossil,%,56.04
Bolivia,2022-01-01,Electricity generation,Aggregate fuel,Gas and Other Fossil,%,56.04
Bolivia,2022-01-01,Electricity generation,Aggregate fuel,"Hydro, Bioenergy and Other Renewables",%,36.26
Bolivia,2022-01-01,Electricity generation,Aggregate fuel,Renewables,%,43.96
Bolivia,2022-01-01,Electricity generation,Aggregate fuel,Wind and Solar,%,7.7
Bolivia,2022-01-01,Electricity generation,Fuel,Bioenergy,%,0.0
Bolivia,2022-01-01,Electricity generation,Fuel,Gas,%,56.04
Bolivia,2022-01-01,Electricity generation,Fuel,Hydro,%,36.26
Bolivia,2022-01-01,Electricity generation,Fuel,Solar,%,3.3
Bolivia,2022-01-01,Electricity generation,Fuel,Wind,%,4.4
Bolivia,2022-02-01,Electricity generation,Aggregate fuel,Clean,%,40.47
Bolivia,2022-02-01,Electricity generation,Aggregate fuel,Fossil,%,59.52
Bolivia,2022-02-01,Electricity generation,Aggregate fuel,Gas and Other Fossil,%,59.52
Bolivia,2022-02-01,Electricity generation,Aggregate fuel,"Hydro, Bioenergy and Other Renewables",%,33.33
Bolivia,2022-02-01,Electricity generation,Aggregate fuel,Renewables,%,40.47
Bolivia,2022-02-01,Electricity generation,Aggregate fuel,Wind and Solar,%,7.14
Bolivia,2022-02-01,Electricity generation,Fuel,Bioenergy,%,0.0
Bolivia,2022-02-01,Electricity generation,Fuel,Gas,%,59.52
Bolivia,2022-02-01,Electricity generation,Fuel,Hydro,%,33.33
Bolivia,2022-02-01,Electricity generation,Fuel,Solar,%,3.57
Bolivia,2022-02-01,Electricity generation,Fuel,Wind,%,3.57
Bolivia,2022-03-01,Electricity generation,Aggregate fuel,Clean,%,44.94
Bolivia,2022-03-01,Electricity generation,Aggregate fuel,Fossil,%,55.06
Bolivia,2022-03-01,Electricity generation,Aggregate fuel,Gas and Other Fossil,%,55.06
Bolivia,2022-03-01,Electricity generation,Aggregate fuel,"Hydro, Bioenergy and Other Renewables",%,37.08
Bolivia,2022-03-01,Electricity generation,Aggregate fuel,Renewables,%,44.94
Bolivia,2022-03-01,Electricity generation,Aggregate fuel,Wind and Solar,%,7.86
Bolivia,2022-03-01,Electricity generation,Fuel,Bioenergy,%,0.0
Bolivia,2022-03-01,Electricity generation,Fuel,Gas,%,55.06
Bolivia,2022-03-01,Electricity generation,Fuel,Hydro,%,37.08
Bolivia,2022-03-01,Electricity generation,Fuel,Solar,%,3.37
Bolivia,2022-03-01,Electricity generation,Fuel,Wind,%,4.49
Bolivia,2022-04-01,Electricity generation,Aggregate fuel,Clean,%,44.19
Bolivia,2022-04-01,Electricity generation,Aggregate fuel,Fossil,%,55.81
Bolivia,2022-04-01,Electricity generation,Aggregate fuel,Gas and Other Fossil,%,55.81
Bolivia,2022-04-01,Electricity generation,Aggregate fuel,"Hydro, Bioenergy and Other Renewables",%,36.05
Bolivia,2022-04-01,Electricity generation,Aggregate fuel,Renewables,%,44.19
Bolivia,2022-04-01,Electricity generation,Aggregate fuel,Wind and Solar,%,8.14
Bolivia,2022-04-01,Electricity generation,Fuel,Bioenergy,%,0.0
Bolivia,2022-04-01,Electricity generation,Fuel,Gas,%,55.81
Bolivia,2022-04-01,Electricity generation,Fuel,Hydro,%,36.05
Bolivia,2022-04-01,Electricity generation,Fuel,Solar,%,3.49
Bolivia,2022-04-01,Electricity generation,Fuel,Wind,%,4.65
Bolivia,2022-05-01,Electricity generation,Aggregate fuel,Clean,%,41.18
Bolivia,2022-05-01,Electricity generation,Aggregate fuel,Fossil,%,58.82
Bolivia,2022-05-01,Electricity generation,Aggregate fuel,Gas and Other Fossil,%,58.82
Bolivia,2022-05-01,Electricity generation,Aggregate fuel,"Hydro, Bioenergy and Other Renewables",%,32.94
Bolivia,2022-05-01,Electricity generation,Aggregate fuel,Renewables,%,41.18
Bolivia,2022-05-01,Electricity generation,Aggregate fuel,Wind and Solar,%,8.24
Bolivia,2022-05-01,Electricity generation,Fuel,Bioenergy,%,1.18
Bolivia,2022-05-01,Electricity generation,Fuel,Gas,%,58.82
Bolivia,2022-05-01,Electricity generation,Fuel,Hydro,%,31.76
Bolivia,2022-05-01,Electricity generation,Fuel,Solar,%,3.53
Bolivia,2022-05-01,Electricity generation,Fuel,Wind,%,4.71
Bolivia,2022-06-01,Electricity generation,Aggregate fuel,Clean,%,41.47
Bolivia,2022-06-01,Electricity generation,Aggregate fuel,Fossil,%,58.54
Bolivia,2022-06-01,Electricity generation,Aggregate fuel,Gas and Other Fossil,%,58.54
Bolivia,2022-06-01,Electricity generation,Aggregate fuel,"Hydro, Bioenergy and Other Renewables",%,32.93
Bolivia,2022-06-01,Electricity generation,Aggregate fuel,Renewables,%,41.47
Bolivia,2022-06-01,Electricity generation,Aggregate fuel,Wind and Solar,%,8.54
Bolivia,2022-06-01,Electricity generation,Fuel,Bioenergy,%,2.44
Bolivia,2022-06-01,Electricity generation,Fuel,Gas,%,58.54
Bolivia,2022-06-01,Electricity generation,Fuel,Hydro,%,30.49
Bolivia,2022-06-01,Electricity generation,Fuel,Solar,%,3.66
Bolivia,2022-06-01,Electricity generation,Fuel,Wind,%,4.88
Bolivia,2022-07-01,Electricity generation,Aggregate fuel,Clean,%,38.2
Bolivia,2022-07-01,Electricity generation,Aggregate fuel,Fossil,%,61.8
Bolivia,2022-07-01,Electricity generation,Aggregate fuel,Gas and Other Fossil,%,61.8
Bolivia,2022-07-01,Electricity generation,Aggregate fuel,"Hydro, Bioenergy and Other Renewables",%,28.09
Bolivia,2022-07-01,Electricity generation,Aggregate fuel,Renewables,%,38.2
Bolivia,2022-07-01,Electricity generation,Aggregate fuel,Wind and Solar,%,10.11
Bolivia,2022-07-01,Electricity generation,Fuel,Bioenergy,%,2.25
Bolivia,2022-07-01,Electricity generation,Fuel,Gas,%,61.8
Bolivia,2022-07-01,Electricity generation,Fuel,Hydro,%,25.84
Bolivia,2022-07-01,Electricity generation,Fuel,Solar,%,3.37
Bolivia,2022-07-01,Electricity generation,Fuel,Wind,%,6.74
Bolivia,2022-08-01,Electricity generation,Aggregate fuel,Clean,%,36.36
Bolivia,2022-08-01,Electricity generation,Aggregate fuel,Fossil,%,63.64
Bolivia,2022-08-01,Electricity generation,Aggregate fuel,Gas and Other Fossil,%,63.64
Bolivia,2022-08-01,Electricity generation,Aggregate fuel,"Hydro, Bioenergy and Other Renewables",%,27.27
Bolivia,2022-08-01,Electricity generation,Aggregate fuel,Renewables,%,36.36
Bolivia,2022-08-01,Electricity generation,Aggregate fuel,Wind and Solar,%,9.09
Bolivia,2022-08-01,Electricity generation,Fuel,Bioenergy,%,3.41
Bolivia,2022-08-01,Electricity generation,Fuel,Gas,%,63.64
Bolivia,2022-08-01,Electricity generation,Fuel,Hydro,%,23.86
Bolivia,2022-08-01,Electricity generation,Fuel,Solar,%,3.41
Bolivia,2022-08-01,Electricity generation,Fuel,Wind,%,5.68
Bolivia,2022-09-01,Electricity generation,Aggregate fuel,Clean,%,34.1
Bolivia,2022-09-01,Electricity generation,Aggregate fuel,Fossil,%,65.91
Bolivia,2022-09-01,Electricity generation,Aggregate fuel,Gas and Other Fossil,%,65.91
Bolivia,2022-09-01,Electricity generation,Aggregate fuel,"Hydro, Bioenergy and Other Renewables",%,26.14
Bolivia,2022-09-01,Electricity generation,Aggregate fuel,Renewables,%,34.1
Bolivia,2022-09-01,Electricity generation,Aggregate fuel,Wind and Solar,%,7.96
Bolivia,2022-09-01,Electricity generation,Fuel,Bioenergy,%,3.41
Bolivia,2022-09-01,Electricity generation,Fuel,Gas,%,65.91
Bolivia,2022-09-01,Electricity generation,Fuel,Hydro,%,22.73
Bolivia,2022-09-01,Electricity generation,Fuel,Solar,%,3.41
Bolivia,2022-09-01,Electricity generation,Fuel,Wind,%,4.55
Bolivia,2022-10-01,Electricity generation,Aggregate fuel,Clean,%,23.66
Bolivia,2022-10-01,Electricity generation,Aggregate fuel,Fossil,%,76.34
Bolivia,2022-10-01,Electricity generation,Aggregate fuel,Gas and Other Fossil,%,76.34
Bolivia,2022-10-01,Electricity generation,Aggregate fuel,"Hydro, Bioenergy and Other Renewables",%,17.2
Bolivia,2022-10-01,Electricity generation,Aggregate fuel,Renewables,%,23.66
Bolivia,2022-10-01,Electricity generation,Aggregate fuel,Wind and Solar,%,6.46
Bolivia,2022-10-01,Electricity generation,Fuel,Bioenergy,%,2.15
Bolivia,2022-10-01,Electricity generation,Fuel,Gas,%,76.34
Bolivia,2022-10-01,Electricity generation,Fuel,Hydro,%,15.05
Bolivia,2022-10-01,Electricity generation,Fuel,Solar,%,3.23
Bolivia,2022-10-01,Electricity generation,Fuel,Wind,%,3.23
Bolivia,2022-11-01,Electricity generation,Aggregate fuel,Clean,%,20.65
Bolivia,2022-11-01,Electricity generation,Aggregate fuel,Fossil,%,79.35
Bolivia,2022-11-01,Electricity generation,Aggregate fuel,Gas and Other Fossil,%,79.35
Bolivia,2022-11-01,Electricity generation,Aggregate fuel,"Hydro, Bioenergy and Other Renewables",%,15.22
Bolivia,2022-11-01,Electricity generation,Aggregate fuel,Renewables,%,20.65
Bolivia,2022-11-01,Electricity generation,Aggregate fuel,Wind and Solar,%,5.43
Bolivia,2022-11-01,Electricity generation,Fuel,Bioenergy,%,0.0
Bolivia,2022-11-01,Electricity generation,Fuel,Gas,%,79.35
Bolivia,2022-11-01,Electricity generation,Fuel,Hydro,%,15.22
Bolivia,2022-11-01,Electricity generation,Fuel,Solar,%,3.26
Bolivia,2022-11-01,Electricity generation,Fuel,Wind,%,2.17
Bolivia,2022-12-01,Electricity generation,Aggregate fuel,Clean,%,24.74
Bolivia,2022-12-01,Electricity generation,Aggregate fuel,Fossil,%,75.26
Bolivia,2022-12-01,Electricity generation,Aggregate fuel,Gas and Other Fossil,%,75.26
Bolivia,2022-12-01,Electricity generation,Aggregate fuel,"Hydro, Bioenergy and Other Renewables",%,18.56
Bolivia,2022-12-01,Electricity generation,Aggregate fuel,Renewables,%,24.74
Bolivia,2022-12-01,Electricity generation,Aggregate fuel,Wind and Solar,%,6.18
Bolivia,2022-12-01,Electricity generation,Fuel,Bioenergy,%,0.0
Bolivia,2022-12-01,Electricity generation,Fuel,Gas,%,75.26
Bolivia,2022-12-01,Electricity generation,Fuel,Hydro,%,18.56
Bolivia,2022-12-01,Electricity generation,Fuel,Solar,%,3.09
Bolivia,2022-12-01,Electricity generation,Fuel,Wind,%,3.09
Bolivia,2023-01-01,Electricity generation,Aggregate fuel,Clean,%,29.78
Bolivia,2023-01-01,Electricity generation,Aggregate fuel,Fossil,%,70.21
Bolivia,2023-01-01,Electricity generation,Aggregate fuel,Gas and Other Fossil,%,70.21
Bolivia,2023-01-01,Electricity generation,Aggregate fuel,"Hydro, Bioenergy and Other Renewables",%,23.4
Bolivia,2023-01-01,Electricity generation,Aggregate fuel,Renewables,%,29.78
Bolivia,2023-01-01,Electricity generation,Aggregate fuel,Wind and Solar,%,6.38
Bolivia,2023-01-01,Electricity generation,Fuel,Bioenergy,%,0.0
Bolivia,2023-01-01,Electricity generation,Fuel,Gas,%,70.21
Bolivia,2023-01-01,Electricity generation,Fuel,Hydro,%,23.4
Bolivia,2023-01-01,Electricity generation,Fuel,Solar,%,3.19
Bolivia,2023-01-01,Electricity generation,Fuel,Wind,%,3.19
Bolivia,2023-02-01,Electricity generation,Aggregate fuel,Clean,%,34.93
Bolivia,2023-02-01,Electricity generation,Aggregate fuel,Fossil,%,65.06
Bolivia,2023-02-01,Electricity generation,Aggregate fuel,Gas and Other Fossil,%,65.06
Bolivia,2023-02-01,Electricity generation,Aggregate fuel,"Hydro, Bioenergy and Other Renewables",%,27.71
Bolivia,2023-02-01,Electricity generation,Aggregate fuel,Renewables,%,34.93
Bolivia,2023-02-01,Electricity generation,Aggregate fuel,Wind and Solar,%,7.22
Bolivia,2023-02-01,Electricity generation,Fuel,Bioenergy,%,0.0
Bolivia,2023-02-01,Electricity generation,Fuel,Gas,%,65.06
Bolivia,2023-02-01,Electricity generation,Fuel,Hydro,%,27.71
Bolivia,2023-02-01,Electricity generation,Fuel,Solar,%,3.61
Bolivia,2023-02-01,Electricity generation,Fuel,Wind,%,3.61
Bolivia,2023-03-01,Electricity generation,Aggregate fuel,Clean,%,29.59
Bolivia,2023-03-01,Electricity generation,Aggregate fuel,Fossil,%,70.41
Bolivia,2023-03-01,Electricity generation,Aggregate fuel,Gas and Other Fossil,%,70.41
Bolivia,2023-03-01,Electricity generation,Aggregate fuel,"Hydro, Bioenergy and Other Renewables",%,23.47
Bolivia,2023-03-01,Electricity generation,Aggregate fuel,Renewables,%,29.59
Bolivia,2023-03-01,Electricity generation,Aggregate fuel,Wind and Solar,%,6.12
Bolivia,2023-03-01,Electricity generation,Fuel,Bioenergy,%,0.0
Bolivia,2023-03-01,Electricity generation,Fuel,Gas,%,70.41
Bolivia,2023-03-01,Electricity generation,Fuel,Hydro,%,23.47
Bolivia,2023-03-01,Electricity generation,Fuel,Solar,%,3.06
Bolivia,2023-03-01,Electricity generation,Fuel,Wind,%,3.06
Bolivia,2023-04-01,Electricity generation,Aggregate fuel,Clean,%,30.34
Bolivia,2023-04-01,Electricity generation,Aggregate fuel,Fossil,%,69.66
Bolivia,2023-04-01,Electricity generation,Aggregate fuel,Gas and Other Fossil,%,69.66
Bolivia,2023-04-01,Electricity generation,Aggregate fuel,"Hydro, Bioenergy and Other Renewables",%,23.6
Bolivia,2023-04-01,Electricity generation,Aggregate fuel,Renewables,%,30.34
Bolivia,2023-04-01,Electricity generation,Aggregate fuel,Wind and Solar,%,6.74
Bolivia,2023-04-01,Electricity generation,Fuel,Bioenergy,%,0.0
Bolivia,2023-04-01,Electricity generation,Fuel,Gas,%,69.66
Bolivia,2023-04-01,Electricity generation,Fuel,Hydro,%,23.6
Bolivia,2023-04-01,Electricity generation,Fuel,Solar,%,3.37
Bolivia,2023-04-01,Electricity generation,Fuel,Wind,%,3.37
Bolivia,2023-05-01,Electricity generation,Aggregate fuel,Clean,%,25.84
Bolivia,2023-05-01,Electricity generation,Aggregate fuel,Fossil,%,74.16
Bolivia,2023-05-01,Electricity generation,Aggregate fuel,Gas and Other Fossil,%,74.16
Bolivia,2023-05-01,Electricity generation,Aggregate fuel,"Hydro, Bioenergy and Other Renewables",%,19.1
Bolivia,2023-05-01,Electricity generation,Aggregate fuel,Renewables,%,25.84
Bolivia,2023-05-01,Electricity generation,Aggregate fuel,Wind and Solar,%,6.74
Bolivia,2023-05-01,Electricity generation,Fuel,Bioenergy,%,0.0
Bolivia,2023-05-01,Electricity generation,Fuel,Gas,%,74.16
Bolivia,2023-05-01,Electricity generation,Fuel,Hydro,%,19.1
Bolivia,2023-05-01,Electricity generation,Fuel,Solar,%,3.37
Bolivia,2023-05-01,Electricity generation,Fuel,Wind,%,3.37
Bolivia,2023-06-01,Electricity generation,Aggregate fuel,Clean,%,24.42
Bolivia,2023-06-01,Electricity generation,Aggregate fuel,Fossil,%,75.58
Bolivia,2023-06-01,Electricity generation,Aggregate fuel,Gas and Other Fossil,%,75.58
Bolivia,2023-06-01,Electricity generation,Aggregate fuel,"Hydro, Bioenergy and Other Renewables",%,16.28
Bolivia,2023-06-01,Electricity generation,Aggregate fuel,Renewables,%,24.42
Bolivia,2023-06-01,Electricity generation,Aggregate fuel,Wind and Solar,%,8.14
Bolivia,2023-06-01,Electricity generation,Fuel,Bioenergy,%,0.0
Bolivia,2023-06-01,Electricity generation,Fuel,Gas,%,75.58
Bolivia,2023-06-01,Electricity generation,Fuel,Hydro,%,16.28
Bolivia,2023-06-01,Electricity generation,Fuel,Solar,%,3.49
Bolivia,2023-06-01,Electricity generation,Fuel,Wind,%,4.65
Bolivia,2023-07-01,Electricity generation,Aggregate fuel,Clean,%,26.66
Bolivia,2023-07-01,Electricity generation,Aggregate fuel,Fossil,%,73.33
Bolivia,2023-07-01,Electricity generation,Aggregate fuel,Gas and Other Fossil,%,73.33
Bolivia,2023-07-01,Electricity generation,Aggregate fuel,"Hydro, Bioenergy and Other Renewables",%,18.89
Bolivia,2023-07-01,Electricity generation,Aggregate fuel,Renewables,%,26.66
Bolivia,2023-07-01,Electricity generation,Aggregate fuel,Wind and Solar,%,7.77
Bolivia,2023-07-01,Electricity generation,Fuel,Bioenergy,%,2.22
Bolivia,2023-07-01,Electricity generation,Fuel,Gas,%,73.33
Bolivia,2023-07-01,Electricity generation,Fuel,Hydro,%,16.67
Bolivia,2023-07-01,Electricity generation,Fuel,Solar,%,3.33
Bolivia,2023-07-01,Electricity generation,Fuel,Wind,%,4.44
Bolivia,2023-08-01,Electricity generation,Aggregate fuel,Clean,%,25.53
Bolivia,2023-08-01,Electricity generation,Aggregate fuel,Fossil,%,74.47
Bolivia,2023-08-01,Electricity generation,Aggregate fuel,Gas and Other Fossil,%,74.47
Bolivia,2023-08-01,Electricity generation,Aggregate fuel,"Hydro, Bioenergy and Other Renewables",%,17.02
Bolivia,2023-08-01,Electricity generation,Aggregate fuel,Renewables,%,25.53
Bolivia,2023-08-01,Electricity generation,Aggregate fuel,Wind and Solar,%,8.51
Bolivia,2023-08-01,Electricity generation,Fuel,Bioenergy,%,3.19
Bolivia,2023-08-01,Electricity generation,Fuel,Gas,%,74.47
Bolivia,2023-08-01,Electricity generation,Fuel,Hydro,%,13.83
Bolivia,2023-08-01,Electricity generation,Fuel,Solar,%,3.19
Bolivia,2023-08-01,Electricity generation,Fuel,Wind,%,5.32
Bolivia,2023-09-01,Electricity generation,Aggregate fuel,Clean,%,25.77
Bolivia,2023-09-01,Electricity generation,Aggregate fuel,Fossil,%,74.23
Bolivia,2023-09-01,Electricity generation,Aggregate fuel,Gas and Other Fossil,%,74.23
Bolivia,2023-09-01,Electricity generation,Aggregate fuel,"Hydro, Bioenergy and Other Renewables",%,16.49
Bolivia,2023-09-01,Electricity generation,Aggregate fuel,Renewables,%,25.77
Bolivia,2023-09-01,Electricity generation,Aggregate fuel,Wind and Solar,%,9.28
Bolivia,2023-09-01,Electricity generation,Fuel,Bioenergy,%,3.09
Bolivia,2023-09-01,Electricity generation,Fuel,Gas,%,74.23
Bolivia,2023-09-01,Electricity generation,Fuel,Hydro,%,13.4
Bolivia,2023-09-01,Electricity generation,Fuel,Solar,%,3.09
Bolivia,2023-09-01,Electricity generation,Fuel,Wind,%,6.19
Bolivia,2023-10-01,Electricity generation,Aggregate fuel,Clean,%,26.47
Bolivia,2023-10-01,Electricity generation,Aggregate fuel,Fossil,%,73.53
Bolivia,2023-10-01,Electricity generation,Aggregate fuel,Gas and Other Fossil,%,73.53
Bolivia,2023-10-01,Electricity generation,Aggregate fuel,"Hydro, Bioenergy and Other Renewables",%,18.63
Bolivia,2023-10-01,Electricity generation,Aggregate fuel,Renewables,%,26.47
Bolivia,2023-10-01,Electricity generation,Aggregate fuel,Wind and Solar,%,7.84
Bolivia,2023-10-01,Electricity generation,Fuel,Bioenergy,%,1.96
Bolivia,2023-10-01,Electricity generation,Fuel,Gas,%,73.53
Bolivia,2023-10-01,Electricity generation,Fuel,Hydro,%,16.67
Bolivia,2023-10-01,Electricity generation,Fuel,Solar,%,2.94
Bolivia,2023-10-01,Electricity generation,Fuel,Wind,%,4.9
Bolivia,2023-11-01,Electricity generation,Aggregate fuel,Clean,%,30.39
Bolivia,2023-11-01,Electricity generation,Aggregate fuel,Fossil,%,69.61
Bolivia,2023-11-01,Electricity generation,Aggregate fuel,Gas and Other Fossil,%,69.61
Bolivia,2023-11-01,Electricity generation,Aggregate fuel,"Hydro, Bioenergy and Other Renewables",%,22.55
Bolivia,2023-11-01,Electricity generation,Aggregate fuel,Renewables,%,30.39
Bolivia,2023-11-01,Electricity generation,Aggregate fuel,Wind and Solar,%,7.84
Bolivia,2023-11-01,Electricity generation,Fuel,Bioenergy,%,0.98
Bolivia,2023-11-01,Electricity generation,Fuel,Gas,%,69.61
Bolivia,2023-11-01,Electricity generation,Fuel,Hydro,%,21.57
Bolivia,2023-11-01,Electricity generation,Fuel,Solar,%,2.94
Bolivia,2023-11-01,Electricity generation,Fuel,Wind,%,4.9
Bolivia,2023-12-01,Electricity generation,Aggregate fuel,Clean,%,39.42
Bolivia,2023-12-01,Electricity generation,Aggregate fuel,Fossil,%,60.58
Bolivia,2023-12-01,Electricity generation,Aggregate fuel,Gas and Other Fossil,%,60.58
Bolivia,2023-12-01,Electricity generation,Aggregate fuel,"Hydro, Bioenergy and Other Renewables",%,31.73
Bolivia,2023-12-01,Electricity generation,Aggregate fuel,Renewables,%,39.42
Bolivia,2023-12-01,Electricity generation,Aggregate fuel,Wind and Solar,%,7.69
Bolivia,2023-12-01,Electricity generation,Fuel,Bioenergy,%,0.0
Bolivia,2023-12-01,Electricity generation,Fuel,Gas,%,60.58
Bolivia,2023-12-01,Electricity generation,Fuel,Hydro,%,31.73
Bolivia,2023-12-01,Electricity generation,Fuel,Solar,%,2.88
Bolivia,2023-12-01,Electricity generation,Fuel,Wind,%,4.81
Bolivia,2024-01-01,Electricity generation,Aggregate fuel,Clean,%,28.15
Bolivia,2024-01-01,Electricity generation,Aggregate fuel,Fossil,%,71.84
Bolivia,2024-01-01,Electricity generation,Aggregate fuel,Gas and Other Fossil,%,71.84
Bolivia,2024-01-01,Electricity generation,Aggregate fuel,"Hydro, Bioenergy and Other Renewables",%,22.33
Bolivia,2024-01-01,Electricity generation,Aggregate fuel,Renewables,%,28.15
Bolivia,2024-01-01,Electricity generation,Aggregate fuel,Wind and Solar,%,5.82
Bolivia,2024-01-01,Electricity generation,Fuel,Bioenergy,%,0.0
Bolivia,2024-01-01,Electricity generation,Fuel,Gas,%,71.84
Bolivia,2024-01-01,Electricity generation,Fuel,Hydro,%,22.33
Bolivia,2024-01-01,Electricity generation,Fuel,Solar,%,2.91
Bolivia,2024-01-01,Electricity generation,Fuel,Wind,%,2.91
Bolivia,2024-02-01,Electricity generation,Aggregate fuel,Clean,%,32.26
Bolivia,2024-02-01,Electricity generation,Aggregate fuel,Fossil,%,67.74
Bolivia,2024-02-01,Electricity generation,Aggregate fuel,Gas and Other Fossil,%,67.74
Bolivia,2024-02-01,Electricity generation,Aggregate fuel,"Hydro, Bioenergy and Other Renewables",%,26.88
Bolivia,2024-02-01,Electricity generation,Aggregate fuel,Renewables,%,32.26
Bolivia,2024-02-01,Electricity generation,Aggregate fuel,Wind and Solar,%,5.38
Bolivia,2024-02-01,Electricity generation,Fuel,Bioenergy,%,0.0
Bolivia,2024-02-01,Electricity generation,Fuel,Gas,%,67.74
Bolivia,2024-02-01,Electricity generation,Fuel,Hydro,%,26.88
Bolivia,2024-02-01,Electricity generation,Fuel,Solar,%,2.15
Bolivia,2024-02-01,Electricity generation,Fuel,Wind,%,3.23
Bolivia,2024-03-01,Electricity generation,Aggregate fuel,Clean,%,43.68
Bolivia,2024-03-01,Electricity generation,Aggregate fuel,Fossil,%,56.31
Bolivia,2024-03-01,Electricity generation,Aggregate fuel,Gas and Other Fossil,%,56.31
Bolivia,2024-03-01,Electricity generation,Aggregate fuel,"Hydro, Bioenergy and Other Renewables",%,35.92
Bolivia,2024-03-01,Electricity generation,Aggregate fuel,Renewables,%,43.68
Bolivia,2024-03-01,Electricity generation,Aggregate fuel,Wind and Solar,%,7.76
Bolivia,2024-03-01,Electricity generation,Fuel,Bioenergy,%,0.0
Bolivia,2024-03-01,Electricity generation,Fuel,Gas,%,56.31
Bolivia,2024-03-01,Electricity generation,Fuel,Hydro,%,35.92
Bolivia,2024-03-01,Electricity generation,Fuel,Solar,%,2.91
Bolivia,2024-03-01,Electricity generation,Fuel,Wind,%,4.85
Bolivia,2024-04-01,Electricity generation,Aggregate fuel,Clean,%,38.14
Bolivia,2024-04-01,Electricity generation,Aggregate fuel,Fossil,%,61.86
Bolivia,2024-04-01,Electricity generation,Aggregate fuel,Gas and Other Fossil,%,61.86
Bolivia,2024-04-01,Electricity generation,Aggregate fuel,"Hydro, Bioenergy and Other Renewables",%,30.93
Bolivia,2024-04-01,Electricity generation,Aggregate fuel,Renewables,%,38.14
Bolivia,2024-04-01,Electricity generation,Aggregate fuel,Wind and Solar,%,7.21
Bolivia,2024-04-01,Electricity generation,Fuel,Bioenergy,%,0.0
Bolivia,2024-04-01,Electricity generation,Fuel,Gas,%,61.86
Bolivia,2024-04-01,Electricity generation,Fuel,Hydro,%,30.93
Bolivia,2024-04-01,Electricity generation,Fuel,Solar,%,3.09
Bolivia,2024-04-01,Electricity generation,Fuel,Wind,%,4.12
Bolivia,2024-05-01,Electricity generation,Aggregate fuel,Clean,%,35.1
Bolivia,2024-05-01,Electricity generation,Aggregate fuel,Fossil,%,64.89
Bolivia,2024-05-01,Electricity generation,Aggregate fuel,Gas and Other Fossil,%,64.89
Bolivia,2024-05-01,Electricity generation,Aggregate fuel,"Hydro, Bioenergy and Other Renewables",%,26.59
Bolivia,2024-05-01,Electricity generation,Aggregate fuel,Renewables,%,35.1
Bolivia,2024-05-01,Electricity generation,Aggregate fuel,Wind and Solar,%,8.51
Bolivia,2024-05-01,Electricity generation,Fuel,Bioenergy,%,1.06
Bolivia,2024-05-01,Electricity generation,Fuel,Gas,%,64.89
Bolivia,2024-05-01,Electricity generation,Fuel,Hydro,%,25.53
Bolivia,2024-05-01,Electricity generation,Fuel,Solar,%,3.19
Bolivia,2024-05-01,Electricity generation,Fuel,Wind,%,5.32
Bolivia,2024-06-01,Electricity generation,Aggregate fuel,Clean,%,34.44
Bolivia,2024-06-01,Electricity generation,Aggregate fuel,Fossil,%,65.56
Bolivia,2024-06-01,Electricity generation,Aggregate fuel,Gas and Other Fossil,%,65.56
Bolivia,2024-06-01,Electricity generation,Aggregate fuel,"Hydro, Bioenergy and Other Renewables",%,25.55
Bolivia,2024-06-01,Electricity generation,Aggregate fuel,Renewables,%,34.44
Bolivia,2024-06-01,Electricity generation,Aggregate fuel,Wind and Solar,%,8.89
Bolivia,2024-06-01,Electricity generation,Fuel,Bioenergy,%,2.22
Bolivia,2024-06-01,Electricity generation,Fuel,Gas,%,65.56
Bolivia,2024-06-01,Electricity generation,Fuel,Hydro,%,23.33
Bolivia,2024-06-01,Electricity generation,Fuel,Solar,%,3.33
Bolivia,2024-06-01,Electricity generation,Fuel,Wind,%,5.56
Bolivia,2024-07-01,Electricity generation,Aggregate fuel,Clean,%,34.07
Bolivia,2024-07-01,Electricity generation,Aggregate fuel,Fossil,%,65.93
Bolivia,2024-07-01,Electricity generation,Aggregate fuel,Gas and Other Fossil,%,65.93
Bolivia,2024-07-01,Electricity generation,Aggregate fuel,"Hydro, Bioenergy and Other Renewables",%,25.28
Bolivia,2024-07-01,Electricity generation,Aggregate fuel,Renewables,%,34.07
Bolivia,2024-07-01,Electricity generation,Aggregate fuel,Wind and Solar,%,8.79
Bolivia,2024-07-01,Electricity generation,Fuel,Bioenergy,%,2.2
Bolivia,2024-07-01,Electricity generation,Fuel,Gas,%,65.93
Bolivia,2024-07-01,Electricity generation,Fuel,Hydro,%,23.08
Bolivia,2024-07-01,Electricity generation,Fuel,Solar,%,3.3
Bolivia,2024-07-01,Electricity generation,Fuel,Wind,%,5.49
Bolivia,2024-08-01,Electricity generation,Aggregate fuel,Clean,%,30.11
Bolivia,2024-08-01,Electricity generation,Aggregate fuel,Fossil,%,69.89
Bolivia,2024-08-01,Electricity generation,Aggregate fuel,Gas and Other Fossil,%,69.89
Bolivia,2024-08-01,Electricity generation,Aggregate fuel,"Hydro, Bioenergy and Other Renewables",%,21.5
Bolivia,2024-08-01,Electricity generation,Aggregate fuel,Renewables,%,30.11
Bolivia,2024-08-01,Electricity generation,Aggregate fuel,Wind and Solar,%,8.61
Bolivia,2024-08-01,Electricity generation,Fuel,Bioenergy,%,2.15
Bolivia,2024-08-01,Electricity generation,Fuel,Gas,%,69.89
Bolivia,2024-08-01,Electricity generation,Fuel,Hydro,%,19.35
Bolivia,2024-08-01,Electricity generation,Fuel,Solar,%,3.23
Bolivia,2024-08-01,Electricity generation,Fuel,Wind,%,5.38
Bolivia,2024-09-01,Electricity generation,Aggregate fuel,Clean,%,28.86
Bolivia,2024-09-01,Electricity generation,Aggregate fuel,Fossil,%,71.13
Bolivia,2024-09-01,Electricity generation,Aggregate fuel,Gas and Other Fossil,%,71.13
Bolivia,2024-09-01,Electricity generation,Aggregate fuel,"Hydro, Bioenergy and Other Renewables",%,20.62
Bolivia,2024-09-01,Electricity generation,Aggregate fuel,Renewables,%,28.86
Bolivia,2024-09-01,Electricity generation,Aggregate fuel,Wind and Solar,%,8.24
Bolivia,2024-09-01,Electricity generation,Fuel,Bioenergy,%,2.06
Bolivia,2024-09-01,Electricity generation,Fuel,Gas,%,71.13
Bolivia,2024-09-01,Electricity generation,Fuel,Hydro,%,18.56
Bolivia,2024-09-01,Electricity generation,Fuel,Solar,%,3.09
Bolivia,2024-09-01,Electricity generation,Fuel,Wind,%,5.15
Bolivia,2024-10-01,Electricity generation,Aggregate fuel,Clean,%,24.52
Bolivia,2024-10-01,Electricity generation,Aggregate fuel,Fossil,%,75.47
Bolivia,2024-10-01,Electricity generation,Aggregate fuel,Gas and Other Fossil,%,75.47
Bolivia,2024-10-01,Electricity generation,Aggregate fuel,"Hydro, Bioenergy and Other Renewables",%,17.92
Bolivia,2024-10-01,Electricity generation,Aggregate fuel,Renewables,%,24.52
Bolivia,2024-10-01,Electricity generation,Aggregate fuel,Wind and Solar,%,6.6
Bolivia,2024-10-01,Electricity generation,Fuel,Bioenergy,%,0.94
Bolivia,2024-10-01,Electricity generation,Fuel,Gas,%,75.47
Bolivia,2024-10-01,Electricity generation,Fuel,Hydro,%,16.98
Bolivia,2024-10-01,Electricity generation,Fuel,Solar,%,2.83
Bolivia,2024-10-01,Electricity generation,Fuel,Wind,%,3.77
Bolivia,2024-11-01,Electricity generation,Aggregate fuel,Clean,%,27.72
Bolivia,2024-11-01,Electricity generation,Aggregate fuel,Fossil,%,72.28
Bolivia,2024-11-01,Electricity generation,Aggregate fuel,Gas and Other Fossil,%,72.28
Bolivia,2024-11-01,Electricity generation,Aggregate fuel,"Hydro, Bioenergy and Other Renewables",%,21.78
Bolivia,2024-11-01,Electricity generation,Aggregate fuel,Renewables,%,27.72
Bolivia,2024-11-01,Electricity generation,Aggregate fuel,Wind and Solar,%,5.94
Bolivia,2024-11-01,Electricity generation,Fuel,Bioenergy,%,0.0
Bolivia,2024-11-01,Electricity generation,Fuel,Gas,%,72.28
Bolivia,2024-11-01,Electricity generation,Fuel,Hydro,%,21.78
Bolivia,2024-11-01,Electricity generation,Fuel,Solar,%,2.97
Bolivia,2024-11-01,Electricity generation,Fuel,Wind,%,2.97
Bolivia,2024-12-01,Electricity generation,Aggregate fuel,Clean,%,33.66
Bolivia,2024-12-01,Electricity generation,Aggregate fuel,Fossil,%,66.34
Bolivia,2024-12-01,Electricity generation,Aggregate fuel,Gas and Other Fossil,%,66.34
Bolivia,2024-12-01,Electricity generation,Aggregate fuel,"Hydro, Bioenergy and Other Renewables",%,28.71
Bolivia,2024-12-01,Electricity generation,Aggregate fuel,Renewables,%,33.66
Bolivia,2024-12-01,Electricity generation,Aggregate fuel,Wind and Solar,%,4.95
Bolivia,2024-12-01,Electricity generation,Fuel,Bioenergy,%,0.0
Bolivia,2024-12-01,Electricity generation,Fuel,Gas,%,66.34
Bolivia,2024-12-01,Electricity generation,Fuel,Hydro,%,28.71
Bolivia,2024-12-01,Electricity generation,Fuel,Solar,%,2.97
Bolivia,2024-12-01,Electricity generation,Fuel,Wind,%,1.98
Bolivia,2025-01-01,Electricity generation,Aggregate fuel,Clean,%,35.0
Bolivia,2025-01-01,Electricity generation,Aggregate fuel,Fossil,%,65.0
Bolivia,2025-01-01,Electricity generation,Aggregate fuel,Gas and Other Fossil,%,65.0
Bolivia,2025-01-01,Electricity generation,Aggregate fuel,"Hydro, Bioenergy and Other Renewables",%,32.0
Bolivia,2025-01-01,Electricity generation,Aggregate fuel,Renewables,%,35.0
Bolivia,2025-01-01,Electricity generation,Aggregate fuel,Wind and Solar,%,3.0
Bolivia,2025-01-01,Electricity generation,Fuel,Bioenergy,%,0.0
Bolivia,2025-01-01,Electricity generation,Fuel,Gas,%,65.0
Bolivia,2025-01-01,Electricity generation,Fuel,Hydro,%,32.0
Bolivia,2025-01-01,Electricity generation,Fuel,Solar,%,2.0
Bolivia,2025-01-01,Electricity generation,Fuel,Wind,%,1.0
Bolivia,2025-02-01,Electricity generation,Aggregate fuel,Clean,%,33.34
Bolivia,2025-02-01,Electricity generation,Aggregate fuel,Fossil,%,66.67
Bolivia,2025-02-01,Electricity generation,Aggregate fuel,Gas and Other Fossil,%,66.67
Bolivia,2025-02-01,Electricity generation,Aggregate fuel,"Hydro, Bioenergy and Other Renewables",%,29.17
Bolivia,2025-02-01,Electricity generation,Aggregate fuel,Renewables,%,33.34
Bolivia,2025-02-01,Electricity generation,Aggregate fuel,Wind and Solar,%,4.17
Bolivia,2025-02-01,Electricity generation,Fuel,Bioenergy,%,0.0
Bolivia,2025-02-01,Electricity generation,Fuel,Gas,%,66.67
Bolivia,2025-02-01,Electricity generation,Fuel,Hydro,%,29.17
Bolivia,2025-02-01,Electricity generation,Fuel,Solar,%,3.13
Bolivia,2025-02-01,Electricity generation,Fuel,Wind,%,1.04
Bolivia,2025-03-01,Electricity generation,Aggregate fuel,Clean,%,43.43
Bolivia,2025-03-01,Electricity generation,Aggregate fuel,Fossil,%,56.57
Bolivia,2025-03-01,Electricity generation,Aggregate fuel,Gas and Other Fossil,%,56.57
Bolivia,2025-03-01,Electricity generation,Aggregate fuel,"Hydro, Bioenergy and Other Renewables",%,38.38
Bolivia,2025-03-01,Electricity generation,Aggregate fuel,Renewables,%,43.43
Bolivia,2025-03-01,Electricity generation,Aggregate fuel,Wind and Solar,%,5.05
Bolivia,2025-03-01,Electricity generation,Fuel,Bioenergy,%,0.0
Bolivia,2025-03-01,Electricity generation,Fuel,Gas,%,56.57
Bolivia,2025-03-01,Electricity generation,Fuel,Hydro,%,38.38
Bolivia,2025-03-01,Electricity generation,Fuel,Solar,%,3.03
Bolivia,2025-03-01,Electricity generation,Fuel,Wind,%,2.02
Bolivia,2025-04-01,Electricity generation,Aggregate fuel,Clean,%,44.22
Bolivia,2025-04-01,Electricity generation,Aggregate fuel,Fossil,%,55.79
Bolivia,2025-04-01,Electricity generation,Aggregate fuel,Gas and Other Fossil,%,55.79
Bolivia,2025-04-01,Electricity generation,Aggregate fuel,"Hydro, Bioenergy and Other Renewables",%,38.95
Bolivia,2025-04-01,Electricity generation,Aggregate fuel,Renewables,%,44.22
Bolivia,2025-04-01,Electricity generation,Aggregate fuel,Wind and Solar,%,5.27
Bolivia,2025-04-01,Electricity generation,Fuel,Bioenergy,%,0.0
Bolivia,2025-04-01,Electricity generation,Fuel,Gas,%,55.79
Bolivia,2025-04-01,Electricity generation,Fuel,Hydro,%,38.95
Bolivia,2025-04-01,Electricity generation,Fuel,Solar,%,3.16
Bolivia,2025-04-01,Electricity generation,Fuel,Wind,%,2.11
Bolivia,2025-05-01,Electricity generation,Aggregate fuel,Clean,%,38.77
Bolivia,2025-05-01,Electricity generation,Aggregate fuel,Fossil,%,61.22
Bolivia,2025-05-01,Electricity generation,Aggregate fuel,Gas and Other Fossil,%,61.22
Bolivia,2025-05-01,Electricity generation,Aggregate fuel,"Hydro, Bioenergy and Other Renewables",%,32.65
Bolivia,2025-05-01,Electricity generation,Aggregate fuel,Renewables,%,38.77
Bolivia,2025-05-01,Electricity generation,Aggregate fuel,Wind and Solar,%,6.12
Bolivia,2025-05-01,Electricity generation,Fuel,Bioenergy,%,0.0
Bolivia,2025-05-01,Electricity generation,Fuel,Gas,%,61.22
Bolivia,2025-05-01,Electricity generation,Fuel,Hydro,%,32.65
Bolivia,2025-05-01,Electricity generation,Fuel,Solar,%,3.06
Bolivia,2025-05-01,Electricity generation,Fuel,Wind,%,3.06
Bolivia,2025-06-01,Electricity generation,Aggregate fuel,Clean,%,36.66
Bolivia,2025-06-01,Electricity generation,Aggregate fuel,Fossil,%,63.33
Bolivia,2025-06-01,Electricity generation,Aggregate fuel,Gas and Other Fossil,%,63.33
Bolivia,2025-06-01,Electricity generation,Aggregate fuel,"Hydro, Bioenergy and Other Renewables",%,30.0
Bolivia,2025-06-01,Electricity generation,Aggregate fuel,Renewables,%,36.66
Bolivia,2025-06-01,Electricity generation,Aggregate fuel,Wind and Solar,%,6.66
Bolivia,2025-06-01,Electricity generation,Fuel,Bioenergy,%,2.22
Bolivia,2025-06-01,Electricity generation,Fuel,Gas,%,63.33
Bolivia,2025-06-01,Electricity generation,Fuel,Hydro,%,27.78
Bolivia,2025-06-01,Electricity generation,Fuel,Solar,%,3.33
Bolivia,2025-06-01,Electricity generation,Fuel,Wind,%,3.33
Bolivia,2025-07-01,Electricity generation,Aggregate fuel,Clean,%,34.01
Bolivia,2025-07-01,Electricity generation,Aggregate fuel,Fossil,%,65.98
Bolivia,2025-07-01,Electricity generation,Aggregate fuel,Gas and Other Fossil,%,65.98
Bolivia,2025-07-01,Electricity generation,Aggregate fuel,"Hydro, Bioenergy and Other Renewables",%,27.83
Bolivia,2025-07-01,Electricity generation,Aggregate fuel,Renewables,%,34.01
Bolivia,2025-07-01,Electricity generation,Aggregate fuel,Wind and Solar,%,6.18
Bolivia,2025-07-01,Electricity generation,Fuel,Bioenergy,%,2.06
Bolivia,2025-07-01,Electricity generation,Fuel,Gas,%,65.98
Bolivia,2025-07-01,Electricity generation,Fuel,Hydro,%,25.77
Bolivia,2025-07-01,Electricity generation,Fuel,Solar,%,3.09
Bolivia,2025-07-01,Electricity generation,Fuel,Wind,%,3.09
Bolivia,2025-08-01,Electricity generation,Aggregate fuel,Clean,%,33.69
Bolivia,2025-08-01,Electricity generation,Aggregate fuel,Fossil,%,66.32
Bolivia,2025-08-01,Electricity generation,Aggregate fuel,Gas and Other Fossil,%,66.32
Bolivia,2025-08-01,Electricity generation,Aggregate fuel,"Hydro, Bioenergy and Other Renewables",%,27.37
Bolivia,2025-08-01,Electricity generation,Aggregate fuel,Renewables,%,33.69
Bolivia,2025-08-01,Electricity generation,Aggregate fuel,Wind and Solar,%,6.32
Bolivia,2025-08-01,Electricity generation,Fuel,Bioenergy,%,2.11
Bolivia,2025-08-01,Electricity generation,Fuel,Gas,%,66.32
Bolivia,2025-08-01,Electricity generation,Fuel,Hydro,%,25.26
Bolivia,2025-08-01,Electricity generation,Fuel,Solar,%,3.16
Bolivia,2025-08-01,Electricity generation,Fuel,Wind,%,3.16
Bolivia,2025-09-01,Electricity generation,Aggregate fuel,Clean,%,29.79
Bolivia,2025-09-01,Electricity generation,Aggregate fuel,Fossil,%,70.19
Bolivia,2025-09-01,Electricity generation,Aggregate fuel,Gas and Other Fossil,%,70.19
Bolivia,2025-09-01,Electricity generation,Aggregate fuel,"Hydro, Bioenergy and Other Renewables",%,24.03
Bolivia,2025-09-01,Electricity generation,Aggregate fuel,Renewables,%,29.79
Bolivia,2025-09-01,Electricity generation,Aggregate fuel,Wind and Solar,%,5.76
Bolivia,2025-09-01,Electricity generation,Fuel,Bioenergy,%,2.88
Bolivia,2025-09-01,Electricity generation,Fuel,Gas,%,70.19
Bolivia,2025-09-01,Electricity generation,Fuel,Hydro,%,21.15
Bolivia,2025-09-01,Electricity generation,Fuel,Solar,%,2.88
Bolivia,2025-09-01,Electricity generation,Fuel,Wind,%,2.88
Bolivia,2025-10-01,Electricity generation,Aggregate fuel,Clean,%,33.33
Bolivia,2025-10-01,Electricity generation,Aggregate fuel,Fossil,%,66.67
Bolivia,2025-10-01,Electricity generation,Aggregate fuel,Gas and Other Fossil,%,66.67
Bolivia,2025-10-01,Electricity generation,Aggregate fuel,"Hydro, Bioenergy and Other Renewables",%,27.45
Bolivia,2025-10-01,Electricity generation,Aggregate fuel,Renewables,%,33.33
Bolivia,2025-10-01,Electricity generation,Aggregate fuel,Wind and Solar,%,5.88
Bolivia,2025-10-01,Electricity generation,Fuel,Bioenergy,%,1.96
Bolivia,2025-10-01,Electricity generation,Fuel,Gas,%,66.67
Bolivia,2025-10-01,Electricity generation,Fuel,Hydro,%,25.49
Bolivia,2025-10-01,Electricity generation,Fuel,Solar,%,2.94
Bolivia,2025-10-01,Electricity generation,Fuel,Wind,%,2.94
Brazil,2018-01-01,Electricity generation,Aggregate fuel,Clean,%,87.74
Brazil,2018-01-01,Electricity generation,Aggregate fuel,Fossil,%,12.25
Brazil,2018-01-01,Electricity generation,Aggregate fuel,Gas and Other Fossil,%,10.15
Brazil,2018-01-01,Electricity generation,Aggregate fuel,"Hydro, Bioenergy and Other Renewables",%,77.88
Brazil,2018-01-01,Electricity generation,Aggregate fuel,Renewables,%,84.91
Brazil,2018-01-01,Electricity generation,Aggregate fuel,Wind and Solar,%,7.03
Brazil,2018-01-01,Electricity generation,Fuel,Bioenergy,%,0.55
Brazil,2018-01-01,Electricity generation,Fuel,Coal,%,2.1
Brazil,2018-01-01,Electricity generation,Fuel,Gas,%,7.68
Brazil,2018-01-01,Electricity generation,Fuel,Hydro,%,77.33
Brazil,2018-01-01,Electricity generation,Fuel,Nuclear,%,2.83
Brazil,2018-01-01,Electricity generation,Fuel,Other Fossil,%,2.47
Brazil,2018-01-01,Electricity generation,Fuel,Solar,%,0.42
Brazil,2018-01-01,Electricity generation,Fuel,Wind,%,6.61
Brazil,2018-02-01,Electricity generation,Aggregate fuel,Clean,%,88.36
Brazil,2018-02-01,Electricity generation,Aggregate fuel,Fossil,%,11.65
Brazil,2018-02-01,Electricity generation,Aggregate fuel,Gas and Other Fossil,%,9.38
Brazil,2018-02-01,Electricity generation,Aggregate fuel,"Hydro, Bioenergy and Other Renewables",%,81.51
Brazil,2018-02-01,Electricity generation,Aggregate fuel,Renewables,%,86.52
Brazil,2018-02-01,Electricity generation,Aggregate fuel,Wind and Solar,%,5.01
Brazil,2018-02-01,Electricity generation,Fuel,Bioenergy,%,0.61
Brazil,2018-02-01,Electricity generation,Fuel,Coal,%,2.27
Brazil,2018-02-01,Electricity generation,Fuel,Gas,%,6.75
Brazil,2018-02-01,Electricity generation,Fuel,Hydro,%,80.9
Brazil,2018-02-01,Electricity generation,Fuel,Nuclear,%,1.84
Brazil,2018-02-01,Electricity generation,Fuel,Other Fossil,%,2.63
Brazil,2018-02-01,Electricity generation,Fuel,Solar,%,0.43
Brazil,2018-02-01,Electricity generation,Fuel,Wind,%,4.58
Brazil,2018-03-01,Electricity generation,Aggregate fuel,Clean,%,88.35
Brazil,2018-03-01,Electricity generation,Aggregate fuel,Fossil,%,11.65
Brazil,2018-03-01,Electricity generation,Aggregate fuel,Gas and Other Fossil,%,9.12
Brazil,2018-03-01,Electricity generation,Aggregate fuel,"Hydro, Bioenergy and Other Renewables",%,81.9
Brazil,2018-03-01,Electricity generation,Aggregate fuel,Renewables,%,86.65
Brazil,2018-03-01,Electricity generation,Aggregate fuel,Wind and Solar,%,4.75
Brazil,2018-03-01,Electricity generation,Fuel,Bioenergy,%,0.85
Brazil,2018-03-01,Electricity generation,Fuel,Coal,%,2.53
Brazil,2018-03-01,Electricity generation,Fuel,Gas,%,6.4
Brazil,2018-03-01,Electricity generation,Fuel,Hydro,%,81.05
Brazil,2018-03-01,Electricity generation,Fuel,Nuclear,%,1.7
Brazil,2018-03-01,Electricity generation,Fuel,Other Fossil,%,2.72
Brazil,2018-03-01,Electricity generation,Fuel,Solar,%,0.47
Brazil,2018-03-01,Electricity generation,Fuel,Wind,%,4.28
Brazil,2018-04-01,Electricity generation,Aggregate fuel,Clean,%,90.1
Brazil,2018-04-01,Electricity generation,Aggregate fuel,Fossil,%,9.89
Brazil,2018-04-01,Electricity generation,Aggregate fuel,Gas and Other Fossil,%,7.96
Brazil,2018-04-01,Electricity generation,Aggregate fuel,"Hydro, Bioenergy and Other Renewables",%,80.88
Brazil,2018-04-01,Electricity generation,Aggregate fuel,Renewables,%,87.02
Brazil,2018-04-01,Electricity generation,Aggregate fuel,Wind and Solar,%,6.14
Brazil,2018-04-01,Electricity generation,Fuel,Bioenergy,%,1.67
Brazil,2018-04-01,Electricity generation,Fuel,Coal,%,1.93
Brazil,2018-04-01,Electricity generation,Fuel,Gas,%,5.49
Brazil,2018-04-01,Electricity generation,Fuel,Hydro,%,79.21
Brazil,2018-04-01,Electricity generation,Fuel,Nuclear,%,3.08
Brazil,2018-04-01,Electricity generation,Fuel,Other Fossil,%,2.47
Brazil,2018-04-01,Electricity generation,Fuel,Solar,%,0.52
Brazil,2018-04-01,Electricity generation,Fuel,Wind,%,5.62
Brazil,2018-05-01,Electricity generation,Aggregate fuel,Clean,%,88.83
Brazil,2018-05-01,Electricity generation,Aggregate fuel,Fossil,%,11.17
Brazil,2018-05-01,Electricity generation,Aggregate fuel,Gas and Other Fossil,%,8.98
Brazil,2018-05-01,Electricity generation,Aggregate fuel,"Hydro, Bioenergy and Other Renewables",%,76.87
Brazil,2018-05-01,Electricity generation,Aggregate fuel,Renewables,%,85.49
Brazil,2018-05-01,Electricity generation,Aggregate fuel,Wind and Solar,%,8.62
Brazil,2018-05-01,Electricity generation,Fuel,Bioenergy,%,1.93
Brazil,2018-05-01,Electricity generation,Fuel,Coal,%,2.19
Brazil,2018-05-01,Electricity generation,Fuel,Gas,%,6.74
Brazil,2018-05-01,Electricity generation,Fuel,Hydro,%,74.94
Brazil,2018-05-01,Electricity generation,Fuel,Nuclear,%,3.34
Brazil,2018-05-01,Electricity generation,Fuel,Other Fossil,%,2.24
Brazil,2018-05-01,Electricity generation,Fuel,Solar,%,0.63
Brazil,2018-05-01,Electricity generation,Fuel,Wind,%,7.99
Brazil,2018-06-01,Electricity generation,Aggregate fuel,Clean,%,84.11
Brazil,2018-06-01,Electricity generation,Aggregate fuel,Fossil,%,15.88
Brazil,2018-06-01,Electricity generation,Aggregate fuel,Gas and Other Fossil,%,13.06
Brazil,2018-06-01,Electricity generation,Aggregate fuel,"Hydro, Bioenergy and Other Renewables",%,70.38
Brazil,2018-06-01,Electricity generation,Aggregate fuel,Renewables,%,80.73
Brazil,2018-06-01,Electricity generation,Aggregate fuel,Wind and Solar,%,10.35
Brazil,2018-06-01,Electricity generation,Fuel,Bioenergy,%,2.35
Brazil,2018-06-01,Electricity generation,Fuel,Coal,%,2.82
Brazil,2018-06-01,Electricity generation,Fuel,Gas,%,10.52
Brazil,2018-06-01,Electricity generation,Fuel,Hydro,%,68.03
Brazil,2018-06-01,Electricity generation,Fuel,Nuclear,%,3.38
Brazil,2018-06-01,Electricity generation,Fuel,Other Fossil,%,2.54
Brazil,2018-06-01,Electricity generation,Fuel,Solar,%,0.65
Brazil,2018-06-01,Electricity generation,Fuel,Wind,%,9.7
Brazil,2018-07-01,Electricity generation,Aggregate fuel,Clean,%,82.34
Brazil,2018-07-01,Electricity generation,Aggregate fuel,Fossil,%,17.66
Brazil,2018-07-01,Electricity generation,Aggregate fuel,Gas and Other Fossil,%,14.21
Brazil,2018-07-01,Electricity generation,Aggregate fuel,"Hydro, Bioenergy and Other Renewables",%,67.34
Brazil,2018-07-01,Electricity generation,Aggregate fuel,Renewables,%,78.98
Brazil,2018-07-01,Electricity generation,Aggregate fuel,Wind and Solar,%,11.64
Brazil,2018-07-01,Electricity generation,Fuel,Bioenergy,%,2.48
Brazil,2018-07-01,Electricity generation,Fuel,Coal,%,3.45
Brazil,2018-07-01,Electricity generation,Fuel,Gas,%,11.05
Brazil,2018-07-01,Electricity generation,Fuel,Hydro,%,64.86
Brazil,2018-07-01,Electricity generation,Fuel,Nuclear,%,3.36
Brazil,2018-07-01,Electricity generation,Fuel,Other Fossil,%,3.16
Brazil,2018-07-01,Electricity generation,Fuel,Solar,%,0.72
Brazil,2018-07-01,Electricity generation,Fuel,Wind,%,10.92
Brazil,2018-08-01,Electricity generation,Aggregate fuel,Clean,%,81.76
Brazil,2018-08-01,Electricity generation,Aggregate fuel,Fossil,%,18.24
Brazil,2018-08-01,Electricity generation,Aggregate fuel,Gas and Other Fossil,%,14.84
Brazil,2018-08-01,Electricity generation,Aggregate fuel,"Hydro, Bioenergy and Other Renewables",%,66.67
Brazil,2018-08-01,Electricity generation,Aggregate fuel,Renewables,%,78.42
Brazil,2018-08-01,Electricity generation,Aggregate fuel,Wind and Solar,%,11.75
Brazil,2018-08-01,Electricity generation,Fuel,Bioenergy,%,2.23
Brazil,2018-08-01,Electricity generation,Fuel,Coal,%,3.4
Brazil,2018-08-01,Electricity generation,Fuel,Gas,%,9.68
Brazil,2018-08-01,Electricity generation,Fuel,Hydro,%,64.44
Brazil,2018-08-01,Electricity generation,Fuel,Nuclear,%,3.34
Brazil,2018-08-01,Electricity generation,Fuel,Other Fossil,%,5.16
Brazil,2018-08-01,Electricity generation,Fuel,Solar,%,0.69
Brazil,2018-08-01,Electricity generation,Fuel,Wind,%,11.06
Brazil,2018-09-01,Electricity generation,Aggregate fuel,Clean,%,80.75
Brazil,2018-09-01,Electricity generation,Aggregate fuel,Fossil,%,19.24
Brazil,2018-09-01,Electricity generation,Aggregate fuel,Gas and Other Fossil,%,16.52
Brazil,2018-09-01,Electricity generation,Aggregate fuel,"Hydro, Bioenergy and Other Renewables",%,64.76
Brazil,2018-09-01,Electricity generation,Aggregate fuel,Renewables,%,77.46
Brazil,2018-09-01,Electricity generation,Aggregate fuel,Wind and Solar,%,12.7
Brazil,2018-09-01,Electricity generation,Fuel,Bioenergy,%,2.04
Brazil,2018-09-01,Electricity generation,Fuel,Coal,%,2.72
Brazil,2018-09-01,Electricity generation,Fuel,Gas,%,12.03
Brazil,2018-09-01,Electricity generation,Fuel,Hydro,%,62.72
Brazil,2018-09-01,Electricity generation,Fuel,Nuclear,%,3.29
Brazil,2018-09-01,Electricity generation,Fuel,Other Fossil,%,4.49
Brazil,2018-09-01,Electricity generation,Fuel,Solar,%,0.79
Brazil,2018-09-01,Electricity generation,Fuel,Wind,%,11.91
Brazil,2018-10-01,Electricity generation,Aggregate fuel,Clean,%,85.96
Brazil,2018-10-01,Electricity generation,Aggregate fuel,Fossil,%,14.05
Brazil,2018-10-01,Electricity generation,Aggregate fuel,Gas and Other Fossil,%,11.7
Brazil,2018-10-01,Electricity generation,Aggregate fuel,"Hydro, Bioenergy and Other Renewables",%,72.7
Brazil,2018-10-01,Electricity generation,Aggregate fuel,Renewables,%,82.98
Brazil,2018-10-01,Electricity generation,Aggregate fuel,Wind and Solar,%,10.28
Brazil,2018-10-01,Electricity generation,Fuel,Bioenergy,%,1.71
Brazil,2018-10-01,Electricity generation,Fuel,Coal,%,2.35
Brazil,2018-10-01,Electricity generation,Fuel,Gas,%,9.18
Brazil,2018-10-01,Electricity generation,Fuel,Hydro,%,70.99
Brazil,2018-10-01,Electricity generation,Fuel,Nuclear,%,2.98
Brazil,2018-10-01,Electricity generation,Fuel,Other Fossil,%,2.52
Brazil,2018-10-01,Electricity generation,Fuel,Solar,%,0.72
Brazil,2018-10-01,Electricity generation,Fuel,Wind,%,9.56
Brazil,2018-11-01,Electricity generation,Aggregate fuel,Clean,%,92.15
Brazil,2018-11-01,Electricity generation,Aggregate fuel,Fossil,%,7.84
Brazil,2018-11-01,Electricity generation,Aggregate fuel,Gas and Other Fossil,%,6.93
Brazil,2018-11-01,Electricity generation,Aggregate fuel,"Hydro, Bioenergy and Other Renewables",%,78.71
Brazil,2018-11-01,Electricity generation,Aggregate fuel,Renewables,%,90.02
Brazil,2018-11-01,Electricity generation,Aggregate fuel,Wind and Solar,%,11.31
Brazil,2018-11-01,Electricity generation,Fuel,Bioenergy,%,1.54
Brazil,2018-11-01,Electricity generation,Fuel,Coal,%,0.91
Brazil,2018-11-01,Electricity generation,Fuel,Gas,%,4.52
Brazil,2018-11-01,Electricity generation,Fuel,Hydro,%,77.17
Brazil,2018-11-01,Electricity generation,Fuel,Nuclear,%,2.13
Brazil,2018-11-01,Electricity generation,Fuel,Other Fossil,%,2.41
Brazil,2018-11-01,Electricity generation,Fuel,Solar,%,0.7
Brazil,2018-11-01,Electricity generation,Fuel,Wind,%,10.61
Brazil,2018-12-01,Electricity generation,Aggregate fuel,Clean,%,92.82
Brazil,2018-12-01,Electricity generation,Aggregate fuel,Fossil,%,7.18
Brazil,2018-12-01,Electricity generation,Aggregate fuel,Gas and Other Fossil,%,6.09
Brazil,2018-12-01,Electricity generation,Aggregate fuel,"Hydro, Bioenergy and Other Renewables",%,81.84
Brazil,2018-12-01,Electricity generation,Aggregate fuel,Renewables,%,89.96
Brazil,2018-12-01,Electricity generation,Aggregate fuel,Wind and Solar,%,8.12
Brazil,2018-12-01,Electricity generation,Fuel,Bioenergy,%,1.03
Brazil,2018-12-01,Electricity generation,Fuel,Coal,%,1.09
Brazil,2018-12-01,Electricity generation,Fuel,Gas,%,3.5
Brazil,2018-12-01,Electricity generation,Fuel,Hydro,%,80.81
Brazil,2018-12-01,Electricity generation,Fuel,Nuclear,%,2.86
Brazil,2018-12-01,Electricity generation,Fuel,Other Fossil,%,2.59
Brazil,2018-12-01,Electricity generation,Fuel,Solar,%,0.8
Brazil,2018-12-01,Electricity generation,Fuel,Wind,%,7.32
Brazil,2019-01-01,Electricity generation,Aggregate fuel,Clean,%,92.32
Brazil,2019-01-01,Electricity generation,Aggregate fuel,Fossil,%,7.69
Brazil,2019-01-01,Electricity generation,Aggregate fuel,Gas and Other Fossil,%,6.84
Brazil,2019-01-01,Electricity generation,Aggregate fuel,"Hydro, Bioenergy and Other Renewables",%,80.81
Brazil,2019-01-01,Electricity generation,Aggregate fuel,Renewables,%,89.65
Brazil,2019-01-01,Electricity generation,Aggregate fuel,Wind and Solar,%,8.84
Brazil,2019-01-01,Electricity generation,Fuel,Bioenergy,%,0.49
Brazil,2019-01-01,Electricity generation,Fuel,Coal,%,0.85
Brazil,2019-01-01,Electricity generation,Fuel,Gas,%,4.86
Brazil,2019-01-01,Electricity generation,Fuel,Hydro,%,80.32
Brazil,2019-01-01,Electricity generation,Fuel,Nuclear,%,2.67
Brazil,2019-01-01,Electricity generation,Fuel,Other Fossil,%,1.98
Brazil,2019-01-01,Electricity generation,Fuel,Solar,%,1.02
Brazil,2019-01-01,Electricity generation,Fuel,Wind,%,7.82
Brazil,2019-02-01,Electricity generation,Aggregate fuel,Clean,%,87.43
Brazil,2019-02-01,Electricity generation,Aggregate fuel,Fossil,%,12.58
Brazil,2019-02-01,Electricity generation,Aggregate fuel,Gas and Other Fossil,%,10.64
Brazil,2019-02-01,Electricity generation,Aggregate fuel,"Hydro, Bioenergy and Other Renewables",%,78.98
Brazil,2019-02-01,Electricity generation,Aggregate fuel,Renewables,%,84.57
Brazil,2019-02-01,Electricity generation,Aggregate fuel,Wind and Solar,%,5.59
Brazil,2019-02-01,Electricity generation,Fuel,Bioenergy,%,0.58
Brazil,2019-02-01,Electricity generation,Fuel,Coal,%,1.94
Brazil,2019-02-01,Electricity generation,Fuel,Gas,%,8.25
Brazil,2019-02-01,Electricity generation,Fuel,Hydro,%,78.4
Brazil,2019-02-01,Electricity generation,Fuel,Nuclear,%,2.86
Brazil,2019-02-01,Electricity generation,Fuel,Other Fossil,%,2.39
Brazil,2019-02-01,Electricity generation,Fuel,Solar,%,0.94
Brazil,2019-02-01,Electricity generation,Fuel,Wind,%,4.65
Brazil,2019-03-01,Electricity generation,Aggregate fuel,Clean,%,89.52
Brazil,2019-03-01,Electricity generation,Aggregate fuel,Fossil,%,10.48
Brazil,2019-03-01,Electricity generation,Aggregate fuel,Gas and Other Fossil,%,8.59
Brazil,2019-03-01,Electricity generation,Aggregate fuel,"Hydro, Bioenergy and Other Renewables",%,80.85
Brazil,2019-03-01,Electricity generation,Aggregate fuel,Renewables,%,86.95
Brazil,2019-03-01,Electricity generation,Aggregate fuel,Wind and Solar,%,6.1
Brazil,2019-03-01,Electricity generation,Fuel,Bioenergy,%,1.01
Brazil,2019-03-01,Electricity generation,Fuel,Coal,%,1.89
Brazil,2019-03-01,Electricity generation,Fuel,Gas,%,6.12
Brazil,2019-03-01,Electricity generation,Fuel,Hydro,%,79.84
Brazil,2019-03-01,Electricity generation,Fuel,Nuclear,%,2.57
Brazil,2019-03-01,Electricity generation,Fuel,Other Fossil,%,2.47
Brazil,2019-03-01,Electricity generation,Fuel,Solar,%,1.01
Brazil,2019-03-01,Electricity generation,Fuel,Wind,%,5.09
Brazil,2019-04-01,Electricity generation,Aggregate fuel,Clean,%,90.67
Brazil,2019-04-01,Electricity generation,Aggregate fuel,Fossil,%,9.33
Brazil,2019-04-01,Electricity generation,Aggregate fuel,Gas and Other Fossil,%,7.32
Brazil,2019-04-01,Electricity generation,Aggregate fuel,"Hydro, Bioenergy and Other Renewables",%,81.97
Brazil,2019-04-01,Electricity generation,Aggregate fuel,Renewables,%,88.4
Brazil,2019-04-01,Electricity generation,Aggregate fuel,Wind and Solar,%,6.43
Brazil,2019-04-01,Electricity generation,Fuel,Bioenergy,%,1.61
Brazil,2019-04-01,Electricity generation,Fuel,Coal,%,2.01
Brazil,2019-04-01,Electricity generation,Fuel,Gas,%,4.78
Brazil,2019-04-01,Electricity generation,Fuel,Hydro,%,80.36
Brazil,2019-04-01,Electricity generation,Fuel,Nuclear,%,2.27
Brazil,2019-04-01,Electricity generation,Fuel,Other Fossil,%,2.54
Brazil,2019-04-01,Electricity generation,Fuel,Solar,%,0.99
Brazil,2019-04-01,Electricity generation,Fuel,Wind,%,5.44
Brazil,2019-05-01,Electricity generation,Aggregate fuel,Clean,%,91.35
Brazil,2019-05-01,Electricity generation,Aggregate fuel,Fossil,%,8.64
Brazil,2019-05-01,Electricity generation,Aggregate fuel,Gas and Other Fossil,%,6.87
Brazil,2019-05-01,Electricity generation,Aggregate fuel,"Hydro, Bioenergy and Other Renewables",%,80.53
Brazil,2019-05-01,Electricity generation,Aggregate fuel,Renewables,%,89.71
Brazil,2019-05-01,Electricity generation,Aggregate fuel,Wind and Solar,%,9.18
Brazil,2019-05-01,Electricity generation,Fuel,Bioenergy,%,2.16
Brazil,2019-05-01,Electricity generation,Fuel,Coal,%,1.77
Brazil,2019-05-01,Electricity generation,Fuel,Gas,%,4.63
Brazil,2019-05-01,Electricity generation,Fuel,Hydro,%,78.37
Brazil,2019-05-01,Electricity generation,Fuel,Nuclear,%,1.64
Brazil,2019-05-01,Electricity generation,Fuel,Other Fossil,%,2.24
Brazil,2019-05-01,Electricity generation,Fuel,Solar,%,1.05
Brazil,2019-05-01,Electricity generation,Fuel,Wind,%,8.13
Brazil,2019-06-01,Electricity generation,Aggregate fuel,Clean,%,91.47
Brazil,2019-06-01,Electricity generation,Aggregate fuel,Fossil,%,8.54
Brazil,2019-06-01,Electricity generation,Aggregate fuel,Gas and Other Fossil,%,7.32
Brazil,2019-06-01,Electricity generation,Aggregate fuel,"Hydro, Bioenergy and Other Renewables",%,75.42
Brazil,2019-06-01,Electricity generation,Aggregate fuel,Renewables,%,88.19
Brazil,2019-06-01,Electricity generation,Aggregate fuel,Wind and Solar,%,12.77
Brazil,2019-06-01,Electricity generation,Fuel,Bioenergy,%,2.39
Brazil,2019-06-01,Electricity generation,Fuel,Coal,%,1.22
Brazil,2019-06-01,Electricity generation,Fuel,Gas,%,5.37
Brazil,2019-06-01,Electricity generation,Fuel,Hydro,%,73.03
Brazil,2019-06-01,Electricity generation,Fuel,Nuclear,%,3.28
Brazil,2019-06-01,Electricity generation,Fuel,Other Fossil,%,1.95
Brazil,2019-06-01,Electricity generation,Fuel,Solar,%,1.12
Brazil,2019-06-01,Electricity generation,Fuel,Wind,%,11.65
Brazil,2019-07-01,Electricity generation,Aggregate fuel,Clean,%,86.01
Brazil,2019-07-01,Electricity generation,Aggregate fuel,Fossil,%,13.99
Brazil,2019-07-01,Electricity generation,Aggregate fuel,Gas and Other Fossil,%,10.52
Brazil,2019-07-01,Electricity generation,Aggregate fuel,"Hydro, Bioenergy and Other Renewables",%,70.08
Brazil,2019-07-01,Electricity generation,Aggregate fuel,Renewables,%,82.65
Brazil,2019-07-01,Electricity generation,Aggregate fuel,Wind and Solar,%,12.57
Brazil,2019-07-01,Electricity generation,Fuel,Bioenergy,%,2.41
Brazil,2019-07-01,Electricity generation,Fuel,Coal,%,3.47
Brazil,2019-07-01,Electricity generation,Fuel,Gas,%,8.97
Brazil,2019-07-01,Electricity generation,Fuel,Hydro,%,67.67
Brazil,2019-07-01,Electricity generation,Fuel,Nuclear,%,3.36
Brazil,2019-07-01,Electricity generation,Fuel,Other Fossil,%,1.55
Brazil,2019-07-01,Electricity generation,Fuel,Solar,%,1.19
Brazil,2019-07-01,Electricity generation,Fuel,Wind,%,11.38
Brazil,2019-08-01,Electricity generation,Aggregate fuel,Clean,%,83.13
Brazil,2019-08-01,Electricity generation,Aggregate fuel,Fossil,%,16.88
Brazil,2019-08-01,Electricity generation,Aggregate fuel,Gas and Other Fossil,%,13.57
Brazil,2019-08-01,Electricity generation,Aggregate fuel,"Hydro, Bioenergy and Other Renewables",%,64.5
Brazil,2019-08-01,Electricity generation,Aggregate fuel,Renewables,%,79.8
Brazil,2019-08-01,Electricity generation,Aggregate fuel,Wind and Solar,%,15.3
Brazil,2019-08-01,Electricity generation,Fuel,Bioenergy,%,2.42
Brazil,2019-08-01,Electricity generation,Fuel,Coal,%,3.31
Brazil,2019-08-01,Electricity generation,Fuel,Gas,%,11.59
Brazil,2019-08-01,Electricity generation,Fuel,Hydro,%,62.08
Brazil,2019-08-01,Electricity generation,Fuel,Nuclear,%,3.33
Brazil,2019-08-01,Electricity generation,Fuel,Other Fossil,%,1.98
Brazil,2019-08-01,Electricity generation,Fuel,Solar,%,1.33
Brazil,2019-08-01,Electricity generation,Fuel,Wind,%,13.97
Brazil,2019-09-01,Electricity generation,Aggregate fuel,Clean,%,83.56
Brazil,2019-09-01,Electricity generation,Aggregate fuel,Fossil,%,16.43
Brazil,2019-09-01,Electricity generation,Aggregate fuel,Gas and Other Fossil,%,13.21
Brazil,2019-09-01,Electricity generation,Aggregate fuel,"Hydro, Bioenergy and Other Renewables",%,66.24
Brazil,2019-09-01,Electricity generation,Aggregate fuel,Renewables,%,80.38
Brazil,2019-09-01,Electricity generation,Aggregate fuel,Wind and Solar,%,14.14
Brazil,2019-09-01,Electricity generation,Fuel,Bioenergy,%,2.17
Brazil,2019-09-01,Electricity generation,Fuel,Coal,%,3.22
Brazil,2019-09-01,Electricity generation,Fuel,Gas,%,11.21
Brazil,2019-09-01,Electricity generation,Fuel,Hydro,%,64.07
Brazil,2019-09-01,Electricity generation,Fuel,Nuclear,%,3.18
Brazil,2019-09-01,Electricity generation,Fuel,Other Fossil,%,2.0
Brazil,2019-09-01,Electricity generation,Fuel,Solar,%,1.4
Brazil,2019-09-01,Electricity generation,Fuel,Wind,%,12.74
Brazil,2019-10-01,Electricity generation,Aggregate fuel,Clean,%,83.25
Brazil,2019-10-01,Electricity generation,Aggregate fuel,Fossil,%,16.75
Brazil,2019-10-01,Electricity generation,Aggregate fuel,Gas and Other Fossil,%,13.6
Brazil,2019-10-01,Electricity generation,Aggregate fuel,"Hydro, Bioenergy and Other Renewables",%,66.84
Brazil,2019-10-01,Electricity generation,Aggregate fuel,Renewables,%,80.26
Brazil,2019-10-01,Electricity generation,Aggregate fuel,Wind and Solar,%,13.42
Brazil,2019-10-01,Electricity generation,Fuel,Bioenergy,%,2.01
Brazil,2019-10-01,Electricity generation,Fuel,Coal,%,3.15
Brazil,2019-10-01,Electricity generation,Fuel,Gas,%,11.72
Brazil,2019-10-01,Electricity generation,Fuel,Hydro,%,64.83
Brazil,2019-10-01,Electricity generation,Fuel,Nuclear,%,2.99
Brazil,2019-10-01,Electricity generation,Fuel,Other Fossil,%,1.88
Brazil,2019-10-01,Electricity generation,Fuel,Solar,%,1.35
Brazil,2019-10-01,Electricity generation,Fuel,Wind,%,12.07
Brazil,2019-11-01,Electricity generation,Aggregate fuel,Clean,%,82.8
Brazil,2019-11-01,Electricity generation,Aggregate fuel,Fossil,%,17.21
Brazil,2019-11-01,Electricity generation,Aggregate fuel,Gas and Other Fossil,%,13.77
Brazil,2019-11-01,Electricity generation,Aggregate fuel,"Hydro, Bioenergy and Other Renewables",%,67.68
Brazil,2019-11-01,Electricity generation,Aggregate fuel,Renewables,%,79.72
Brazil,2019-11-01,Electricity generation,Aggregate fuel,Wind and Solar,%,12.04
Brazil,2019-11-01,Electricity generation,Fuel,Bioenergy,%,1.85
Brazil,2019-11-01,Electricity generation,Fuel,Coal,%,3.44
Brazil,2019-11-01,Electricity generation,Fuel,Gas,%,11.96
Brazil,2019-11-01,Electricity generation,Fuel,Hydro,%,65.83
Brazil,2019-11-01,Electricity generation,Fuel,Nuclear,%,3.08
Brazil,2019-11-01,Electricity generation,Fuel,Other Fossil,%,1.81
Brazil,2019-11-01,Electricity generation,Fuel,Solar,%,1.32
Brazil,2019-11-01,Electricity generation,Fuel,Wind,%,10.72
Brazil,2019-12-01,Electricity generation,Aggregate fuel,Clean,%,85.32
Brazil,2019-12-01,Electricity generation,Aggregate fuel,Fossil,%,14.69
Brazil,2019-12-01,Electricity generation,Aggregate fuel,Gas and Other Fossil,%,11.21
Brazil,2019-12-01,Electricity generation,Aggregate fuel,"Hydro, Bioenergy and Other Renewables",%,70.68
Brazil,2019-12-01,Electricity generation,Aggregate fuel,Renewables,%,82.28
Brazil,2019-12-01,Electricity generation,Aggregate fuel,Wind and Solar,%,11.6
Brazil,2019-12-01,Electricity generation,Fuel,Bioenergy,%,1.05
Brazil,2019-12-01,Electricity generation,Fuel,Coal,%,3.48
Brazil,2019-12-01,Electricity generation,Fuel,Gas,%,9.34
Brazil,2019-12-01,Electricity generation,Fuel,Hydro,%,69.63
Brazil,2019-12-01,Electricity generation,Fuel,Nuclear,%,3.04
Brazil,2019-12-01,Electricity generation,Fuel,Other Fossil,%,1.87
Brazil,2019-12-01,Electricity generation,Fuel,Solar,%,1.36
Brazil,2019-12-01,Electricity generation,Fuel,Wind,%,10.24
Brazil,2020-01-01,Electricity generation,Aggregate fuel,Clean,%,83.63
Brazil,2020-01-01,Electricity generation,Aggregate fuel,Fossil,%,16.37
Brazil,2020-01-01,Electricity generation,Aggregate fuel,Gas and Other Fossil,%,12.92
Brazil,2020-01-01,Electricity generation,Aggregate fuel,"Hydro, Bioenergy and Other Renewables",%,74.67
Brazil,2020-01-01,Electricity generation,Aggregate fuel,Renewables,%,81.37
Brazil,2020-01-01,Electricity generation,Aggregate fuel,Wind and Solar,%,6.7
Brazil,2020-01-01,Electricity generation,Fuel,Bioenergy,%,0.68
Brazil,2020-01-01,Electricity generation,Fuel,Coal,%,3.45
Brazil,2020-01-01,Electricity generation,Fuel,Gas,%,11.03
Brazil,2020-01-01,Electricity generation,Fuel,Hydro,%,73.99
Brazil,2020-01-01,Electricity generation,Fuel,Nuclear,%,2.26
Brazil,2020-01-01,Electricity generation,Fuel,Other Fossil,%,1.89
Brazil,2020-01-01,Electricity generation,Fuel,Solar,%,1.46
Brazil,2020-01-01,Electricity generation,Fuel,Wind,%,5.24
Brazil,2020-02-01,Electricity generation,Aggregate fuel,Clean,%,89.02
Brazil,2020-02-01,Electricity generation,Aggregate fuel,Fossil,%,10.97
Brazil,2020-02-01,Electricity generation,Aggregate fuel,Gas and Other Fossil,%,8.9
Brazil,2020-02-01,Electricity generation,Aggregate fuel,"Hydro, Bioenergy and Other Renewables",%,79.96
Brazil,2020-02-01,Electricity generation,Aggregate fuel,Renewables,%,87.05
Brazil,2020-02-01,Electricity generation,Aggregate fuel,Wind and Solar,%,7.09
Brazil,2020-02-01,Electricity generation,Fuel,Bioenergy,%,0.66
Brazil,2020-02-01,Electricity generation,Fuel,Coal,%,2.07
Brazil,2020-02-01,Electricity generation,Fuel,Gas,%,6.95
Brazil,2020-02-01,Electricity generation,Fuel,Hydro,%,79.3
Brazil,2020-02-01,Electricity generation,Fuel,Nuclear,%,1.97
Brazil,2020-02-01,Electricity generation,Fuel,Other Fossil,%,1.95
Brazil,2020-02-01,Electricity generation,Fuel,Solar,%,1.47
Brazil,2020-02-01,Electricity generation,Fuel,Wind,%,5.62
Brazil,2020-03-01,Electricity generation,Aggregate fuel,Clean,%,91.39
Brazil,2020-03-01,Electricity generation,Aggregate fuel,Fossil,%,8.61
Brazil,2020-03-01,Electricity generation,Aggregate fuel,Gas and Other Fossil,%,7.32
Brazil,2020-03-01,Electricity generation,Aggregate fuel,"Hydro, Bioenergy and Other Renewables",%,82.66
Brazil,2020-03-01,Electricity generation,Aggregate fuel,Renewables,%,88.81
Brazil,2020-03-01,Electricity generation,Aggregate fuel,Wind and Solar,%,6.15
Brazil,2020-03-01,Electricity generation,Fuel,Bioenergy,%,0.97
Brazil,2020-03-01,Electricity generation,Fuel,Coal,%,1.29
Brazil,2020-03-01,Electricity generation,Fuel,Gas,%,5.28
Brazil,2020-03-01,Electricity generation,Fuel,Hydro,%,81.69
Brazil,2020-03-01,Electricity generation,Fuel,Nuclear,%,2.58
Brazil,2020-03-01,Electricity generation,Fuel,Other Fossil,%,2.04
Brazil,2020-03-01,Electricity generation,Fuel,Solar,%,1.67
Brazil,2020-03-01,Electricity generation,Fuel,Wind,%,4.48
Brazil,2020-04-01,Electricity generation,Aggregate fuel,Clean,%,92.19
Brazil,2020-04-01,Electricity generation,Aggregate fuel,Fossil,%,7.82
Brazil,2020-04-01,Electricity generation,Aggregate fuel,Gas and Other Fossil,%,7.34
Brazil,2020-04-01,Electricity generation,Aggregate fuel,"Hydro, Bioenergy and Other Renewables",%,79.52
Brazil,2020-04-01,Electricity generation,Aggregate fuel,Renewables,%,88.92
Brazil,2020-04-01,Electricity generation,Aggregate fuel,Wind and Solar,%,9.4
Brazil,2020-04-01,Electricity generation,Fuel,Bioenergy,%,2.0
Brazil,2020-04-01,Electricity generation,Fuel,Coal,%,0.48
Brazil,2020-04-01,Electricity generation,Fuel,Gas,%,4.98
Brazil,2020-04-01,Electricity generation,Fuel,Hydro,%,77.52
Brazil,2020-04-01,Electricity generation,Fuel,Nuclear,%,3.27
Brazil,2020-04-01,Electricity generation,Fuel,Other Fossil,%,2.36
Brazil,2020-04-01,Electricity generation,Fuel,Solar,%,2.09
Brazil,2020-04-01,Electricity generation,Fuel,Wind,%,7.31
Brazil,2020-05-01,Electricity generation,Aggregate fuel,Clean,%,91.91
Brazil,2020-05-01,Electricity generation,Aggregate fuel,Fossil,%,8.1
Brazil,2020-05-01,Electricity generation,Aggregate fuel,Gas and Other Fossil,%,6.96
Brazil,2020-05-01,Electricity generation,Aggregate fuel,"Hydro, Bioenergy and Other Renewables",%,77.36
Brazil,2020-05-01,Electricity generation,Aggregate fuel,Renewables,%,88.39
Brazil,2020-05-01,Electricity generation,Aggregate fuel,Wind and Solar,%,11.03
Brazil,2020-05-01,Electricity generation,Fuel,Bioenergy,%,2.57
Brazil,2020-05-01,Electricity generation,Fuel,Coal,%,1.14
Brazil,2020-05-01,Electricity generation,Fuel,Gas,%,4.68
Brazil,2020-05-01,Electricity generation,Fuel,Hydro,%,74.79
Brazil,2020-05-01,Electricity generation,Fuel,Nuclear,%,3.52
Brazil,2020-05-01,Electricity generation,Fuel,Other Fossil,%,2.28
Brazil,2020-05-01,Electricity generation,Fuel,Solar,%,2.09
Brazil,2020-05-01,Electricity generation,Fuel,Wind,%,8.94
Brazil,2020-06-01,Electricity generation,Aggregate fuel,Clean,%,90.7
Brazil,2020-06-01,Electricity generation,Aggregate fuel,Fossil,%,9.29
Brazil,2020-06-01,Electricity generation,Aggregate fuel,Gas and Other Fossil,%,7.83
Brazil,2020-06-01,Electricity generation,Aggregate fuel,"Hydro, Bioenergy and Other Renewables",%,74.56
Brazil,2020-06-01,Electricity generation,Aggregate fuel,Renewables,%,88.22
Brazil,2020-06-01,Electricity generation,Aggregate fuel,Wind and Solar,%,13.66
Brazil,2020-06-01,Electricity generation,Fuel,Bioenergy,%,2.65
Brazil,2020-06-01,Electricity generation,Fuel,Coal,%,1.46
Brazil,2020-06-01,Electricity generation,Fuel,Gas,%,5.73
Brazil,2020-06-01,Electricity generation,Fuel,Hydro,%,71.91
Brazil,2020-06-01,Electricity generation,Fuel,Nuclear,%,2.48
Brazil,2020-06-01,Electricity generation,Fuel,Other Fossil,%,2.1
Brazil,2020-06-01,Electricity generation,Fuel,Solar,%,2.1
Brazil,2020-06-01,Electricity generation,Fuel,Wind,%,11.56
Brazil,2020-07-01,Electricity generation,Aggregate fuel,Clean,%,91.8
Brazil,2020-07-01,Electricity generation,Aggregate fuel,Fossil,%,8.19
Brazil,2020-07-01,Electricity generation,Aggregate fuel,Gas and Other Fossil,%,7.05
Brazil,2020-07-01,Electricity generation,Aggregate fuel,"Hydro, Bioenergy and Other Renewables",%,75.83
Brazil,2020-07-01,Electricity generation,Aggregate fuel,Renewables,%,90.75
Brazil,2020-07-01,Electricity generation,Aggregate fuel,Wind and Solar,%,14.92
Brazil,2020-07-01,Electricity generation,Fuel,Bioenergy,%,2.64
Brazil,2020-07-01,Electricity generation,Fuel,Coal,%,1.14
Brazil,2020-07-01,Electricity generation,Fuel,Gas,%,4.99
Brazil,2020-07-01,Electricity generation,Fuel,Hydro,%,73.19
Brazil,2020-07-01,Electricity generation,Fuel,Nuclear,%,1.05
Brazil,2020-07-01,Electricity generation,Fuel,Other Fossil,%,2.06
Brazil,2020-07-01,Electricity generation,Fuel,Solar,%,2.13
Brazil,2020-07-01,Electricity generation,Fuel,Wind,%,12.79
Brazil,2020-08-01,Electricity generation,Aggregate fuel,Clean,%,91.55
Brazil,2020-08-01,Electricity generation,Aggregate fuel,Fossil,%,8.44
Brazil,2020-08-01,Electricity generation,Aggregate fuel,Gas and Other Fossil,%,7.32
Brazil,2020-08-01,Electricity generation,Aggregate fuel,"Hydro, Bioenergy and Other Renewables",%,72.95
Brazil,2020-08-01,Electricity generation,Aggregate fuel,Renewables,%,89.64
Brazil,2020-08-01,Electricity generation,Aggregate fuel,Wind and Solar,%,16.69
Brazil,2020-08-01,Electricity generation,Fuel,Bioenergy,%,2.39
Brazil,2020-08-01,Electricity generation,Fuel,Coal,%,1.12
Brazil,2020-08-01,Electricity generation,Fuel,Gas,%,5.13
Brazil,2020-08-01,Electricity generation,Fuel,Hydro,%,70.56
Brazil,2020-08-01,Electricity generation,Fuel,Nuclear,%,1.91
Brazil,2020-08-01,Electricity generation,Fuel,Other Fossil,%,2.19
Brazil,2020-08-01,Electricity generation,Fuel,Solar,%,2.19
Brazil,2020-08-01,Electricity generation,Fuel,Wind,%,14.5
Brazil,2020-09-01,Electricity generation,Aggregate fuel,Clean,%,92.57
Brazil,2020-09-01,Electricity generation,Aggregate fuel,Fossil,%,7.42
Brazil,2020-09-01,Electricity generation,Aggregate fuel,Gas and Other Fossil,%,6.56
Brazil,2020-09-01,Electricity generation,Aggregate fuel,"Hydro, Bioenergy and Other Renewables",%,73.97
Brazil,2020-09-01,Electricity generation,Aggregate fuel,Renewables,%,89.75
Brazil,2020-09-01,Electricity generation,Aggregate fuel,Wind and Solar,%,15.78
Brazil,2020-09-01,Electricity generation,Fuel,Bioenergy,%,2.31
Brazil,2020-09-01,Electricity generation,Fuel,Coal,%,0.86
Brazil,2020-09-01,Electricity generation,Fuel,Gas,%,4.5
Brazil,2020-09-01,Electricity generation,Fuel,Hydro,%,71.66
Brazil,2020-09-01,Electricity generation,Fuel,Nuclear,%,2.82
Brazil,2020-09-01,Electricity generation,Fuel,Other Fossil,%,2.06
Brazil,2020-09-01,Electricity generation,Fuel,Solar,%,2.27
Brazil,2020-09-01,Electricity generation,Fuel,Wind,%,13.51
Brazil,2020-10-01,Electricity generation,Aggregate fuel,Clean,%,83.93
Brazil,2020-10-01,Electricity generation,Aggregate fuel,Fossil,%,16.06
Brazil,2020-10-01,Electricity generation,Aggregate fuel,Gas and Other Fossil,%,13.1
Brazil,2020-10-01,Electricity generation,Aggregate fuel,"Hydro, Bioenergy and Other Renewables",%,68.15
Brazil,2020-10-01,Electricity generation,Aggregate fuel,Renewables,%,81.18
Brazil,2020-10-01,Electricity generation,Aggregate fuel,Wind and Solar,%,13.03
Brazil,2020-10-01,Electricity generation,Fuel,Bioenergy,%,2.13
Brazil,2020-10-01,Electricity generation,Fuel,Coal,%,2.96
Brazil,2020-10-01,Electricity generation,Fuel,Gas,%,10.3
Brazil,2020-10-01,Electricity generation,Fuel,Hydro,%,66.02
Brazil,2020-10-01,Electricity generation,Fuel,Nuclear,%,2.75
Brazil,2020-10-01,Electricity generation,Fuel,Other Fossil,%,2.8
Brazil,2020-10-01,Electricity generation,Fuel,Solar,%,2.01
Brazil,2020-10-01,Electricity generation,Fuel,Wind,%,11.02
Brazil,2020-11-01,Electricity generation,Aggregate fuel,Clean,%,80.15
Brazil,2020-11-01,Electricity generation,Aggregate fuel,Fossil,%,19.84
Brazil,2020-11-01,Electricity generation,Aggregate fuel,Gas and Other Fossil,%,16.67
Brazil,2020-11-01,Electricity generation,Aggregate fuel,"Hydro, Bioenergy and Other Renewables",%,64.76
Brazil,2020-11-01,Electricity generation,Aggregate fuel,Renewables,%,77.28
Brazil,2020-11-01,Electricity generation,Aggregate fuel,Wind and Solar,%,12.52
Brazil,2020-11-01,Electricity generation,Fuel,Bioenergy,%,1.93
Brazil,2020-11-01,Electricity generation,Fuel,Coal,%,3.17
Brazil,2020-11-01,Electricity generation,Fuel,Gas,%,12.9
Brazil,2020-11-01,Electricity generation,Fuel,Hydro,%,62.83
Brazil,2020-11-01,Electricity generation,Fuel,Nuclear,%,2.87
Brazil,2020-11-01,Electricity generation,Fuel,Other Fossil,%,3.77
Brazil,2020-11-01,Electricity generation,Fuel,Solar,%,1.89
Brazil,2020-11-01,Electricity generation,Fuel,Wind,%,10.63
Brazil,2020-12-01,Electricity generation,Aggregate fuel,Clean,%,81.45
Brazil,2020-12-01,Electricity generation,Aggregate fuel,Fossil,%,18.54
Brazil,2020-12-01,Electricity generation,Aggregate fuel,Gas and Other Fossil,%,14.98
Brazil,2020-12-01,Electricity generation,Aggregate fuel,"Hydro, Bioenergy and Other Renewables",%,66.05
Brazil,2020-12-01,Electricity generation,Aggregate fuel,Renewables,%,78.69
Brazil,2020-12-01,Electricity generation,Aggregate fuel,Wind and Solar,%,12.64
Brazil,2020-12-01,Electricity generation,Fuel,Bioenergy,%,1.02
Brazil,2020-12-01,Electricity generation,Fuel,Coal,%,3.56
Brazil,2020-12-01,Electricity generation,Fuel,Gas,%,12.06
Brazil,2020-12-01,Electricity generation,Fuel,Hydro,%,65.03
Brazil,2020-12-01,Electricity generation,Fuel,Nuclear,%,2.76
Brazil,2020-12-01,Electricity generation,Fuel,Other Fossil,%,2.92
Brazil,2020-12-01,Electricity generation,Fuel,Solar,%,1.82
Brazil,2020-12-01,Electricity generation,Fuel,Wind,%,10.82
Brazil,2021-01-01,Electricity generation,Aggregate fuel,Clean,%,81.76
Brazil,2021-01-01,Electricity generation,Aggregate fuel,Fossil,%,18.24
Brazil,2021-01-01,Electricity generation,Aggregate fuel,Gas and Other Fossil,%,15.15
Brazil,2021-01-01,Electricity generation,Aggregate fuel,"Hydro, Bioenergy and Other Renewables",%,66.89
Brazil,2021-01-01,Electricity generation,Aggregate fuel,Renewables,%,79.09
Brazil,2021-01-01,Electricity generation,Aggregate fuel,Wind and Solar,%,12.2
Brazil,2021-01-01,Electricity generation,Fuel,Bioenergy,%,0.56
Brazil,2021-01-01,Electricity generation,Fuel,Coal,%,3.09
Brazil,2021-01-01,Electricity generation,Fuel,Gas,%,11.34
Brazil,2021-01-01,Electricity generation,Fuel,Hydro,%,66.33
Brazil,2021-01-01,Electricity generation,Fuel,Nuclear,%,2.67
Brazil,2021-01-01,Electricity generation,Fuel,Other Fossil,%,3.81
Brazil,2021-01-01,Electricity generation,Fuel,Solar,%,1.85
Brazil,2021-01-01,Electricity generation,Fuel,Wind,%,10.35
Brazil,2021-02-01,Electricity generation,Aggregate fuel,Clean,%,86.48
Brazil,2021-02-01,Electricity generation,Aggregate fuel,Fossil,%,13.51
Brazil,2021-02-01,Electricity generation,Aggregate fuel,Gas and Other Fossil,%,10.83
Brazil,2021-02-01,Electricity generation,Aggregate fuel,"Hydro, Bioenergy and Other Renewables",%,74.84
Brazil,2021-02-01,Electricity generation,Aggregate fuel,Renewables,%,83.84
Brazil,2021-02-01,Electricity generation,Aggregate fuel,Wind and Solar,%,9.0
Brazil,2021-02-01,Electricity generation,Fuel,Bioenergy,%,0.51
Brazil,2021-02-01,Electricity generation,Fuel,Coal,%,2.68
Brazil,2021-02-01,Electricity generation,Fuel,Gas,%,8.17
Brazil,2021-02-01,Electricity generation,Fuel,Hydro,%,74.33
Brazil,2021-02-01,Electricity generation,Fuel,Nuclear,%,2.64
Brazil,2021-02-01,Electricity generation,Fuel,Other Fossil,%,2.66
Brazil,2021-02-01,Electricity generation,Fuel,Solar,%,1.64
Brazil,2021-02-01,Electricity generation,Fuel,Wind,%,7.36
Brazil,2021-03-01,Electricity generation,Aggregate fuel,Clean,%,87.92
Brazil,2021-03-01,Electricity generation,Aggregate fuel,Fossil,%,12.07
Brazil,2021-03-01,Electricity generation,Aggregate fuel,Gas and Other Fossil,%,10.63
Brazil,2021-03-01,Electricity generation,Aggregate fuel,"Hydro, Bioenergy and Other Renewables",%,75.77
Brazil,2021-03-01,Electricity generation,Aggregate fuel,Renewables,%,85.4
Brazil,2021-03-01,Electricity generation,Aggregate fuel,Wind and Solar,%,9.63
Brazil,2021-03-01,Electricity generation,Fuel,Bioenergy,%,0.44
Brazil,2021-03-01,Electricity generation,Fuel,Coal,%,1.44
Brazil,2021-03-01,Electricity generation,Fuel,Gas,%,8.71
Brazil,2021-03-01,Electricity generation,Fuel,Hydro,%,75.33
Brazil,2021-03-01,Electricity generation,Fuel,Nuclear,%,2.52
Brazil,2021-03-01,Electricity generation,Fuel,Other Fossil,%,1.92
Brazil,2021-03-01,Electricity generation,Fuel,Solar,%,2.21
Brazil,2021-03-01,Electricity generation,Fuel,Wind,%,7.42
Brazil,2021-04-01,Electricity generation,Aggregate fuel,Clean,%,86.45
Brazil,2021-04-01,Electricity generation,Aggregate fuel,Fossil,%,13.54
Brazil,2021-04-01,Electricity generation,Aggregate fuel,Gas and Other Fossil,%,12.05
Brazil,2021-04-01,Electricity generation,Aggregate fuel,"Hydro, Bioenergy and Other Renewables",%,72.65
Brazil,2021-04-01,Electricity generation,Aggregate fuel,Renewables,%,84.21
Brazil,2021-04-01,Electricity generation,Aggregate fuel,Wind and Solar,%,11.56
Brazil,2021-04-01,Electricity generation,Fuel,Bioenergy,%,1.35
Brazil,2021-04-01,Electricity generation,Fuel,Coal,%,1.49
Brazil,2021-04-01,Electricity generation,Fuel,Gas,%,9.89
Brazil,2021-04-01,Electricity generation,Fuel,Hydro,%,71.3
Brazil,2021-04-01,Electricity generation,Fuel,Nuclear,%,2.24
Brazil,2021-04-01,Electricity generation,Fuel,Other Fossil,%,2.16
Brazil,2021-04-01,Electricity generation,Fuel,Solar,%,2.46
Brazil,2021-04-01,Electricity generation,Fuel,Wind,%,9.1
Brazil,2021-05-01,Electricity generation,Aggregate fuel,Clean,%,84.17
Brazil,2021-05-01,Electricity generation,Aggregate fuel,Fossil,%,15.83
Brazil,2021-05-01,Electricity generation,Aggregate fuel,Gas and Other Fossil,%,13.72
Brazil,2021-05-01,Electricity generation,Aggregate fuel,"Hydro, Bioenergy and Other Renewables",%,68.84
Brazil,2021-05-01,Electricity generation,Aggregate fuel,Renewables,%,82.02
Brazil,2021-05-01,Electricity generation,Aggregate fuel,Wind and Solar,%,13.18
Brazil,2021-05-01,Electricity generation,Fuel,Bioenergy,%,1.89
Brazil,2021-05-01,Electricity generation,Fuel,Coal,%,2.11
Brazil,2021-05-01,Electricity generation,Fuel,Gas,%,11.63
Brazil,2021-05-01,Electricity generation,Fuel,Hydro,%,66.95
Brazil,2021-05-01,Electricity generation,Fuel,Nuclear,%,2.15
Brazil,2021-05-01,Electricity generation,Fuel,Other Fossil,%,2.09
Brazil,2021-05-01,Electricity generation,Fuel,Solar,%,2.65
Brazil,2021-05-01,Electricity generation,Fuel,Wind,%,10.53
Brazil,2021-06-01,Electricity generation,Aggregate fuel,Clean,%,76.6
Brazil,2021-06-01,Electricity generation,Aggregate fuel,Fossil,%,23.4
Brazil,2021-06-01,Electricity generation,Aggregate fuel,Gas and Other Fossil,%,20.1
Brazil,2021-06-01,Electricity generation,Aggregate fuel,"Hydro, Bioenergy and Other Renewables",%,60.31
Brazil,2021-06-01,Electricity generation,Aggregate fuel,Renewables,%,75.39
Brazil,2021-06-01,Electricity generation,Aggregate fuel,Wind and Solar,%,15.08
Brazil,2021-06-01,Electricity generation,Fuel,Bioenergy,%,2.17
Brazil,2021-06-01,Electricity generation,Fuel,Coal,%,3.3
Brazil,2021-06-01,Electricity generation,Fuel,Gas,%,15.37
Brazil,2021-06-01,Electricity generation,Fuel,Hydro,%,58.14
Brazil,2021-06-01,Electricity generation,Fuel,Nuclear,%,1.21
Brazil,2021-06-01,Electricity generation,Fuel,Other Fossil,%,4.73
Brazil,2021-06-01,Electricity generation,Fuel,Solar,%,2.89
Brazil,2021-06-01,Electricity generation,Fuel,Wind,%,12.19
Brazil,2021-07-01,Electricity generation,Aggregate fuel,Clean,%,74.56
Brazil,2021-07-01,Electricity generation,Aggregate fuel,Fossil,%,25.44
Brazil,2021-07-01,Electricity generation,Aggregate fuel,Gas and Other Fossil,%,22.26
Brazil,2021-07-01,Electricity generation,Aggregate fuel,"Hydro, Bioenergy and Other Renewables",%,55.13
Brazil,2021-07-01,Electricity generation,Aggregate fuel,Renewables,%,72.94
Brazil,2021-07-01,Electricity generation,Aggregate fuel,Wind and Solar,%,17.81
Brazil,2021-07-01,Electricity generation,Fuel,Bioenergy,%,2.46
Brazil,2021-07-01,Electricity generation,Fuel,Coal,%,3.18
Brazil,2021-07-01,Electricity generation,Fuel,Gas,%,17.83
Brazil,2021-07-01,Electricity generation,Fuel,Hydro,%,52.67
Brazil,2021-07-01,Electricity generation,Fuel,Nuclear,%,1.62
Brazil,2021-07-01,Electricity generation,Fuel,Other Fossil,%,4.43
Brazil,2021-07-01,Electricity generation,Fuel,Solar,%,3.0
Brazil,2021-07-01,Electricity generation,Fuel,Wind,%,14.81
Brazil,2021-08-01,Electricity generation,Aggregate fuel,Clean,%,73.81
Brazil,2021-08-01,Electricity generation,Aggregate fuel,Fossil,%,26.19
Brazil,2021-08-01,Electricity generation,Aggregate fuel,Gas and Other Fossil,%,22.56
Brazil,2021-08-01,Electricity generation,Aggregate fuel,"Hydro, Bioenergy and Other Renewables",%,51.3
Brazil,2021-08-01,Electricity generation,Aggregate fuel,Renewables,%,70.83
Brazil,2021-08-01,Electricity generation,Aggregate fuel,Wind and Solar,%,19.53
Brazil,2021-08-01,Electricity generation,Fuel,Bioenergy,%,2.36
Brazil,2021-08-01,Electricity generation,Fuel,Coal,%,3.63
Brazil,2021-08-01,Electricity generation,Fuel,Gas,%,17.59
Brazil,2021-08-01,Electricity generation,Fuel,Hydro,%,48.94
Brazil,2021-08-01,Electricity generation,Fuel,Nuclear,%,2.98
Brazil,2021-08-01,Electricity generation,Fuel,Other Fossil,%,4.97
Brazil,2021-08-01,Electricity generation,Fuel,Solar,%,3.1
Brazil,2021-08-01,Electricity generation,Fuel,Wind,%,16.43
Brazil,2021-09-01,Electricity generation,Aggregate fuel,Clean,%,75.16
Brazil,2021-09-01,Electricity generation,Aggregate fuel,Fossil,%,24.85
Brazil,2021-09-01,Electricity generation,Aggregate fuel,Gas and Other Fossil,%,21.5
Brazil,2021-09-01,Electricity generation,Aggregate fuel,"Hydro, Bioenergy and Other Renewables",%,52.86
Brazil,2021-09-01,Electricity generation,Aggregate fuel,Renewables,%,72.27
Brazil,2021-09-01,Electricity generation,Aggregate fuel,Wind and Solar,%,19.41
Brazil,2021-09-01,Electricity generation,Fuel,Bioenergy,%,2.23
Brazil,2021-09-01,Electricity generation,Fuel,Coal,%,3.35
Brazil,2021-09-01,Electricity generation,Fuel,Gas,%,16.58
Brazil,2021-09-01,Electricity generation,Fuel,Hydro,%,50.63
Brazil,2021-09-01,Electricity generation,Fuel,Nuclear,%,2.89
Brazil,2021-09-01,Electricity generation,Fuel,Other Fossil,%,4.92
Brazil,2021-09-01,Electricity generation,Fuel,Solar,%,3.63
Brazil,2021-09-01,Electricity generation,Fuel,Wind,%,15.78
Brazil,2021-10-01,Electricity generation,Aggregate fuel,Clean,%,73.37
Brazil,2021-10-01,Electricity generation,Aggregate fuel,Fossil,%,26.63
Brazil,2021-10-01,Electricity generation,Aggregate fuel,Gas and Other Fossil,%,23.18
Brazil,2021-10-01,Electricity generation,Aggregate fuel,"Hydro, Bioenergy and Other Renewables",%,52.46
Brazil,2021-10-01,Electricity generation,Aggregate fuel,Renewables,%,70.56
Brazil,2021-10-01,Electricity generation,Aggregate fuel,Wind and Solar,%,18.1
Brazil,2021-10-01,Electricity generation,Fuel,Bioenergy,%,0.74
Brazil,2021-10-01,Electricity generation,Fuel,Coal,%,3.45
Brazil,2021-10-01,Electricity generation,Fuel,Gas,%,18.42
Brazil,2021-10-01,Electricity generation,Fuel,Hydro,%,51.72
Brazil,2021-10-01,Electricity generation,Fuel,Nuclear,%,2.81
Brazil,2021-10-01,Electricity generation,Fuel,Other Fossil,%,4.76
Brazil,2021-10-01,Electricity generation,Fuel,Solar,%,3.57
Brazil,2021-10-01,Electricity generation,Fuel,Wind,%,14.53
Brazil,2021-11-01,Electricity generation,Aggregate fuel,Clean,%,77.11
Brazil,2021-11-01,Electricity generation,Aggregate fuel,Fossil,%,22.9
Brazil,2021-11-01,Electricity generation,Aggregate fuel,Gas and Other Fossil,%,19.89
Brazil,2021-11-01,Electricity generation,Aggregate fuel,"Hydro, Bioenergy and Other Renewables",%,59.6
Brazil,2021-11-01,Electricity generation,Aggregate fuel,Renewables,%,74.51
Brazil,2021-11-01,Electricity generation,Aggregate fuel,Wind and Solar,%,14.91
Brazil,2021-11-01,Electricity generation,Fuel,Bioenergy,%,1.2
Brazil,2021-11-01,Electricity generation,Fuel,Coal,%,3.01
Brazil,2021-11-01,Electricity generation,Fuel,Gas,%,15.74
Brazil,2021-11-01,Electricity generation,Fuel,Hydro,%,58.4
Brazil,2021-11-01,Electricity generation,Fuel,Nuclear,%,2.6
Brazil,2021-11-01,Electricity generation,Fuel,Other Fossil,%,4.15
Brazil,2021-11-01,Electricity generation,Fuel,Solar,%,3.27
Brazil,2021-11-01,Electricity generation,Fuel,Wind,%,11.64
Brazil,2021-12-01,Electricity generation,Aggregate fuel,Clean,%,83.22
Brazil,2021-12-01,Electricity generation,Aggregate fuel,Fossil,%,16.78
Brazil,2021-12-01,Electricity generation,Aggregate fuel,Gas and Other Fossil,%,14.59
Brazil,2021-12-01,Electricity generation,Aggregate fuel,"Hydro, Bioenergy and Other Renewables",%,65.94
Brazil,2021-12-01,Electricity generation,Aggregate fuel,Renewables,%,80.41
Brazil,2021-12-01,Electricity generation,Aggregate fuel,Wind and Solar,%,14.47
Brazil,2021-12-01,Electricity generation,Fuel,Bioenergy,%,0.49
Brazil,2021-12-01,Electricity generation,Fuel,Coal,%,2.19
Brazil,2021-12-01,Electricity generation,Fuel,Gas,%,12.15
Brazil,2021-12-01,Electricity generation,Fuel,Hydro,%,65.45
Brazil,2021-12-01,Electricity generation,Fuel,Nuclear,%,2.81
Brazil,2021-12-01,Electricity generation,Fuel,Other Fossil,%,2.44
Brazil,2021-12-01,Electricity generation,Fuel,Solar,%,3.06
Brazil,2021-12-01,Electricity generation,Fuel,Wind,%,11.41
Brazil,2022-01-01,Electricity generation,Aggregate fuel,Clean,%,86.99
Brazil,2022-01-01,Electricity generation,Aggregate fuel,Fossil,%,13.01
Brazil,2022-01-01,Electricity generation,Aggregate fuel,Gas and Other Fossil,%,11.73
Brazil,2022-01-01,Electricity generation,Aggregate fuel,"Hydro, Bioenergy and Other Renewables",%,72.1
Brazil,2022-01-01,Electricity generation,Aggregate fuel,Renewables,%,84.28
Brazil,2022-01-01,Electricity generation,Aggregate fuel,Wind and Solar,%,12.18
Brazil,2022-01-01,Electricity generation,Fuel,Bioenergy,%,0.35
Brazil,2022-01-01,Electricity generation,Fuel,Coal,%,1.28
Brazil,2022-01-01,Electricity generation,Fuel,Gas,%,9.61
Brazil,2022-01-01,Electricity generation,Fuel,Hydro,%,71.75
Brazil,2022-01-01,Electricity generation,Fuel,Nuclear,%,2.71
Brazil,2022-01-01,Electricity generation,Fuel,Other Fossil,%,2.12
Brazil,2022-01-01,Electricity generation,Fuel,Solar,%,3.68
Brazil,2022-01-01,Electricity generation,Fuel,Wind,%,8.5
Brazil,2022-02-01,Electricity generation,Aggregate fuel,Clean,%,90.83
Brazil,2022-02-01,Electricity generation,Aggregate fuel,Fossil,%,9.16
Brazil,2022-02-01,Electricity generation,Aggregate fuel,Gas and Other Fossil,%,8.14
Brazil,2022-02-01,Electricity generation,Aggregate fuel,"Hydro, Bioenergy and Other Renewables",%,75.56
Brazil,2022-02-01,Electricity generation,Aggregate fuel,Renewables,%,88.33
Brazil,2022-02-01,Electricity generation,Aggregate fuel,Wind and Solar,%,12.77
Brazil,2022-02-01,Electricity generation,Fuel,Bioenergy,%,0.35
Brazil,2022-02-01,Electricity generation,Fuel,Coal,%,1.02
Brazil,2022-02-01,Electricity generation,Fuel,Gas,%,6.39
Brazil,2022-02-01,Electricity generation,Fuel,Hydro,%,75.21
Brazil,2022-02-01,Electricity generation,Fuel,Nuclear,%,2.5
Brazil,2022-02-01,Electricity generation,Fuel,Other Fossil,%,1.75
Brazil,2022-02-01,Electricity generation,Fuel,Solar,%,3.84
Brazil,2022-02-01,Electricity generation,Fuel,Wind,%,8.93
Brazil,2022-03-01,Electricity generation,Aggregate fuel,Clean,%,92.61
Brazil,2022-03-01,Electricity generation,Aggregate fuel,Fossil,%,7.38
Brazil,2022-03-01,Electricity generation,Aggregate fuel,Gas and Other Fossil,%,6.34
Brazil,2022-03-01,Electricity generation,Aggregate fuel,"Hydro, Bioenergy and Other Renewables",%,76.57
Brazil,2022-03-01,Electricity generation,Aggregate fuel,Renewables,%,90.0
Brazil,2022-03-01,Electricity generation,Aggregate fuel,Wind and Solar,%,13.43
Brazil,2022-03-01,Electricity generation,Fuel,Bioenergy,%,0.37
Brazil,2022-03-01,Electricity generation,Fuel,Coal,%,1.04
Brazil,2022-03-01,Electricity generation,Fuel,Gas,%,4.73
Brazil,2022-03-01,Electricity generation,Fuel,Hydro,%,76.2
Brazil,2022-03-01,Electricity generation,Fuel,Nuclear,%,2.61
Brazil,2022-03-01,Electricity generation,Fuel,Other Fossil,%,1.61
Brazil,2022-03-01,Electricity generation,Fuel,Solar,%,4.01
Brazil,2022-03-01,Electricity generation,Fuel,Wind,%,9.42
Brazil,2022-04-01,Electricity generation,Aggregate fuel,Clean,%,94.69
Brazil,2022-04-01,Electricity generation,Aggregate fuel,Fossil,%,5.32
Brazil,2022-04-01,Electricity generation,Aggregate fuel,Gas and Other Fossil,%,4.83
Brazil,2022-04-01,Electricity generation,Aggregate fuel,"Hydro, Bioenergy and Other Renewables",%,77.83
Brazil,2022-04-01,Electricity generation,Aggregate fuel,Renewables,%,91.87
Brazil,2022-04-01,Electricity generation,Aggregate fuel,Wind and Solar,%,14.04
Brazil,2022-04-01,Electricity generation,Fuel,Bioenergy,%,0.98
Brazil,2022-04-01,Electricity generation,Fuel,Coal,%,0.49
Brazil,2022-04-01,Electricity generation,Fuel,Gas,%,3.36
Brazil,2022-04-01,Electricity generation,Fuel,Hydro,%,76.85
Brazil,2022-04-01,Electricity generation,Fuel,Nuclear,%,2.82
Brazil,2022-04-01,Electricity generation,Fuel,Other Fossil,%,1.47
Brazil,2022-04-01,Electricity generation,Fuel,Solar,%,4.32
Brazil,2022-04-01,Electricity generation,Fuel,Wind,%,9.72
Brazil,2022-05-01,Electricity generation,Aggregate fuel,Clean,%,92.53
Brazil,2022-05-01,Electricity generation,Aggregate fuel,Fossil,%,7.48
Brazil,2022-05-01,Electricity generation,Aggregate fuel,Gas and Other Fossil,%,6.51
Brazil,2022-05-01,Electricity generation,Aggregate fuel,"Hydro, Bioenergy and Other Renewables",%,74.14
Brazil,2022-05-01,Electricity generation,Aggregate fuel,Renewables,%,89.73
Brazil,2022-05-01,Electricity generation,Aggregate fuel,Wind and Solar,%,15.59
Brazil,2022-05-01,Electricity generation,Fuel,Bioenergy,%,1.82
Brazil,2022-05-01,Electricity generation,Fuel,Coal,%,0.97
Brazil,2022-05-01,Electricity generation,Fuel,Gas,%,5.09
Brazil,2022-05-01,Electricity generation,Fuel,Hydro,%,72.32
Brazil,2022-05-01,Electricity generation,Fuel,Nuclear,%,2.8
Brazil,2022-05-01,Electricity generation,Fuel,Other Fossil,%,1.42
Brazil,2022-05-01,Electricity generation,Fuel,Solar,%,4.29
Brazil,2022-05-01,Electricity generation,Fuel,Wind,%,11.3
Brazil,2022-06-01,Electricity generation,Aggregate fuel,Clean,%,89.89
Brazil,2022-06-01,Electricity generation,Aggregate fuel,Fossil,%,10.11
Brazil,2022-06-01,Electricity generation,Aggregate fuel,Gas and Other Fossil,%,8.73
Brazil,2022-06-01,Electricity generation,Aggregate fuel,"Hydro, Bioenergy and Other Renewables",%,72.26
Brazil,2022-06-01,Electricity generation,Aggregate fuel,Renewables,%,88.38
Brazil,2022-06-01,Electricity generation,Aggregate fuel,Wind and Solar,%,16.12
Brazil,2022-06-01,Electricity generation,Fuel,Bioenergy,%,1.99
Brazil,2022-06-01,Electricity generation,Fuel,Coal,%,1.38
Brazil,2022-06-01,Electricity generation,Fuel,Gas,%,7.2
Brazil,2022-06-01,Electricity generation,Fuel,Hydro,%,70.27
Brazil,2022-06-01,Electricity generation,Fuel,Nuclear,%,1.51
Brazil,2022-06-01,Electricity generation,Fuel,Other Fossil,%,1.53
Brazil,2022-06-01,Electricity generation,Fuel,Solar,%,4.38
Brazil,2022-06-01,Electricity generation,Fuel,Wind,%,11.74
Brazil,2022-07-01,Electricity generation,Aggregate fuel,Clean,%,90.52
Brazil,2022-07-01,Electricity generation,Aggregate fuel,Fossil,%,9.47
Brazil,2022-07-01,Electricity generation,Aggregate fuel,Gas and Other Fossil,%,8.07
Brazil,2022-07-01,Electricity generation,Aggregate fuel,"Hydro, Bioenergy and Other Renewables",%,68.45
Brazil,2022-07-01,Electricity generation,Aggregate fuel,Renewables,%,89.27
Brazil,2022-07-01,Electricity generation,Aggregate fuel,Wind and Solar,%,20.82
Brazil,2022-07-01,Electricity generation,Fuel,Bioenergy,%,2.24
Brazil,2022-07-01,Electricity generation,Fuel,Coal,%,1.4
Brazil,2022-07-01,Electricity generation,Fuel,Gas,%,6.65
Brazil,2022-07-01,Electricity generation,Fuel,Hydro,%,66.21
Brazil,2022-07-01,Electricity generation,Fuel,Nuclear,%,1.25
Brazil,2022-07-01,Electricity generation,Fuel,Other Fossil,%,1.42
Brazil,2022-07-01,Electricity generation,Fuel,Solar,%,4.9
Brazil,2022-07-01,Electricity generation,Fuel,Wind,%,15.92
Brazil,2022-08-01,Electricity generation,Aggregate fuel,Clean,%,90.4
Brazil,2022-08-01,Electricity generation,Aggregate fuel,Fossil,%,9.6
Brazil,2022-08-01,Electricity generation,Aggregate fuel,Gas and Other Fossil,%,8.15
Brazil,2022-08-01,Electricity generation,Aggregate fuel,"Hydro, Bioenergy and Other Renewables",%,65.0
Brazil,2022-08-01,Electricity generation,Aggregate fuel,Renewables,%,88.12
Brazil,2022-08-01,Electricity generation,Aggregate fuel,Wind and Solar,%,23.12
Brazil,2022-08-01,Electricity generation,Fuel,Bioenergy,%,2.03
Brazil,2022-08-01,Electricity generation,Fuel,Coal,%,1.45
Brazil,2022-08-01,Electricity generation,Fuel,Gas,%,6.74
Brazil,2022-08-01,Electricity generation,Fuel,Hydro,%,62.97
Brazil,2022-08-01,Electricity generation,Fuel,Nuclear,%,2.28
Brazil,2022-08-01,Electricity generation,Fuel,Other Fossil,%,1.41
Brazil,2022-08-01,Electricity generation,Fuel,Solar,%,5.45
Brazil,2022-08-01,Electricity generation,Fuel,Wind,%,17.67
Brazil,2022-09-01,Electricity generation,Aggregate fuel,Clean,%,90.31
Brazil,2022-09-01,Electricity generation,Aggregate fuel,Fossil,%,9.69
Brazil,2022-09-01,Electricity generation,Aggregate fuel,Gas and Other Fossil,%,8.29
Brazil,2022-09-01,Electricity generation,Aggregate fuel,"Hydro, Bioenergy and Other Renewables",%,64.37
Brazil,2022-09-01,Electricity generation,Aggregate fuel,Renewables,%,88.15
Brazil,2022-09-01,Electricity generation,Aggregate fuel,Wind and Solar,%,23.78
Brazil,2022-09-01,Electricity generation,Fuel,Bioenergy,%,1.89
Brazil,2022-09-01,Electricity generation,Fuel,Coal,%,1.4
Brazil,2022-09-01,Electricity generation,Fuel,Gas,%,6.83
Brazil,2022-09-01,Electricity generation,Fuel,Hydro,%,62.48
Brazil,2022-09-01,Electricity generation,Fuel,Nuclear,%,2.16
Brazil,2022-09-01,Electricity generation,Fuel,Other Fossil,%,1.46
Brazil,2022-09-01,Electricity generation,Fuel,Solar,%,5.94
Brazil,2022-09-01,Electricity generation,Fuel,Wind,%,17.84
Brazil,2022-10-01,Electricity generation,Aggregate fuel,Clean,%,91.0
Brazil,2022-10-01,Electricity generation,Aggregate fuel,Fossil,%,9.01
Brazil,2022-10-01,Electricity generation,Aggregate fuel,Gas and Other Fossil,%,7.73
Brazil,2022-10-01,Electricity generation,Aggregate fuel,"Hydro, Bioenergy and Other Renewables",%,64.02
Brazil,2022-10-01,Electricity generation,Aggregate fuel,Renewables,%,88.19
Brazil,2022-10-01,Electricity generation,Aggregate fuel,Wind and Solar,%,24.17
Brazil,2022-10-01,Electricity generation,Fuel,Bioenergy,%,1.54
Brazil,2022-10-01,Electricity generation,Fuel,Coal,%,1.28
Brazil,2022-10-01,Electricity generation,Fuel,Gas,%,6.35
Brazil,2022-10-01,Electricity generation,Fuel,Hydro,%,62.48
Brazil,2022-10-01,Electricity generation,Fuel,Nuclear,%,2.81
Brazil,2022-10-01,Electricity generation,Fuel,Other Fossil,%,1.38
Brazil,2022-10-01,Electricity generation,Fuel,Solar,%,6.18
Brazil,2022-10-01,Electricity generation,Fuel,Wind,%,17.99
Brazil,2022-11-01,Electricity generation,Aggregate fuel,Clean,%,91.36
Brazil,2022-11-01,Electricity generation,Aggregate fuel,Fossil,%,8.63
Brazil,2022-11-01,Electricity generation,Aggregate fuel,Gas and Other Fossil,%,7.46
Brazil,2022-11-01,Electricity generation,Aggregate fuel,"Hydro, Bioenergy and Other Renewables",%,72.39
Brazil,2022-11-01,Electricity generation,Aggregate fuel,Renewables,%,89.75
Brazil,2022-11-01,Electricity generation,Aggregate fuel,Wind and Solar,%,17.36
Brazil,2022-11-01,Electricity generation,Fuel,Bioenergy,%,1.31
Brazil,2022-11-01,Electricity generation,Fuel,Coal,%,1.17
Brazil,2022-11-01,Electricity generation,Fuel,Gas,%,6.23
Brazil,2022-11-01,Electricity generation,Fuel,Hydro,%,71.08
Brazil,2022-11-01,Electricity generation,Fuel,Nuclear,%,1.61
Brazil,2022-11-01,Electricity generation,Fuel,Other Fossil,%,1.23
Brazil,2022-11-01,Electricity generation,Fuel,Solar,%,5.38
Brazil,2022-11-01,Electricity generation,Fuel,Wind,%,11.98
Brazil,2022-12-01,Electricity generation,Aggregate fuel,Clean,%,92.98
Brazil,2022-12-01,Electricity generation,Aggregate fuel,Fossil,%,7.01
Brazil,2022-12-01,Electricity generation,Aggregate fuel,Gas and Other Fossil,%,6.62
Brazil,2022-12-01,Electricity generation,Aggregate fuel,"Hydro, Bioenergy and Other Renewables",%,72.66
Brazil,2022-12-01,Electricity generation,Aggregate fuel,Renewables,%,90.24
Brazil,2022-12-01,Electricity generation,Aggregate fuel,Wind and Solar,%,17.58
Brazil,2022-12-01,Electricity generation,Fuel,Bioenergy,%,0.58
Brazil,2022-12-01,Electricity generation,Fuel,Coal,%,0.39
Brazil,2022-12-01,Electricity generation,Fuel,Gas,%,5.28
Brazil,2022-12-01,Electricity generation,Fuel,Hydro,%,72.08
Brazil,2022-12-01,Electricity generation,Fuel,Nuclear,%,2.74
Brazil,2022-12-01,Electricity generation,Fuel,Other Fossil,%,1.34
Brazil,2022-12-01,Electricity generation,Fuel,Solar,%,5.52
Brazil,2022-12-01,Electricity generation,Fuel,Wind,%,12.06
Brazil,2023-01-01,Electricity generation,Aggregate fuel,Clean,%,94.22
Brazil,2023-01-01,Electricity generation,Aggregate fuel,Fossil,%,5.77
Brazil,2023-01-01,Electricity generation,Aggregate fuel,Gas and Other Fossil,%,5.07
Brazil,2023-01-01,Electricity generation,Aggregate fuel,"Hydro, Bioenergy and Other Renewables",%,74.19
Brazil,2023-01-01,Electricity generation,Aggregate fuel,Renewables,%,91.53
Brazil,2023-01-01,Electricity generation,Aggregate fuel,Wind and Solar,%,17.34
Brazil,2023-01-01,Electricity generation,Fuel,Bioenergy,%,0.42
Brazil,2023-01-01,Electricity generation,Fuel,Coal,%,0.7
Brazil,2023-01-01,Electricity generation,Fuel,Gas,%,3.79
Brazil,2023-01-01,Electricity generation,Fuel,Hydro,%,73.77
Brazil,2023-01-01,Electricity generation,Fuel,Nuclear,%,2.69
Brazil,2023-01-01,Electricity generation,Fuel,Other Fossil,%,1.28
Brazil,2023-01-01,Electricity generation,Fuel,Solar,%,5.8
Brazil,2023-01-01,Electricity generation,Fuel,Wind,%,11.54
Brazil,2023-02-01,Electricity generation,Aggregate fuel,Clean,%,95.23
Brazil,2023-02-01,Electricity generation,Aggregate fuel,Fossil,%,4.77
Brazil,2023-02-01,Electricity generation,Aggregate fuel,Gas and Other Fossil,%,4.1
Brazil,2023-02-01,Electricity generation,Aggregate fuel,"Hydro, Bioenergy and Other Renewables",%,74.31
Brazil,2023-02-01,Electricity generation,Aggregate fuel,Renewables,%,93.02
Brazil,2023-02-01,Electricity generation,Aggregate fuel,Wind and Solar,%,18.71
Brazil,2023-02-01,Electricity generation,Fuel,Bioenergy,%,0.34
Brazil,2023-02-01,Electricity generation,Fuel,Coal,%,0.67
Brazil,2023-02-01,Electricity generation,Fuel,Gas,%,2.9
Brazil,2023-02-01,Electricity generation,Fuel,Hydro,%,73.97
Brazil,2023-02-01,Electricity generation,Fuel,Nuclear,%,2.21
Brazil,2023-02-01,Electricity generation,Fuel,Other Fossil,%,1.2
Brazil,2023-02-01,Electricity generation,Fuel,Solar,%,6.2
Brazil,2023-02-01,Electricity generation,Fuel,Wind,%,12.51
Brazil,2023-03-01,Electricity generation,Aggregate fuel,Clean,%,94.98
Brazil,2023-03-01,Electricity generation,Aggregate fuel,Fossil,%,5.03
Brazil,2023-03-01,Electricity generation,Aggregate fuel,Gas and Other Fossil,%,3.89
Brazil,2023-03-01,Electricity generation,Aggregate fuel,"Hydro, Bioenergy and Other Renewables",%,76.71
Brazil,2023-03-01,Electricity generation,Aggregate fuel,Renewables,%,92.81
Brazil,2023-03-01,Electricity generation,Aggregate fuel,Wind and Solar,%,16.1
Brazil,2023-03-01,Electricity generation,Fuel,Bioenergy,%,0.42
Brazil,2023-03-01,Electricity generation,Fuel,Coal,%,1.14
Brazil,2023-03-01,Electricity generation,Fuel,Gas,%,2.87
Brazil,2023-03-01,Electricity generation,Fuel,Hydro,%,76.29
Brazil,2023-03-01,Electricity generation,Fuel,Nuclear,%,2.17
Brazil,2023-03-01,Electricity generation,Fuel,Other Fossil,%,1.02
Brazil,2023-03-01,Electricity generation,Fuel,Solar,%,5.72
Brazil,2023-03-01,Electricity generation,Fuel,Wind,%,10.38
Brazil,2023-04-01,Electricity generation,Aggregate fuel,Clean,%,93.22
Brazil,2023-04-01,Electricity generation,Aggregate fuel,Fossil,%,6.78
Brazil,2023-04-01,Electricity generation,Aggregate fuel,Gas and Other Fossil,%,5.68
Brazil,2023-04-01,Electricity generation,Aggregate fuel,"Hydro, Bioenergy and Other Renewables",%,75.16
Brazil,2023-04-01,Electricity generation,Aggregate fuel,Renewables,%,90.58
Brazil,2023-04-01,Electricity generation,Aggregate fuel,Wind and Solar,%,15.42
Brazil,2023-04-01,Electricity generation,Fuel,Bioenergy,%,1.06
Brazil,2023-04-01,Electricity generation,Fuel,Coal,%,1.1
Brazil,2023-04-01,Electricity generation,Fuel,Gas,%,4.48
Brazil,2023-04-01,Electricity generation,Fuel,Hydro,%,74.1
Brazil,2023-04-01,Electricity generation,Fuel,Nuclear,%,2.64
Brazil,2023-04-01,Electricity generation,Fuel,Other Fossil,%,1.2
Brazil,2023-04-01,Electricity generation,Fuel,Solar,%,6.22
Brazil,2023-04-01,Electricity generation,Fuel,Wind,%,9.2
Brazil,2023-05-01,Electricity generation,Aggregate fuel,Clean,%,92.73
Brazil,2023-05-01,Electricity generation,Aggregate fuel,Fossil,%,7.27
Brazil,2023-05-01,Electricity generation,Aggregate fuel,Gas and Other Fossil,%,6.34
Brazil,2023-05-01,Electricity generation,Aggregate fuel,"Hydro, Bioenergy and Other Renewables",%,70.16
Brazil,2023-05-01,Electricity generation,Aggregate fuel,Renewables,%,89.96
Brazil,2023-05-01,Electricity generation,Aggregate fuel,Wind and Solar,%,19.8
Brazil,2023-05-01,Electricity generation,Fuel,Bioenergy,%,1.79
Brazil,2023-05-01,Electricity generation,Fuel,Coal,%,0.93
Brazil,2023-05-01,Electricity generation,Fuel,Gas,%,5.04
Brazil,2023-05-01,Electricity generation,Fuel,Hydro,%,68.37
Brazil,2023-05-01,Electricity generation,Fuel,Nuclear,%,2.77
Brazil,2023-05-01,Electricity generation,Fuel,Other Fossil,%,1.3
Brazil,2023-05-01,Electricity generation,Fuel,Solar,%,7.0
Brazil,2023-05-01,Electricity generation,Fuel,Wind,%,12.8
Brazil,2023-06-01,Electricity generation,Aggregate fuel,Clean,%,90.19
Brazil,2023-06-01,Electricity generation,Aggregate fuel,Fossil,%,9.82
Brazil,2023-06-01,Electricity generation,Aggregate fuel,Gas and Other Fossil,%,8.41
Brazil,2023-06-01,Electricity generation,Aggregate fuel,"Hydro, Bioenergy and Other Renewables",%,63.44
Brazil,2023-06-01,Electricity generation,Aggregate fuel,Renewables,%,87.34
Brazil,2023-06-01,Electricity generation,Aggregate fuel,Wind and Solar,%,23.9
Brazil,2023-06-01,Electricity generation,Fuel,Bioenergy,%,1.92
Brazil,2023-06-01,Electricity generation,Fuel,Coal,%,1.41
Brazil,2023-06-01,Electricity generation,Fuel,Gas,%,7.25
Brazil,2023-06-01,Electricity generation,Fuel,Hydro,%,61.52
Brazil,2023-06-01,Electricity generation,Fuel,Nuclear,%,2.85
Brazil,2023-06-01,Electricity generation,Fuel,Other Fossil,%,1.16
Brazil,2023-06-01,Electricity generation,Fuel,Solar,%,7.05
Brazil,2023-06-01,Electricity generation,Fuel,Wind,%,16.85
Brazil,2023-07-01,Electricity generation,Aggregate fuel,Clean,%,91.09
Brazil,2023-07-01,Electricity generation,Aggregate fuel,Fossil,%,8.91
Brazil,2023-07-01,Electricity generation,Aggregate fuel,Gas and Other Fossil,%,7.32
Brazil,2023-07-01,Electricity generation,Aggregate fuel,"Hydro, Bioenergy and Other Renewables",%,61.35
Brazil,2023-07-01,Electricity generation,Aggregate fuel,Renewables,%,88.28
Brazil,2023-07-01,Electricity generation,Aggregate fuel,Wind and Solar,%,26.93
Brazil,2023-07-01,Electricity generation,Fuel,Bioenergy,%,2.05
Brazil,2023-07-01,Electricity generation,Fuel,Coal,%,1.59
Brazil,2023-07-01,Electricity generation,Fuel,Gas,%,6.31
Brazil,2023-07-01,Electricity generation,Fuel,Hydro,%,59.3
Brazil,2023-07-01,Electricity generation,Fuel,Nuclear,%,2.81
Brazil,2023-07-01,Electricity generation,Fuel,Other Fossil,%,1.01
Brazil,2023-07-01,Electricity generation,Fuel,Solar,%,7.9
Brazil,2023-07-01,Electricity generation,Fuel,Wind,%,19.03
Brazil,2023-08-01,Electricity generation,Aggregate fuel,Clean,%,91.37
Brazil,2023-08-01,Electricity generation,Aggregate fuel,Fossil,%,8.65
Brazil,2023-08-01,Electricity generation,Aggregate fuel,Gas and Other Fossil,%,7.23
Brazil,2023-08-01,Electricity generation,Aggregate fuel,"Hydro, Bioenergy and Other Renewables",%,63.22
Brazil,2023-08-01,Electricity generation,Aggregate fuel,Renewables,%,88.62
Brazil,2023-08-01,Electricity generation,Aggregate fuel,Wind and Solar,%,25.4
Brazil,2023-08-01,Electricity generation,Fuel,Bioenergy,%,2.05
Brazil,2023-08-01,Electricity generation,Fuel,Coal,%,1.42
Brazil,2023-08-01,Electricity generation,Fuel,Gas,%,6.16
Brazil,2023-08-01,Electricity generation,Fuel,Hydro,%,61.17
Brazil,2023-08-01,Electricity generation,Fuel,Nuclear,%,2.75
Brazil,2023-08-01,Electricity generation,Fuel,Other Fossil,%,1.07
Brazil,2023-08-01,Electricity generation,Fuel,Solar,%,8.57
Brazil,2023-08-01,Electricity generation,Fuel,Wind,%,16.83
Brazil,2023-09-01,Electricity generation,Aggregate fuel,Clean,%,92.06
Brazil,2023-09-01,Electricity generation,Aggregate fuel,Fossil,%,7.95
Brazil,2023-09-01,Electricity generation,Aggregate fuel,Gas and Other Fossil,%,6.91
Brazil,2023-09-01,Electricity generation,Aggregate fuel,"Hydro, Bioenergy and Other Renewables",%,63.76
Brazil,2023-09-01,Electricity generation,Aggregate fuel,Renewables,%,89.81
Brazil,2023-09-01,Electricity generation,Aggregate fuel,Wind and Solar,%,26.05
Brazil,2023-09-01,Electricity generation,Fuel,Bioenergy,%,1.92
Brazil,2023-09-01,Electricity generation,Fuel,Coal,%,1.04
Brazil,2023-09-01,Electricity generation,Fuel,Gas,%,5.72
Brazil,2023-09-01,Electricity generation,Fuel,Hydro,%,61.84
Brazil,2023-09-01,Electricity generation,Fuel,Nuclear,%,2.25
Brazil,2023-09-01,Electricity generation,Fuel,Other Fossil,%,1.19
Brazil,2023-09-01,Electricity generation,Fuel,Solar,%,9.28
Brazil,2023-09-01,Electricity generation,Fuel,Wind,%,16.77
Brazil,2023-10-01,Electricity generation,Aggregate fuel,Clean,%,92.14
Brazil,2023-10-01,Electricity generation,Aggregate fuel,Fossil,%,7.86
Brazil,2023-10-01,Electricity generation,Aggregate fuel,Gas and Other Fossil,%,6.58
Brazil,2023-10-01,Electricity generation,Aggregate fuel,"Hydro, Bioenergy and Other Renewables",%,65.31
Brazil,2023-10-01,Electricity generation,Aggregate fuel,Renewables,%,91.51
Brazil,2023-10-01,Electricity generation,Aggregate fuel,Wind and Solar,%,26.2
Brazil,2023-10-01,Electricity generation,Fuel,Bioenergy,%,1.79
Brazil,2023-10-01,Electricity generation,Fuel,Coal,%,1.28
Brazil,2023-10-01,Electricity generation,Fuel,Gas,%,5.5
Brazil,2023-10-01,Electricity generation,Fuel,Hydro,%,63.52
Brazil,2023-10-01,Electricity generation,Fuel,Nuclear,%,0.63
Brazil,2023-10-01,Electricity generation,Fuel,Other Fossil,%,1.08
Brazil,2023-10-01,Electricity generation,Fuel,Solar,%,9.36
Brazil,2023-10-01,Electricity generation,Fuel,Wind,%,16.84
Brazil,2023-11-01,Electricity generation,Aggregate fuel,Clean,%,90.17
Brazil,2023-11-01,Electricity generation,Aggregate fuel,Fossil,%,9.82
Brazil,2023-11-01,Electricity generation,Aggregate fuel,Gas and Other Fossil,%,8.33
Brazil,2023-11-01,Electricity generation,Aggregate fuel,"Hydro, Bioenergy and Other Renewables",%,65.32
Brazil,2023-11-01,Electricity generation,Aggregate fuel,Renewables,%,89.4
Brazil,2023-11-01,Electricity generation,Aggregate fuel,Wind and Solar,%,24.08
Brazil,2023-11-01,Electricity generation,Fuel,Bioenergy,%,1.53
Brazil,2023-11-01,Electricity generation,Fuel,Coal,%,1.49
Brazil,2023-11-01,Electricity generation,Fuel,Gas,%,7.11
Brazil,2023-11-01,Electricity generation,Fuel,Hydro,%,63.79
Brazil,2023-11-01,Electricity generation,Fuel,Nuclear,%,0.77
Brazil,2023-11-01,Electricity generation,Fuel,Other Fossil,%,1.22
Brazil,2023-11-01,Electricity generation,Fuel,Solar,%,10.22
Brazil,2023-11-01,Electricity generation,Fuel,Wind,%,13.86
Brazil,2023-12-01,Electricity generation,Aggregate fuel,Clean,%,91.14
Brazil,2023-12-01,Electricity generation,Aggregate fuel,Fossil,%,8.86
Brazil,2023-12-01,Electricity generation,Aggregate fuel,Gas and Other Fossil,%,7.78
Brazil,2023-12-01,Electricity generation,Aggregate fuel,"Hydro, Bioenergy and Other Renewables",%,65.22
Brazil,2023-12-01,Electricity generation,Aggregate fuel,Renewables,%,89.08
Brazil,2023-12-01,Electricity generation,Aggregate fuel,Wind and Solar,%,23.86
Brazil,2023-12-01,Electricity generation,Fuel,Bioenergy,%,1.0
Brazil,2023-12-01,Electricity generation,Fuel,Coal,%,1.08
Brazil,2023-12-01,Electricity generation,Fuel,Gas,%,6.72
Brazil,2023-12-01,Electricity generation,Fuel,Hydro,%,64.22
Brazil,2023-12-01,Electricity generation,Fuel,Nuclear,%,2.06
Brazil,2023-12-01,Electricity generation,Fuel,Other Fossil,%,1.06
Brazil,2023-12-01,Electricity generation,Fuel,Solar,%,10.1
Brazil,2023-12-01,Electricity generation,Fuel,Wind,%,13.76
Brazil,2024-01-01,Electricity generation,Aggregate fuel,Clean,%,92.75
Brazil,2024-01-01,Electricity generation,Aggregate fuel,Fossil,%,7.26
Brazil,2024-01-01,Electricity generation,Aggregate fuel,Gas and Other Fossil,%,6.23
Brazil,2024-01-01,Electricity generation,Aggregate fuel,"Hydro, Bioenergy and Other Renewables",%,71.22
Brazil,2024-01-01,Electricity generation,Aggregate fuel,Renewables,%,90.3
Brazil,2024-01-01,Electricity generation,Aggregate fuel,Wind and Solar,%,19.08
Brazil,2024-01-01,Electricity generation,Fuel,Bioenergy,%,0.51
Brazil,2024-01-01,Electricity generation,Fuel,Coal,%,1.03
Brazil,2024-01-01,Electricity generation,Fuel,Gas,%,5.16
Brazil,2024-01-01,Electricity generation,Fuel,Hydro,%,70.71
Brazil,2024-01-01,Electricity generation,Fuel,Nuclear,%,2.45
Brazil,2024-01-01,Electricity generation,Fuel,Other Fossil,%,1.07
Brazil,2024-01-01,Electricity generation,Fuel,Solar,%,9.78
Brazil,2024-01-01,Electricity generation,Fuel,Wind,%,9.3
Brazil,2024-02-01,Electricity generation,Aggregate fuel,Clean,%,94.31
Brazil,2024-02-01,Electricity generation,Aggregate fuel,Fossil,%,5.69
Brazil,2024-02-01,Electricity generation,Aggregate fuel,Gas and Other Fossil,%,4.29
Brazil,2024-02-01,Electricity generation,Aggregate fuel,"Hydro, Bioenergy and Other Renewables",%,71.56
Brazil,2024-02-01,Electricity generation,Aggregate fuel,Renewables,%,91.93
Brazil,2024-02-01,Electricity generation,Aggregate fuel,Wind and Solar,%,20.37
Brazil,2024-02-01,Electricity generation,Fuel,Bioenergy,%,0.53
Brazil,2024-02-01,Electricity generation,Fuel,Coal,%,1.4
Brazil,2024-02-01,Electricity generation,Fuel,Gas,%,3.19
Brazil,2024-02-01,Electricity generation,Fuel,Hydro,%,71.03
Brazil,2024-02-01,Electricity generation,Fuel,Nuclear,%,2.38
Brazil,2024-02-01,Electricity generation,Fuel,Other Fossil,%,1.1
Brazil,2024-02-01,Electricity generation,Fuel,Solar,%,9.58
Brazil,2024-02-01,Electricity generation,Fuel,Wind,%,10.79
Brazil,2024-03-01,Electricity generation,Aggregate fuel,Clean,%,94.91
Brazil,2024-03-01,Electricity generation,Aggregate fuel,Fossil,%,5.09
Brazil,2024-03-01,Electricity generation,Aggregate fuel,Gas and Other Fossil,%,4.18
Brazil,2024-03-01,Electricity generation,Aggregate fuel,"Hydro, Bioenergy and Other Renewables",%,74.49
Brazil,2024-03-01,Electricity generation,Aggregate fuel,Renewables,%,92.63
Brazil,2024-03-01,Electricity generation,Aggregate fuel,Wind and Solar,%,18.14
Brazil,2024-03-01,Electricity generation,Fuel,Bioenergy,%,0.75
Brazil,2024-03-01,Electricity generation,Fuel,Coal,%,0.91
Brazil,2024-03-01,Electricity generation,Fuel,Gas,%,3.11
Brazil,2024-03-01,Electricity generation,Fuel,Hydro,%,73.74
Brazil,2024-03-01,Electricity generation,Fuel,Nuclear,%,2.28
Brazil,2024-03-01,Electricity generation,Fuel,Other Fossil,%,1.07
Brazil,2024-03-01,Electricity generation,Fuel,Solar,%,9.66
Brazil,2024-03-01,Electricity generation,Fuel,Wind,%,8.48
Brazil,2024-04-01,Electricity generation,Aggregate fuel,Clean,%,94.89
Brazil,2024-04-01,Electricity generation,Aggregate fuel,Fossil,%,5.12
Brazil,2024-04-01,Electricity generation,Aggregate fuel,Gas and Other Fossil,%,4.75
Brazil,2024-04-01,Electricity generation,Aggregate fuel,"Hydro, Bioenergy and Other Renewables",%,72.37
Brazil,2024-04-01,Electricity generation,Aggregate fuel,Renewables,%,92.4
Brazil,2024-04-01,Electricity generation,Aggregate fuel,Wind and Solar,%,20.03
Brazil,2024-04-01,Electricity generation,Fuel,Bioenergy,%,1.23
Brazil,2024-04-01,Electricity generation,Fuel,Coal,%,0.37
Brazil,2024-04-01,Electricity generation,Fuel,Gas,%,3.79
Brazil,2024-04-01,Electricity generation,Fuel,Hydro,%,71.14
Brazil,2024-04-01,Electricity generation,Fuel,Nuclear,%,2.49
Brazil,2024-04-01,Electricity generation,Fuel,Other Fossil,%,0.96
Brazil,2024-04-01,Electricity generation,Fuel,Solar,%,9.79
Brazil,2024-04-01,Electricity generation,Fuel,Wind,%,10.24
Brazil,2024-05-01,Electricity generation,Aggregate fuel,Clean,%,93.44
Brazil,2024-05-01,Electricity generation,Aggregate fuel,Fossil,%,6.56
Brazil,2024-05-01,Electricity generation,Aggregate fuel,Gas and Other Fossil,%,5.83
Brazil,2024-05-01,Electricity generation,Aggregate fuel,"Hydro, Bioenergy and Other Renewables",%,66.57
Brazil,2024-05-01,Electricity generation,Aggregate fuel,Renewables,%,91.24
Brazil,2024-05-01,Electricity generation,Aggregate fuel,Wind and Solar,%,24.67
Brazil,2024-05-01,Electricity generation,Fuel,Bioenergy,%,1.8
Brazil,2024-05-01,Electricity generation,Fuel,Coal,%,0.73
Brazil,2024-05-01,Electricity generation,Fuel,Gas,%,4.76
Brazil,2024-05-01,Electricity generation,Fuel,Hydro,%,64.77
Brazil,2024-05-01,Electricity generation,Fuel,Nuclear,%,2.2
Brazil,2024-05-01,Electricity generation,Fuel,Other Fossil,%,1.07
Brazil,2024-05-01,Electricity generation,Fuel,Solar,%,9.53
Brazil,2024-05-01,Electricity generation,Fuel,Wind,%,15.14
Brazil,2024-06-01,Electricity generation,Aggregate fuel,Clean,%,92.28
Brazil,2024-06-01,Electricity generation,Aggregate fuel,Fossil,%,7.73
Brazil,2024-06-01,Electricity generation,Aggregate fuel,Gas and Other Fossil,%,6.72
Brazil,2024-06-01,Electricity generation,Aggregate fuel,"Hydro, Bioenergy and Other Renewables",%,62.22
Brazil,2024-06-01,Electricity generation,Aggregate fuel,Renewables,%,89.6
Brazil,2024-06-01,Electricity generation,Aggregate fuel,Wind and Solar,%,27.38
Brazil,2024-06-01,Electricity generation,Fuel,Bioenergy,%,2.01
Brazil,2024-06-01,Electricity generation,Fuel,Coal,%,1.01
Brazil,2024-06-01,Electricity generation,Fuel,Gas,%,5.6
Brazil,2024-06-01,Electricity generation,Fuel,Hydro,%,60.21
Brazil,2024-06-01,Electricity generation,Fuel,Nuclear,%,2.68
Brazil,2024-06-01,Electricity generation,Fuel,Other Fossil,%,1.12
Brazil,2024-06-01,Electricity generation,Fuel,Solar,%,9.53
Brazil,2024-06-01,Electricity generation,Fuel,Wind,%,17.85
Brazil,2024-07-01,Electricity generation,Aggregate fuel,Clean,%,90.25
Brazil,2024-07-01,Electricity generation,Aggregate fuel,Fossil,%,9.74
Brazil,2024-07-01,Electricity generation,Aggregate fuel,Gas and Other Fossil,%,8.55
Brazil,2024-07-01,Electricity generation,Aggregate fuel,"Hydro, Bioenergy and Other Renewables",%,58.24
Brazil,2024-07-01,Electricity generation,Aggregate fuel,Renewables,%,87.6
Brazil,2024-07-01,Electricity generation,Aggregate fuel,Wind and Solar,%,29.36
Brazil,2024-07-01,Electricity generation,Fuel,Bioenergy,%,1.92
Brazil,2024-07-01,Electricity generation,Fuel,Coal,%,1.19
Brazil,2024-07-01,Electricity generation,Fuel,Gas,%,7.41
Brazil,2024-07-01,Electricity generation,Fuel,Hydro,%,56.32
Brazil,2024-07-01,Electricity generation,Fuel,Nuclear,%,2.65
Brazil,2024-07-01,Electricity generation,Fuel,Other Fossil,%,1.14
Brazil,2024-07-01,Electricity generation,Fuel,Solar,%,9.91
Brazil,2024-07-01,Electricity generation,Fuel,Wind,%,19.45
Brazil,2024-08-01,Electricity generation,Aggregate fuel,Clean,%,89.05
Brazil,2024-08-01,Electricity generation,Aggregate fuel,Fossil,%,10.94
Brazil,2024-08-01,Electricity generation,Aggregate fuel,Gas and Other Fossil,%,9.38
Brazil,2024-08-01,Electricity generation,Aggregate fuel,"Hydro, Bioenergy and Other Renewables",%,54.52
Brazil,2024-08-01,Electricity generation,Aggregate fuel,Renewables,%,86.45
Brazil,2024-08-01,Electricity generation,Aggregate fuel,Wind and Solar,%,31.93
Brazil,2024-08-01,Electricity generation,Fuel,Bioenergy,%,1.85
Brazil,2024-08-01,Electricity generation,Fuel,Coal,%,1.56
Brazil,2024-08-01,Electricity generation,Fuel,Gas,%,8.35
Brazil,2024-08-01,Electricity generation,Fuel,Hydro,%,52.67
Brazil,2024-08-01,Electricity generation,Fuel,Nuclear,%,2.6
Brazil,2024-08-01,Electricity generation,Fuel,Other Fossil,%,1.03
Brazil,2024-08-01,Electricity generation,Fuel,Solar,%,10.89
Brazil,2024-08-01,Electricity generation,Fuel,Wind,%,21.04
Brazil,2024-09-01,Electricity generation,Aggregate fuel,Clean,%,86.24
Brazil,2024-09-01,Electricity generation,Aggregate fuel,Fossil,%,13.76
Brazil,2024-09-01,Electricity generation,Aggregate fuel,Gas and Other Fossil,%,12.07
Brazil,2024-09-01,Electricity generation,Aggregate fuel,"Hydro, Bioenergy and Other Renewables",%,51.64
Brazil,2024-09-01,Electricity generation,Aggregate fuel,Renewables,%,83.77
Brazil,2024-09-01,Electricity generation,Aggregate fuel,Wind and Solar,%,32.13
Brazil,2024-09-01,Electricity generation,Fuel,Bioenergy,%,2.02
Brazil,2024-09-01,Electricity generation,Fuel,Coal,%,1.69
Brazil,2024-09-01,Electricity generation,Fuel,Gas,%,10.91
Brazil,2024-09-01,Electricity generation,Fuel,Hydro,%,49.62
Brazil,2024-09-01,Electricity generation,Fuel,Nuclear,%,2.47
Brazil,2024-09-01,Electricity generation,Fuel,Other Fossil,%,1.16
Brazil,2024-09-01,Electricity generation,Fuel,Solar,%,11.41
Brazil,2024-09-01,Electricity generation,Fuel,Wind,%,20.72
Brazil,2024-10-01,Electricity generation,Aggregate fuel,Clean,%,84.67
Brazil,2024-10-01,Electricity generation,Aggregate fuel,Fossil,%,15.33
Brazil,2024-10-01,Electricity generation,Aggregate fuel,Gas and Other Fossil,%,12.44
Brazil,2024-10-01,Electricity generation,Aggregate fuel,"Hydro, Bioenergy and Other Renewables",%,51.53
Brazil,2024-10-01,Electricity generation,Aggregate fuel,Renewables,%,82.18
Brazil,2024-10-01,Electricity generation,Aggregate fuel,Wind and Solar,%,30.65
Brazil,2024-10-01,Electricity generation,Fuel,Bioenergy,%,1.58
Brazil,2024-10-01,Electricity generation,Fuel,Coal,%,2.89
Brazil,2024-10-01,Electricity generation,Fuel,Gas,%,11.31
Brazil,2024-10-01,Electricity generation,Fuel,Hydro,%,49.95
Brazil,2024-10-01,Electricity generation,Fuel,Nuclear,%,2.49
Brazil,2024-10-01,Electricity generation,Fuel,Other Fossil,%,1.13
Brazil,2024-10-01,Electricity generation,Fuel,Solar,%,12.5
Brazil,2024-10-01,Electricity generation,Fuel,Wind,%,18.15
Brazil,2024-11-01,Electricity generation,Aggregate fuel,Clean,%,89.55
Brazil,2024-11-01,Electricity generation,Aggregate fuel,Fossil,%,10.44
Brazil,2024-11-01,Electricity generation,Aggregate fuel,Gas and Other Fossil,%,8.8
Brazil,2024-11-01,Electricity generation,Aggregate fuel,"Hydro, Bioenergy and Other Renewables",%,58.51
Brazil,2024-11-01,Electricity generation,Aggregate fuel,Renewables,%,88.36
Brazil,2024-11-01,Electricity generation,Aggregate fuel,Wind and Solar,%,29.85
Brazil,2024-11-01,Electricity generation,Fuel,Bioenergy,%,1.34
Brazil,2024-11-01,Electricity generation,Fuel,Coal,%,1.64
Brazil,2024-11-01,Electricity generation,Fuel,Gas,%,7.7
Brazil,2024-11-01,Electricity generation,Fuel,Hydro,%,57.17
Brazil,2024-11-01,Electricity generation,Fuel,Nuclear,%,1.19
Brazil,2024-11-01,Electricity generation,Fuel,Other Fossil,%,1.1
Brazil,2024-11-01,Electricity generation,Fuel,Solar,%,12.42
Brazil,2024-11-01,Electricity generation,Fuel,Wind,%,17.43
Brazil,2024-12-01,Electricity generation,Aggregate fuel,Clean,%,91.42
Brazil,2024-12-01,Electricity generation,Aggregate fuel,Fossil,%,8.59
Brazil,2024-12-01,Electricity generation,Aggregate fuel,Gas and Other Fossil,%,7.32
Brazil,2024-12-01,Electricity generation,Aggregate fuel,"Hydro, Bioenergy and Other Renewables",%,61.13
Brazil,2024-12-01,Electricity generation,Aggregate fuel,Renewables,%,90.12
Brazil,2024-12-01,Electricity generation,Aggregate fuel,Wind and Solar,%,28.99
Brazil,2024-12-01,Electricity generation,Fuel,Bioenergy,%,0.71
Brazil,2024-12-01,Electricity generation,Fuel,Coal,%,1.27
Brazil,2024-12-01,Electricity generation,Fuel,Gas,%,6.34
Brazil,2024-12-01,Electricity generation,Fuel,Hydro,%,60.42
Brazil,2024-12-01,Electricity generation,Fuel,Nuclear,%,1.3
Brazil,2024-12-01,Electricity generation,Fuel,Other Fossil,%,0.98
Brazil,2024-12-01,Electricity generation,Fuel,Solar,%,12.88
Brazil,2024-12-01,Electricity generation,Fuel,Wind,%,16.11
Brazil,2025-01-01,Electricity generation,Aggregate fuel,Clean,%,94.4
Brazil,2025-01-01,Electricity generation,Aggregate fuel,Fossil,%,5.59
Brazil,2025-01-01,Electricity generation,Aggregate fuel,Gas and Other Fossil,%,5.09
Brazil,2025-01-01,Electricity generation,Aggregate fuel,"Hydro, Bioenergy and Other Renewables",%,70.46
Brazil,2025-01-01,Electricity generation,Aggregate fuel,Renewables,%,92.22
Brazil,2025-01-01,Electricity generation,Aggregate fuel,Wind and Solar,%,21.76
Brazil,2025-01-01,Electricity generation,Fuel,Bioenergy,%,0.37
Brazil,2025-01-01,Electricity generation,Fuel,Coal,%,0.5
Brazil,2025-01-01,Electricity generation,Fuel,Gas,%,4.16
Brazil,2025-01-01,Electricity generation,Fuel,Hydro,%,70.09
Brazil,2025-01-01,Electricity generation,Fuel,Nuclear,%,2.18
Brazil,2025-01-01,Electricity generation,Fuel,Other Fossil,%,0.93
Brazil,2025-01-01,Electricity generation,Fuel,Solar,%,12.32
Brazil,2025-01-01,Electricity generation,Fuel,Wind,%,9.44
Brazil,2025-02-01,Electricity generation,Aggregate fuel,Clean,%,95.11
Brazil,2025-02-01,Electricity generation,Aggregate fuel,Fossil,%,4.88
Brazil,2025-02-01,Electricity generation,Aggregate fuel,Gas and Other Fossil,%,3.84
Brazil,2025-02-01,Electricity generation,Aggregate fuel,"Hydro, Bioenergy and Other Renewables",%,68.7
Brazil,2025-02-01,Electricity generation,Aggregate fuel,Renewables,%,92.92
Brazil,2025-02-01,Electricity generation,Aggregate fuel,Wind and Solar,%,24.22
Brazil,2025-02-01,Electricity generation,Fuel,Bioenergy,%,0.48
Brazil,2025-02-01,Electricity generation,Fuel,Coal,%,1.04
Brazil,2025-02-01,Electricity generation,Fuel,Gas,%,2.82
Brazil,2025-02-01,Electricity generation,Fuel,Hydro,%,68.22
Brazil,2025-02-01,Electricity generation,Fuel,Nuclear,%,2.19
Brazil,2025-02-01,Electricity generation,Fuel,Other Fossil,%,1.02
Brazil,2025-02-01,Electricity generation,Fuel,Solar,%,11.96
Brazil,2025-02-01,Electricity generation,Fuel,Wind,%,12.26
Brazil,2025-03-01,Electricity generation,Aggregate fuel,Clean,%,95.29
Brazil,2025-03-01,Electricity generation,Aggregate fuel,Fossil,%,4.7
Brazil,2025-03-01,Electricity generation,Aggregate fuel,Gas and Other Fossil,%,3.94
Brazil,2025-03-01,Electricity generation,Aggregate fuel,"Hydro, Bioenergy and Other Renewables",%,66.8
Brazil,2025-03-01,Electricity generation,Aggregate fuel,Renewables,%,93.05
Brazil,2025-03-01,Electricity generation,Aggregate fuel,Wind and Solar,%,26.25
Brazil,2025-03-01,Electricity generation,Fuel,Bioenergy,%,0.56
Brazil,2025-03-01,Electricity generation,Fuel,Coal,%,0.76
Brazil,2025-03-01,Electricity generation,Fuel,Gas,%,3.01
Brazil,2025-03-01,Electricity generation,Fuel,Hydro,%,66.24
Brazil,2025-03-01,Electricity generation,Fuel,Nuclear,%,2.24
Brazil,2025-03-01,Electricity generation,Fuel,Other Fossil,%,0.93
Brazil,2025-03-01,Electricity generation,Fuel,Solar,%,13.07
Brazil,2025-03-01,Electricity generation,Fuel,Wind,%,13.18
Brazil,2025-04-01,Electricity generation,Aggregate fuel,Clean,%,93.49
Brazil,2025-04-01,Electricity generation,Aggregate fuel,Fossil,%,6.52
Brazil,2025-04-01,Electricity generation,Aggregate fuel,Gas and Other Fossil,%,5.44
Brazil,2025-04-01,Electricity generation,Aggregate fuel,"Hydro, Bioenergy and Other Renewables",%,66.14
Brazil,2025-04-01,Electricity generation,Aggregate fuel,Renewables,%,91.69
Brazil,2025-04-01,Electricity generation,Aggregate fuel,Wind and Solar,%,25.55
Brazil,2025-04-01,Electricity generation,Fuel,Bioenergy,%,0.96
Brazil,2025-04-01,Electricity generation,Fuel,Coal,%,1.08
Brazil,2025-04-01,Electricity generation,Fuel,Gas,%,4.34
Brazil,2025-04-01,Electricity generation,Fuel,Hydro,%,65.18
Brazil,2025-04-01,Electricity generation,Fuel,Nuclear,%,1.8
Brazil,2025-04-01,Electricity generation,Fuel,Other Fossil,%,1.1
Brazil,2025-04-01,Electricity generation,Fuel,Solar,%,12.35
Brazil,2025-04-01,Electricity generation,Fuel,Wind,%,13.2
Brazil,2025-05-01,Electricity generation,Aggregate fuel,Clean,%,92.42
Brazil,2025-05-01,Electricity generation,Aggregate fuel,Fossil,%,7.58
Brazil,2025-05-01,Electricity generation,Aggregate fuel,Gas and Other Fossil,%,6.54
Brazil,2025-05-01,Electricity generation,Aggregate fuel,"Hydro, Bioenergy and Other Renewables",%,60.22
Brazil,2025-05-01,Electricity generation,Aggregate fuel,Renewables,%,90.64
Brazil,2025-05-01,Electricity generation,Aggregate fuel,Wind and Solar,%,30.42
Brazil,2025-05-01,Electricity generation,Fuel,Bioenergy,%,1.53
Brazil,2025-05-01,Electricity generation,Fuel,Coal,%,1.04
Brazil,2025-05-01,Electricity generation,Fuel,Gas,%,5.59
Brazil,2025-05-01,Electricity generation,Fuel,Hydro,%,58.69
Brazil,2025-05-01,Electricity generation,Fuel,Nuclear,%,1.78
Brazil,2025-05-01,Electricity generation,Fuel,Other Fossil,%,0.95
Brazil,2025-05-01,Electricity generation,Fuel,Solar,%,11.87
Brazil,2025-05-01,Electricity generation,Fuel,Wind,%,18.55
Brazil,2025-06-01,Electricity generation,Aggregate fuel,Clean,%,90.18
Brazil,2025-06-01,Electricity generation,Aggregate fuel,Fossil,%,9.83
Brazil,2025-06-01,Electricity generation,Aggregate fuel,Gas and Other Fossil,%,8.18
Brazil,2025-06-01,Electricity generation,Aggregate fuel,"Hydro, Bioenergy and Other Renewables",%,57.38
Brazil,2025-06-01,Electricity generation,Aggregate fuel,Renewables,%,88.38
Brazil,2025-06-01,Electricity generation,Aggregate fuel,Wind and Solar,%,31.0
Brazil,2025-06-01,Electricity generation,Fuel,Bioenergy,%,1.71
Brazil,2025-06-01,Electricity generation,Fuel,Coal,%,1.65
Brazil,2025-06-01,Electricity generation,Fuel,Gas,%,7.11
Brazil,2025-06-01,Electricity generation,Fuel,Hydro,%,55.67
Brazil,2025-06-01,Electricity generation,Fuel,Nuclear,%,1.8
Brazil,2025-06-01,Electricity generation,Fuel,Other Fossil,%,1.07
Brazil,2025-06-01,Electricity generation,Fuel,Solar,%,11.37
Brazil,2025-06-01,Electricity generation,Fuel,Wind,%,19.63
Brazil,2025-07-01,Electricity generation,Aggregate fuel,Clean,%,86.85
Brazil,2025-07-01,Electricity generation,Aggregate fuel,Fossil,%,13.14
Brazil,2025-07-01,Electricity generation,Aggregate fuel,Gas and Other Fossil,%,11.53
Brazil,2025-07-01,Electricity generation,Aggregate fuel,"Hydro, Bioenergy and Other Renewables",%,52.42
Brazil,2025-07-01,Electricity generation,Aggregate fuel,Renewables,%,84.54
Brazil,2025-07-01,Electricity generation,Aggregate fuel,Wind and Solar,%,32.12
Brazil,2025-07-01,Electricity generation,Fuel,Bioenergy,%,1.56
Brazil,2025-07-01,Electricity generation,Fuel,Coal,%,1.61
Brazil,2025-07-01,Electricity generation,Fuel,Gas,%,10.43
Brazil,2025-07-01,Electricity generation,Fuel,Hydro,%,50.86
Brazil,2025-07-01,Electricity generation,Fuel,Nuclear,%,2.31
Brazil,2025-07-01,Electricity generation,Fuel,Other Fossil,%,1.1
Brazil,2025-07-01,Electricity generation,Fuel,Solar,%,12.16
Brazil,2025-07-01,Electricity generation,Fuel,Wind,%,19.96
Brazil,2025-08-01,Electricity generation,Aggregate fuel,Clean,%,85.85
Brazil,2025-08-01,Electricity generation,Aggregate fuel,Fossil,%,14.15
Brazil,2025-08-01,Electricity generation,Aggregate fuel,Gas and Other Fossil,%,12.1
Brazil,2025-08-01,Electricity generation,Aggregate fuel,"Hydro, Bioenergy and Other Renewables",%,49.24
Brazil,2025-08-01,Electricity generation,Aggregate fuel,Renewables,%,83.17
Brazil,2025-08-01,Electricity generation,Aggregate fuel,Wind and Solar,%,33.93
Brazil,2025-08-01,Electricity generation,Fuel,Bioenergy,%,1.66
Brazil,2025-08-01,Electricity generation,Fuel,Coal,%,2.05
Brazil,2025-08-01,Electricity generation,Fuel,Gas,%,11.06
Brazil,2025-08-01,Electricity generation,Fuel,Hydro,%,47.58
Brazil,2025-08-01,Electricity generation,Fuel,Nuclear,%,2.68
Brazil,2025-08-01,Electricity generation,Fuel,Other Fossil,%,1.04
Brazil,2025-08-01,Electricity generation,Fuel,Solar,%,13.04
Brazil,2025-08-01,Electricity generation,Fuel,Wind,%,20.89
Brazil,2025-09-01,Electricity generation,Aggregate fuel,Clean,%,87.73
Brazil,2025-09-01,Electricity generation,Aggregate fuel,Fossil,%,12.27
Brazil,2025-09-01,Electricity generation,Aggregate fuel,Gas and Other Fossil,%,10.32
Brazil,2025-09-01,Electricity generation,Aggregate fuel,"Hydro, Bioenergy and Other Renewables",%,49.17
Brazil,2025-09-01,Electricity generation,Aggregate fuel,Renewables,%,85.13
Brazil,2025-09-01,Electricity generation,Aggregate fuel,Wind and Solar,%,35.96
Brazil,2025-09-01,Electricity generation,Fuel,Bioenergy,%,1.04
Brazil,2025-09-01,Electricity generation,Fuel,Coal,%,1.95
Brazil,2025-09-01,Electricity generation,Fuel,Gas,%,9.23
Brazil,2025-09-01,Electricity generation,Fuel,Hydro,%,48.13
Brazil,2025-09-01,Electricity generation,Fuel,Nuclear,%,2.6
Brazil,2025-09-01,Electricity generation,Fuel,Other Fossil,%,1.09
Brazil,2025-09-01,Electricity generation,Fuel,Solar,%,13.77
Brazil,2025-09-01,Electricity generation,Fuel,Wind,%,22.19
Brazil,2025-10-01,Electricity generation,Aggregate fuel,Clean,%,85.64
Brazil,2025-10-01,Electricity generation,Aggregate fuel,Fossil,%,14.36
Brazil,2025-10-01,Electricity generation,Aggregate fuel,Gas and Other Fossil,%,12.43
Brazil,2025-10-01,Electricity generation,Aggregate fuel,"Hydro, Bioenergy and Other Renewables",%,48.41
Brazil,2025-10-01,Electricity generation,Aggregate fuel,Renewables,%,83.09
Brazil,2025-10-01,Electricity generation,Aggregate fuel,Wind and Solar,%,34.68
Brazil,2025-10-01,Electricity generation,Fuel,Bioenergy,%,0.43
Brazil,2025-10-01,Electricity generation,Fuel,Coal,%,1.93
Brazil,2025-10-01,Electricity generation,Fuel,Gas,%,11.58
Brazil,2025-10-01,Electricity generation,Fuel,Hydro,%,47.98
Brazil,2025-10-01,Electricity generation,Fuel,Nuclear,%,2.55
Brazil,2025-10-01,Electricity generation,Fuel,Other Fossil,%,0.85
Brazil,2025-10-01,Electricity generation,Fuel,Solar,%,14.45
Brazil,2025-10-01,Electricity generation,Fuel,Wind,%,20.23
Chile,2018-01-01,Electricity generation,Aggregate fuel,Clean,%,48.64
Chile,2018-01-01,Electricity generation,Aggregate fuel,Fossil,%,51.37
Chile,2018-01-01,Electricity generation,Aggregate fuel,Gas and Other Fossil,%,12.31
Chile,2018-01-01,Electricity generation,Aggregate fuel,"Hydro, Bioenergy and Other Renewables",%,36.63
Chile,2018-01-01,Electricity generation,Aggregate fuel,Renewables,%,48.64
Chile,2018-01-01,Electricity generation,Aggregate fuel,Wind and Solar,%,12.01
Chile,2018-01-01,Electricity generation,Fuel,Bioenergy,%,3.5
Chile,2018-01-01,Electricity generation,Fuel,Coal,%,39.06
Chile,2018-01-01,Electricity generation,Fuel,Gas,%,11.25
Chile,2018-01-01,Electricity generation,Fuel,Hydro,%,32.83
Chile,2018-01-01,Electricity generation,Fuel,Other Fossil,%,1.06
Chile,2018-01-01,Electricity generation,Fuel,Other Renewables,%,0.3
Chile,2018-01-01,Electricity generation,Fuel,Solar,%,7.6
Chile,2018-01-01,Electricity generation,Fuel,Wind,%,4.41
Chile,2018-02-01,Electricity generation,Aggregate fuel,Clean,%,43.61
Chile,2018-02-01,Electricity generation,Aggregate fuel,Fossil,%,56.39
Chile,2018-02-01,Electricity generation,Aggregate fuel,Gas and Other Fossil,%,19.08
Chile,2018-02-01,Electricity generation,Aggregate fuel,"Hydro, Bioenergy and Other Renewables",%,32.67
Chile,2018-02-01,Electricity generation,Aggregate fuel,Renewables,%,43.61
Chile,2018-02-01,Electricity generation,Aggregate fuel,Wind and Solar,%,10.94
Chile,2018-02-01,Electricity generation,Fuel,Bioenergy,%,3.48
Chile,2018-02-01,Electricity generation,Fuel,Coal,%,37.31
Chile,2018-02-01,Electricity generation,Fuel,Gas,%,18.08
Chile,2018-02-01,Electricity generation,Fuel,Hydro,%,28.86
Chile,2018-02-01,Electricity generation,Fuel,Other Fossil,%,1.0
Chile,2018-02-01,Electricity generation,Fuel,Other Renewables,%,0.33
Chile,2018-02-01,Electricity generation,Fuel,Solar,%,7.13
Chile,2018-02-01,Electricity generation,Fuel,Wind,%,3.81
Chile,2018-03-01,Electricity generation,Aggregate fuel,Clean,%,41.07
Chile,2018-03-01,Electricity generation,Aggregate fuel,Fossil,%,58.93
Chile,2018-03-01,Electricity generation,Aggregate fuel,Gas and Other Fossil,%,20.61
Chile,2018-03-01,Electricity generation,Aggregate fuel,"Hydro, Bioenergy and Other Renewables",%,28.7
Chile,2018-03-01,Electricity generation,Aggregate fuel,Renewables,%,41.07
Chile,2018-03-01,Electricity generation,Aggregate fuel,Wind and Solar,%,12.37
Chile,2018-03-01,Electricity generation,Fuel,Bioenergy,%,3.05
Chile,2018-03-01,Electricity generation,Fuel,Coal,%,38.32
Chile,2018-03-01,Electricity generation,Fuel,Gas,%,19.39
Chile,2018-03-01,Electricity generation,Fuel,Hydro,%,25.5
Chile,2018-03-01,Electricity generation,Fuel,Other Fossil,%,1.22
Chile,2018-03-01,Electricity generation,Fuel,Other Renewables,%,0.15
Chile,2018-03-01,Electricity generation,Fuel,Solar,%,7.33
Chile,2018-03-01,Electricity generation,Fuel,Wind,%,5.04
Chile,2018-04-01,Electricity generation,Aggregate fuel,Clean,%,38.99
Chile,2018-04-01,Electricity generation,Aggregate fuel,Fossil,%,61.01
Chile,2018-04-01,Electricity generation,Aggregate fuel,Gas and Other Fossil,%,19.25
Chile,2018-04-01,Electricity generation,Aggregate fuel,"Hydro, Bioenergy and Other Renewables",%,28.55
Chile,2018-04-01,Electricity generation,Aggregate fuel,Renewables,%,38.99
Chile,2018-04-01,Electricity generation,Aggregate fuel,Wind and Solar,%,10.44
Chile,2018-04-01,Electricity generation,Fuel,Bioenergy,%,3.75
Chile,2018-04-01,Electricity generation,Fuel,Coal,%,41.76
Chile,2018-04-01,Electricity generation,Fuel,Gas,%,18.27
Chile,2018-04-01,Electricity generation,Fuel,Hydro,%,24.47
Chile,2018-04-01,Electricity generation,Fuel,Other Fossil,%,0.98
Chile,2018-04-01,Electricity generation,Fuel,Other Renewables,%,0.33
Chile,2018-04-01,Electricity generation,Fuel,Solar,%,6.36
Chile,2018-04-01,Electricity generation,Fuel,Wind,%,4.08
Chile,2018-05-01,Electricity generation,Aggregate fuel,Clean,%,35.85
Chile,2018-05-01,Electricity generation,Aggregate fuel,Fossil,%,64.15
Chile,2018-05-01,Electricity generation,Aggregate fuel,Gas and Other Fossil,%,20.92
Chile,2018-05-01,Electricity generation,Aggregate fuel,"Hydro, Bioenergy and Other Renewables",%,26.47
Chile,2018-05-01,Electricity generation,Aggregate fuel,Renewables,%,35.85
Chile,2018-05-01,Electricity generation,Aggregate fuel,Wind and Solar,%,9.38
Chile,2018-05-01,Electricity generation,Fuel,Bioenergy,%,3.85
Chile,2018-05-01,Electricity generation,Fuel,Coal,%,43.23
Chile,2018-05-01,Electricity generation,Fuel,Gas,%,20.15
Chile,2018-05-01,Electricity generation,Fuel,Hydro,%,22.31
Chile,2018-05-01,Electricity generation,Fuel,Other Fossil,%,0.77
Chile,2018-05-01,Electricity generation,Fuel,Other Renewables,%,0.31
Chile,2018-05-01,Electricity generation,Fuel,Solar,%,5.38
Chile,2018-05-01,Electricity generation,Fuel,Wind,%,4.0
Chile,2018-06-01,Electricity generation,Aggregate fuel,Clean,%,37.87
Chile,2018-06-01,Electricity generation,Aggregate fuel,Fossil,%,62.13
Chile,2018-06-01,Electricity generation,Aggregate fuel,Gas and Other Fossil,%,22.59
Chile,2018-06-01,Electricity generation,Aggregate fuel,"Hydro, Bioenergy and Other Renewables",%,27.49
Chile,2018-06-01,Electricity generation,Aggregate fuel,Renewables,%,37.87
Chile,2018-06-01,Electricity generation,Aggregate fuel,Wind and Solar,%,10.38
Chile,2018-06-01,Electricity generation,Fuel,Bioenergy,%,3.21
Chile,2018-06-01,Electricity generation,Fuel,Coal,%,39.54
Chile,2018-06-01,Electricity generation,Fuel,Gas,%,21.37
Chile,2018-06-01,Electricity generation,Fuel,Hydro,%,23.97
Chile,2018-06-01,Electricity generation,Fuel,Other Fossil,%,1.22
Chile,2018-06-01,Electricity generation,Fuel,Other Renewables,%,0.31
Chile,2018-06-01,Electricity generation,Fuel,Solar,%,4.73
Chile,2018-06-01,Electricity generation,Fuel,Wind,%,5.65
Chile,2018-07-01,Electricity generation,Aggregate fuel,Clean,%,44.18
Chile,2018-07-01,Electricity generation,Aggregate fuel,Fossil,%,55.81
Chile,2018-07-01,Electricity generation,Aggregate fuel,Gas and Other Fossil,%,14.62
Chile,2018-07-01,Electricity generation,Aggregate fuel,"Hydro, Bioenergy and Other Renewables",%,33.58
Chile,2018-07-01,Electricity generation,Aggregate fuel,Renewables,%,44.18
Chile,2018-07-01,Electricity generation,Aggregate fuel,Wind and Solar,%,10.6
Chile,2018-07-01,Electricity generation,Fuel,Bioenergy,%,3.13
Chile,2018-07-01,Electricity generation,Fuel,Coal,%,41.19
Chile,2018-07-01,Electricity generation,Fuel,Gas,%,13.43
Chile,2018-07-01,Electricity generation,Fuel,Hydro,%,30.3
Chile,2018-07-01,Electricity generation,Fuel,Other Fossil,%,1.19
Chile,2018-07-01,Electricity generation,Fuel,Other Renewables,%,0.15
Chile,2018-07-01,Electricity generation,Fuel,Solar,%,4.93
Chile,2018-07-01,Electricity generation,Fuel,Wind,%,5.67
Chile,2018-08-01,Electricity generation,Aggregate fuel,Clean,%,38.18
Chile,2018-08-01,Electricity generation,Aggregate fuel,Fossil,%,61.83
Chile,2018-08-01,Electricity generation,Aggregate fuel,Gas and Other Fossil,%,20.61
Chile,2018-08-01,Electricity generation,Aggregate fuel,"Hydro, Bioenergy and Other Renewables",%,26.73
Chile,2018-08-01,Electricity generation,Aggregate fuel,Renewables,%,38.18
Chile,2018-08-01,Electricity generation,Aggregate fuel,Wind and Solar,%,11.45
Chile,2018-08-01,Electricity generation,Fuel,Bioenergy,%,3.21
Chile,2018-08-01,Electricity generation,Fuel,Coal,%,41.22
Chile,2018-08-01,Electricity generation,Fuel,Gas,%,18.78
Chile,2018-08-01,Electricity generation,Fuel,Hydro,%,23.21
Chile,2018-08-01,Electricity generation,Fuel,Other Fossil,%,1.83
Chile,2018-08-01,Electricity generation,Fuel,Other Renewables,%,0.31
Chile,2018-08-01,Electricity generation,Fuel,Solar,%,6.26
Chile,2018-08-01,Electricity generation,Fuel,Wind,%,5.19
Chile,2018-09-01,Electricity generation,Aggregate fuel,Clean,%,43.66
Chile,2018-09-01,Electricity generation,Aggregate fuel,Fossil,%,56.35
Chile,2018-09-01,Electricity generation,Aggregate fuel,Gas and Other Fossil,%,14.5
Chile,2018-09-01,Electricity generation,Aggregate fuel,"Hydro, Bioenergy and Other Renewables",%,29.32
Chile,2018-09-01,Electricity generation,Aggregate fuel,Renewables,%,43.66
Chile,2018-09-01,Electricity generation,Aggregate fuel,Wind and Solar,%,14.34
Chile,2018-09-01,Electricity generation,Fuel,Bioenergy,%,3.29
Chile,2018-09-01,Electricity generation,Fuel,Coal,%,41.85
Chile,2018-09-01,Electricity generation,Fuel,Gas,%,13.51
Chile,2018-09-01,Electricity generation,Fuel,Hydro,%,25.7
Chile,2018-09-01,Electricity generation,Fuel,Other Fossil,%,0.99
Chile,2018-09-01,Electricity generation,Fuel,Other Renewables,%,0.33
Chile,2018-09-01,Electricity generation,Fuel,Solar,%,7.91
Chile,2018-09-01,Electricity generation,Fuel,Wind,%,6.43
Chile,2018-10-01,Electricity generation,Aggregate fuel,Clean,%,61.53
Chile,2018-10-01,Electricity generation,Aggregate fuel,Fossil,%,38.46
Chile,2018-10-01,Electricity generation,Aggregate fuel,Gas and Other Fossil,%,8.95
Chile,2018-10-01,Electricity generation,Aggregate fuel,"Hydro, Bioenergy and Other Renewables",%,45.99
Chile,2018-10-01,Electricity generation,Aggregate fuel,Renewables,%,61.53
Chile,2018-10-01,Electricity generation,Aggregate fuel,Wind and Solar,%,15.54
Chile,2018-10-01,Electricity generation,Fuel,Bioenergy,%,2.67
Chile,2018-10-01,Electricity generation,Fuel,Coal,%,29.51
Chile,2018-10-01,Electricity generation,Fuel,Gas,%,8.01
Chile,2018-10-01,Electricity generation,Fuel,Hydro,%,43.01
Chile,2018-10-01,Electricity generation,Fuel,Other Fossil,%,0.94
Chile,2018-10-01,Electricity generation,Fuel,Other Renewables,%,0.31
Chile,2018-10-01,Electricity generation,Fuel,Solar,%,8.79
Chile,2018-10-01,Electricity generation,Fuel,Wind,%,6.75
Chile,2018-11-01,Electricity generation,Aggregate fuel,Clean,%,64.35
Chile,2018-11-01,Electricity generation,Aggregate fuel,Fossil,%,35.66
Chile,2018-11-01,Electricity generation,Aggregate fuel,Gas and Other Fossil,%,9.83
Chile,2018-11-01,Electricity generation,Aggregate fuel,"Hydro, Bioenergy and Other Renewables",%,48.34
Chile,2018-11-01,Electricity generation,Aggregate fuel,Renewables,%,64.35
Chile,2018-11-01,Electricity generation,Aggregate fuel,Wind and Solar,%,16.01
Chile,2018-11-01,Electricity generation,Fuel,Bioenergy,%,1.9
Chile,2018-11-01,Electricity generation,Fuel,Coal,%,25.83
Chile,2018-11-01,Electricity generation,Fuel,Gas,%,8.56
Chile,2018-11-01,Electricity generation,Fuel,Hydro,%,46.12
Chile,2018-11-01,Electricity generation,Fuel,Other Fossil,%,1.27
Chile,2018-11-01,Electricity generation,Fuel,Other Renewables,%,0.32
Chile,2018-11-01,Electricity generation,Fuel,Solar,%,9.67
Chile,2018-11-01,Electricity generation,Fuel,Wind,%,6.34
Chile,2018-12-01,Electricity generation,Aggregate fuel,Clean,%,55.37
Chile,2018-12-01,Electricity generation,Aggregate fuel,Fossil,%,44.63
Chile,2018-12-01,Electricity generation,Aggregate fuel,Gas and Other Fossil,%,13.03
Chile,2018-12-01,Electricity generation,Aggregate fuel,"Hydro, Bioenergy and Other Renewables",%,39.73
Chile,2018-12-01,Electricity generation,Aggregate fuel,Renewables,%,55.37
Chile,2018-12-01,Electricity generation,Aggregate fuel,Wind and Solar,%,15.64
Chile,2018-12-01,Electricity generation,Fuel,Bioenergy,%,2.3
Chile,2018-12-01,Electricity generation,Fuel,Coal,%,31.6
Chile,2018-12-01,Electricity generation,Fuel,Gas,%,11.96
Chile,2018-12-01,Electricity generation,Fuel,Hydro,%,37.12
Chile,2018-12-01,Electricity generation,Fuel,Other Fossil,%,1.07
Chile,2018-12-01,Electricity generation,Fuel,Other Renewables,%,0.31
Chile,2018-12-01,Electricity generation,Fuel,Solar,%,9.66
Chile,2018-12-01,Electricity generation,Fuel,Wind,%,5.98
Chile,2019-01-01,Electricity generation,Aggregate fuel,Clean,%,49.31
Chile,2019-01-01,Electricity generation,Aggregate fuel,Fossil,%,50.68
Chile,2019-01-01,Electricity generation,Aggregate fuel,Gas and Other Fossil,%,17.65
Chile,2019-01-01,Electricity generation,Aggregate fuel,"Hydro, Bioenergy and Other Renewables",%,35.31
Chile,2019-01-01,Electricity generation,Aggregate fuel,Renewables,%,49.31
Chile,2019-01-01,Electricity generation,Aggregate fuel,Wind and Solar,%,14.0
Chile,2019-01-01,Electricity generation,Fuel,Bioenergy,%,2.13
Chile,2019-01-01,Electricity generation,Fuel,Coal,%,33.03
Chile,2019-01-01,Electricity generation,Fuel,Gas,%,16.74
Chile,2019-01-01,Electricity generation,Fuel,Hydro,%,32.88
Chile,2019-01-01,Electricity generation,Fuel,Other Fossil,%,0.91
Chile,2019-01-01,Electricity generation,Fuel,Other Renewables,%,0.3
Chile,2019-01-01,Electricity generation,Fuel,Solar,%,9.13
Chile,2019-01-01,Electricity generation,Fuel,Wind,%,4.87
Chile,2019-02-01,Electricity generation,Aggregate fuel,Clean,%,42.53
Chile,2019-02-01,Electricity generation,Aggregate fuel,Fossil,%,57.47
Chile,2019-02-01,Electricity generation,Aggregate fuel,Gas and Other Fossil,%,23.25
Chile,2019-02-01,Electricity generation,Aggregate fuel,"Hydro, Bioenergy and Other Renewables",%,29.74
Chile,2019-02-01,Electricity generation,Aggregate fuel,Renewables,%,42.53
Chile,2019-02-01,Electricity generation,Aggregate fuel,Wind and Solar,%,12.79
Chile,2019-02-01,Electricity generation,Fuel,Bioenergy,%,2.33
Chile,2019-02-01,Electricity generation,Fuel,Coal,%,34.22
Chile,2019-02-01,Electricity generation,Fuel,Gas,%,21.59
Chile,2019-02-01,Electricity generation,Fuel,Hydro,%,27.08
Chile,2019-02-01,Electricity generation,Fuel,Other Fossil,%,1.66
Chile,2019-02-01,Electricity generation,Fuel,Other Renewables,%,0.33
Chile,2019-02-01,Electricity generation,Fuel,Solar,%,8.64
Chile,2019-02-01,Electricity generation,Fuel,Wind,%,4.15
Chile,2019-03-01,Electricity generation,Aggregate fuel,Clean,%,38.46
Chile,2019-03-01,Electricity generation,Aggregate fuel,Fossil,%,61.54
Chile,2019-03-01,Electricity generation,Aggregate fuel,Gas and Other Fossil,%,24.89
Chile,2019-03-01,Electricity generation,Aggregate fuel,"Hydro, Bioenergy and Other Renewables",%,25.33
Chile,2019-03-01,Electricity generation,Aggregate fuel,Renewables,%,38.46
Chile,2019-03-01,Electricity generation,Aggregate fuel,Wind and Solar,%,13.13
Chile,2019-03-01,Electricity generation,Fuel,Bioenergy,%,2.56
Chile,2019-03-01,Electricity generation,Fuel,Coal,%,36.65
Chile,2019-03-01,Electricity generation,Fuel,Gas,%,23.23
Chile,2019-03-01,Electricity generation,Fuel,Hydro,%,22.47
Chile,2019-03-01,Electricity generation,Fuel,Other Fossil,%,1.66
Chile,2019-03-01,Electricity generation,Fuel,Other Renewables,%,0.3
Chile,2019-03-01,Electricity generation,Fuel,Solar,%,8.3
Chile,2019-03-01,Electricity generation,Fuel,Wind,%,4.83
Chile,2019-04-01,Electricity generation,Aggregate fuel,Clean,%,35.86
Chile,2019-04-01,Electricity generation,Aggregate fuel,Fossil,%,64.14
Chile,2019-04-01,Electricity generation,Aggregate fuel,Gas and Other Fossil,%,27.14
Chile,2019-04-01,Electricity generation,Aggregate fuel,"Hydro, Bioenergy and Other Renewables",%,24.39
Chile,2019-04-01,Electricity generation,Aggregate fuel,Renewables,%,35.86
Chile,2019-04-01,Electricity generation,Aggregate fuel,Wind and Solar,%,11.47
Chile,2019-04-01,Electricity generation,Fuel,Bioenergy,%,3.07
Chile,2019-04-01,Electricity generation,Fuel,Coal,%,37.0
Chile,2019-04-01,Electricity generation,Fuel,Gas,%,25.69
Chile,2019-04-01,Electricity generation,Fuel,Hydro,%,21.0
Chile,2019-04-01,Electricity generation,Fuel,Other Fossil,%,1.45
Chile,2019-04-01,Electricity generation,Fuel,Other Renewables,%,0.32
Chile,2019-04-01,Electricity generation,Fuel,Solar,%,7.11
Chile,2019-04-01,Electricity generation,Fuel,Wind,%,4.36
Chile,2019-05-01,Electricity generation,Aggregate fuel,Clean,%,35.95
Chile,2019-05-01,Electricity generation,Aggregate fuel,Fossil,%,64.03
Chile,2019-05-01,Electricity generation,Aggregate fuel,Gas and Other Fossil,%,22.76
Chile,2019-05-01,Electricity generation,Aggregate fuel,"Hydro, Bioenergy and Other Renewables",%,25.18
Chile,2019-05-01,Electricity generation,Aggregate fuel,Renewables,%,35.95
Chile,2019-05-01,Electricity generation,Aggregate fuel,Wind and Solar,%,10.77
Chile,2019-05-01,Electricity generation,Fuel,Bioenergy,%,2.88
Chile,2019-05-01,Electricity generation,Fuel,Coal,%,41.27
Chile,2019-05-01,Electricity generation,Fuel,Gas,%,21.24
Chile,2019-05-01,Electricity generation,Fuel,Hydro,%,22.0
Chile,2019-05-01,Electricity generation,Fuel,Other Fossil,%,1.52
Chile,2019-05-01,Electricity generation,Fuel,Other Renewables,%,0.3
Chile,2019-05-01,Electricity generation,Fuel,Solar,%,5.61
Chile,2019-05-01,Electricity generation,Fuel,Wind,%,5.16
Chile,2019-06-01,Electricity generation,Aggregate fuel,Clean,%,40.09
Chile,2019-06-01,Electricity generation,Aggregate fuel,Fossil,%,59.91
Chile,2019-06-01,Electricity generation,Aggregate fuel,Gas and Other Fossil,%,19.51
Chile,2019-06-01,Electricity generation,Aggregate fuel,"Hydro, Bioenergy and Other Renewables",%,27.8
Chile,2019-06-01,Electricity generation,Aggregate fuel,Renewables,%,40.09
Chile,2019-06-01,Electricity generation,Aggregate fuel,Wind and Solar,%,12.29
Chile,2019-06-01,Electricity generation,Fuel,Bioenergy,%,2.61
Chile,2019-06-01,Electricity generation,Fuel,Coal,%,40.4
Chile,2019-06-01,Electricity generation,Fuel,Gas,%,18.43
Chile,2019-06-01,Electricity generation,Fuel,Hydro,%,24.88
Chile,2019-06-01,Electricity generation,Fuel,Other Fossil,%,1.08
Chile,2019-06-01,Electricity generation,Fuel,Other Renewables,%,0.31
Chile,2019-06-01,Electricity generation,Fuel,Solar,%,5.53
Chile,2019-06-01,Electricity generation,Fuel,Wind,%,6.76
Chile,2019-07-01,Electricity generation,Aggregate fuel,Clean,%,38.56
Chile,2019-07-01,Electricity generation,Aggregate fuel,Fossil,%,61.44
Chile,2019-07-01,Electricity generation,Aggregate fuel,Gas and Other Fossil,%,23.32
Chile,2019-07-01,Electricity generation,Aggregate fuel,"Hydro, Bioenergy and Other Renewables",%,25.8
Chile,2019-07-01,Electricity generation,Aggregate fuel,Renewables,%,38.56
Chile,2019-07-01,Electricity generation,Aggregate fuel,Wind and Solar,%,12.76
Chile,2019-07-01,Electricity generation,Fuel,Bioenergy,%,2.2
Chile,2019-07-01,Electricity generation,Fuel,Coal,%,38.12
Chile,2019-07-01,Electricity generation,Fuel,Gas,%,22.29
Chile,2019-07-01,Electricity generation,Fuel,Hydro,%,23.31
Chile,2019-07-01,Electricity generation,Fuel,Other Fossil,%,1.03
Chile,2019-07-01,Electricity generation,Fuel,Other Renewables,%,0.29
Chile,2019-07-01,Electricity generation,Fuel,Solar,%,5.87
Chile,2019-07-01,Electricity generation,Fuel,Wind,%,6.89
Chile,2019-08-01,Electricity generation,Aggregate fuel,Clean,%,47.58
Chile,2019-08-01,Electricity generation,Aggregate fuel,Fossil,%,52.43
Chile,2019-08-01,Electricity generation,Aggregate fuel,Gas and Other Fossil,%,16.67
Chile,2019-08-01,Electricity generation,Aggregate fuel,"Hydro, Bioenergy and Other Renewables",%,32.27
Chile,2019-08-01,Electricity generation,Aggregate fuel,Renewables,%,47.58
Chile,2019-08-01,Electricity generation,Aggregate fuel,Wind and Solar,%,15.31
Chile,2019-08-01,Electricity generation,Fuel,Bioenergy,%,2.27
Chile,2019-08-01,Electricity generation,Fuel,Coal,%,35.76
Chile,2019-08-01,Electricity generation,Fuel,Gas,%,15.76
Chile,2019-08-01,Electricity generation,Fuel,Hydro,%,29.7
Chile,2019-08-01,Electricity generation,Fuel,Other Fossil,%,0.91
Chile,2019-08-01,Electricity generation,Fuel,Other Renewables,%,0.3
Chile,2019-08-01,Electricity generation,Fuel,Solar,%,7.58
Chile,2019-08-01,Electricity generation,Fuel,Wind,%,7.73
Chile,2019-09-01,Electricity generation,Aggregate fuel,Clean,%,46.73
Chile,2019-09-01,Electricity generation,Aggregate fuel,Fossil,%,53.28
Chile,2019-09-01,Electricity generation,Aggregate fuel,Gas and Other Fossil,%,15.41
Chile,2019-09-01,Electricity generation,Aggregate fuel,"Hydro, Bioenergy and Other Renewables",%,31.48
Chile,2019-09-01,Electricity generation,Aggregate fuel,Renewables,%,46.73
Chile,2019-09-01,Electricity generation,Aggregate fuel,Wind and Solar,%,15.25
Chile,2019-09-01,Electricity generation,Fuel,Bioenergy,%,2.3
Chile,2019-09-01,Electricity generation,Fuel,Coal,%,37.87
Chile,2019-09-01,Electricity generation,Fuel,Gas,%,14.75
Chile,2019-09-01,Electricity generation,Fuel,Hydro,%,29.02
Chile,2019-09-01,Electricity generation,Fuel,Other Fossil,%,0.66
Chile,2019-09-01,Electricity generation,Fuel,Other Renewables,%,0.16
Chile,2019-09-01,Electricity generation,Fuel,Solar,%,9.18
Chile,2019-09-01,Electricity generation,Fuel,Wind,%,6.07
Chile,2019-10-01,Electricity generation,Aggregate fuel,Clean,%,52.64
Chile,2019-10-01,Electricity generation,Aggregate fuel,Fossil,%,47.36
Chile,2019-10-01,Electricity generation,Aggregate fuel,Gas and Other Fossil,%,14.08
Chile,2019-10-01,Electricity generation,Aggregate fuel,"Hydro, Bioenergy and Other Renewables",%,33.92
Chile,2019-10-01,Electricity generation,Aggregate fuel,Renewables,%,52.64
Chile,2019-10-01,Electricity generation,Aggregate fuel,Wind and Solar,%,18.72
Chile,2019-10-01,Electricity generation,Fuel,Bioenergy,%,2.08
Chile,2019-10-01,Electricity generation,Fuel,Coal,%,33.28
Chile,2019-10-01,Electricity generation,Fuel,Gas,%,13.44
Chile,2019-10-01,Electricity generation,Fuel,Hydro,%,31.68
Chile,2019-10-01,Electricity generation,Fuel,Other Fossil,%,0.64
Chile,2019-10-01,Electricity generation,Fuel,Other Renewables,%,0.16
Chile,2019-10-01,Electricity generation,Fuel,Solar,%,10.4
Chile,2019-10-01,Electricity generation,Fuel,Wind,%,8.32
Chile,2019-11-01,Electricity generation,Aggregate fuel,Clean,%,52.31
Chile,2019-11-01,Electricity generation,Aggregate fuel,Fossil,%,47.71
Chile,2019-11-01,Electricity generation,Aggregate fuel,Gas and Other Fossil,%,13.16
Chile,2019-11-01,Electricity generation,Aggregate fuel,"Hydro, Bioenergy and Other Renewables",%,33.76
Chile,2019-11-01,Electricity generation,Aggregate fuel,Renewables,%,52.31
Chile,2019-11-01,Electricity generation,Aggregate fuel,Wind and Solar,%,18.55
Chile,2019-11-01,Electricity generation,Fuel,Bioenergy,%,1.74
Chile,2019-11-01,Electricity generation,Fuel,Coal,%,34.55
Chile,2019-11-01,Electricity generation,Fuel,Gas,%,12.68
Chile,2019-11-01,Electricity generation,Fuel,Hydro,%,31.7
Chile,2019-11-01,Electricity generation,Fuel,Other Fossil,%,0.48
Chile,2019-11-01,Electricity generation,Fuel,Other Renewables,%,0.32
Chile,2019-11-01,Electricity generation,Fuel,Solar,%,10.94
Chile,2019-11-01,Electricity generation,Fuel,Wind,%,7.61
Chile,2019-12-01,Electricity generation,Aggregate fuel,Clean,%,48.3
Chile,2019-12-01,Electricity generation,Aggregate fuel,Fossil,%,51.7
Chile,2019-12-01,Electricity generation,Aggregate fuel,Gas and Other Fossil,%,14.14
Chile,2019-12-01,Electricity generation,Aggregate fuel,"Hydro, Bioenergy and Other Renewables",%,29.89
Chile,2019-12-01,Electricity generation,Aggregate fuel,Renewables,%,48.3
Chile,2019-12-01,Electricity generation,Aggregate fuel,Wind and Solar,%,18.41
Chile,2019-12-01,Electricity generation,Fuel,Bioenergy,%,2.06
Chile,2019-12-01,Electricity generation,Fuel,Coal,%,37.56
Chile,2019-12-01,Electricity generation,Fuel,Gas,%,13.4
Chile,2019-12-01,Electricity generation,Fuel,Hydro,%,27.54
Chile,2019-12-01,Electricity generation,Fuel,Other Fossil,%,0.74
Chile,2019-12-01,Electricity generation,Fuel,Other Renewables,%,0.29
Chile,2019-12-01,Electricity generation,Fuel,Solar,%,10.9
Chile,2019-12-01,Electricity generation,Fuel,Wind,%,7.51
Chile,2020-01-01,Electricity generation,Aggregate fuel,Clean,%,47.57
Chile,2020-01-01,Electricity generation,Aggregate fuel,Fossil,%,52.42
Chile,2020-01-01,Electricity generation,Aggregate fuel,Gas and Other Fossil,%,19.97
Chile,2020-01-01,Electricity generation,Aggregate fuel,"Hydro, Bioenergy and Other Renewables",%,31.71
Chile,2020-01-01,Electricity generation,Aggregate fuel,Renewables,%,47.57
Chile,2020-01-01,Electricity generation,Aggregate fuel,Wind and Solar,%,15.86
Chile,2020-01-01,Electricity generation,Fuel,Bioenergy,%,2.2
Chile,2020-01-01,Electricity generation,Fuel,Coal,%,32.45
Chile,2020-01-01,Electricity generation,Fuel,Gas,%,19.24
Chile,2020-01-01,Electricity generation,Fuel,Hydro,%,29.22
Chile,2020-01-01,Electricity generation,Fuel,Other Fossil,%,0.73
Chile,2020-01-01,Electricity generation,Fuel,Other Renewables,%,0.29
Chile,2020-01-01,Electricity generation,Fuel,Solar,%,9.99
Chile,2020-01-01,Electricity generation,Fuel,Wind,%,5.87
Chile,2020-02-01,Electricity generation,Aggregate fuel,Clean,%,43.49
Chile,2020-02-01,Electricity generation,Aggregate fuel,Fossil,%,56.51
Chile,2020-02-01,Electricity generation,Aggregate fuel,Gas and Other Fossil,%,21.03
Chile,2020-02-01,Electricity generation,Aggregate fuel,"Hydro, Bioenergy and Other Renewables",%,27.63
Chile,2020-02-01,Electricity generation,Aggregate fuel,Renewables,%,43.49
Chile,2020-02-01,Electricity generation,Aggregate fuel,Wind and Solar,%,15.86
Chile,2020-02-01,Electricity generation,Fuel,Bioenergy,%,2.67
Chile,2020-02-01,Electricity generation,Fuel,Coal,%,35.48
Chile,2020-02-01,Electricity generation,Fuel,Gas,%,20.09
Chile,2020-02-01,Electricity generation,Fuel,Hydro,%,24.65
Chile,2020-02-01,Electricity generation,Fuel,Other Fossil,%,0.94
Chile,2020-02-01,Electricity generation,Fuel,Other Renewables,%,0.31
Chile,2020-02-01,Electricity generation,Fuel,Solar,%,9.89
Chile,2020-02-01,Electricity generation,Fuel,Wind,%,5.97
Chile,2020-03-01,Electricity generation,Aggregate fuel,Clean,%,36.69
Chile,2020-03-01,Electricity generation,Aggregate fuel,Fossil,%,63.32
Chile,2020-03-01,Electricity generation,Aggregate fuel,Gas and Other Fossil,%,25.15
Chile,2020-03-01,Electricity generation,Aggregate fuel,"Hydro, Bioenergy and Other Renewables",%,22.04
Chile,2020-03-01,Electricity generation,Aggregate fuel,Renewables,%,36.69
Chile,2020-03-01,Electricity generation,Aggregate fuel,Wind and Solar,%,14.65
Chile,2020-03-01,Electricity generation,Fuel,Bioenergy,%,2.81
Chile,2020-03-01,Electricity generation,Fuel,Coal,%,38.17
Chile,2020-03-01,Electricity generation,Fuel,Gas,%,22.93
Chile,2020-03-01,Electricity generation,Fuel,Hydro,%,18.93
Chile,2020-03-01,Electricity generation,Fuel,Other Fossil,%,2.22
Chile,2020-03-01,Electricity generation,Fuel,Other Renewables,%,0.3
Chile,2020-03-01,Electricity generation,Fuel,Solar,%,9.32
Chile,2020-03-01,Electricity generation,Fuel,Wind,%,5.33
Chile,2020-04-01,Electricity generation,Aggregate fuel,Clean,%,32.14
Chile,2020-04-01,Electricity generation,Aggregate fuel,Fossil,%,67.85
Chile,2020-04-01,Electricity generation,Aggregate fuel,Gas and Other Fossil,%,27.79
Chile,2020-04-01,Electricity generation,Aggregate fuel,"Hydro, Bioenergy and Other Renewables",%,17.77
Chile,2020-04-01,Electricity generation,Aggregate fuel,Renewables,%,32.14
Chile,2020-04-01,Electricity generation,Aggregate fuel,Wind and Solar,%,14.37
Chile,2020-04-01,Electricity generation,Fuel,Bioenergy,%,2.91
Chile,2020-04-01,Electricity generation,Fuel,Coal,%,40.06
Chile,2020-04-01,Electricity generation,Fuel,Gas,%,26.82
Chile,2020-04-01,Electricity generation,Fuel,Hydro,%,14.54
Chile,2020-04-01,Electricity generation,Fuel,Other Fossil,%,0.97
Chile,2020-04-01,Electricity generation,Fuel,Other Renewables,%,0.32
Chile,2020-04-01,Electricity generation,Fuel,Solar,%,8.72
Chile,2020-04-01,Electricity generation,Fuel,Wind,%,5.65
Chile,2020-05-01,Electricity generation,Aggregate fuel,Clean,%,33.28
Chile,2020-05-01,Electricity generation,Aggregate fuel,Fossil,%,66.72
Chile,2020-05-01,Electricity generation,Aggregate fuel,Gas and Other Fossil,%,25.66
Chile,2020-05-01,Electricity generation,Aggregate fuel,"Hydro, Bioenergy and Other Renewables",%,20.53
Chile,2020-05-01,Electricity generation,Aggregate fuel,Renewables,%,33.28
Chile,2020-05-01,Electricity generation,Aggregate fuel,Wind and Solar,%,12.75
Chile,2020-05-01,Electricity generation,Fuel,Bioenergy,%,2.64
Chile,2020-05-01,Electricity generation,Fuel,Coal,%,41.06
Chile,2020-05-01,Electricity generation,Fuel,Gas,%,23.17
Chile,2020-05-01,Electricity generation,Fuel,Hydro,%,17.42
Chile,2020-05-01,Electricity generation,Fuel,Other Fossil,%,2.49
Chile,2020-05-01,Electricity generation,Fuel,Other Renewables,%,0.47
Chile,2020-05-01,Electricity generation,Fuel,Solar,%,7.31
Chile,2020-05-01,Electricity generation,Fuel,Wind,%,5.44
Chile,2020-06-01,Electricity generation,Aggregate fuel,Clean,%,34.27
Chile,2020-06-01,Electricity generation,Aggregate fuel,Fossil,%,65.73
Chile,2020-06-01,Electricity generation,Aggregate fuel,Gas and Other Fossil,%,26.32
Chile,2020-06-01,Electricity generation,Aggregate fuel,"Hydro, Bioenergy and Other Renewables",%,21.18
Chile,2020-06-01,Electricity generation,Aggregate fuel,Renewables,%,34.27
Chile,2020-06-01,Electricity generation,Aggregate fuel,Wind and Solar,%,13.09
Chile,2020-06-01,Electricity generation,Fuel,Bioenergy,%,2.49
Chile,2020-06-01,Electricity generation,Fuel,Coal,%,39.41
Chile,2020-06-01,Electricity generation,Fuel,Gas,%,23.05
Chile,2020-06-01,Electricity generation,Fuel,Hydro,%,18.38
Chile,2020-06-01,Electricity generation,Fuel,Other Fossil,%,3.27
Chile,2020-06-01,Electricity generation,Fuel,Other Renewables,%,0.31
Chile,2020-06-01,Electricity generation,Fuel,Solar,%,5.92
Chile,2020-06-01,Electricity generation,Fuel,Wind,%,7.17
Chile,2020-07-01,Electricity generation,Aggregate fuel,Clean,%,45.44
Chile,2020-07-01,Electricity generation,Aggregate fuel,Fossil,%,54.56
Chile,2020-07-01,Electricity generation,Aggregate fuel,Gas and Other Fossil,%,20.71
Chile,2020-07-01,Electricity generation,Aggregate fuel,"Hydro, Bioenergy and Other Renewables",%,31.53
Chile,2020-07-01,Electricity generation,Aggregate fuel,Renewables,%,45.44
Chile,2020-07-01,Electricity generation,Aggregate fuel,Wind and Solar,%,13.91
Chile,2020-07-01,Electricity generation,Fuel,Bioenergy,%,2.32
Chile,2020-07-01,Electricity generation,Fuel,Coal,%,33.85
Chile,2020-07-01,Electricity generation,Fuel,Gas,%,19.78
Chile,2020-07-01,Electricity generation,Fuel,Hydro,%,29.06
Chile,2020-07-01,Electricity generation,Fuel,Other Fossil,%,0.93
Chile,2020-07-01,Electricity generation,Fuel,Other Renewables,%,0.15
Chile,2020-07-01,Electricity generation,Fuel,Solar,%,7.26
Chile,2020-07-01,Electricity generation,Fuel,Wind,%,6.65
Chile,2020-08-01,Electricity generation,Aggregate fuel,Clean,%,47.21
Chile,2020-08-01,Electricity generation,Aggregate fuel,Fossil,%,52.79
Chile,2020-08-01,Electricity generation,Aggregate fuel,Gas and Other Fossil,%,21.83
Chile,2020-08-01,Electricity generation,Aggregate fuel,"Hydro, Bioenergy and Other Renewables",%,29.1
Chile,2020-08-01,Electricity generation,Aggregate fuel,Renewables,%,47.21
Chile,2020-08-01,Electricity generation,Aggregate fuel,Wind and Solar,%,18.11
Chile,2020-08-01,Electricity generation,Fuel,Bioenergy,%,2.01
Chile,2020-08-01,Electricity generation,Fuel,Coal,%,30.96
Chile,2020-08-01,Electricity generation,Fuel,Gas,%,20.9
Chile,2020-08-01,Electricity generation,Fuel,Hydro,%,26.78
Chile,2020-08-01,Electricity generation,Fuel,Other Fossil,%,0.93
Chile,2020-08-01,Electricity generation,Fuel,Other Renewables,%,0.31
Chile,2020-08-01,Electricity generation,Fuel,Solar,%,8.82
Chile,2020-08-01,Electricity generation,Fuel,Wind,%,9.29
Chile,2020-09-01,Electricity generation,Aggregate fuel,Clean,%,49.11
Chile,2020-09-01,Electricity generation,Aggregate fuel,Fossil,%,50.89
Chile,2020-09-01,Electricity generation,Aggregate fuel,Gas and Other Fossil,%,16.69
Chile,2020-09-01,Electricity generation,Aggregate fuel,"Hydro, Bioenergy and Other Renewables",%,30.63
Chile,2020-09-01,Electricity generation,Aggregate fuel,Renewables,%,49.11
Chile,2020-09-01,Electricity generation,Aggregate fuel,Wind and Solar,%,18.48
Chile,2020-09-01,Electricity generation,Fuel,Bioenergy,%,2.27
Chile,2020-09-01,Electricity generation,Fuel,Coal,%,34.2
Chile,2020-09-01,Electricity generation,Fuel,Gas,%,15.88
Chile,2020-09-01,Electricity generation,Fuel,Hydro,%,28.04
Chile,2020-09-01,Electricity generation,Fuel,Other Fossil,%,0.81
Chile,2020-09-01,Electricity generation,Fuel,Other Renewables,%,0.32
Chile,2020-09-01,Electricity generation,Fuel,Solar,%,10.7
Chile,2020-09-01,Electricity generation,Fuel,Wind,%,7.78
Chile,2020-10-01,Electricity generation,Aggregate fuel,Clean,%,61.39
Chile,2020-10-01,Electricity generation,Aggregate fuel,Fossil,%,38.61
Chile,2020-10-01,Electricity generation,Aggregate fuel,Gas and Other Fossil,%,8.84
Chile,2020-10-01,Electricity generation,Aggregate fuel,"Hydro, Bioenergy and Other Renewables",%,38.6
Chile,2020-10-01,Electricity generation,Aggregate fuel,Renewables,%,61.39
Chile,2020-10-01,Electricity generation,Aggregate fuel,Wind and Solar,%,22.79
Chile,2020-10-01,Electricity generation,Fuel,Bioenergy,%,2.17
Chile,2020-10-01,Electricity generation,Fuel,Coal,%,29.77
Chile,2020-10-01,Electricity generation,Fuel,Gas,%,7.75
Chile,2020-10-01,Electricity generation,Fuel,Hydro,%,36.12
Chile,2020-10-01,Electricity generation,Fuel,Other Fossil,%,1.09
Chile,2020-10-01,Electricity generation,Fuel,Other Renewables,%,0.31
Chile,2020-10-01,Electricity generation,Fuel,Solar,%,12.71
Chile,2020-10-01,Electricity generation,Fuel,Wind,%,10.08
Chile,2020-11-01,Electricity generation,Aggregate fuel,Clean,%,64.77
Chile,2020-11-01,Electricity generation,Aggregate fuel,Fossil,%,35.22
Chile,2020-11-01,Electricity generation,Aggregate fuel,Gas and Other Fossil,%,5.03
Chile,2020-11-01,Electricity generation,Aggregate fuel,"Hydro, Bioenergy and Other Renewables",%,42.92
Chile,2020-11-01,Electricity generation,Aggregate fuel,Renewables,%,64.77
Chile,2020-11-01,Electricity generation,Aggregate fuel,Wind and Solar,%,21.85
Chile,2020-11-01,Electricity generation,Fuel,Bioenergy,%,2.36
Chile,2020-11-01,Electricity generation,Fuel,Coal,%,30.19
Chile,2020-11-01,Electricity generation,Fuel,Gas,%,4.09
Chile,2020-11-01,Electricity generation,Fuel,Hydro,%,40.25
Chile,2020-11-01,Electricity generation,Fuel,Other Fossil,%,0.94
Chile,2020-11-01,Electricity generation,Fuel,Other Renewables,%,0.31
Chile,2020-11-01,Electricity generation,Fuel,Solar,%,13.36
Chile,2020-11-01,Electricity generation,Fuel,Wind,%,8.49
Chile,2020-12-01,Electricity generation,Aggregate fuel,Clean,%,58.87
Chile,2020-12-01,Electricity generation,Aggregate fuel,Fossil,%,41.14
Chile,2020-12-01,Electricity generation,Aggregate fuel,Gas and Other Fossil,%,9.74
Chile,2020-12-01,Electricity generation,Aggregate fuel,"Hydro, Bioenergy and Other Renewables",%,37.22
Chile,2020-12-01,Electricity generation,Aggregate fuel,Renewables,%,58.87
Chile,2020-12-01,Electricity generation,Aggregate fuel,Wind and Solar,%,21.65
Chile,2020-12-01,Electricity generation,Fuel,Bioenergy,%,2.33
Chile,2020-12-01,Electricity generation,Fuel,Coal,%,31.4
Chile,2020-12-01,Electricity generation,Fuel,Gas,%,8.43
Chile,2020-12-01,Electricity generation,Fuel,Hydro,%,34.45
Chile,2020-12-01,Electricity generation,Fuel,Other Fossil,%,1.31
Chile,2020-12-01,Electricity generation,Fuel,Other Renewables,%,0.44
Chile,2020-12-01,Electricity generation,Fuel,Solar,%,13.66
Chile,2020-12-01,Electricity generation,Fuel,Wind,%,7.99
Chile,2021-01-01,Electricity generation,Aggregate fuel,Clean,%,51.91
Chile,2021-01-01,Electricity generation,Aggregate fuel,Fossil,%,48.08
Chile,2021-01-01,Electricity generation,Aggregate fuel,Gas and Other Fossil,%,13.27
Chile,2021-01-01,Electricity generation,Aggregate fuel,"Hydro, Bioenergy and Other Renewables",%,30.23
Chile,2021-01-01,Electricity generation,Aggregate fuel,Renewables,%,51.91
Chile,2021-01-01,Electricity generation,Aggregate fuel,Wind and Solar,%,21.68
Chile,2021-01-01,Electricity generation,Fuel,Bioenergy,%,2.36
Chile,2021-01-01,Electricity generation,Fuel,Coal,%,34.81
Chile,2021-01-01,Electricity generation,Fuel,Gas,%,10.62
Chile,2021-01-01,Electricity generation,Fuel,Hydro,%,27.58
Chile,2021-01-01,Electricity generation,Fuel,Other Fossil,%,2.65
Chile,2021-01-01,Electricity generation,Fuel,Other Renewables,%,0.29
Chile,2021-01-01,Electricity generation,Fuel,Solar,%,13.72
Chile,2021-01-01,Electricity generation,Fuel,Wind,%,7.96
Chile,2021-02-01,Electricity generation,Aggregate fuel,Clean,%,43.44
Chile,2021-02-01,Electricity generation,Aggregate fuel,Fossil,%,56.56
Chile,2021-02-01,Electricity generation,Aggregate fuel,Gas and Other Fossil,%,22.04
Chile,2021-02-01,Electricity generation,Aggregate fuel,"Hydro, Bioenergy and Other Renewables",%,23.34
Chile,2021-02-01,Electricity generation,Aggregate fuel,Renewables,%,43.44
Chile,2021-02-01,Electricity generation,Aggregate fuel,Wind and Solar,%,20.1
Chile,2021-02-01,Electricity generation,Fuel,Bioenergy,%,2.27
Chile,2021-02-01,Electricity generation,Fuel,Coal,%,34.52
Chile,2021-02-01,Electricity generation,Fuel,Gas,%,16.37
Chile,2021-02-01,Electricity generation,Fuel,Hydro,%,20.75
Chile,2021-02-01,Electricity generation,Fuel,Other Fossil,%,5.67
Chile,2021-02-01,Electricity generation,Fuel,Other Renewables,%,0.32
Chile,2021-02-01,Electricity generation,Fuel,Solar,%,13.13
Chile,2021-02-01,Electricity generation,Fuel,Wind,%,6.97
Chile,2021-03-01,Electricity generation,Aggregate fuel,Clean,%,39.25
Chile,2021-03-01,Electricity generation,Aggregate fuel,Fossil,%,60.74
Chile,2021-03-01,Electricity generation,Aggregate fuel,Gas and Other Fossil,%,22.92
Chile,2021-03-01,Electricity generation,Aggregate fuel,"Hydro, Bioenergy and Other Renewables",%,20.34
Chile,2021-03-01,Electricity generation,Aggregate fuel,Renewables,%,39.25
Chile,2021-03-01,Electricity generation,Aggregate fuel,Wind and Solar,%,18.91
Chile,2021-03-01,Electricity generation,Fuel,Bioenergy,%,2.72
Chile,2021-03-01,Electricity generation,Fuel,Coal,%,37.82
Chile,2021-03-01,Electricity generation,Fuel,Gas,%,19.05
Chile,2021-03-01,Electricity generation,Fuel,Hydro,%,17.19
Chile,2021-03-01,Electricity generation,Fuel,Other Fossil,%,3.87
Chile,2021-03-01,Electricity generation,Fuel,Other Renewables,%,0.43
Chile,2021-03-01,Electricity generation,Fuel,Solar,%,12.03
Chile,2021-03-01,Electricity generation,Fuel,Wind,%,6.88
Chile,2021-04-01,Electricity generation,Aggregate fuel,Clean,%,35.22
Chile,2021-04-01,Electricity generation,Aggregate fuel,Fossil,%,64.78
Chile,2021-04-01,Electricity generation,Aggregate fuel,Gas and Other Fossil,%,26.34
Chile,2021-04-01,Electricity generation,Aggregate fuel,"Hydro, Bioenergy and Other Renewables",%,17.0
Chile,2021-04-01,Electricity generation,Aggregate fuel,Renewables,%,35.22
Chile,2021-04-01,Electricity generation,Aggregate fuel,Wind and Solar,%,18.22
Chile,2021-04-01,Electricity generation,Fuel,Bioenergy,%,2.91
Chile,2021-04-01,Electricity generation,Fuel,Coal,%,38.44
Chile,2021-04-01,Electricity generation,Fuel,Gas,%,24.5
Chile,2021-04-01,Electricity generation,Fuel,Hydro,%,13.63
Chile,2021-04-01,Electricity generation,Fuel,Other Fossil,%,1.84
Chile,2021-04-01,Electricity generation,Fuel,Other Renewables,%,0.46
Chile,2021-04-01,Electricity generation,Fuel,Solar,%,11.18
Chile,2021-04-01,Electricity generation,Fuel,Wind,%,7.04
Chile,2021-05-01,Electricity generation,Aggregate fuel,Clean,%,36.79
Chile,2021-05-01,Electricity generation,Aggregate fuel,Fossil,%,63.22
Chile,2021-05-01,Electricity generation,Aggregate fuel,Gas and Other Fossil,%,24.41
Chile,2021-05-01,Electricity generation,Aggregate fuel,"Hydro, Bioenergy and Other Renewables",%,20.36
Chile,2021-05-01,Electricity generation,Aggregate fuel,Renewables,%,36.79
Chile,2021-05-01,Electricity generation,Aggregate fuel,Wind and Solar,%,16.43
Chile,2021-05-01,Electricity generation,Fuel,Bioenergy,%,2.91
Chile,2021-05-01,Electricity generation,Fuel,Coal,%,38.81
Chile,2021-05-01,Electricity generation,Fuel,Gas,%,22.38
Chile,2021-05-01,Electricity generation,Fuel,Hydro,%,17.01
Chile,2021-05-01,Electricity generation,Fuel,Other Fossil,%,2.03
Chile,2021-05-01,Electricity generation,Fuel,Other Renewables,%,0.44
Chile,2021-05-01,Electricity generation,Fuel,Solar,%,9.16
Chile,2021-05-01,Electricity generation,Fuel,Wind,%,7.27
Chile,2021-06-01,Electricity generation,Aggregate fuel,Clean,%,43.95
Chile,2021-06-01,Electricity generation,Aggregate fuel,Fossil,%,56.04
Chile,2021-06-01,Electricity generation,Aggregate fuel,Gas and Other Fossil,%,17.99
Chile,2021-06-01,Electricity generation,Aggregate fuel,"Hydro, Bioenergy and Other Renewables",%,27.43
Chile,2021-06-01,Electricity generation,Aggregate fuel,Renewables,%,43.95
Chile,2021-06-01,Electricity generation,Aggregate fuel,Wind and Solar,%,16.52
Chile,2021-06-01,Electricity generation,Fuel,Bioenergy,%,2.36
Chile,2021-06-01,Electricity generation,Fuel,Coal,%,38.05
Chile,2021-06-01,Electricity generation,Fuel,Gas,%,16.37
Chile,2021-06-01,Electricity generation,Fuel,Hydro,%,24.63
Chile,2021-06-01,Electricity generation,Fuel,Other Fossil,%,1.62
Chile,2021-06-01,Electricity generation,Fuel,Other Renewables,%,0.44
Chile,2021-06-01,Electricity generation,Fuel,Solar,%,8.7
Chile,2021-06-01,Electricity generation,Fuel,Wind,%,7.82
Chile,2021-07-01,Electricity generation,Aggregate fuel,Clean,%,35.9
Chile,2021-07-01,Electricity generation,Aggregate fuel,Fossil,%,64.09
Chile,2021-07-01,Electricity generation,Aggregate fuel,Gas and Other Fossil,%,24.4
Chile,2021-07-01,Electricity generation,Aggregate fuel,"Hydro, Bioenergy and Other Renewables",%,18.37
Chile,2021-07-01,Electricity generation,Aggregate fuel,Renewables,%,35.9
Chile,2021-07-01,Electricity generation,Aggregate fuel,Wind and Solar,%,17.53
Chile,2021-07-01,Electricity generation,Fuel,Bioenergy,%,2.38
Chile,2021-07-01,Electricity generation,Fuel,Coal,%,39.69
Chile,2021-07-01,Electricity generation,Fuel,Gas,%,18.37
Chile,2021-07-01,Electricity generation,Fuel,Hydro,%,15.57
Chile,2021-07-01,Electricity generation,Fuel,Other Fossil,%,6.03
Chile,2021-07-01,Electricity generation,Fuel,Other Renewables,%,0.42
Chile,2021-07-01,Electricity generation,Fuel,Solar,%,9.4
Chile,2021-07-01,Electricity generation,Fuel,Wind,%,8.13
Chile,2021-08-01,Electricity generation,Aggregate fuel,Clean,%,39.94
Chile,2021-08-01,Electricity generation,Aggregate fuel,Fossil,%,60.05
Chile,2021-08-01,Electricity generation,Aggregate fuel,Gas and Other Fossil,%,28.04
Chile,2021-08-01,Electricity generation,Aggregate fuel,"Hydro, Bioenergy and Other Renewables",%,19.12
Chile,2021-08-01,Electricity generation,Aggregate fuel,Renewables,%,39.94
Chile,2021-08-01,Electricity generation,Aggregate fuel,Wind and Solar,%,20.82
Chile,2021-08-01,Electricity generation,Fuel,Bioenergy,%,2.41
Chile,2021-08-01,Electricity generation,Fuel,Coal,%,32.01
Chile,2021-08-01,Electricity generation,Fuel,Gas,%,21.81
Chile,2021-08-01,Electricity generation,Fuel,Hydro,%,16.29
Chile,2021-08-01,Electricity generation,Fuel,Other Fossil,%,6.23
Chile,2021-08-01,Electricity generation,Fuel,Other Renewables,%,0.42
Chile,2021-08-01,Electricity generation,Fuel,Solar,%,11.47
Chile,2021-08-01,Electricity generation,Fuel,Wind,%,9.35
Chile,2021-09-01,Electricity generation,Aggregate fuel,Clean,%,50.08
Chile,2021-09-01,Electricity generation,Aggregate fuel,Fossil,%,49.92
Chile,2021-09-01,Electricity generation,Aggregate fuel,Gas and Other Fossil,%,18.47
Chile,2021-09-01,Electricity generation,Aggregate fuel,"Hydro, Bioenergy and Other Renewables",%,23.51
Chile,2021-09-01,Electricity generation,Aggregate fuel,Renewables,%,50.08
Chile,2021-09-01,Electricity generation,Aggregate fuel,Wind and Solar,%,26.57
Chile,2021-09-01,Electricity generation,Fuel,Bioenergy,%,2.29
Chile,2021-09-01,Electricity generation,Fuel,Coal,%,31.45
Chile,2021-09-01,Electricity generation,Fuel,Gas,%,17.1
Chile,2021-09-01,Electricity generation,Fuel,Hydro,%,20.76
Chile,2021-09-01,Electricity generation,Fuel,Other Fossil,%,1.37
Chile,2021-09-01,Electricity generation,Fuel,Other Renewables,%,0.46
Chile,2021-09-01,Electricity generation,Fuel,Solar,%,14.81
Chile,2021-09-01,Electricity generation,Fuel,Wind,%,11.76
Chile,2021-10-01,Electricity generation,Aggregate fuel,Clean,%,54.11
Chile,2021-10-01,Electricity generation,Aggregate fuel,Fossil,%,45.89
Chile,2021-10-01,Electricity generation,Aggregate fuel,Gas and Other Fossil,%,18.18
Chile,2021-10-01,Electricity generation,Aggregate fuel,"Hydro, Bioenergy and Other Renewables",%,24.78
Chile,2021-10-01,Electricity generation,Aggregate fuel,Renewables,%,54.11
Chile,2021-10-01,Electricity generation,Aggregate fuel,Wind and Solar,%,29.33
Chile,2021-10-01,Electricity generation,Fuel,Bioenergy,%,2.2
Chile,2021-10-01,Electricity generation,Fuel,Coal,%,27.71
Chile,2021-10-01,Electricity generation,Fuel,Gas,%,16.57
Chile,2021-10-01,Electricity generation,Fuel,Hydro,%,22.14
Chile,2021-10-01,Electricity generation,Fuel,Other Fossil,%,1.61
Chile,2021-10-01,Electricity generation,Fuel,Other Renewables,%,0.44
Chile,2021-10-01,Electricity generation,Fuel,Solar,%,17.6
Chile,2021-10-01,Electricity generation,Fuel,Wind,%,11.73
Chile,2021-11-01,Electricity generation,Aggregate fuel,Clean,%,57.51
Chile,2021-11-01,Electricity generation,Aggregate fuel,Fossil,%,42.49
Chile,2021-11-01,Electricity generation,Aggregate fuel,Gas and Other Fossil,%,16.04
Chile,2021-11-01,Electricity generation,Aggregate fuel,"Hydro, Bioenergy and Other Renewables",%,26.75
Chile,2021-11-01,Electricity generation,Aggregate fuel,Renewables,%,57.51
Chile,2021-11-01,Electricity generation,Aggregate fuel,Wind and Solar,%,30.76
Chile,2021-11-01,Electricity generation,Fuel,Bioenergy,%,2.38
Chile,2021-11-01,Electricity generation,Fuel,Coal,%,26.45
Chile,2021-11-01,Electricity generation,Fuel,Gas,%,14.41
Chile,2021-11-01,Electricity generation,Fuel,Hydro,%,23.92
Chile,2021-11-01,Electricity generation,Fuel,Other Fossil,%,1.63
Chile,2021-11-01,Electricity generation,Fuel,Other Renewables,%,0.45
Chile,2021-11-01,Electricity generation,Fuel,Solar,%,19.47
Chile,2021-11-01,Electricity generation,Fuel,Wind,%,11.29
Chile,2021-12-01,Electricity generation,Aggregate fuel,Clean,%,54.97
Chile,2021-12-01,Electricity generation,Aggregate fuel,Fossil,%,45.03
Chile,2021-12-01,Electricity generation,Aggregate fuel,Gas and Other Fossil,%,17.62
Chile,2021-12-01,Electricity generation,Aggregate fuel,"Hydro, Bioenergy and Other Renewables",%,26.44
Chile,2021-12-01,Electricity generation,Aggregate fuel,Renewables,%,54.97
Chile,2021-12-01,Electricity generation,Aggregate fuel,Wind and Solar,%,28.53
Chile,2021-12-01,Electricity generation,Fuel,Bioenergy,%,2.52
Chile,2021-12-01,Electricity generation,Fuel,Coal,%,27.41
Chile,2021-12-01,Electricity generation,Fuel,Gas,%,15.24
Chile,2021-12-01,Electricity generation,Fuel,Hydro,%,23.5
Chile,2021-12-01,Electricity generation,Fuel,Other Fossil,%,2.38
Chile,2021-12-01,Electricity generation,Fuel,Other Renewables,%,0.42
Chile,2021-12-01,Electricity generation,Fuel,Solar,%,18.18
Chile,2021-12-01,Electricity generation,Fuel,Wind,%,10.35
Chile,2022-01-01,Electricity generation,Aggregate fuel,Clean,%,55.79
Chile,2022-01-01,Electricity generation,Aggregate fuel,Fossil,%,44.23
Chile,2022-01-01,Electricity generation,Aggregate fuel,Gas and Other Fossil,%,19.55
Chile,2022-01-01,Electricity generation,Aggregate fuel,"Hydro, Bioenergy and Other Renewables",%,24.97
Chile,2022-01-01,Electricity generation,Aggregate fuel,Renewables,%,55.79
Chile,2022-01-01,Electricity generation,Aggregate fuel,Wind and Solar,%,30.82
Chile,2022-01-01,Electricity generation,Fuel,Bioenergy,%,2.43
Chile,2022-01-01,Electricity generation,Fuel,Coal,%,24.68
Chile,2022-01-01,Electricity generation,Fuel,Gas,%,17.12
Chile,2022-01-01,Electricity generation,Fuel,Hydro,%,21.83
Chile,2022-01-01,Electricity generation,Fuel,Other Fossil,%,2.43
Chile,2022-01-01,Electricity generation,Fuel,Other Renewables,%,0.71
Chile,2022-01-01,Electricity generation,Fuel,Solar,%,19.12
Chile,2022-01-01,Electricity generation,Fuel,Wind,%,11.7
Chile,2022-02-01,Electricity generation,Aggregate fuel,Clean,%,52.49
Chile,2022-02-01,Electricity generation,Aggregate fuel,Fossil,%,47.51
Chile,2022-02-01,Electricity generation,Aggregate fuel,Gas and Other Fossil,%,21.34
Chile,2022-02-01,Electricity generation,Aggregate fuel,"Hydro, Bioenergy and Other Renewables",%,22.43
Chile,2022-02-01,Electricity generation,Aggregate fuel,Renewables,%,52.49
Chile,2022-02-01,Electricity generation,Aggregate fuel,Wind and Solar,%,30.06
Chile,2022-02-01,Electricity generation,Fuel,Bioenergy,%,2.65
Chile,2022-02-01,Electricity generation,Fuel,Coal,%,26.17
Chile,2022-02-01,Electricity generation,Fuel,Gas,%,19.0
Chile,2022-02-01,Electricity generation,Fuel,Hydro,%,19.16
Chile,2022-02-01,Electricity generation,Fuel,Other Fossil,%,2.34
Chile,2022-02-01,Electricity generation,Fuel,Other Renewables,%,0.62
Chile,2022-02-01,Electricity generation,Fuel,Solar,%,19.47
Chile,2022-02-01,Electricity generation,Fuel,Wind,%,10.59
Chile,2022-03-01,Electricity generation,Aggregate fuel,Clean,%,46.84
Chile,2022-03-01,Electricity generation,Aggregate fuel,Fossil,%,53.15
Chile,2022-03-01,Electricity generation,Aggregate fuel,Gas and Other Fossil,%,22.86
Chile,2022-03-01,Electricity generation,Aggregate fuel,"Hydro, Bioenergy and Other Renewables",%,18.65
Chile,2022-03-01,Electricity generation,Aggregate fuel,Renewables,%,46.84
Chile,2022-03-01,Electricity generation,Aggregate fuel,Wind and Solar,%,28.19
Chile,2022-03-01,Electricity generation,Fuel,Bioenergy,%,2.38
Chile,2022-03-01,Electricity generation,Fuel,Coal,%,30.29
Chile,2022-03-01,Electricity generation,Fuel,Gas,%,20.9
Chile,2022-03-01,Electricity generation,Fuel,Hydro,%,15.71
Chile,2022-03-01,Electricity generation,Fuel,Other Fossil,%,1.96
Chile,2022-03-01,Electricity generation,Fuel,Other Renewables,%,0.56
Chile,2022-03-01,Electricity generation,Fuel,Solar,%,17.81
Chile,2022-03-01,Electricity generation,Fuel,Wind,%,10.38
Chile,2022-04-01,Electricity generation,Aggregate fuel,Clean,%,43.74
Chile,2022-04-01,Electricity generation,Aggregate fuel,Fossil,%,56.27
Chile,2022-04-01,Electricity generation,Aggregate fuel,Gas and Other Fossil,%,27.76
Chile,2022-04-01,Electricity generation,Aggregate fuel,"Hydro, Bioenergy and Other Renewables",%,17.19
Chile,2022-04-01,Electricity generation,Aggregate fuel,Renewables,%,43.74
Chile,2022-04-01,Electricity generation,Aggregate fuel,Wind and Solar,%,26.55
Chile,2022-04-01,Electricity generation,Fuel,Bioenergy,%,2.71
Chile,2022-04-01,Electricity generation,Fuel,Coal,%,28.51
Chile,2022-04-01,Electricity generation,Fuel,Gas,%,22.93
Chile,2022-04-01,Electricity generation,Fuel,Hydro,%,13.88
Chile,2022-04-01,Electricity generation,Fuel,Other Fossil,%,4.83
Chile,2022-04-01,Electricity generation,Fuel,Other Renewables,%,0.6
Chile,2022-04-01,Electricity generation,Fuel,Solar,%,16.29
Chile,2022-04-01,Electricity generation,Fuel,Wind,%,10.26
Chile,2022-05-01,Electricity generation,Aggregate fuel,Clean,%,44.76
Chile,2022-05-01,Electricity generation,Aggregate fuel,Fossil,%,55.25
Chile,2022-05-01,Electricity generation,Aggregate fuel,Gas and Other Fossil,%,25.32
Chile,2022-05-01,Electricity generation,Aggregate fuel,"Hydro, Bioenergy and Other Renewables",%,19.86
Chile,2022-05-01,Electricity generation,Aggregate fuel,Renewables,%,44.76
Chile,2022-05-01,Electricity generation,Aggregate fuel,Wind and Solar,%,24.9
Chile,2022-05-01,Electricity generation,Fuel,Bioenergy,%,2.38
Chile,2022-05-01,Electricity generation,Fuel,Coal,%,29.93
Chile,2022-05-01,Electricity generation,Fuel,Gas,%,22.1
Chile,2022-05-01,Electricity generation,Fuel,Hydro,%,16.78
Chile,2022-05-01,Electricity generation,Fuel,Other Fossil,%,3.22
Chile,2022-05-01,Electricity generation,Fuel,Other Renewables,%,0.7
Chile,2022-05-01,Electricity generation,Fuel,Solar,%,14.27
Chile,2022-05-01,Electricity generation,Fuel,Wind,%,10.63
Chile,2022-06-01,Electricity generation,Aggregate fuel,Clean,%,44.01
Chile,2022-06-01,Electricity generation,Aggregate fuel,Fossil,%,56.0
Chile,2022-06-01,Electricity generation,Aggregate fuel,Gas and Other Fossil,%,27.51
Chile,2022-06-01,Electricity generation,Aggregate fuel,"Hydro, Bioenergy and Other Renewables",%,23.27
Chile,2022-06-01,Electricity generation,Aggregate fuel,Renewables,%,44.01
Chile,2022-06-01,Electricity generation,Aggregate fuel,Wind and Solar,%,20.74
Chile,2022-06-01,Electricity generation,Fuel,Bioenergy,%,2.4
Chile,2022-06-01,Electricity generation,Fuel,Coal,%,28.49
Chile,2022-06-01,Electricity generation,Fuel,Gas,%,22.71
Chile,2022-06-01,Electricity generation,Fuel,Hydro,%,20.59
Chile,2022-06-01,Electricity generation,Fuel,Other Fossil,%,4.8
Chile,2022-06-01,Electricity generation,Fuel,Other Renewables,%,0.28
Chile,2022-06-01,Electricity generation,Fuel,Solar,%,11.85
Chile,2022-06-01,Electricity generation,Fuel,Wind,%,8.89
Chile,2022-07-01,Electricity generation,Aggregate fuel,Clean,%,51.45
Chile,2022-07-01,Electricity generation,Aggregate fuel,Fossil,%,48.54
Chile,2022-07-01,Electricity generation,Aggregate fuel,Gas and Other Fossil,%,21.02
Chile,2022-07-01,Electricity generation,Aggregate fuel,"Hydro, Bioenergy and Other Renewables",%,28.21
Chile,2022-07-01,Electricity generation,Aggregate fuel,Renewables,%,51.45
Chile,2022-07-01,Electricity generation,Aggregate fuel,Wind and Solar,%,23.24
Chile,2022-07-01,Electricity generation,Fuel,Bioenergy,%,2.21
Chile,2022-07-01,Electricity generation,Fuel,Coal,%,27.52
Chile,2022-07-01,Electricity generation,Fuel,Gas,%,18.67
Chile,2022-07-01,Electricity generation,Fuel,Hydro,%,25.45
Chile,2022-07-01,Electricity generation,Fuel,Other Fossil,%,2.35
Chile,2022-07-01,Electricity generation,Fuel,Other Renewables,%,0.55
Chile,2022-07-01,Electricity generation,Fuel,Solar,%,11.62
Chile,2022-07-01,Electricity generation,Fuel,Wind,%,11.62
Chile,2022-08-01,Electricity generation,Aggregate fuel,Clean,%,58.38
Chile,2022-08-01,Electricity generation,Aggregate fuel,Fossil,%,41.62
Chile,2022-08-01,Electricity generation,Aggregate fuel,Gas and Other Fossil,%,19.32
Chile,2022-08-01,Electricity generation,Aggregate fuel,"Hydro, Bioenergy and Other Renewables",%,31.96
Chile,2022-08-01,Electricity generation,Aggregate fuel,Renewables,%,58.38
Chile,2022-08-01,Electricity generation,Aggregate fuel,Wind and Solar,%,26.42
Chile,2022-08-01,Electricity generation,Fuel,Bioenergy,%,2.27
Chile,2022-08-01,Electricity generation,Fuel,Coal,%,22.3
Chile,2022-08-01,Electricity generation,Fuel,Gas,%,18.04
Chile,2022-08-01,Electricity generation,Fuel,Hydro,%,29.12
Chile,2022-08-01,Electricity generation,Fuel,Other Fossil,%,1.28
Chile,2022-08-01,Electricity generation,Fuel,Other Renewables,%,0.57
Chile,2022-08-01,Electricity generation,Fuel,Solar,%,15.34
Chile,2022-08-01,Electricity generation,Fuel,Wind,%,11.08
Chile,2022-09-01,Electricity generation,Aggregate fuel,Clean,%,63.23
Chile,2022-09-01,Electricity generation,Aggregate fuel,Fossil,%,36.77
Chile,2022-09-01,Electricity generation,Aggregate fuel,Gas and Other Fossil,%,20.51
Chile,2022-09-01,Electricity generation,Aggregate fuel,"Hydro, Bioenergy and Other Renewables",%,32.68
Chile,2022-09-01,Electricity generation,Aggregate fuel,Renewables,%,63.23
Chile,2022-09-01,Electricity generation,Aggregate fuel,Wind and Solar,%,30.55
Chile,2022-09-01,Electricity generation,Fuel,Bioenergy,%,2.43
Chile,2022-09-01,Electricity generation,Fuel,Coal,%,16.26
Chile,2022-09-01,Electricity generation,Fuel,Gas,%,18.69
Chile,2022-09-01,Electricity generation,Fuel,Hydro,%,29.64
Chile,2022-09-01,Electricity generation,Fuel,Other Fossil,%,1.82
Chile,2022-09-01,Electricity generation,Fuel,Other Renewables,%,0.61
Chile,2022-09-01,Electricity generation,Fuel,Solar,%,19.15
Chile,2022-09-01,Electricity generation,Fuel,Wind,%,11.4
Chile,2022-10-01,Electricity generation,Aggregate fuel,Clean,%,69.99
Chile,2022-10-01,Electricity generation,Aggregate fuel,Fossil,%,30.0
Chile,2022-10-01,Electricity generation,Aggregate fuel,Gas and Other Fossil,%,16.47
Chile,2022-10-01,Electricity generation,Aggregate fuel,"Hydro, Bioenergy and Other Renewables",%,37.64
Chile,2022-10-01,Electricity generation,Aggregate fuel,Renewables,%,69.99
Chile,2022-10-01,Electricity generation,Aggregate fuel,Wind and Solar,%,32.35
Chile,2022-10-01,Electricity generation,Fuel,Bioenergy,%,1.76
Chile,2022-10-01,Electricity generation,Fuel,Coal,%,13.53
Chile,2022-10-01,Electricity generation,Fuel,Gas,%,15.0
Chile,2022-10-01,Electricity generation,Fuel,Hydro,%,35.29
Chile,2022-10-01,Electricity generation,Fuel,Other Fossil,%,1.47
Chile,2022-10-01,Electricity generation,Fuel,Other Renewables,%,0.59
Chile,2022-10-01,Electricity generation,Fuel,Solar,%,20.88
Chile,2022-10-01,Electricity generation,Fuel,Wind,%,11.47
Chile,2022-11-01,Electricity generation,Aggregate fuel,Clean,%,69.46
Chile,2022-11-01,Electricity generation,Aggregate fuel,Fossil,%,30.55
Chile,2022-11-01,Electricity generation,Aggregate fuel,Gas and Other Fossil,%,17.48
Chile,2022-11-01,Electricity generation,Aggregate fuel,"Hydro, Bioenergy and Other Renewables",%,39.06
Chile,2022-11-01,Electricity generation,Aggregate fuel,Renewables,%,69.46
Chile,2022-11-01,Electricity generation,Aggregate fuel,Wind and Solar,%,30.4
Chile,2022-11-01,Electricity generation,Fuel,Bioenergy,%,1.91
Chile,2022-11-01,Electricity generation,Fuel,Coal,%,13.07
Chile,2022-11-01,Electricity generation,Fuel,Gas,%,15.57
Chile,2022-11-01,Electricity generation,Fuel,Hydro,%,36.71
Chile,2022-11-01,Electricity generation,Fuel,Other Fossil,%,1.91
Chile,2022-11-01,Electricity generation,Fuel,Other Renewables,%,0.44
Chile,2022-11-01,Electricity generation,Fuel,Solar,%,21.44
Chile,2022-11-01,Electricity generation,Fuel,Wind,%,8.96
Chile,2022-12-01,Electricity generation,Aggregate fuel,Clean,%,65.11
Chile,2022-12-01,Electricity generation,Aggregate fuel,Fossil,%,34.89
Chile,2022-12-01,Electricity generation,Aggregate fuel,Gas and Other Fossil,%,19.78
Chile,2022-12-01,Electricity generation,Aggregate fuel,"Hydro, Bioenergy and Other Renewables",%,31.46
Chile,2022-12-01,Electricity generation,Aggregate fuel,Renewables,%,65.11
Chile,2022-12-01,Electricity generation,Aggregate fuel,Wind and Solar,%,33.65
Chile,2022-12-01,Electricity generation,Fuel,Bioenergy,%,2.2
Chile,2022-12-01,Electricity generation,Fuel,Coal,%,15.11
Chile,2022-12-01,Electricity generation,Fuel,Gas,%,18.13
Chile,2022-12-01,Electricity generation,Fuel,Hydro,%,28.71
Chile,2022-12-01,Electricity generation,Fuel,Other Fossil,%,1.65
Chile,2022-12-01,Electricity generation,Fuel,Other Renewables,%,0.55
Chile,2022-12-01,Electricity generation,Fuel,Solar,%,22.8
Chile,2022-12-01,Electricity generation,Fuel,Wind,%,10.85
Chile,2023-01-01,Electricity generation,Aggregate fuel,Clean,%,61.44
Chile,2023-01-01,Electricity generation,Aggregate fuel,Fossil,%,38.56
Chile,2023-01-01,Electricity generation,Aggregate fuel,Gas and Other Fossil,%,23.45
Chile,2023-01-01,Electricity generation,Aggregate fuel,"Hydro, Bioenergy and Other Renewables",%,25.28
Chile,2023-01-01,Electricity generation,Aggregate fuel,Renewables,%,61.44
Chile,2023-01-01,Electricity generation,Aggregate fuel,Wind and Solar,%,36.16
Chile,2023-01-01,Electricity generation,Fuel,Bioenergy,%,2.26
Chile,2023-01-01,Electricity generation,Fuel,Coal,%,15.11
Chile,2023-01-01,Electricity generation,Fuel,Gas,%,21.47
Chile,2023-01-01,Electricity generation,Fuel,Hydro,%,22.6
Chile,2023-01-01,Electricity generation,Fuel,Other Fossil,%,1.98
Chile,2023-01-01,Electricity generation,Fuel,Other Renewables,%,0.42
Chile,2023-01-01,Electricity generation,Fuel,Solar,%,24.44
Chile,2023-01-01,Electricity generation,Fuel,Wind,%,11.72
Chile,2023-02-01,Electricity generation,Aggregate fuel,Clean,%,58.25
Chile,2023-02-01,Electricity generation,Aggregate fuel,Fossil,%,41.74
Chile,2023-02-01,Electricity generation,Aggregate fuel,Gas and Other Fossil,%,25.23
Chile,2023-02-01,Electricity generation,Aggregate fuel,"Hydro, Bioenergy and Other Renewables",%,24.0
Chile,2023-02-01,Electricity generation,Aggregate fuel,Renewables,%,58.25
Chile,2023-02-01,Electricity generation,Aggregate fuel,Wind and Solar,%,34.25
Chile,2023-02-01,Electricity generation,Fuel,Bioenergy,%,2.29
Chile,2023-02-01,Electricity generation,Fuel,Coal,%,16.51
Chile,2023-02-01,Electricity generation,Fuel,Gas,%,22.94
Chile,2023-02-01,Electricity generation,Fuel,Hydro,%,21.25
Chile,2023-02-01,Electricity generation,Fuel,Other Fossil,%,2.29
Chile,2023-02-01,Electricity generation,Fuel,Other Renewables,%,0.46
Chile,2023-02-01,Electricity generation,Fuel,Solar,%,22.94
Chile,2023-02-01,Electricity generation,Fuel,Wind,%,11.31
Chile,2023-03-01,Electricity generation,Aggregate fuel,Clean,%,51.99
Chile,2023-03-01,Electricity generation,Aggregate fuel,Fossil,%,48.0
Chile,2023-03-01,Electricity generation,Aggregate fuel,Gas and Other Fossil,%,29.38
Chile,2023-03-01,Electricity generation,Aggregate fuel,"Hydro, Bioenergy and Other Renewables",%,19.99
Chile,2023-03-01,Electricity generation,Aggregate fuel,Renewables,%,51.99
Chile,2023-03-01,Electricity generation,Aggregate fuel,Wind and Solar,%,32.0
Chile,2023-03-01,Electricity generation,Fuel,Bioenergy,%,2.34
Chile,2023-03-01,Electricity generation,Fuel,Coal,%,18.62
Chile,2023-03-01,Electricity generation,Fuel,Gas,%,27.31
Chile,2023-03-01,Electricity generation,Fuel,Hydro,%,17.24
Chile,2023-03-01,Electricity generation,Fuel,Other Fossil,%,2.07
Chile,2023-03-01,Electricity generation,Fuel,Other Renewables,%,0.41
Chile,2023-03-01,Electricity generation,Fuel,Solar,%,22.07
Chile,2023-03-01,Electricity generation,Fuel,Wind,%,9.93
Chile,2023-04-01,Electricity generation,Aggregate fuel,Clean,%,47.14
Chile,2023-04-01,Electricity generation,Aggregate fuel,Fossil,%,52.85
Chile,2023-04-01,Electricity generation,Aggregate fuel,Gas and Other Fossil,%,31.23
Chile,2023-04-01,Electricity generation,Aggregate fuel,"Hydro, Bioenergy and Other Renewables",%,16.96
Chile,2023-04-01,Electricity generation,Aggregate fuel,Renewables,%,47.14
Chile,2023-04-01,Electricity generation,Aggregate fuel,Wind and Solar,%,30.18
Chile,2023-04-01,Electricity generation,Fuel,Bioenergy,%,2.7
Chile,2023-04-01,Electricity generation,Fuel,Coal,%,21.62
Chile,2023-04-01,Electricity generation,Fuel,Gas,%,29.28
Chile,2023-04-01,Electricity generation,Fuel,Hydro,%,13.81
Chile,2023-04-01,Electricity generation,Fuel,Other Fossil,%,1.95
Chile,2023-04-01,Electricity generation,Fuel,Other Renewables,%,0.45
Chile,2023-04-01,Electricity generation,Fuel,Solar,%,20.27
Chile,2023-04-01,Electricity generation,Fuel,Wind,%,9.91
Chile,2023-05-01,Electricity generation,Aggregate fuel,Clean,%,48.1
Chile,2023-05-01,Electricity generation,Aggregate fuel,Fossil,%,51.91
Chile,2023-05-01,Electricity generation,Aggregate fuel,Gas and Other Fossil,%,30.07
Chile,2023-05-01,Electricity generation,Aggregate fuel,"Hydro, Bioenergy and Other Renewables",%,18.45
Chile,2023-05-01,Electricity generation,Aggregate fuel,Renewables,%,48.1
Chile,2023-05-01,Electricity generation,Aggregate fuel,Wind and Solar,%,29.65
Chile,2023-05-01,Electricity generation,Fuel,Bioenergy,%,2.7
Chile,2023-05-01,Electricity generation,Fuel,Coal,%,21.84
Chile,2023-05-01,Electricity generation,Fuel,Gas,%,28.37
Chile,2023-05-01,Electricity generation,Fuel,Hydro,%,15.32
Chile,2023-05-01,Electricity generation,Fuel,Other Fossil,%,1.7
Chile,2023-05-01,Electricity generation,Fuel,Other Renewables,%,0.43
Chile,2023-05-01,Electricity generation,Fuel,Solar,%,17.45
Chile,2023-05-01,Electricity generation,Fuel,Wind,%,12.2
Chile,2023-06-01,Electricity generation,Aggregate fuel,Clean,%,55.04
Chile,2023-06-01,Electricity generation,Aggregate fuel,Fossil,%,44.97
Chile,2023-06-01,Electricity generation,Aggregate fuel,Gas and Other Fossil,%,26.53
Chile,2023-06-01,Electricity generation,Aggregate fuel,"Hydro, Bioenergy and Other Renewables",%,26.24
Chile,2023-06-01,Electricity generation,Aggregate fuel,Renewables,%,55.04
Chile,2023-06-01,Electricity generation,Aggregate fuel,Wind and Solar,%,28.8
Chile,2023-06-01,Electricity generation,Fuel,Bioenergy,%,2.41
Chile,2023-06-01,Electricity generation,Fuel,Coal,%,18.44
Chile,2023-06-01,Electricity generation,Fuel,Gas,%,25.11
Chile,2023-06-01,Electricity generation,Fuel,Hydro,%,23.26
Chile,2023-06-01,Electricity generation,Fuel,Other Fossil,%,1.42
Chile,2023-06-01,Electricity generation,Fuel,Other Renewables,%,0.57
Chile,2023-06-01,Electricity generation,Fuel,Solar,%,15.04
Chile,2023-06-01,Electricity generation,Fuel,Wind,%,13.76
Chile,2023-07-01,Electricity generation,Aggregate fuel,Clean,%,65.89
Chile,2023-07-01,Electricity generation,Aggregate fuel,Fossil,%,34.12
Chile,2023-07-01,Electricity generation,Aggregate fuel,Gas and Other Fossil,%,18.24
Chile,2023-07-01,Electricity generation,Aggregate fuel,"Hydro, Bioenergy and Other Renewables",%,39.84
Chile,2023-07-01,Electricity generation,Aggregate fuel,Renewables,%,65.89
Chile,2023-07-01,Electricity generation,Aggregate fuel,Wind and Solar,%,26.05
Chile,2023-07-01,Electricity generation,Fuel,Bioenergy,%,2.23
Chile,2023-07-01,Electricity generation,Fuel,Coal,%,15.88
Chile,2023-07-01,Electricity generation,Fuel,Gas,%,17.13
Chile,2023-07-01,Electricity generation,Fuel,Hydro,%,36.91
Chile,2023-07-01,Electricity generation,Fuel,Other Fossil,%,1.11
Chile,2023-07-01,Electricity generation,Fuel,Other Renewables,%,0.7
Chile,2023-07-01,Electricity generation,Fuel,Solar,%,15.74
Chile,2023-07-01,Electricity generation,Fuel,Wind,%,10.31
Chile,2023-08-01,Electricity generation,Aggregate fuel,Clean,%,67.79
Chile,2023-08-01,Electricity generation,Aggregate fuel,Fossil,%,32.22
Chile,2023-08-01,Electricity generation,Aggregate fuel,Gas and Other Fossil,%,15.48
Chile,2023-08-01,Electricity generation,Aggregate fuel,"Hydro, Bioenergy and Other Renewables",%,40.22
Chile,2023-08-01,Electricity generation,Aggregate fuel,Renewables,%,67.79
Chile,2023-08-01,Electricity generation,Aggregate fuel,Wind and Solar,%,27.57
Chile,2023-08-01,Electricity generation,Fuel,Bioenergy,%,2.39
Chile,2023-08-01,Electricity generation,Fuel,Coal,%,16.74
Chile,2023-08-01,Electricity generation,Fuel,Gas,%,14.35
Chile,2023-08-01,Electricity generation,Fuel,Hydro,%,37.41
Chile,2023-08-01,Electricity generation,Fuel,Other Fossil,%,1.13
Chile,2023-08-01,Electricity generation,Fuel,Other Renewables,%,0.42
Chile,2023-08-01,Electricity generation,Fuel,Solar,%,16.6
Chile,2023-08-01,Electricity generation,Fuel,Wind,%,10.97
Chile,2023-09-01,Electricity generation,Aggregate fuel,Clean,%,73.21
Chile,2023-09-01,Electricity generation,Aggregate fuel,Fossil,%,26.79
Chile,2023-09-01,Electricity generation,Aggregate fuel,Gas and Other Fossil,%,12.88
Chile,2023-09-01,Electricity generation,Aggregate fuel,"Hydro, Bioenergy and Other Renewables",%,42.46
Chile,2023-09-01,Electricity generation,Aggregate fuel,Renewables,%,73.21
Chile,2023-09-01,Electricity generation,Aggregate fuel,Wind and Solar,%,30.75
Chile,2023-09-01,Electricity generation,Fuel,Bioenergy,%,2.34
Chile,2023-09-01,Electricity generation,Fuel,Coal,%,13.91
Chile,2023-09-01,Electricity generation,Fuel,Gas,%,11.71
Chile,2023-09-01,Electricity generation,Fuel,Hydro,%,39.53
Chile,2023-09-01,Electricity generation,Fuel,Other Fossil,%,1.17
Chile,2023-09-01,Electricity generation,Fuel,Other Renewables,%,0.59
Chile,2023-09-01,Electricity generation,Fuel,Solar,%,17.28
Chile,2023-09-01,Electricity generation,Fuel,Wind,%,13.47
Chile,2023-10-01,Electricity generation,Aggregate fuel,Clean,%,75.44
Chile,2023-10-01,Electricity generation,Aggregate fuel,Fossil,%,24.56
Chile,2023-10-01,Electricity generation,Aggregate fuel,Gas and Other Fossil,%,10.32
Chile,2023-10-01,Electricity generation,Aggregate fuel,"Hydro, Bioenergy and Other Renewables",%,40.12
Chile,2023-10-01,Electricity generation,Aggregate fuel,Renewables,%,75.44
Chile,2023-10-01,Electricity generation,Aggregate fuel,Wind and Solar,%,35.32
Chile,2023-10-01,Electricity generation,Fuel,Bioenergy,%,2.33
Chile,2023-10-01,Electricity generation,Fuel,Coal,%,14.24
Chile,2023-10-01,Electricity generation,Fuel,Gas,%,9.45
Chile,2023-10-01,Electricity generation,Fuel,Hydro,%,37.21
Chile,2023-10-01,Electricity generation,Fuel,Other Fossil,%,0.87
Chile,2023-10-01,Electricity generation,Fuel,Other Renewables,%,0.58
Chile,2023-10-01,Electricity generation,Fuel,Solar,%,21.22
Chile,2023-10-01,Electricity generation,Fuel,Wind,%,14.1
Chile,2023-11-01,Electricity generation,Aggregate fuel,Clean,%,78.14
Chile,2023-11-01,Electricity generation,Aggregate fuel,Fossil,%,21.87
Chile,2023-11-01,Electricity generation,Aggregate fuel,Gas and Other Fossil,%,8.72
Chile,2023-11-01,Electricity generation,Aggregate fuel,"Hydro, Bioenergy and Other Renewables",%,43.13
Chile,2023-11-01,Electricity generation,Aggregate fuel,Renewables,%,78.14
Chile,2023-11-01,Electricity generation,Aggregate fuel,Wind and Solar,%,35.01
Chile,2023-11-01,Electricity generation,Fuel,Bioenergy,%,1.92
Chile,2023-11-01,Electricity generation,Fuel,Coal,%,13.15
Chile,2023-11-01,Electricity generation,Fuel,Gas,%,7.24
Chile,2023-11-01,Electricity generation,Fuel,Hydro,%,40.62
Chile,2023-11-01,Electricity generation,Fuel,Other Fossil,%,1.48
Chile,2023-11-01,Electricity generation,Fuel,Other Renewables,%,0.59
Chile,2023-11-01,Electricity generation,Fuel,Solar,%,22.16
Chile,2023-11-01,Electricity generation,Fuel,Wind,%,12.85
Chile,2023-12-01,Electricity generation,Aggregate fuel,Clean,%,76.53
Chile,2023-12-01,Electricity generation,Aggregate fuel,Fossil,%,23.48
Chile,2023-12-01,Electricity generation,Aggregate fuel,Gas and Other Fossil,%,9.17
Chile,2023-12-01,Electricity generation,Aggregate fuel,"Hydro, Bioenergy and Other Renewables",%,40.56
Chile,2023-12-01,Electricity generation,Aggregate fuel,Renewables,%,76.53
Chile,2023-12-01,Electricity generation,Aggregate fuel,Wind and Solar,%,35.97
Chile,2023-12-01,Electricity generation,Fuel,Bioenergy,%,2.22
Chile,2023-12-01,Electricity generation,Fuel,Coal,%,14.31
Chile,2023-12-01,Electricity generation,Fuel,Gas,%,7.78
Chile,2023-12-01,Electricity generation,Fuel,Hydro,%,37.78
Chile,2023-12-01,Electricity generation,Fuel,Other Fossil,%,1.39
Chile,2023-12-01,Electricity generation,Fuel,Other Renewables,%,0.56
Chile,2023-12-01,Electricity generation,Fuel,Solar,%,24.03
Chile,2023-12-01,Electricity generation,Fuel,Wind,%,11.94
Chile,2024-01-01,Electricity generation,Aggregate fuel,Clean,%,74.38
Chile,2024-01-01,Electricity generation,Aggregate fuel,Fossil,%,25.61
Chile,2024-01-01,Electricity generation,Aggregate fuel,Gas and Other Fossil,%,12.53
Chile,2024-01-01,Electricity generation,Aggregate fuel,"Hydro, Bioenergy and Other Renewables",%,36.5
Chile,2024-01-01,Electricity generation,Aggregate fuel,Renewables,%,74.38
Chile,2024-01-01,Electricity generation,Aggregate fuel,Wind and Solar,%,37.88
Chile,2024-01-01,Electricity generation,Fuel,Bioenergy,%,2.45
Chile,2024-01-01,Electricity generation,Fuel,Coal,%,13.08
Chile,2024-01-01,Electricity generation,Fuel,Gas,%,11.58
Chile,2024-01-01,Electricity generation,Fuel,Hydro,%,33.51
Chile,2024-01-01,Electricity generation,Fuel,Other Fossil,%,0.95
Chile,2024-01-01,Electricity generation,Fuel,Other Renewables,%,0.54
Chile,2024-01-01,Electricity generation,Fuel,Solar,%,25.75
Chile,2024-01-01,Electricity generation,Fuel,Wind,%,12.13
Chile,2024-02-01,Electricity generation,Aggregate fuel,Clean,%,64.43
Chile,2024-02-01,Electricity generation,Aggregate fuel,Fossil,%,35.57
Chile,2024-02-01,Electricity generation,Aggregate fuel,Gas and Other Fossil,%,18.14
Chile,2024-02-01,Electricity generation,Aggregate fuel,"Hydro, Bioenergy and Other Renewables",%,30.86
Chile,2024-02-01,Electricity generation,Aggregate fuel,Renewables,%,64.43
Chile,2024-02-01,Electricity generation,Aggregate fuel,Wind and Solar,%,33.57
Chile,2024-02-01,Electricity generation,Fuel,Bioenergy,%,2.86
Chile,2024-02-01,Electricity generation,Fuel,Coal,%,17.43
Chile,2024-02-01,Electricity generation,Fuel,Gas,%,16.71
Chile,2024-02-01,Electricity generation,Fuel,Hydro,%,27.57
Chile,2024-02-01,Electricity generation,Fuel,Other Fossil,%,1.43
Chile,2024-02-01,Electricity generation,Fuel,Other Renewables,%,0.43
Chile,2024-02-01,Electricity generation,Fuel,Solar,%,23.86
Chile,2024-02-01,Electricity generation,Fuel,Wind,%,9.71
Chile,2024-03-01,Electricity generation,Aggregate fuel,Clean,%,62.5
Chile,2024-03-01,Electricity generation,Aggregate fuel,Fossil,%,37.5
Chile,2024-03-01,Electricity generation,Aggregate fuel,Gas and Other Fossil,%,19.92
Chile,2024-03-01,Electricity generation,Aggregate fuel,"Hydro, Bioenergy and Other Renewables",%,26.51
Chile,2024-03-01,Electricity generation,Aggregate fuel,Renewables,%,62.5
Chile,2024-03-01,Electricity generation,Aggregate fuel,Wind and Solar,%,35.99
Chile,2024-03-01,Electricity generation,Fuel,Bioenergy,%,2.61
Chile,2024-03-01,Electricity generation,Fuel,Coal,%,17.58
Chile,2024-03-01,Electricity generation,Fuel,Gas,%,18.68
Chile,2024-03-01,Electricity generation,Fuel,Hydro,%,23.49
Chile,2024-03-01,Electricity generation,Fuel,Other Fossil,%,1.24
Chile,2024-03-01,Electricity generation,Fuel,Other Renewables,%,0.41
Chile,2024-03-01,Electricity generation,Fuel,Solar,%,23.49
Chile,2024-03-01,Electricity generation,Fuel,Wind,%,12.5
Chile,2024-04-01,Electricity generation,Aggregate fuel,Clean,%,54.93
Chile,2024-04-01,Electricity generation,Aggregate fuel,Fossil,%,45.07
Chile,2024-04-01,Electricity generation,Aggregate fuel,Gas and Other Fossil,%,22.39
Chile,2024-04-01,Electricity generation,Aggregate fuel,"Hydro, Bioenergy and Other Renewables",%,22.53
Chile,2024-04-01,Electricity generation,Aggregate fuel,Renewables,%,54.93
Chile,2024-04-01,Electricity generation,Aggregate fuel,Wind and Solar,%,32.4
Chile,2024-04-01,Electricity generation,Fuel,Bioenergy,%,2.5
Chile,2024-04-01,Electricity generation,Fuel,Coal,%,22.68
Chile,2024-04-01,Electricity generation,Fuel,Gas,%,20.77
Chile,2024-04-01,Electricity generation,Fuel,Hydro,%,19.59
Chile,2024-04-01,Electricity generation,Fuel,Other Fossil,%,1.62
Chile,2024-04-01,Electricity generation,Fuel,Other Renewables,%,0.44
Chile,2024-04-01,Electricity generation,Fuel,Solar,%,20.91
Chile,2024-04-01,Electricity generation,Fuel,Wind,%,11.49
Chile,2024-05-01,Electricity generation,Aggregate fuel,Clean,%,55.08
Chile,2024-05-01,Electricity generation,Aggregate fuel,Fossil,%,44.92
Chile,2024-05-01,Electricity generation,Aggregate fuel,Gas and Other Fossil,%,24.87
Chile,2024-05-01,Electricity generation,Aggregate fuel,"Hydro, Bioenergy and Other Renewables",%,26.61
Chile,2024-05-01,Electricity generation,Aggregate fuel,Renewables,%,55.08
Chile,2024-05-01,Electricity generation,Aggregate fuel,Wind and Solar,%,28.47
Chile,2024-05-01,Electricity generation,Fuel,Bioenergy,%,2.41
Chile,2024-05-01,Electricity generation,Fuel,Coal,%,20.05
Chile,2024-05-01,Electricity generation,Fuel,Gas,%,23.4
Chile,2024-05-01,Electricity generation,Fuel,Hydro,%,23.8
Chile,2024-05-01,Electricity generation,Fuel,Other Fossil,%,1.47
Chile,2024-05-01,Electricity generation,Fuel,Other Renewables,%,0.4
Chile,2024-05-01,Electricity generation,Fuel,Solar,%,17.11
Chile,2024-05-01,Electricity generation,Fuel,Wind,%,11.36
Chile,2024-06-01,Electricity generation,Aggregate fuel,Clean,%,66.77
Chile,2024-06-01,Electricity generation,Aggregate fuel,Fossil,%,33.25
Chile,2024-06-01,Electricity generation,Aggregate fuel,Gas and Other Fossil,%,19.0
Chile,2024-06-01,Electricity generation,Aggregate fuel,"Hydro, Bioenergy and Other Renewables",%,37.72
Chile,2024-06-01,Electricity generation,Aggregate fuel,Renewables,%,66.77
Chile,2024-06-01,Electricity generation,Aggregate fuel,Wind and Solar,%,29.05
Chile,2024-06-01,Electricity generation,Fuel,Bioenergy,%,1.96
Chile,2024-06-01,Electricity generation,Fuel,Coal,%,14.25
Chile,2024-06-01,Electricity generation,Fuel,Gas,%,17.88
Chile,2024-06-01,Electricity generation,Fuel,Hydro,%,35.34
Chile,2024-06-01,Electricity generation,Fuel,Other Fossil,%,1.12
Chile,2024-06-01,Electricity generation,Fuel,Other Renewables,%,0.42
Chile,2024-06-01,Electricity generation,Fuel,Solar,%,15.36
Chile,2024-06-01,Electricity generation,Fuel,Wind,%,13.69
Chile,2024-07-01,Electricity generation,Aggregate fuel,Clean,%,68.43
Chile,2024-07-01,Electricity generation,Aggregate fuel,Fossil,%,31.57
Chile,2024-07-01,Electricity generation,Aggregate fuel,Gas and Other Fossil,%,17.83
Chile,2024-07-01,Electricity generation,Aggregate fuel,"Hydro, Bioenergy and Other Renewables",%,36.73
Chile,2024-07-01,Electricity generation,Aggregate fuel,Renewables,%,68.43
Chile,2024-07-01,Electricity generation,Aggregate fuel,Wind and Solar,%,31.7
Chile,2024-07-01,Electricity generation,Fuel,Bioenergy,%,1.9
Chile,2024-07-01,Electricity generation,Fuel,Coal,%,13.74
Chile,2024-07-01,Electricity generation,Fuel,Gas,%,16.33
Chile,2024-07-01,Electricity generation,Fuel,Hydro,%,34.42
Chile,2024-07-01,Electricity generation,Fuel,Other Fossil,%,1.5
Chile,2024-07-01,Electricity generation,Fuel,Other Renewables,%,0.41
Chile,2024-07-01,Electricity generation,Fuel,Solar,%,17.82
Chile,2024-07-01,Electricity generation,Fuel,Wind,%,13.88
Chile,2024-08-01,Electricity generation,Aggregate fuel,Clean,%,69.41
Chile,2024-08-01,Electricity generation,Aggregate fuel,Fossil,%,30.59
Chile,2024-08-01,Electricity generation,Aggregate fuel,Gas and Other Fossil,%,17.32
Chile,2024-08-01,Electricity generation,Aggregate fuel,"Hydro, Bioenergy and Other Renewables",%,36.31
Chile,2024-08-01,Electricity generation,Aggregate fuel,Renewables,%,69.41
Chile,2024-08-01,Electricity generation,Aggregate fuel,Wind and Solar,%,33.1
Chile,2024-08-01,Electricity generation,Fuel,Bioenergy,%,2.23
Chile,2024-08-01,Electricity generation,Fuel,Coal,%,13.27
Chile,2024-08-01,Electricity generation,Fuel,Gas,%,15.78
Chile,2024-08-01,Electricity generation,Fuel,Hydro,%,33.8
Chile,2024-08-01,Electricity generation,Fuel,Other Fossil,%,1.54
Chile,2024-08-01,Electricity generation,Fuel,Other Renewables,%,0.28
Chile,2024-08-01,Electricity generation,Fuel,Solar,%,19.27
Chile,2024-08-01,Electricity generation,Fuel,Wind,%,13.83
Chile,2024-09-01,Electricity generation,Aggregate fuel,Clean,%,74.36
Chile,2024-09-01,Electricity generation,Aggregate fuel,Fossil,%,25.63
Chile,2024-09-01,Electricity generation,Aggregate fuel,Gas and Other Fossil,%,11.69
Chile,2024-09-01,Electricity generation,Aggregate fuel,"Hydro, Bioenergy and Other Renewables",%,34.78
Chile,2024-09-01,Electricity generation,Aggregate fuel,Renewables,%,74.36
Chile,2024-09-01,Electricity generation,Aggregate fuel,Wind and Solar,%,39.58
Chile,2024-09-01,Electricity generation,Fuel,Bioenergy,%,2.4
Chile,2024-09-01,Electricity generation,Fuel,Coal,%,13.94
Chile,2024-09-01,Electricity generation,Fuel,Gas,%,10.04
Chile,2024-09-01,Electricity generation,Fuel,Hydro,%,32.08
Chile,2024-09-01,Electricity generation,Fuel,Other Fossil,%,1.65
Chile,2024-09-01,Electricity generation,Fuel,Other Renewables,%,0.3
Chile,2024-09-01,Electricity generation,Fuel,Solar,%,23.09
Chile,2024-09-01,Electricity generation,Fuel,Wind,%,16.49
Chile,2024-10-01,Electricity generation,Aggregate fuel,Clean,%,78.86
Chile,2024-10-01,Electricity generation,Aggregate fuel,Fossil,%,21.14
Chile,2024-10-01,Electricity generation,Aggregate fuel,Gas and Other Fossil,%,9.48
Chile,2024-10-01,Electricity generation,Aggregate fuel,"Hydro, Bioenergy and Other Renewables",%,43.59
Chile,2024-10-01,Electricity generation,Aggregate fuel,Renewables,%,78.86
Chile,2024-10-01,Electricity generation,Aggregate fuel,Wind and Solar,%,35.27
Chile,2024-10-01,Electricity generation,Fuel,Bioenergy,%,2.19
Chile,2024-10-01,Electricity generation,Fuel,Coal,%,11.66
Chile,2024-10-01,Electricity generation,Fuel,Gas,%,8.02
Chile,2024-10-01,Electricity generation,Fuel,Hydro,%,41.11
Chile,2024-10-01,Electricity generation,Fuel,Other Fossil,%,1.46
Chile,2024-10-01,Electricity generation,Fuel,Other Renewables,%,0.29
Chile,2024-10-01,Electricity generation,Fuel,Solar,%,22.59
Chile,2024-10-01,Electricity generation,Fuel,Wind,%,12.68
Chile,2024-11-01,Electricity generation,Aggregate fuel,Clean,%,81.89
Chile,2024-11-01,Electricity generation,Aggregate fuel,Fossil,%,18.12
Chile,2024-11-01,Electricity generation,Aggregate fuel,Gas and Other Fossil,%,5.6
Chile,2024-11-01,Electricity generation,Aggregate fuel,"Hydro, Bioenergy and Other Renewables",%,44.18
Chile,2024-11-01,Electricity generation,Aggregate fuel,Renewables,%,81.89
Chile,2024-11-01,Electricity generation,Aggregate fuel,Wind and Solar,%,37.71
Chile,2024-11-01,Electricity generation,Fuel,Bioenergy,%,1.91
Chile,2024-11-01,Electricity generation,Fuel,Coal,%,12.52
Chile,2024-11-01,Electricity generation,Fuel,Gas,%,4.42
Chile,2024-11-01,Electricity generation,Fuel,Hydro,%,42.12
Chile,2024-11-01,Electricity generation,Fuel,Other Fossil,%,1.18
Chile,2024-11-01,Electricity generation,Fuel,Other Renewables,%,0.15
Chile,2024-11-01,Electricity generation,Fuel,Solar,%,24.01
Chile,2024-11-01,Electricity generation,Fuel,Wind,%,13.7
Chile,2024-12-01,Electricity generation,Aggregate fuel,Clean,%,78.39
Chile,2024-12-01,Electricity generation,Aggregate fuel,Fossil,%,21.61
Chile,2024-12-01,Electricity generation,Aggregate fuel,Gas and Other Fossil,%,10.12
Chile,2024-12-01,Electricity generation,Aggregate fuel,"Hydro, Bioenergy and Other Renewables",%,36.39
Chile,2024-12-01,Electricity generation,Aggregate fuel,Renewables,%,78.39
Chile,2024-12-01,Electricity generation,Aggregate fuel,Wind and Solar,%,42.0
Chile,2024-12-01,Electricity generation,Fuel,Bioenergy,%,1.78
Chile,2024-12-01,Electricity generation,Fuel,Coal,%,11.49
Chile,2024-12-01,Electricity generation,Fuel,Gas,%,9.03
Chile,2024-12-01,Electricity generation,Fuel,Hydro,%,34.47
Chile,2024-12-01,Electricity generation,Fuel,Other Fossil,%,1.09
Chile,2024-12-01,Electricity generation,Fuel,Other Renewables,%,0.14
Chile,2024-12-01,Electricity generation,Fuel,Solar,%,27.77
Chile,2024-12-01,Electricity generation,Fuel,Wind,%,14.23
Chile,2025-01-01,Electricity generation,Aggregate fuel,Clean,%,73.8
Chile,2025-01-01,Electricity generation,Aggregate fuel,Fossil,%,26.21
Chile,2025-01-01,Electricity generation,Aggregate fuel,Gas and Other Fossil,%,15.37
Chile,2025-01-01,Electricity generation,Aggregate fuel,"Hydro, Bioenergy and Other Renewables",%,30.87
Chile,2025-01-01,Electricity generation,Aggregate fuel,Renewables,%,73.8
Chile,2025-01-01,Electricity generation,Aggregate fuel,Wind and Solar,%,42.93
Chile,2025-01-01,Electricity generation,Fuel,Bioenergy,%,2.33
Chile,2025-01-01,Electricity generation,Fuel,Coal,%,10.84
Chile,2025-01-01,Electricity generation,Fuel,Gas,%,14.27
Chile,2025-01-01,Electricity generation,Fuel,Hydro,%,28.4
Chile,2025-01-01,Electricity generation,Fuel,Other Fossil,%,1.1
Chile,2025-01-01,Electricity generation,Fuel,Other Renewables,%,0.14
Chile,2025-01-01,Electricity generation,Fuel,Solar,%,28.53
Chile,2025-01-01,Electricity generation,Fuel,Wind,%,14.4
Chile,2025-02-01,Electricity generation,Aggregate fuel,Clean,%,67.37
Chile,2025-02-01,Electricity generation,Aggregate fuel,Fossil,%,32.63
Chile,2025-02-01,Electricity generation,Aggregate fuel,Gas and Other Fossil,%,18.45
Chile,2025-02-01,Electricity generation,Aggregate fuel,"Hydro, Bioenergy and Other Renewables",%,27.13
Chile,2025-02-01,Electricity generation,Aggregate fuel,Renewables,%,67.37
Chile,2025-02-01,Electricity generation,Aggregate fuel,Wind and Solar,%,40.24
Chile,2025-02-01,Electricity generation,Fuel,Bioenergy,%,2.44
Chile,2025-02-01,Electricity generation,Fuel,Coal,%,14.18
Chile,2025-02-01,Electricity generation,Fuel,Gas,%,17.23
Chile,2025-02-01,Electricity generation,Fuel,Hydro,%,24.54
Chile,2025-02-01,Electricity generation,Fuel,Other Fossil,%,1.22
Chile,2025-02-01,Electricity generation,Fuel,Other Renewables,%,0.15
Chile,2025-02-01,Electricity generation,Fuel,Solar,%,26.83
Chile,2025-02-01,Electricity generation,Fuel,Wind,%,13.41
Chile,2025-03-01,Electricity generation,Aggregate fuel,Clean,%,61.09
Chile,2025-03-01,Electricity generation,Aggregate fuel,Fossil,%,38.92
Chile,2025-03-01,Electricity generation,Aggregate fuel,Gas and Other Fossil,%,19.81
Chile,2025-03-01,Electricity generation,Aggregate fuel,"Hydro, Bioenergy and Other Renewables",%,23.99
Chile,2025-03-01,Electricity generation,Aggregate fuel,Renewables,%,61.09
Chile,2025-03-01,Electricity generation,Aggregate fuel,Wind and Solar,%,37.1
Chile,2025-03-01,Electricity generation,Fuel,Bioenergy,%,2.23
Chile,2025-03-01,Electricity generation,Fuel,Coal,%,19.11
Chile,2025-03-01,Electricity generation,Fuel,Gas,%,18.55
Chile,2025-03-01,Electricity generation,Fuel,Hydro,%,21.62
Chile,2025-03-01,Electricity generation,Fuel,Other Fossil,%,1.26
Chile,2025-03-01,Electricity generation,Fuel,Other Renewables,%,0.14
Chile,2025-03-01,Electricity generation,Fuel,Solar,%,23.85
Chile,2025-03-01,Electricity generation,Fuel,Wind,%,13.25
Chile,2025-04-01,Electricity generation,Aggregate fuel,Clean,%,59.09
Chile,2025-04-01,Electricity generation,Aggregate fuel,Fossil,%,40.91
Chile,2025-04-01,Electricity generation,Aggregate fuel,Gas and Other Fossil,%,23.48
Chile,2025-04-01,Electricity generation,Aggregate fuel,"Hydro, Bioenergy and Other Renewables",%,25.12
Chile,2025-04-01,Electricity generation,Aggregate fuel,Renewables,%,59.09
Chile,2025-04-01,Electricity generation,Aggregate fuel,Wind and Solar,%,33.97
Chile,2025-04-01,Electricity generation,Fuel,Bioenergy,%,2.81
Chile,2025-04-01,Electricity generation,Fuel,Coal,%,17.43
Chile,2025-04-01,Electricity generation,Fuel,Gas,%,21.12
Chile,2025-04-01,Electricity generation,Fuel,Hydro,%,22.16
Chile,2025-04-01,Electricity generation,Fuel,Other Fossil,%,2.36
Chile,2025-04-01,Electricity generation,Fuel,Other Renewables,%,0.15
Chile,2025-04-01,Electricity generation,Fuel,Solar,%,21.12
Chile,2025-04-01,Electricity generation,Fuel,Wind,%,12.85
Chile,2025-05-01,Electricity generation,Aggregate fuel,Clean,%,60.81
Chile,2025-05-01,Electricity generation,Aggregate fuel,Fossil,%,39.18
Chile,2025-05-01,Electricity generation,Aggregate fuel,Gas and Other Fossil,%,19.38
Chile,2025-05-01,Electricity generation,Aggregate fuel,"Hydro, Bioenergy and Other Renewables",%,29.57
Chile,2025-05-01,Electricity generation,Aggregate fuel,Renewables,%,60.81
Chile,2025-05-01,Electricity generation,Aggregate fuel,Wind and Solar,%,31.24
Chile,2025-05-01,Electricity generation,Fuel,Bioenergy,%,2.79
Chile,2025-05-01,Electricity generation,Fuel,Coal,%,19.8
Chile,2025-05-01,Electricity generation,Fuel,Gas,%,17.85
Chile,2025-05-01,Electricity generation,Fuel,Hydro,%,26.64
Chile,2025-05-01,Electricity generation,Fuel,Other Fossil,%,1.53
Chile,2025-05-01,Electricity generation,Fuel,Other Renewables,%,0.14
Chile,2025-05-01,Electricity generation,Fuel,Solar,%,18.41
Chile,2025-05-01,Electricity generation,Fuel,Wind,%,12.83
Chile,2025-06-01,Electricity generation,Aggregate fuel,Clean,%,57.76
Chile,2025-06-01,Electricity generation,Aggregate fuel,Fossil,%,42.24
Chile,2025-06-01,Electricity generation,Aggregate fuel,Gas and Other Fossil,%,22.1
Chile,2025-06-01,Electricity generation,Aggregate fuel,"Hydro, Bioenergy and Other Renewables",%,28.39
Chile,2025-06-01,Electricity generation,Aggregate fuel,Renewables,%,57.76
Chile,2025-06-01,Electricity generation,Aggregate fuel,Wind and Solar,%,29.37
Chile,2025-06-01,Electricity generation,Fuel,Bioenergy,%,2.52
Chile,2025-06-01,Electricity generation,Fuel,Coal,%,20.14
Chile,2025-06-01,Electricity generation,Fuel,Gas,%,19.44
Chile,2025-06-01,Electricity generation,Fuel,Hydro,%,25.73
Chile,2025-06-01,Electricity generation,Fuel,Other Fossil,%,2.66
Chile,2025-06-01,Electricity generation,Fuel,Other Renewables,%,0.14
Chile,2025-06-01,Electricity generation,Fuel,Solar,%,15.1
Chile,2025-06-01,Electricity generation,Fuel,Wind,%,14.27
Chile,2025-07-01,Electricity generation,Aggregate fuel,Clean,%,54.76
Chile,2025-07-01,Electricity generation,Aggregate fuel,Fossil,%,45.24
Chile,2025-07-01,Electricity generation,Aggregate fuel,Gas and Other Fossil,%,22.55
Chile,2025-07-01,Electricity generation,Aggregate fuel,"Hydro, Bioenergy and Other Renewables",%,21.06
Chile,2025-07-01,Electricity generation,Aggregate fuel,Renewables,%,54.76
Chile,2025-07-01,Electricity generation,Aggregate fuel,Wind and Solar,%,33.7
Chile,2025-07-01,Electricity generation,Fuel,Bioenergy,%,2.31
Chile,2025-07-01,Electricity generation,Fuel,Coal,%,22.69
Chile,2025-07-01,Electricity generation,Fuel,Gas,%,20.92
Chile,2025-07-01,Electricity generation,Fuel,Hydro,%,18.61
Chile,2025-07-01,Electricity generation,Fuel,Other Fossil,%,1.63
Chile,2025-07-01,Electricity generation,Fuel,Other Renewables,%,0.14
Chile,2025-07-01,Electricity generation,Fuel,Solar,%,17.8
Chile,2025-07-01,Electricity generation,Fuel,Wind,%,15.9
Chile,2025-08-01,Electricity generation,Aggregate fuel,Clean,%,62.79
Chile,2025-08-01,Electricity generation,Aggregate fuel,Fossil,%,37.22
Chile,2025-08-01,Electricity generation,Aggregate fuel,Gas and Other Fossil,%,18.33
Chile,2025-08-01,Electricity generation,Aggregate fuel,"Hydro, Bioenergy and Other Renewables",%,27.84
Chile,2025-08-01,Electricity generation,Aggregate fuel,Renewables,%,62.79
Chile,2025-08-01,Electricity generation,Aggregate fuel,Wind and Solar,%,34.95
Chile,2025-08-01,Electricity generation,Fuel,Bioenergy,%,2.56
Chile,2025-08-01,Electricity generation,Fuel,Coal,%,18.89
Chile,2025-08-01,Electricity generation,Fuel,Gas,%,17.19
Chile,2025-08-01,Electricity generation,Fuel,Hydro,%,25.14
Chile,2025-08-01,Electricity generation,Fuel,Other Fossil,%,1.14
Chile,2025-08-01,Electricity generation,Fuel,Other Renewables,%,0.14
Chile,2025-08-01,Electricity generation,Fuel,Solar,%,20.6
Chile,2025-08-01,Electricity generation,Fuel,Wind,%,14.35
Chile,2025-09-01,Electricity generation,Aggregate fuel,Clean,%,69.08
Chile,2025-09-01,Electricity generation,Aggregate fuel,Fossil,%,30.91
Chile,2025-09-01,Electricity generation,Aggregate fuel,Gas and Other Fossil,%,11.09
Chile,2025-09-01,Electricity generation,Aggregate fuel,"Hydro, Bioenergy and Other Renewables",%,28.25
Chile,2025-09-01,Electricity generation,Aggregate fuel,Renewables,%,69.08
Chile,2025-09-01,Electricity generation,Aggregate fuel,Wind and Solar,%,40.83
Chile,2025-09-01,Electricity generation,Fuel,Bioenergy,%,2.51
Chile,2025-09-01,Electricity generation,Fuel,Coal,%,19.82
Chile,2025-09-01,Electricity generation,Fuel,Gas,%,9.91
Chile,2025-09-01,Electricity generation,Fuel,Hydro,%,25.59
Chile,2025-09-01,Electricity generation,Fuel,Other Fossil,%,1.18
Chile,2025-09-01,Electricity generation,Fuel,Other Renewables,%,0.15
Chile,2025-09-01,Electricity generation,Fuel,Solar,%,26.04
Chile,2025-09-01,Electricity generation,Fuel,Wind,%,14.79
Chile,2025-10-01,Electricity generation,Aggregate fuel,Clean,%,74.14
Chile,2025-10-01,Electricity generation,Aggregate fuel,Fossil,%,25.85
Chile,2025-10-01,Electricity generation,Aggregate fuel,Gas and Other Fossil,%,9.94
Chile,2025-10-01,Electricity generation,Aggregate fuel,"Hydro, Bioenergy and Other Renewables",%,30.11
Chile,2025-10-01,Electricity generation,Aggregate fuel,Renewables,%,74.14
Chile,2025-10-01,Electricity generation,Aggregate fuel,Wind and Solar,%,44.03
Chile,2025-10-01,Electricity generation,Fuel,Bioenergy,%,1.99
Chile,2025-10-01,Electricity generation,Fuel,Coal,%,15.91
Chile,2025-10-01,Electricity generation,Fuel,Gas,%,8.24
Chile,2025-10-01,Electricity generation,Fuel,Hydro,%,27.98
Chile,2025-10-01,Electricity generation,Fuel,Other Fossil,%,1.7
Chile,2025-10-01,Electricity generation,Fuel,Other Renewables,%,0.14
Chile,2025-10-01,Electricity generation,Fuel,Solar,%,28.69
Chile,2025-10-01,Electricity generation,Fuel,Wind,%,15.34
Colombia,2018-01-01,Electricity generation,Aggregate fuel,Clean,%,83.64
Colombia,2018-01-01,Electricity generation,Aggregate fuel,Fossil,%,16.35
Colombia,2018-01-01,Electricity generation,Aggregate fuel,Gas and Other Fossil,%,7.99
Colombia,2018-01-01,Electricity generation,Aggregate fuel,"Hydro, Bioenergy and Other Renewables",%,83.64
Colombia,2018-01-01,Electricity generation,Aggregate fuel,Renewables,%,83.64
Colombia,2018-01-01,Electricity generation,Aggregate fuel,Wind and Solar,%,0.0
Colombia,2018-01-01,Electricity generation,Fuel,Bioenergy,%,0.0
Colombia,2018-01-01,Electricity generation,Fuel,Coal,%,8.36
Colombia,2018-01-01,Electricity generation,Fuel,Gas,%,7.99
Colombia,2018-01-01,Electricity generation,Fuel,Hydro,%,83.64
Colombia,2018-01-01,Electricity generation,Fuel,Other Fossil,%,0.0
Colombia,2018-01-01,Electricity generation,Fuel,Solar,%,0.0
Colombia,2018-01-01,Electricity generation,Fuel,Wind,%,0.0
Colombia,2018-02-01,Electricity generation,Aggregate fuel,Clean,%,74.9
Colombia,2018-02-01,Electricity generation,Aggregate fuel,Fossil,%,25.09
Colombia,2018-02-01,Electricity generation,Aggregate fuel,Gas and Other Fossil,%,14.42
Colombia,2018-02-01,Electricity generation,Aggregate fuel,"Hydro, Bioenergy and Other Renewables",%,74.9
Colombia,2018-02-01,Electricity generation,Aggregate fuel,Renewables,%,74.9
Colombia,2018-02-01,Electricity generation,Aggregate fuel,Wind and Solar,%,0.0
Colombia,2018-02-01,Electricity generation,Fuel,Bioenergy,%,0.0
Colombia,2018-02-01,Electricity generation,Fuel,Coal,%,10.67
Colombia,2018-02-01,Electricity generation,Fuel,Gas,%,13.83
Colombia,2018-02-01,Electricity generation,Fuel,Hydro,%,74.9
Colombia,2018-02-01,Electricity generation,Fuel,Other Fossil,%,0.59
Colombia,2018-02-01,Electricity generation,Fuel,Solar,%,0.0
Colombia,2018-02-01,Electricity generation,Fuel,Wind,%,0.0
Colombia,2018-03-01,Electricity generation,Aggregate fuel,Clean,%,76.9
Colombia,2018-03-01,Electricity generation,Aggregate fuel,Fossil,%,23.1
Colombia,2018-03-01,Electricity generation,Aggregate fuel,Gas and Other Fossil,%,12.17
Colombia,2018-03-01,Electricity generation,Aggregate fuel,"Hydro, Bioenergy and Other Renewables",%,76.9
Colombia,2018-03-01,Electricity generation,Aggregate fuel,Renewables,%,76.9
Colombia,2018-03-01,Electricity generation,Aggregate fuel,Wind and Solar,%,0.0
Colombia,2018-03-01,Electricity generation,Fuel,Bioenergy,%,0.0
Colombia,2018-03-01,Electricity generation,Fuel,Coal,%,10.93
Colombia,2018-03-01,Electricity generation,Fuel,Gas,%,11.64
Colombia,2018-03-01,Electricity generation,Fuel,Hydro,%,76.9
Colombia,2018-03-01,Electricity generation,Fuel,Other Fossil,%,0.53
Colombia,2018-03-01,Electricity generation,Fuel,Solar,%,0.0
Colombia,2018-03-01,Electricity generation,Fuel,Wind,%,0.0
Colombia,2018-04-01,Electricity generation,Aggregate fuel,Clean,%,87.85
Colombia,2018-04-01,Electricity generation,Aggregate fuel,Fossil,%,12.15
Colombia,2018-04-01,Electricity generation,Aggregate fuel,Gas and Other Fossil,%,8.47
Colombia,2018-04-01,Electricity generation,Aggregate fuel,"Hydro, Bioenergy and Other Renewables",%,87.85
Colombia,2018-04-01,Electricity generation,Aggregate fuel,Renewables,%,87.85
Colombia,2018-04-01,Electricity generation,Aggregate fuel,Wind and Solar,%,0.0
Colombia,2018-04-01,Electricity generation,Fuel,Bioenergy,%,0.0
Colombia,2018-04-01,Electricity generation,Fuel,Coal,%,3.68
Colombia,2018-04-01,Electricity generation,Fuel,Gas,%,8.29
Colombia,2018-04-01,Electricity generation,Fuel,Hydro,%,87.85
Colombia,2018-04-01,Electricity generation,Fuel,Other Fossil,%,0.18
Colombia,2018-04-01,Electricity generation,Fuel,Solar,%,0.0
Colombia,2018-04-01,Electricity generation,Fuel,Wind,%,0.0
Colombia,2018-05-01,Electricity generation,Aggregate fuel,Clean,%,86.44
Colombia,2018-05-01,Electricity generation,Aggregate fuel,Fossil,%,13.56
Colombia,2018-05-01,Electricity generation,Aggregate fuel,Gas and Other Fossil,%,9.69
Colombia,2018-05-01,Electricity generation,Aggregate fuel,"Hydro, Bioenergy and Other Renewables",%,86.44
Colombia,2018-05-01,Electricity generation,Aggregate fuel,Renewables,%,86.44
Colombia,2018-05-01,Electricity generation,Aggregate fuel,Wind and Solar,%,0.0
Colombia,2018-05-01,Electricity generation,Fuel,Bioenergy,%,0.0
Colombia,2018-05-01,Electricity generation,Fuel,Coal,%,3.87
Colombia,2018-05-01,Electricity generation,Fuel,Gas,%,9.51
Colombia,2018-05-01,Electricity generation,Fuel,Hydro,%,86.44
Colombia,2018-05-01,Electricity generation,Fuel,Other Fossil,%,0.18
Colombia,2018-05-01,Electricity generation,Fuel,Solar,%,0.0
Colombia,2018-05-01,Electricity generation,Fuel,Wind,%,0.0
Colombia,2018-06-01,Electricity generation,Aggregate fuel,Clean,%,87.05
Colombia,2018-06-01,Electricity generation,Aggregate fuel,Fossil,%,12.95
Colombia,2018-06-01,Electricity generation,Aggregate fuel,Gas and Other Fossil,%,10.79
Colombia,2018-06-01,Electricity generation,Aggregate fuel,"Hydro, Bioenergy and Other Renewables",%,87.05
Colombia,2018-06-01,Electricity generation,Aggregate fuel,Renewables,%,87.05
Colombia,2018-06-01,Electricity generation,Aggregate fuel,Wind and Solar,%,0.0
Colombia,2018-06-01,Electricity generation,Fuel,Bioenergy,%,0.18
Colombia,2018-06-01,Electricity generation,Fuel,Coal,%,2.16
Colombia,2018-06-01,Electricity generation,Fuel,Gas,%,10.61
Colombia,2018-06-01,Electricity generation,Fuel,Hydro,%,86.87
Colombia,2018-06-01,Electricity generation,Fuel,Other Fossil,%,0.18
Colombia,2018-06-01,Electricity generation,Fuel,Solar,%,0.0
Colombia,2018-06-01,Electricity generation,Fuel,Wind,%,0.0
Colombia,2018-07-01,Electricity generation,Aggregate fuel,Clean,%,87.43
Colombia,2018-07-01,Electricity generation,Aggregate fuel,Fossil,%,12.57
Colombia,2018-07-01,Electricity generation,Aggregate fuel,Gas and Other Fossil,%,9.64
Colombia,2018-07-01,Electricity generation,Aggregate fuel,"Hydro, Bioenergy and Other Renewables",%,87.26
Colombia,2018-07-01,Electricity generation,Aggregate fuel,Renewables,%,87.43
Colombia,2018-07-01,Electricity generation,Aggregate fuel,Wind and Solar,%,0.17
Colombia,2018-07-01,Electricity generation,Fuel,Bioenergy,%,0.0
Colombia,2018-07-01,Electricity generation,Fuel,Coal,%,2.93
Colombia,2018-07-01,Electricity generation,Fuel,Gas,%,9.47
Colombia,2018-07-01,Electricity generation,Fuel,Hydro,%,87.26
Colombia,2018-07-01,Electricity generation,Fuel,Other Fossil,%,0.17
Colombia,2018-07-01,Electricity generation,Fuel,Solar,%,0.0
Colombia,2018-07-01,Electricity generation,Fuel,Wind,%,0.17
Colombia,2018-08-01,Electricity generation,Aggregate fuel,Clean,%,86.22
Colombia,2018-08-01,Electricity generation,Aggregate fuel,Fossil,%,13.77
Colombia,2018-08-01,Electricity generation,Aggregate fuel,Gas and Other Fossil,%,10.37
Colombia,2018-08-01,Electricity generation,Aggregate fuel,"Hydro, Bioenergy and Other Renewables",%,86.05
Colombia,2018-08-01,Electricity generation,Aggregate fuel,Renewables,%,86.22
Colombia,2018-08-01,Electricity generation,Aggregate fuel,Wind and Solar,%,0.17
Colombia,2018-08-01,Electricity generation,Fuel,Bioenergy,%,0.17
Colombia,2018-08-01,Electricity generation,Fuel,Coal,%,3.4
Colombia,2018-08-01,Electricity generation,Fuel,Gas,%,10.2
Colombia,2018-08-01,Electricity generation,Fuel,Hydro,%,85.88
Colombia,2018-08-01,Electricity generation,Fuel,Other Fossil,%,0.17
Colombia,2018-08-01,Electricity generation,Fuel,Solar,%,0.0
Colombia,2018-08-01,Electricity generation,Fuel,Wind,%,0.17
Colombia,2018-09-01,Electricity generation,Aggregate fuel,Clean,%,84.53
Colombia,2018-09-01,Electricity generation,Aggregate fuel,Fossil,%,15.47
Colombia,2018-09-01,Electricity generation,Aggregate fuel,Gas and Other Fossil,%,10.9
Colombia,2018-09-01,Electricity generation,Aggregate fuel,"Hydro, Bioenergy and Other Renewables",%,84.53
Colombia,2018-09-01,Electricity generation,Aggregate fuel,Renewables,%,84.53
Colombia,2018-09-01,Electricity generation,Aggregate fuel,Wind and Solar,%,0.0
Colombia,2018-09-01,Electricity generation,Fuel,Bioenergy,%,0.0
Colombia,2018-09-01,Electricity generation,Fuel,Coal,%,4.57
Colombia,2018-09-01,Electricity generation,Fuel,Gas,%,10.72
Colombia,2018-09-01,Electricity generation,Fuel,Hydro,%,84.53
Colombia,2018-09-01,Electricity generation,Fuel,Other Fossil,%,0.18
Colombia,2018-09-01,Electricity generation,Fuel,Solar,%,0.0
Colombia,2018-09-01,Electricity generation,Fuel,Wind,%,0.0
Colombia,2018-10-01,Electricity generation,Aggregate fuel,Clean,%,85.47
Colombia,2018-10-01,Electricity generation,Aggregate fuel,Fossil,%,14.52
Colombia,2018-10-01,Electricity generation,Aggregate fuel,Gas and Other Fossil,%,10.08
Colombia,2018-10-01,Electricity generation,Aggregate fuel,"Hydro, Bioenergy and Other Renewables",%,85.47
Colombia,2018-10-01,Electricity generation,Aggregate fuel,Renewables,%,85.47
Colombia,2018-10-01,Electricity generation,Aggregate fuel,Wind and Solar,%,0.0
Colombia,2018-10-01,Electricity generation,Fuel,Bioenergy,%,0.0
Colombia,2018-10-01,Electricity generation,Fuel,Coal,%,4.44
Colombia,2018-10-01,Electricity generation,Fuel,Gas,%,9.91
Colombia,2018-10-01,Electricity generation,Fuel,Hydro,%,85.47
Colombia,2018-10-01,Electricity generation,Fuel,Other Fossil,%,0.17
Colombia,2018-10-01,Electricity generation,Fuel,Solar,%,0.0
Colombia,2018-10-01,Electricity generation,Fuel,Wind,%,0.0
Colombia,2018-11-01,Electricity generation,Aggregate fuel,Clean,%,87.63
Colombia,2018-11-01,Electricity generation,Aggregate fuel,Fossil,%,12.36
Colombia,2018-11-01,Electricity generation,Aggregate fuel,Gas and Other Fossil,%,10.1
Colombia,2018-11-01,Electricity generation,Aggregate fuel,"Hydro, Bioenergy and Other Renewables",%,87.63
Colombia,2018-11-01,Electricity generation,Aggregate fuel,Renewables,%,87.63
Colombia,2018-11-01,Electricity generation,Aggregate fuel,Wind and Solar,%,0.0
Colombia,2018-11-01,Electricity generation,Fuel,Bioenergy,%,0.0
Colombia,2018-11-01,Electricity generation,Fuel,Coal,%,2.26
Colombia,2018-11-01,Electricity generation,Fuel,Gas,%,9.58
Colombia,2018-11-01,Electricity generation,Fuel,Hydro,%,87.63
Colombia,2018-11-01,Electricity generation,Fuel,Other Fossil,%,0.52
Colombia,2018-11-01,Electricity generation,Fuel,Solar,%,0.0
Colombia,2018-11-01,Electricity generation,Fuel,Wind,%,0.0
Colombia,2018-12-01,Electricity generation,Aggregate fuel,Clean,%,79.13
Colombia,2018-12-01,Electricity generation,Aggregate fuel,Fossil,%,20.88
Colombia,2018-12-01,Electricity generation,Aggregate fuel,Gas and Other Fossil,%,10.0
Colombia,2018-12-01,Electricity generation,Aggregate fuel,"Hydro, Bioenergy and Other Renewables",%,78.95
Colombia,2018-12-01,Electricity generation,Aggregate fuel,Renewables,%,79.13
Colombia,2018-12-01,Electricity generation,Aggregate fuel,Wind and Solar,%,0.18
Colombia,2018-12-01,Electricity generation,Fuel,Bioenergy,%,0.0
Colombia,2018-12-01,Electricity generation,Fuel,Coal,%,10.88
Colombia,2018-12-01,Electricity generation,Fuel,Gas,%,9.65
Colombia,2018-12-01,Electricity generation,Fuel,Hydro,%,78.95
Colombia,2018-12-01,Electricity generation,Fuel,Other Fossil,%,0.35
Colombia,2018-12-01,Electricity generation,Fuel,Solar,%,0.0
Colombia,2018-12-01,Electricity generation,Fuel,Wind,%,0.18
Colombia,2019-01-01,Electricity generation,Aggregate fuel,Clean,%,72.74
Colombia,2019-01-01,Electricity generation,Aggregate fuel,Fossil,%,27.26
Colombia,2019-01-01,Electricity generation,Aggregate fuel,Gas and Other Fossil,%,10.11
Colombia,2019-01-01,Electricity generation,Aggregate fuel,"Hydro, Bioenergy and Other Renewables",%,72.56
Colombia,2019-01-01,Electricity generation,Aggregate fuel,Renewables,%,72.74
Colombia,2019-01-01,Electricity generation,Aggregate fuel,Wind and Solar,%,0.18
Colombia,2019-01-01,Electricity generation,Fuel,Bioenergy,%,0.18
Colombia,2019-01-01,Electricity generation,Fuel,Coal,%,17.15
Colombia,2019-01-01,Electricity generation,Fuel,Gas,%,9.39
Colombia,2019-01-01,Electricity generation,Fuel,Hydro,%,72.38
Colombia,2019-01-01,Electricity generation,Fuel,Other Fossil,%,0.72
Colombia,2019-01-01,Electricity generation,Fuel,Solar,%,0.0
Colombia,2019-01-01,Electricity generation,Fuel,Wind,%,0.18
Colombia,2019-02-01,Electricity generation,Aggregate fuel,Clean,%,73.52
Colombia,2019-02-01,Electricity generation,Aggregate fuel,Fossil,%,26.49
Colombia,2019-02-01,Electricity generation,Aggregate fuel,Gas and Other Fossil,%,10.28
Colombia,2019-02-01,Electricity generation,Aggregate fuel,"Hydro, Bioenergy and Other Renewables",%,73.12
Colombia,2019-02-01,Electricity generation,Aggregate fuel,Renewables,%,73.52
Colombia,2019-02-01,Electricity generation,Aggregate fuel,Wind and Solar,%,0.4
Colombia,2019-02-01,Electricity generation,Fuel,Bioenergy,%,0.0
Colombia,2019-02-01,Electricity generation,Fuel,Coal,%,16.21
Colombia,2019-02-01,Electricity generation,Fuel,Gas,%,9.49
Colombia,2019-02-01,Electricity generation,Fuel,Hydro,%,73.12
Colombia,2019-02-01,Electricity generation,Fuel,Other Fossil,%,0.79
Colombia,2019-02-01,Electricity generation,Fuel,Solar,%,0.2
Colombia,2019-02-01,Electricity generation,Fuel,Wind,%,0.2
Colombia,2019-03-01,Electricity generation,Aggregate fuel,Clean,%,75.63
Colombia,2019-03-01,Electricity generation,Aggregate fuel,Fossil,%,24.38
Colombia,2019-03-01,Electricity generation,Aggregate fuel,Gas and Other Fossil,%,9.54
Colombia,2019-03-01,Electricity generation,Aggregate fuel,"Hydro, Bioenergy and Other Renewables",%,75.27
Colombia,2019-03-01,Electricity generation,Aggregate fuel,Renewables,%,75.63
Colombia,2019-03-01,Electricity generation,Aggregate fuel,Wind and Solar,%,0.36
Colombia,2019-03-01,Electricity generation,Fuel,Bioenergy,%,0.0
Colombia,2019-03-01,Electricity generation,Fuel,Coal,%,14.84
Colombia,2019-03-01,Electricity generation,Fuel,Gas,%,8.83
Colombia,2019-03-01,Electricity generation,Fuel,Hydro,%,75.27
Colombia,2019-03-01,Electricity generation,Fuel,Other Fossil,%,0.71
Colombia,2019-03-01,Electricity generation,Fuel,Solar,%,0.18
Colombia,2019-03-01,Electricity generation,Fuel,Wind,%,0.18
Colombia,2019-04-01,Electricity generation,Aggregate fuel,Clean,%,83.18
Colombia,2019-04-01,Electricity generation,Aggregate fuel,Fossil,%,16.82
Colombia,2019-04-01,Electricity generation,Aggregate fuel,Gas and Other Fossil,%,8.14
Colombia,2019-04-01,Electricity generation,Aggregate fuel,"Hydro, Bioenergy and Other Renewables",%,82.82
Colombia,2019-04-01,Electricity generation,Aggregate fuel,Renewables,%,83.18
Colombia,2019-04-01,Electricity generation,Aggregate fuel,Wind and Solar,%,0.36
Colombia,2019-04-01,Electricity generation,Fuel,Bioenergy,%,0.0
Colombia,2019-04-01,Electricity generation,Fuel,Coal,%,8.68
Colombia,2019-04-01,Electricity generation,Fuel,Gas,%,7.78
Colombia,2019-04-01,Electricity generation,Fuel,Hydro,%,82.82
Colombia,2019-04-01,Electricity generation,Fuel,Other Fossil,%,0.36
Colombia,2019-04-01,Electricity generation,Fuel,Solar,%,0.18
Colombia,2019-04-01,Electricity generation,Fuel,Wind,%,0.18
Colombia,2019-05-01,Electricity generation,Aggregate fuel,Clean,%,85.46
Colombia,2019-05-01,Electricity generation,Aggregate fuel,Fossil,%,14.53
Colombia,2019-05-01,Electricity generation,Aggregate fuel,Gas and Other Fossil,%,6.23
Colombia,2019-05-01,Electricity generation,Aggregate fuel,"Hydro, Bioenergy and Other Renewables",%,85.12
Colombia,2019-05-01,Electricity generation,Aggregate fuel,Renewables,%,85.46
Colombia,2019-05-01,Electricity generation,Aggregate fuel,Wind and Solar,%,0.34
Colombia,2019-05-01,Electricity generation,Fuel,Bioenergy,%,0.0
Colombia,2019-05-01,Electricity generation,Fuel,Coal,%,8.3
Colombia,2019-05-01,Electricity generation,Fuel,Gas,%,5.88
Colombia,2019-05-01,Electricity generation,Fuel,Hydro,%,85.12
Colombia,2019-05-01,Electricity generation,Fuel,Other Fossil,%,0.35
Colombia,2019-05-01,Electricity generation,Fuel,Solar,%,0.17
Colombia,2019-05-01,Electricity generation,Fuel,Wind,%,0.17
Colombia,2019-06-01,Electricity generation,Aggregate fuel,Clean,%,88.88
Colombia,2019-06-01,Electricity generation,Aggregate fuel,Fossil,%,11.13
Colombia,2019-06-01,Electricity generation,Aggregate fuel,Gas and Other Fossil,%,7.42
Colombia,2019-06-01,Electricity generation,Aggregate fuel,"Hydro, Bioenergy and Other Renewables",%,88.52
Colombia,2019-06-01,Electricity generation,Aggregate fuel,Renewables,%,88.88
Colombia,2019-06-01,Electricity generation,Aggregate fuel,Wind and Solar,%,0.36
Colombia,2019-06-01,Electricity generation,Fuel,Bioenergy,%,0.0
Colombia,2019-06-01,Electricity generation,Fuel,Coal,%,3.71
Colombia,2019-06-01,Electricity generation,Fuel,Gas,%,6.89
Colombia,2019-06-01,Electricity generation,Fuel,Hydro,%,88.52
Colombia,2019-06-01,Electricity generation,Fuel,Other Fossil,%,0.53
Colombia,2019-06-01,Electricity generation,Fuel,Solar,%,0.18
Colombia,2019-06-01,Electricity generation,Fuel,Wind,%,0.18
Colombia,2019-07-01,Electricity generation,Aggregate fuel,Clean,%,88.84
Colombia,2019-07-01,Electricity generation,Aggregate fuel,Fossil,%,11.17
Colombia,2019-07-01,Electricity generation,Aggregate fuel,Gas and Other Fossil,%,6.94
Colombia,2019-07-01,Electricity generation,Aggregate fuel,"Hydro, Bioenergy and Other Renewables",%,88.5
Colombia,2019-07-01,Electricity generation,Aggregate fuel,Renewables,%,88.84
Colombia,2019-07-01,Electricity generation,Aggregate fuel,Wind and Solar,%,0.34
Colombia,2019-07-01,Electricity generation,Fuel,Bioenergy,%,0.34
Colombia,2019-07-01,Electricity generation,Fuel,Coal,%,4.23
Colombia,2019-07-01,Electricity generation,Fuel,Gas,%,6.43
Colombia,2019-07-01,Electricity generation,Fuel,Hydro,%,88.16
Colombia,2019-07-01,Electricity generation,Fuel,Other Fossil,%,0.51
Colombia,2019-07-01,Electricity generation,Fuel,Solar,%,0.17
Colombia,2019-07-01,Electricity generation,Fuel,Wind,%,0.17
Colombia,2019-08-01,Electricity generation,Aggregate fuel,Clean,%,85.72
Colombia,2019-08-01,Electricity generation,Aggregate fuel,Fossil,%,14.28
Colombia,2019-08-01,Electricity generation,Aggregate fuel,Gas and Other Fossil,%,9.3
Colombia,2019-08-01,Electricity generation,Aggregate fuel,"Hydro, Bioenergy and Other Renewables",%,85.55
Colombia,2019-08-01,Electricity generation,Aggregate fuel,Renewables,%,85.72
Colombia,2019-08-01,Electricity generation,Aggregate fuel,Wind and Solar,%,0.17
Colombia,2019-08-01,Electricity generation,Fuel,Bioenergy,%,0.83
Colombia,2019-08-01,Electricity generation,Fuel,Coal,%,4.98
Colombia,2019-08-01,Electricity generation,Fuel,Gas,%,8.8
Colombia,2019-08-01,Electricity generation,Fuel,Hydro,%,84.72
Colombia,2019-08-01,Electricity generation,Fuel,Other Fossil,%,0.5
Colombia,2019-08-01,Electricity generation,Fuel,Solar,%,0.17
Colombia,2019-08-01,Electricity generation,Fuel,Wind,%,0.0
Colombia,2019-09-01,Electricity generation,Aggregate fuel,Clean,%,79.86
Colombia,2019-09-01,Electricity generation,Aggregate fuel,Fossil,%,20.14
Colombia,2019-09-01,Electricity generation,Aggregate fuel,Gas and Other Fossil,%,9.9
Colombia,2019-09-01,Electricity generation,Aggregate fuel,"Hydro, Bioenergy and Other Renewables",%,79.69
Colombia,2019-09-01,Electricity generation,Aggregate fuel,Renewables,%,79.86
Colombia,2019-09-01,Electricity generation,Aggregate fuel,Wind and Solar,%,0.17
Colombia,2019-09-01,Electricity generation,Fuel,Bioenergy,%,0.0
Colombia,2019-09-01,Electricity generation,Fuel,Coal,%,10.24
Colombia,2019-09-01,Electricity generation,Fuel,Gas,%,9.38
Colombia,2019-09-01,Electricity generation,Fuel,Hydro,%,79.69
Colombia,2019-09-01,Electricity generation,Fuel,Other Fossil,%,0.52
Colombia,2019-09-01,Electricity generation,Fuel,Solar,%,0.17
Colombia,2019-09-01,Electricity generation,Fuel,Wind,%,0.0
Colombia,2019-10-01,Electricity generation,Aggregate fuel,Clean,%,75.55
Colombia,2019-10-01,Electricity generation,Aggregate fuel,Fossil,%,24.45
Colombia,2019-10-01,Electricity generation,Aggregate fuel,Gas and Other Fossil,%,11.89
Colombia,2019-10-01,Electricity generation,Aggregate fuel,"Hydro, Bioenergy and Other Renewables",%,75.38
Colombia,2019-10-01,Electricity generation,Aggregate fuel,Renewables,%,75.55
Colombia,2019-10-01,Electricity generation,Aggregate fuel,Wind and Solar,%,0.17
Colombia,2019-10-01,Electricity generation,Fuel,Bioenergy,%,0.0
Colombia,2019-10-01,Electricity generation,Fuel,Coal,%,12.56
Colombia,2019-10-01,Electricity generation,Fuel,Gas,%,11.21
Colombia,2019-10-01,Electricity generation,Fuel,Hydro,%,75.38
Colombia,2019-10-01,Electricity generation,Fuel,Other Fossil,%,0.68
Colombia,2019-10-01,Electricity generation,Fuel,Solar,%,0.17
Colombia,2019-10-01,Electricity generation,Fuel,Wind,%,0.0
Colombia,2019-11-01,Electricity generation,Aggregate fuel,Clean,%,78.59
Colombia,2019-11-01,Electricity generation,Aggregate fuel,Fossil,%,21.42
Colombia,2019-11-01,Electricity generation,Aggregate fuel,Gas and Other Fossil,%,8.85
Colombia,2019-11-01,Electricity generation,Aggregate fuel,"Hydro, Bioenergy and Other Renewables",%,78.41
Colombia,2019-11-01,Electricity generation,Aggregate fuel,Renewables,%,78.59
Colombia,2019-11-01,Electricity generation,Aggregate fuel,Wind and Solar,%,0.18
Colombia,2019-11-01,Electricity generation,Fuel,Bioenergy,%,0.18
Colombia,2019-11-01,Electricity generation,Fuel,Coal,%,12.57
Colombia,2019-11-01,Electricity generation,Fuel,Gas,%,8.5
Colombia,2019-11-01,Electricity generation,Fuel,Hydro,%,78.23
Colombia,2019-11-01,Electricity generation,Fuel,Other Fossil,%,0.35
Colombia,2019-11-01,Electricity generation,Fuel,Solar,%,0.18
Colombia,2019-11-01,Electricity generation,Fuel,Wind,%,0.0
Colombia,2019-12-01,Electricity generation,Aggregate fuel,Clean,%,73.38
Colombia,2019-12-01,Electricity generation,Aggregate fuel,Fossil,%,26.6
Colombia,2019-12-01,Electricity generation,Aggregate fuel,Gas and Other Fossil,%,11.3
Colombia,2019-12-01,Electricity generation,Aggregate fuel,"Hydro, Bioenergy and Other Renewables",%,73.04
Colombia,2019-12-01,Electricity generation,Aggregate fuel,Renewables,%,73.38
Colombia,2019-12-01,Electricity generation,Aggregate fuel,Wind and Solar,%,0.34
Colombia,2019-12-01,Electricity generation,Fuel,Bioenergy,%,0.0
Colombia,2019-12-01,Electricity generation,Fuel,Coal,%,15.3
Colombia,2019-12-01,Electricity generation,Fuel,Gas,%,10.26
Colombia,2019-12-01,Electricity generation,Fuel,Hydro,%,73.04
Colombia,2019-12-01,Electricity generation,Fuel,Other Fossil,%,1.04
Colombia,2019-12-01,Electricity generation,Fuel,Solar,%,0.17
Colombia,2019-12-01,Electricity generation,Fuel,Wind,%,0.17
Colombia,2020-01-01,Electricity generation,Aggregate fuel,Clean,%,70.36
Colombia,2020-01-01,Electricity generation,Aggregate fuel,Fossil,%,29.64
Colombia,2020-01-01,Electricity generation,Aggregate fuel,Gas and Other Fossil,%,13.52
Colombia,2020-01-01,Electricity generation,Aggregate fuel,"Hydro, Bioenergy and Other Renewables",%,70.01
Colombia,2020-01-01,Electricity generation,Aggregate fuel,Renewables,%,70.36
Colombia,2020-01-01,Electricity generation,Aggregate fuel,Wind and Solar,%,0.35
Colombia,2020-01-01,Electricity generation,Fuel,Bioenergy,%,0.17
Colombia,2020-01-01,Electricity generation,Fuel,Coal,%,16.12
Colombia,2020-01-01,Electricity generation,Fuel,Gas,%,11.61
Colombia,2020-01-01,Electricity generation,Fuel,Hydro,%,69.84
Colombia,2020-01-01,Electricity generation,Fuel,Other Fossil,%,1.91
Colombia,2020-01-01,Electricity generation,Fuel,Solar,%,0.35
Colombia,2020-01-01,Electricity generation,Fuel,Wind,%,0.0
Colombia,2020-02-01,Electricity generation,Aggregate fuel,Clean,%,75.84
Colombia,2020-02-01,Electricity generation,Aggregate fuel,Fossil,%,24.15
Colombia,2020-02-01,Electricity generation,Aggregate fuel,Gas and Other Fossil,%,2.75
Colombia,2020-02-01,Electricity generation,Aggregate fuel,"Hydro, Bioenergy and Other Renewables",%,75.42
Colombia,2020-02-01,Electricity generation,Aggregate fuel,Renewables,%,75.84
Colombia,2020-02-01,Electricity generation,Aggregate fuel,Wind and Solar,%,0.42
Colombia,2020-02-01,Electricity generation,Fuel,Bioenergy,%,0.0
Colombia,2020-02-01,Electricity generation,Fuel,Coal,%,21.4
Colombia,2020-02-01,Electricity generation,Fuel,Gas,%,1.06
Colombia,2020-02-01,Electricity generation,Fuel,Hydro,%,75.42
Colombia,2020-02-01,Electricity generation,Fuel,Other Fossil,%,1.69
Colombia,2020-02-01,Electricity generation,Fuel,Solar,%,0.42
Colombia,2020-03-01,Electricity generation,Aggregate fuel,Clean,%,75.9
Colombia,2020-03-01,Electricity generation,Aggregate fuel,Fossil,%,24.11
Colombia,2020-03-01,Electricity generation,Aggregate fuel,Gas and Other Fossil,%,4.59
Colombia,2020-03-01,Electricity generation,Aggregate fuel,"Hydro, Bioenergy and Other Renewables",%,75.5
Colombia,2020-03-01,Electricity generation,Aggregate fuel,Renewables,%,75.9
Colombia,2020-03-01,Electricity generation,Aggregate fuel,Wind and Solar,%,0.4
Colombia,2020-03-01,Electricity generation,Fuel,Bioenergy,%,0.0
Colombia,2020-03-01,Electricity generation,Fuel,Coal,%,19.52
Colombia,2020-03-01,Electricity generation,Fuel,Gas,%,1.2
Colombia,2020-03-01,Electricity generation,Fuel,Hydro,%,75.5
Colombia,2020-03-01,Electricity generation,Fuel,Other Fossil,%,3.39
Colombia,2020-03-01,Electricity generation,Fuel,Solar,%,0.4
Colombia,2020-04-01,Electricity generation,Aggregate fuel,Clean,%,71.99
Colombia,2020-04-01,Electricity generation,Aggregate fuel,Fossil,%,28.01
Colombia,2020-04-01,Electricity generation,Aggregate fuel,Gas and Other Fossil,%,10.58
Colombia,2020-04-01,Electricity generation,Aggregate fuel,"Hydro, Bioenergy and Other Renewables",%,71.78
Colombia,2020-04-01,Electricity generation,Aggregate fuel,Renewables,%,71.99
Colombia,2020-04-01,Electricity generation,Aggregate fuel,Wind and Solar,%,0.21
Colombia,2020-04-01,Electricity generation,Fuel,Bioenergy,%,0.0
Colombia,2020-04-01,Electricity generation,Fuel,Coal,%,17.43
Colombia,2020-04-01,Electricity generation,Fuel,Gas,%,8.92
Colombia,2020-04-01,Electricity generation,Fuel,Hydro,%,71.78
Colombia,2020-04-01,Electricity generation,Fuel,Other Fossil,%,1.66
Colombia,2020-04-01,Electricity generation,Fuel,Solar,%,0.21
Colombia,2020-05-01,Electricity generation,Aggregate fuel,Clean,%,70.45
Colombia,2020-05-01,Electricity generation,Aggregate fuel,Fossil,%,29.54
Colombia,2020-05-01,Electricity generation,Aggregate fuel,Gas and Other Fossil,%,9.5
Colombia,2020-05-01,Electricity generation,Aggregate fuel,"Hydro, Bioenergy and Other Renewables",%,70.04
Colombia,2020-05-01,Electricity generation,Aggregate fuel,Renewables,%,70.45
Colombia,2020-05-01,Electricity generation,Aggregate fuel,Wind and Solar,%,0.41
Colombia,2020-05-01,Electricity generation,Fuel,Bioenergy,%,0.0
Colombia,2020-05-01,Electricity generation,Fuel,Coal,%,20.04
Colombia,2020-05-01,Electricity generation,Fuel,Gas,%,8.47
Colombia,2020-05-01,Electricity generation,Fuel,Hydro,%,70.04
Colombia,2020-05-01,Electricity generation,Fuel,Other Fossil,%,1.03
Colombia,2020-05-01,Electricity generation,Fuel,Solar,%,0.41
Colombia,2020-06-01,Electricity generation,Aggregate fuel,Clean,%,72.94
Colombia,2020-06-01,Electricity generation,Aggregate fuel,Fossil,%,27.06
Colombia,2020-06-01,Electricity generation,Aggregate fuel,Gas and Other Fossil,%,9.09
Colombia,2020-06-01,Electricity generation,Aggregate fuel,"Hydro, Bioenergy and Other Renewables",%,72.73
Colombia,2020-06-01,Electricity generation,Aggregate fuel,Renewables,%,72.94
Colombia,2020-06-01,Electricity generation,Aggregate fuel,Wind and Solar,%,0.21
Colombia,2020-06-01,Electricity generation,Fuel,Bioenergy,%,0.0
Colombia,2020-06-01,Electricity generation,Fuel,Coal,%,17.97
Colombia,2020-06-01,Electricity generation,Fuel,Gas,%,7.4
Colombia,2020-06-01,Electricity generation,Fuel,Hydro,%,72.73
Colombia,2020-06-01,Electricity generation,Fuel,Other Fossil,%,1.69
Colombia,2020-06-01,Electricity generation,Fuel,Solar,%,0.21
Colombia,2020-07-01,Electricity generation,Aggregate fuel,Clean,%,83.72
Colombia,2020-07-01,Electricity generation,Aggregate fuel,Fossil,%,16.28
Colombia,2020-07-01,Electricity generation,Aggregate fuel,Gas and Other Fossil,%,8.95
Colombia,2020-07-01,Electricity generation,Aggregate fuel,"Hydro, Bioenergy and Other Renewables",%,83.54
Colombia,2020-07-01,Electricity generation,Aggregate fuel,Renewables,%,83.72
Colombia,2020-07-01,Electricity generation,Aggregate fuel,Wind and Solar,%,0.18
Colombia,2020-07-01,Electricity generation,Fuel,Bioenergy,%,0.0
Colombia,2020-07-01,Electricity generation,Fuel,Coal,%,7.33
Colombia,2020-07-01,Electricity generation,Fuel,Gas,%,8.41
Colombia,2020-07-01,Electricity generation,Fuel,Hydro,%,83.54
Colombia,2020-07-01,Electricity generation,Fuel,Other Fossil,%,0.54
Colombia,2020-07-01,Electricity generation,Fuel,Solar,%,0.18
Colombia,2020-07-01,Electricity generation,Fuel,Wind,%,0.0
Colombia,2020-08-01,Electricity generation,Aggregate fuel,Clean,%,83.11
Colombia,2020-08-01,Electricity generation,Aggregate fuel,Fossil,%,16.9
Colombia,2020-08-01,Electricity generation,Aggregate fuel,Gas and Other Fossil,%,9.51
Colombia,2020-08-01,Electricity generation,Aggregate fuel,"Hydro, Bioenergy and Other Renewables",%,82.93
Colombia,2020-08-01,Electricity generation,Aggregate fuel,Renewables,%,83.11
Colombia,2020-08-01,Electricity generation,Aggregate fuel,Wind and Solar,%,0.18
Colombia,2020-08-01,Electricity generation,Fuel,Bioenergy,%,0.18
Colombia,2020-08-01,Electricity generation,Fuel,Coal,%,7.39
Colombia,2020-08-01,Electricity generation,Fuel,Gas,%,8.63
Colombia,2020-08-01,Electricity generation,Fuel,Hydro,%,82.75
Colombia,2020-08-01,Electricity generation,Fuel,Other Fossil,%,0.88
Colombia,2020-08-01,Electricity generation,Fuel,Solar,%,0.18
Colombia,2020-08-01,Electricity generation,Fuel,Wind,%,0.0
Colombia,2020-09-01,Electricity generation,Aggregate fuel,Clean,%,79.16
Colombia,2020-09-01,Electricity generation,Aggregate fuel,Fossil,%,20.84
Colombia,2020-09-01,Electricity generation,Aggregate fuel,Gas and Other Fossil,%,11.73
Colombia,2020-09-01,Electricity generation,Aggregate fuel,"Hydro, Bioenergy and Other Renewables",%,78.81
Colombia,2020-09-01,Electricity generation,Aggregate fuel,Renewables,%,79.16
Colombia,2020-09-01,Electricity generation,Aggregate fuel,Wind and Solar,%,0.35
Colombia,2020-09-01,Electricity generation,Fuel,Bioenergy,%,0.53
Colombia,2020-09-01,Electricity generation,Fuel,Coal,%,9.11
Colombia,2020-09-01,Electricity generation,Fuel,Gas,%,10.68
Colombia,2020-09-01,Electricity generation,Fuel,Hydro,%,78.28
Colombia,2020-09-01,Electricity generation,Fuel,Other Fossil,%,1.05
Colombia,2020-09-01,Electricity generation,Fuel,Solar,%,0.35
Colombia,2020-09-01,Electricity generation,Fuel,Wind,%,0.0
Colombia,2020-10-01,Electricity generation,Aggregate fuel,Clean,%,79.93
Colombia,2020-10-01,Electricity generation,Aggregate fuel,Fossil,%,20.07
Colombia,2020-10-01,Electricity generation,Aggregate fuel,Gas and Other Fossil,%,8.94
Colombia,2020-10-01,Electricity generation,Aggregate fuel,"Hydro, Bioenergy and Other Renewables",%,79.59
Colombia,2020-10-01,Electricity generation,Aggregate fuel,Renewables,%,79.93
Colombia,2020-10-01,Electricity generation,Aggregate fuel,Wind and Solar,%,0.34
Colombia,2020-10-01,Electricity generation,Fuel,Bioenergy,%,0.84
Colombia,2020-10-01,Electricity generation,Fuel,Coal,%,11.13
Colombia,2020-10-01,Electricity generation,Fuel,Gas,%,7.93
Colombia,2020-10-01,Electricity generation,Fuel,Hydro,%,78.75
Colombia,2020-10-01,Electricity generation,Fuel,Other Fossil,%,1.01
Colombia,2020-10-01,Electricity generation,Fuel,Solar,%,0.34
Colombia,2020-10-01,Electricity generation,Fuel,Wind,%,0.0
Colombia,2020-11-01,Electricity generation,Aggregate fuel,Clean,%,83.16
Colombia,2020-11-01,Electricity generation,Aggregate fuel,Fossil,%,16.83
Colombia,2020-11-01,Electricity generation,Aggregate fuel,Gas and Other Fossil,%,8.67
Colombia,2020-11-01,Electricity generation,Aggregate fuel,"Hydro, Bioenergy and Other Renewables",%,82.82
Colombia,2020-11-01,Electricity generation,Aggregate fuel,Renewables,%,83.16
Colombia,2020-11-01,Electricity generation,Aggregate fuel,Wind and Solar,%,0.34
Colombia,2020-11-01,Electricity generation,Fuel,Bioenergy,%,0.51
Colombia,2020-11-01,Electricity generation,Fuel,Coal,%,8.16
Colombia,2020-11-01,Electricity generation,Fuel,Gas,%,7.99
Colombia,2020-11-01,Electricity generation,Fuel,Hydro,%,82.31
Colombia,2020-11-01,Electricity generation,Fuel,Other Fossil,%,0.68
Colombia,2020-11-01,Electricity generation,Fuel,Solar,%,0.34
Colombia,2020-11-01,Electricity generation,Fuel,Wind,%,0.0
Colombia,2020-12-01,Electricity generation,Aggregate fuel,Clean,%,82.04
Colombia,2020-12-01,Electricity generation,Aggregate fuel,Fossil,%,17.96
Colombia,2020-12-01,Electricity generation,Aggregate fuel,Gas and Other Fossil,%,9.32
Colombia,2020-12-01,Electricity generation,Aggregate fuel,"Hydro, Bioenergy and Other Renewables",%,81.7
Colombia,2020-12-01,Electricity generation,Aggregate fuel,Renewables,%,82.04
Colombia,2020-12-01,Electricity generation,Aggregate fuel,Wind and Solar,%,0.34
Colombia,2020-12-01,Electricity generation,Fuel,Bioenergy,%,0.17
Colombia,2020-12-01,Electricity generation,Fuel,Coal,%,8.64
Colombia,2020-12-01,Electricity generation,Fuel,Gas,%,8.81
Colombia,2020-12-01,Electricity generation,Fuel,Hydro,%,81.53
Colombia,2020-12-01,Electricity generation,Fuel,Other Fossil,%,0.51
Colombia,2020-12-01,Electricity generation,Fuel,Solar,%,0.34
Colombia,2020-12-01,Electricity generation,Fuel,Wind,%,0.0
Colombia,2021-01-01,Electricity generation,Aggregate fuel,Clean,%,80.92
Colombia,2021-01-01,Electricity generation,Aggregate fuel,Fossil,%,19.09
Colombia,2021-01-01,Electricity generation,Aggregate fuel,Gas and Other Fossil,%,9.81
Colombia,2021-01-01,Electricity generation,Aggregate fuel,"Hydro, Bioenergy and Other Renewables",%,80.39
Colombia,2021-01-01,Electricity generation,Aggregate fuel,Renewables,%,80.92
Colombia,2021-01-01,Electricity generation,Aggregate fuel,Wind and Solar,%,0.53
Colombia,2021-01-01,Electricity generation,Fuel,Bioenergy,%,0.0
Colombia,2021-01-01,Electricity generation,Fuel,Coal,%,9.28
Colombia,2021-01-01,Electricity generation,Fuel,Gas,%,9.28
Colombia,2021-01-01,Electricity generation,Fuel,Hydro,%,80.39
Colombia,2021-01-01,Electricity generation,Fuel,Other Fossil,%,0.53
Colombia,2021-01-01,Electricity generation,Fuel,Solar,%,0.53
Colombia,2021-01-01,Electricity generation,Fuel,Wind,%,0.0
Colombia,2021-02-01,Electricity generation,Aggregate fuel,Clean,%,81.95
Colombia,2021-02-01,Electricity generation,Aggregate fuel,Fossil,%,18.05
Colombia,2021-02-01,Electricity generation,Aggregate fuel,Gas and Other Fossil,%,1.42
Colombia,2021-02-01,Electricity generation,Aggregate fuel,"Hydro, Bioenergy and Other Renewables",%,81.34
Colombia,2021-02-01,Electricity generation,Aggregate fuel,Renewables,%,81.95
Colombia,2021-02-01,Electricity generation,Aggregate fuel,Wind and Solar,%,0.61
Colombia,2021-02-01,Electricity generation,Fuel,Bioenergy,%,0.0
Colombia,2021-02-01,Electricity generation,Fuel,Coal,%,16.63
Colombia,2021-02-01,Electricity generation,Fuel,Gas,%,0.61
Colombia,2021-02-01,Electricity generation,Fuel,Hydro,%,81.34
Colombia,2021-02-01,Electricity generation,Fuel,Other Fossil,%,0.81
Colombia,2021-02-01,Electricity generation,Fuel,Solar,%,0.41
Colombia,2021-02-01,Electricity generation,Fuel,Wind,%,0.2
Colombia,2021-03-01,Electricity generation,Aggregate fuel,Clean,%,85.62
Colombia,2021-03-01,Electricity generation,Aggregate fuel,Fossil,%,14.38
Colombia,2021-03-01,Electricity generation,Aggregate fuel,Gas and Other Fossil,%,6.66
Colombia,2021-03-01,Electricity generation,Aggregate fuel,"Hydro, Bioenergy and Other Renewables",%,84.91
Colombia,2021-03-01,Electricity generation,Aggregate fuel,Renewables,%,85.62
Colombia,2021-03-01,Electricity generation,Aggregate fuel,Wind and Solar,%,0.71
Colombia,2021-03-01,Electricity generation,Fuel,Bioenergy,%,0.0
Colombia,2021-03-01,Electricity generation,Fuel,Coal,%,7.72
Colombia,2021-03-01,Electricity generation,Fuel,Gas,%,5.26
Colombia,2021-03-01,Electricity generation,Fuel,Hydro,%,84.91
Colombia,2021-03-01,Electricity generation,Fuel,Other Fossil,%,1.4
Colombia,2021-03-01,Electricity generation,Fuel,Solar,%,0.53
Colombia,2021-03-01,Electricity generation,Fuel,Wind,%,0.18
Colombia,2021-04-01,Electricity generation,Aggregate fuel,Clean,%,84.83
Colombia,2021-04-01,Electricity generation,Aggregate fuel,Fossil,%,15.17
Colombia,2021-04-01,Electricity generation,Aggregate fuel,Gas and Other Fossil,%,8.82
Colombia,2021-04-01,Electricity generation,Aggregate fuel,"Hydro, Bioenergy and Other Renewables",%,84.3
Colombia,2021-04-01,Electricity generation,Aggregate fuel,Renewables,%,84.83
Colombia,2021-04-01,Electricity generation,Aggregate fuel,Wind and Solar,%,0.53
Colombia,2021-04-01,Electricity generation,Fuel,Bioenergy,%,0.0
Colombia,2021-04-01,Electricity generation,Fuel,Coal,%,6.35
Colombia,2021-04-01,Electricity generation,Fuel,Gas,%,8.29
Colombia,2021-04-01,Electricity generation,Fuel,Hydro,%,84.3
Colombia,2021-04-01,Electricity generation,Fuel,Other Fossil,%,0.53
Colombia,2021-04-01,Electricity generation,Fuel,Solar,%,0.35
Colombia,2021-04-01,Electricity generation,Fuel,Wind,%,0.18
Colombia,2021-05-01,Electricity generation,Aggregate fuel,Clean,%,87.5
Colombia,2021-05-01,Electricity generation,Aggregate fuel,Fossil,%,12.5
Colombia,2021-05-01,Electricity generation,Aggregate fuel,Gas and Other Fossil,%,8.45
Colombia,2021-05-01,Electricity generation,Aggregate fuel,"Hydro, Bioenergy and Other Renewables",%,86.99
Colombia,2021-05-01,Electricity generation,Aggregate fuel,Renewables,%,87.5
Colombia,2021-05-01,Electricity generation,Aggregate fuel,Wind and Solar,%,0.51
Colombia,2021-05-01,Electricity generation,Fuel,Bioenergy,%,0.0
Colombia,2021-05-01,Electricity generation,Fuel,Coal,%,4.05
Colombia,2021-05-01,Electricity generation,Fuel,Gas,%,7.94
Colombia,2021-05-01,Electricity generation,Fuel,Hydro,%,86.99
Colombia,2021-05-01,Electricity generation,Fuel,Other Fossil,%,0.51
Colombia,2021-05-01,Electricity generation,Fuel,Solar,%,0.34
Colombia,2021-05-01,Electricity generation,Fuel,Wind,%,0.17
Colombia,2021-06-01,Electricity generation,Aggregate fuel,Clean,%,88.78
Colombia,2021-06-01,Electricity generation,Aggregate fuel,Fossil,%,11.23
Colombia,2021-06-01,Electricity generation,Aggregate fuel,Gas and Other Fossil,%,8.64
Colombia,2021-06-01,Electricity generation,Aggregate fuel,"Hydro, Bioenergy and Other Renewables",%,88.26
Colombia,2021-06-01,Electricity generation,Aggregate fuel,Renewables,%,88.78
Colombia,2021-06-01,Electricity generation,Aggregate fuel,Wind and Solar,%,0.52
Colombia,2021-06-01,Electricity generation,Fuel,Bioenergy,%,0.0
Colombia,2021-06-01,Electricity generation,Fuel,Coal,%,2.59
Colombia,2021-06-01,Electricity generation,Fuel,Gas,%,7.43
Colombia,2021-06-01,Electricity generation,Fuel,Hydro,%,88.26
Colombia,2021-06-01,Electricity generation,Fuel,Other Fossil,%,1.21
Colombia,2021-06-01,Electricity generation,Fuel,Solar,%,0.35
Colombia,2021-06-01,Electricity generation,Fuel,Wind,%,0.17
Colombia,2021-07-01,Electricity generation,Aggregate fuel,Clean,%,87.78
Colombia,2021-07-01,Electricity generation,Aggregate fuel,Fossil,%,12.22
Colombia,2021-07-01,Electricity generation,Aggregate fuel,Gas and Other Fossil,%,8.47
Colombia,2021-07-01,Electricity generation,Aggregate fuel,"Hydro, Bioenergy and Other Renewables",%,87.13
Colombia,2021-07-01,Electricity generation,Aggregate fuel,Renewables,%,87.78
Colombia,2021-07-01,Electricity generation,Aggregate fuel,Wind and Solar,%,0.65
Colombia,2021-07-01,Electricity generation,Fuel,Bioenergy,%,0.0
Colombia,2021-07-01,Electricity generation,Fuel,Coal,%,3.75
Colombia,2021-07-01,Electricity generation,Fuel,Gas,%,7.17
Colombia,2021-07-01,Electricity generation,Fuel,Hydro,%,87.13
Colombia,2021-07-01,Electricity generation,Fuel,Other Fossil,%,1.3
Colombia,2021-07-01,Electricity generation,Fuel,Solar,%,0.49
Colombia,2021-07-01,Electricity generation,Fuel,Wind,%,0.16
Colombia,2021-08-01,Electricity generation,Aggregate fuel,Clean,%,87.23
Colombia,2021-08-01,Electricity generation,Aggregate fuel,Fossil,%,12.76
Colombia,2021-08-01,Electricity generation,Aggregate fuel,Gas and Other Fossil,%,9.37
Colombia,2021-08-01,Electricity generation,Aggregate fuel,"Hydro, Bioenergy and Other Renewables",%,86.75
Colombia,2021-08-01,Electricity generation,Aggregate fuel,Renewables,%,87.23
Colombia,2021-08-01,Electricity generation,Aggregate fuel,Wind and Solar,%,0.48
Colombia,2021-08-01,Electricity generation,Fuel,Bioenergy,%,0.0
Colombia,2021-08-01,Electricity generation,Fuel,Coal,%,3.39
Colombia,2021-08-01,Electricity generation,Fuel,Gas,%,8.89
Colombia,2021-08-01,Electricity generation,Fuel,Hydro,%,86.75
Colombia,2021-08-01,Electricity generation,Fuel,Other Fossil,%,0.48
Colombia,2021-08-01,Electricity generation,Fuel,Solar,%,0.48
Colombia,2021-08-01,Electricity generation,Fuel,Wind,%,0.0
Colombia,2021-09-01,Electricity generation,Aggregate fuel,Clean,%,87.81
Colombia,2021-09-01,Electricity generation,Aggregate fuel,Fossil,%,12.17
Colombia,2021-09-01,Electricity generation,Aggregate fuel,Gas and Other Fossil,%,9.01
Colombia,2021-09-01,Electricity generation,Aggregate fuel,"Hydro, Bioenergy and Other Renewables",%,87.34
Colombia,2021-09-01,Electricity generation,Aggregate fuel,Renewables,%,87.81
Colombia,2021-09-01,Electricity generation,Aggregate fuel,Wind and Solar,%,0.47
Colombia,2021-09-01,Electricity generation,Fuel,Bioenergy,%,0.0
Colombia,2021-09-01,Electricity generation,Fuel,Coal,%,3.16
Colombia,2021-09-01,Electricity generation,Fuel,Gas,%,8.54
Colombia,2021-09-01,Electricity generation,Fuel,Hydro,%,87.34
Colombia,2021-09-01,Electricity generation,Fuel,Other Fossil,%,0.47
Colombia,2021-09-01,Electricity generation,Fuel,Solar,%,0.47
Colombia,2021-09-01,Electricity generation,Fuel,Wind,%,0.0
Colombia,2021-10-01,Electricity generation,Aggregate fuel,Clean,%,87.83
Colombia,2021-10-01,Electricity generation,Aggregate fuel,Fossil,%,12.17
Colombia,2021-10-01,Electricity generation,Aggregate fuel,Gas and Other Fossil,%,8.58
Colombia,2021-10-01,Electricity generation,Aggregate fuel,"Hydro, Bioenergy and Other Renewables",%,87.36
Colombia,2021-10-01,Electricity generation,Aggregate fuel,Renewables,%,87.83
Colombia,2021-10-01,Electricity generation,Aggregate fuel,Wind and Solar,%,0.47
Colombia,2021-10-01,Electricity generation,Fuel,Bioenergy,%,0.0
Colombia,2021-10-01,Electricity generation,Fuel,Coal,%,3.59
Colombia,2021-10-01,Electricity generation,Fuel,Gas,%,8.11
Colombia,2021-10-01,Electricity generation,Fuel,Hydro,%,87.36
Colombia,2021-10-01,Electricity generation,Fuel,Other Fossil,%,0.47
Colombia,2021-10-01,Electricity generation,Fuel,Solar,%,0.47
Colombia,2021-10-01,Electricity generation,Fuel,Wind,%,0.0
Colombia,2021-11-01,Electricity generation,Aggregate fuel,Clean,%,89.67
Colombia,2021-11-01,Electricity generation,Aggregate fuel,Fossil,%,10.34
Colombia,2021-11-01,Electricity generation,Aggregate fuel,Gas and Other Fossil,%,7.17
Colombia,2021-11-01,Electricity generation,Aggregate fuel,"Hydro, Bioenergy and Other Renewables",%,89.17
Colombia,2021-11-01,Electricity generation,Aggregate fuel,Renewables,%,89.67
Colombia,2021-11-01,Electricity generation,Aggregate fuel,Wind and Solar,%,0.5
Colombia,2021-11-01,Electricity generation,Fuel,Bioenergy,%,0.0
Colombia,2021-11-01,Electricity generation,Fuel,Coal,%,3.17
Colombia,2021-11-01,Electricity generation,Fuel,Gas,%,6.67
Colombia,2021-11-01,Electricity generation,Fuel,Hydro,%,89.17
Colombia,2021-11-01,Electricity generation,Fuel,Other Fossil,%,0.5
Colombia,2021-11-01,Electricity generation,Fuel,Solar,%,0.5
Colombia,2021-11-01,Electricity generation,Fuel,Wind,%,0.0
Colombia,2021-12-01,Electricity generation,Aggregate fuel,Clean,%,80.53
Colombia,2021-12-01,Electricity generation,Aggregate fuel,Fossil,%,19.48
Colombia,2021-12-01,Electricity generation,Aggregate fuel,Gas and Other Fossil,%,8.75
Colombia,2021-12-01,Electricity generation,Aggregate fuel,"Hydro, Bioenergy and Other Renewables",%,79.87
Colombia,2021-12-01,Electricity generation,Aggregate fuel,Renewables,%,80.53
Colombia,2021-12-01,Electricity generation,Aggregate fuel,Wind and Solar,%,0.66
Colombia,2021-12-01,Electricity generation,Fuel,Bioenergy,%,0.0
Colombia,2021-12-01,Electricity generation,Fuel,Coal,%,10.73
Colombia,2021-12-01,Electricity generation,Fuel,Gas,%,8.42
Colombia,2021-12-01,Electricity generation,Fuel,Hydro,%,79.87
Colombia,2021-12-01,Electricity generation,Fuel,Other Fossil,%,0.33
Colombia,2021-12-01,Electricity generation,Fuel,Solar,%,0.66
Colombia,2021-12-01,Electricity generation,Fuel,Wind,%,0.0
Colombia,2022-01-01,Electricity generation,Aggregate fuel,Clean,%,83.42
Colombia,2022-01-01,Electricity generation,Aggregate fuel,Fossil,%,16.59
Colombia,2022-01-01,Electricity generation,Aggregate fuel,Gas and Other Fossil,%,3.98
Colombia,2022-01-01,Electricity generation,Aggregate fuel,"Hydro, Bioenergy and Other Renewables",%,82.73
Colombia,2022-01-01,Electricity generation,Aggregate fuel,Renewables,%,83.42
Colombia,2022-01-01,Electricity generation,Aggregate fuel,Wind and Solar,%,0.69
Colombia,2022-01-01,Electricity generation,Fuel,Bioenergy,%,0.0
Colombia,2022-01-01,Electricity generation,Fuel,Coal,%,12.61
Colombia,2022-01-01,Electricity generation,Fuel,Gas,%,3.63
Colombia,2022-01-01,Electricity generation,Fuel,Hydro,%,82.73
Colombia,2022-01-01,Electricity generation,Fuel,Other Fossil,%,0.35
Colombia,2022-01-01,Electricity generation,Fuel,Solar,%,0.69
Colombia,2022-01-01,Electricity generation,Fuel,Wind,%,0.0
Colombia,2022-02-01,Electricity generation,Aggregate fuel,Clean,%,77.37
Colombia,2022-02-01,Electricity generation,Aggregate fuel,Fossil,%,22.63
Colombia,2022-02-01,Electricity generation,Aggregate fuel,Gas and Other Fossil,%,10.35
Colombia,2022-02-01,Electricity generation,Aggregate fuel,"Hydro, Bioenergy and Other Renewables",%,76.84
Colombia,2022-02-01,Electricity generation,Aggregate fuel,Renewables,%,77.37
Colombia,2022-02-01,Electricity generation,Aggregate fuel,Wind and Solar,%,0.53
Colombia,2022-02-01,Electricity generation,Fuel,Bioenergy,%,0.0
Colombia,2022-02-01,Electricity generation,Fuel,Coal,%,12.28
Colombia,2022-02-01,Electricity generation,Fuel,Gas,%,10.0
Colombia,2022-02-01,Electricity generation,Fuel,Hydro,%,76.84
Colombia,2022-02-01,Electricity generation,Fuel,Other Fossil,%,0.35
Colombia,2022-02-01,Electricity generation,Fuel,Solar,%,0.53
Colombia,2022-02-01,Electricity generation,Fuel,Wind,%,0.0
Colombia,2022-03-01,Electricity generation,Aggregate fuel,Clean,%,86.63
Colombia,2022-03-01,Electricity generation,Aggregate fuel,Fossil,%,13.38
Colombia,2022-03-01,Electricity generation,Aggregate fuel,Gas and Other Fossil,%,9.72
Colombia,2022-03-01,Electricity generation,Aggregate fuel,"Hydro, Bioenergy and Other Renewables",%,85.99
Colombia,2022-03-01,Electricity generation,Aggregate fuel,Renewables,%,86.63
Colombia,2022-03-01,Electricity generation,Aggregate fuel,Wind and Solar,%,0.64
Colombia,2022-03-01,Electricity generation,Fuel,Bioenergy,%,0.0
Colombia,2022-03-01,Electricity generation,Fuel,Coal,%,3.66
Colombia,2022-03-01,Electricity generation,Fuel,Gas,%,9.24
Colombia,2022-03-01,Electricity generation,Fuel,Hydro,%,85.99
Colombia,2022-03-01,Electricity generation,Fuel,Other Fossil,%,0.48
Colombia,2022-03-01,Electricity generation,Fuel,Solar,%,0.48
Colombia,2022-03-01,Electricity generation,Fuel,Wind,%,0.16
Colombia,2022-04-01,Electricity generation,Aggregate fuel,Clean,%,87.79
Colombia,2022-04-01,Electricity generation,Aggregate fuel,Fossil,%,12.22
Colombia,2022-04-01,Electricity generation,Aggregate fuel,Gas and Other Fossil,%,9.08
Colombia,2022-04-01,Electricity generation,Aggregate fuel,"Hydro, Bioenergy and Other Renewables",%,87.29
Colombia,2022-04-01,Electricity generation,Aggregate fuel,Renewables,%,87.79
Colombia,2022-04-01,Electricity generation,Aggregate fuel,Wind and Solar,%,0.5
Colombia,2022-04-01,Electricity generation,Fuel,Bioenergy,%,0.0
Colombia,2022-04-01,Electricity generation,Fuel,Coal,%,3.14
Colombia,2022-04-01,Electricity generation,Fuel,Gas,%,8.42
Colombia,2022-04-01,Electricity generation,Fuel,Hydro,%,87.29
Colombia,2022-04-01,Electricity generation,Fuel,Other Fossil,%,0.66
Colombia,2022-04-01,Electricity generation,Fuel,Solar,%,0.5
Colombia,2022-04-01,Electricity generation,Fuel,Wind,%,0.0
Colombia,2022-05-01,Electricity generation,Aggregate fuel,Clean,%,87.97
Colombia,2022-05-01,Electricity generation,Aggregate fuel,Fossil,%,12.04
Colombia,2022-05-01,Electricity generation,Aggregate fuel,Gas and Other Fossil,%,9.54
Colombia,2022-05-01,Electricity generation,Aggregate fuel,"Hydro, Bioenergy and Other Renewables",%,87.5
Colombia,2022-05-01,Electricity generation,Aggregate fuel,Renewables,%,87.97
Colombia,2022-05-01,Electricity generation,Aggregate fuel,Wind and Solar,%,0.47
Colombia,2022-05-01,Electricity generation,Fuel,Bioenergy,%,0.0
Colombia,2022-05-01,Electricity generation,Fuel,Coal,%,2.5
Colombia,2022-05-01,Electricity generation,Fuel,Gas,%,8.91
Colombia,2022-05-01,Electricity generation,Fuel,Hydro,%,87.5
Colombia,2022-05-01,Electricity generation,Fuel,Other Fossil,%,0.63
Colombia,2022-05-01,Electricity generation,Fuel,Solar,%,0.47
Colombia,2022-05-01,Electricity generation,Fuel,Wind,%,0.0
Colombia,2022-06-01,Electricity generation,Aggregate fuel,Clean,%,88.21
Colombia,2022-06-01,Electricity generation,Aggregate fuel,Fossil,%,11.79
Colombia,2022-06-01,Electricity generation,Aggregate fuel,Gas and Other Fossil,%,9.13
Colombia,2022-06-01,Electricity generation,Aggregate fuel,"Hydro, Bioenergy and Other Renewables",%,87.71
Colombia,2022-06-01,Electricity generation,Aggregate fuel,Renewables,%,88.21
Colombia,2022-06-01,Electricity generation,Aggregate fuel,Wind and Solar,%,0.5
Colombia,2022-06-01,Electricity generation,Fuel,Bioenergy,%,0.0
Colombia,2022-06-01,Electricity generation,Fuel,Coal,%,2.66
Colombia,2022-06-01,Electricity generation,Fuel,Gas,%,8.47
Colombia,2022-06-01,Electricity generation,Fuel,Hydro,%,87.71
Colombia,2022-06-01,Electricity generation,Fuel,Other Fossil,%,0.66
Colombia,2022-06-01,Electricity generation,Fuel,Solar,%,0.5
Colombia,2022-06-01,Electricity generation,Fuel,Wind,%,0.0
Colombia,2022-07-01,Electricity generation,Aggregate fuel,Clean,%,87.58
Colombia,2022-07-01,Electricity generation,Aggregate fuel,Fossil,%,12.42
Colombia,2022-07-01,Electricity generation,Aggregate fuel,Gas and Other Fossil,%,10.38
Colombia,2022-07-01,Electricity generation,Aggregate fuel,"Hydro, Bioenergy and Other Renewables",%,86.79
Colombia,2022-07-01,Electricity generation,Aggregate fuel,Renewables,%,87.58
Colombia,2022-07-01,Electricity generation,Aggregate fuel,Wind and Solar,%,0.79
Colombia,2022-07-01,Electricity generation,Fuel,Bioenergy,%,0.0
Colombia,2022-07-01,Electricity generation,Fuel,Coal,%,2.04
Colombia,2022-07-01,Electricity generation,Fuel,Gas,%,9.75
Colombia,2022-07-01,Electricity generation,Fuel,Hydro,%,86.79
Colombia,2022-07-01,Electricity generation,Fuel,Other Fossil,%,0.63
Colombia,2022-07-01,Electricity generation,Fuel,Solar,%,0.63
Colombia,2022-07-01,Electricity generation,Fuel,Wind,%,0.16
Colombia,2022-08-01,Electricity generation,Aggregate fuel,Clean,%,89.81
Colombia,2022-08-01,Electricity generation,Aggregate fuel,Fossil,%,10.19
Colombia,2022-08-01,Electricity generation,Aggregate fuel,Gas and Other Fossil,%,7.68
Colombia,2022-08-01,Electricity generation,Aggregate fuel,"Hydro, Bioenergy and Other Renewables",%,88.87
Colombia,2022-08-01,Electricity generation,Aggregate fuel,Renewables,%,89.81
Colombia,2022-08-01,Electricity generation,Aggregate fuel,Wind and Solar,%,0.94
Colombia,2022-08-01,Electricity generation,Fuel,Bioenergy,%,0.0
Colombia,2022-08-01,Electricity generation,Fuel,Coal,%,2.51
Colombia,2022-08-01,Electricity generation,Fuel,Gas,%,7.21
Colombia,2022-08-01,Electricity generation,Fuel,Hydro,%,88.87
Colombia,2022-08-01,Electricity generation,Fuel,Other Fossil,%,0.47
Colombia,2022-08-01,Electricity generation,Fuel,Solar,%,0.78
Colombia,2022-08-01,Electricity generation,Fuel,Wind,%,0.16
Colombia,2022-09-01,Electricity generation,Aggregate fuel,Clean,%,89.32
Colombia,2022-09-01,Electricity generation,Aggregate fuel,Fossil,%,10.69
Colombia,2022-09-01,Electricity generation,Aggregate fuel,Gas and Other Fossil,%,7.29
Colombia,2022-09-01,Electricity generation,Aggregate fuel,"Hydro, Bioenergy and Other Renewables",%,88.51
Colombia,2022-09-01,Electricity generation,Aggregate fuel,Renewables,%,89.32
Colombia,2022-09-01,Electricity generation,Aggregate fuel,Wind and Solar,%,0.81
Colombia,2022-09-01,Electricity generation,Fuel,Bioenergy,%,0.0
Colombia,2022-09-01,Electricity generation,Fuel,Coal,%,3.4
Colombia,2022-09-01,Electricity generation,Fuel,Gas,%,6.8
Colombia,2022-09-01,Electricity generation,Fuel,Hydro,%,88.51
Colombia,2022-09-01,Electricity generation,Fuel,Other Fossil,%,0.49
Colombia,2022-09-01,Electricity generation,Fuel,Solar,%,0.81
Colombia,2022-09-01,Electricity generation,Fuel,Wind,%,0.0
Colombia,2022-10-01,Electricity generation,Aggregate fuel,Clean,%,90.32
Colombia,2022-10-01,Electricity generation,Aggregate fuel,Fossil,%,9.68
Colombia,2022-10-01,Electricity generation,Aggregate fuel,Gas and Other Fossil,%,6.76
Colombia,2022-10-01,Electricity generation,Aggregate fuel,"Hydro, Bioenergy and Other Renewables",%,89.4
Colombia,2022-10-01,Electricity generation,Aggregate fuel,Renewables,%,90.32
Colombia,2022-10-01,Electricity generation,Aggregate fuel,Wind and Solar,%,0.92
Colombia,2022-10-01,Electricity generation,Fuel,Bioenergy,%,0.0
Colombia,2022-10-01,Electricity generation,Fuel,Coal,%,2.92
Colombia,2022-10-01,Electricity generation,Fuel,Gas,%,6.3
Colombia,2022-10-01,Electricity generation,Fuel,Hydro,%,89.4
Colombia,2022-10-01,Electricity generation,Fuel,Other Fossil,%,0.46
Colombia,2022-10-01,Electricity generation,Fuel,Solar,%,0.77
Colombia,2022-10-01,Electricity generation,Fuel,Wind,%,0.15
Colombia,2022-11-01,Electricity generation,Aggregate fuel,Clean,%,91.47
Colombia,2022-11-01,Electricity generation,Aggregate fuel,Fossil,%,8.52
Colombia,2022-11-01,Electricity generation,Aggregate fuel,Gas and Other Fossil,%,6.27
Colombia,2022-11-01,Electricity generation,Aggregate fuel,"Hydro, Bioenergy and Other Renewables",%,90.51
Colombia,2022-11-01,Electricity generation,Aggregate fuel,Renewables,%,91.47
Colombia,2022-11-01,Electricity generation,Aggregate fuel,Wind and Solar,%,0.96
Colombia,2022-11-01,Electricity generation,Fuel,Bioenergy,%,0.0
Colombia,2022-11-01,Electricity generation,Fuel,Coal,%,2.25
Colombia,2022-11-01,Electricity generation,Fuel,Gas,%,5.79
Colombia,2022-11-01,Electricity generation,Fuel,Hydro,%,90.51
Colombia,2022-11-01,Electricity generation,Fuel,Other Fossil,%,0.48
Colombia,2022-11-01,Electricity generation,Fuel,Solar,%,0.8
Colombia,2022-11-01,Electricity generation,Fuel,Wind,%,0.16
Colombia,2022-12-01,Electricity generation,Aggregate fuel,Clean,%,85.04
Colombia,2022-12-01,Electricity generation,Aggregate fuel,Fossil,%,14.97
Colombia,2022-12-01,Electricity generation,Aggregate fuel,Gas and Other Fossil,%,7.79
Colombia,2022-12-01,Electricity generation,Aggregate fuel,"Hydro, Bioenergy and Other Renewables",%,83.66
Colombia,2022-12-01,Electricity generation,Aggregate fuel,Renewables,%,85.04
Colombia,2022-12-01,Electricity generation,Aggregate fuel,Wind and Solar,%,1.38
Colombia,2022-12-01,Electricity generation,Fuel,Bioenergy,%,0.0
Colombia,2022-12-01,Electricity generation,Fuel,Coal,%,7.18
Colombia,2022-12-01,Electricity generation,Fuel,Gas,%,7.33
Colombia,2022-12-01,Electricity generation,Fuel,Hydro,%,83.66
Colombia,2022-12-01,Electricity generation,Fuel,Other Fossil,%,0.46
Colombia,2022-12-01,Electricity generation,Fuel,Solar,%,1.07
Colombia,2022-12-01,Electricity generation,Fuel,Wind,%,0.31
Colombia,2023-01-01,Electricity generation,Aggregate fuel,Clean,%,86.21
Colombia,2023-01-01,Electricity generation,Aggregate fuel,Fossil,%,13.79
Colombia,2023-01-01,Electricity generation,Aggregate fuel,Gas and Other Fossil,%,7.43
Colombia,2023-01-01,Electricity generation,Aggregate fuel,"Hydro, Bioenergy and Other Renewables",%,84.85
Colombia,2023-01-01,Electricity generation,Aggregate fuel,Renewables,%,86.21
Colombia,2023-01-01,Electricity generation,Aggregate fuel,Wind and Solar,%,1.36
Colombia,2023-01-01,Electricity generation,Fuel,Bioenergy,%,0.0
Colombia,2023-01-01,Electricity generation,Fuel,Coal,%,6.36
Colombia,2023-01-01,Electricity generation,Fuel,Gas,%,6.82
Colombia,2023-01-01,Electricity generation,Fuel,Hydro,%,84.85
Colombia,2023-01-01,Electricity generation,Fuel,Other Fossil,%,0.61
Colombia,2023-01-01,Electricity generation,Fuel,Solar,%,1.06
Colombia,2023-01-01,Electricity generation,Fuel,Wind,%,0.3
Colombia,2023-02-01,Electricity generation,Aggregate fuel,Clean,%,81.03
Colombia,2023-02-01,Electricity generation,Aggregate fuel,Fossil,%,18.98
Colombia,2023-02-01,Electricity generation,Aggregate fuel,Gas and Other Fossil,%,9.24
Colombia,2023-02-01,Electricity generation,Aggregate fuel,"Hydro, Bioenergy and Other Renewables",%,79.54
Colombia,2023-02-01,Electricity generation,Aggregate fuel,Renewables,%,81.03
Colombia,2023-02-01,Electricity generation,Aggregate fuel,Wind and Solar,%,1.49
Colombia,2023-02-01,Electricity generation,Fuel,Bioenergy,%,0.0
Colombia,2023-02-01,Electricity generation,Fuel,Coal,%,9.74
Colombia,2023-02-01,Electricity generation,Fuel,Gas,%,8.58
Colombia,2023-02-01,Electricity generation,Fuel,Hydro,%,79.54
Colombia,2023-02-01,Electricity generation,Fuel,Other Fossil,%,0.66
Colombia,2023-02-01,Electricity generation,Fuel,Solar,%,1.16
Colombia,2023-02-01,Electricity generation,Fuel,Wind,%,0.33
Colombia,2023-03-01,Electricity generation,Aggregate fuel,Clean,%,87.72
Colombia,2023-03-01,Electricity generation,Aggregate fuel,Fossil,%,12.28
Colombia,2023-03-01,Electricity generation,Aggregate fuel,Gas and Other Fossil,%,7.83
Colombia,2023-03-01,Electricity generation,Aggregate fuel,"Hydro, Bioenergy and Other Renewables",%,86.33
Colombia,2023-03-01,Electricity generation,Aggregate fuel,Renewables,%,87.72
Colombia,2023-03-01,Electricity generation,Aggregate fuel,Wind and Solar,%,1.39
Colombia,2023-03-01,Electricity generation,Fuel,Bioenergy,%,0.0
Colombia,2023-03-01,Electricity generation,Fuel,Coal,%,4.45
Colombia,2023-03-01,Electricity generation,Fuel,Gas,%,7.22
Colombia,2023-03-01,Electricity generation,Fuel,Hydro,%,86.33
Colombia,2023-03-01,Electricity generation,Fuel,Other Fossil,%,0.61
Colombia,2023-03-01,Electricity generation,Fuel,Solar,%,1.08
Colombia,2023-03-01,Electricity generation,Fuel,Wind,%,0.31
Colombia,2023-04-01,Electricity generation,Aggregate fuel,Clean,%,89.33
Colombia,2023-04-01,Electricity generation,Aggregate fuel,Fossil,%,10.67
Colombia,2023-04-01,Electricity generation,Aggregate fuel,Gas and Other Fossil,%,7.17
Colombia,2023-04-01,Electricity generation,Aggregate fuel,"Hydro, Bioenergy and Other Renewables",%,87.9
Colombia,2023-04-01,Electricity generation,Aggregate fuel,Renewables,%,89.33
Colombia,2023-04-01,Electricity generation,Aggregate fuel,Wind and Solar,%,1.43
Colombia,2023-04-01,Electricity generation,Fuel,Bioenergy,%,0.0
Colombia,2023-04-01,Electricity generation,Fuel,Coal,%,3.5
Colombia,2023-04-01,Electricity generation,Fuel,Gas,%,6.53
Colombia,2023-04-01,Electricity generation,Fuel,Hydro,%,87.9
Colombia,2023-04-01,Electricity generation,Fuel,Other Fossil,%,0.64
Colombia,2023-04-01,Electricity generation,Fuel,Solar,%,1.11
Colombia,2023-04-01,Electricity generation,Fuel,Wind,%,0.32
Colombia,2023-05-01,Electricity generation,Aggregate fuel,Clean,%,81.82
Colombia,2023-05-01,Electricity generation,Aggregate fuel,Fossil,%,18.18
Colombia,2023-05-01,Electricity generation,Aggregate fuel,Gas and Other Fossil,%,7.21
Colombia,2023-05-01,Electricity generation,Aggregate fuel,"Hydro, Bioenergy and Other Renewables",%,80.41
Colombia,2023-05-01,Electricity generation,Aggregate fuel,Renewables,%,81.82
Colombia,2023-05-01,Electricity generation,Aggregate fuel,Wind and Solar,%,1.41
Colombia,2023-05-01,Electricity generation,Fuel,Bioenergy,%,0.0
Colombia,2023-05-01,Electricity generation,Fuel,Coal,%,10.97
Colombia,2023-05-01,Electricity generation,Fuel,Gas,%,6.43
Colombia,2023-05-01,Electricity generation,Fuel,Hydro,%,80.41
Colombia,2023-05-01,Electricity generation,Fuel,Other Fossil,%,0.78
Colombia,2023-05-01,Electricity generation,Fuel,Solar,%,1.1
Colombia,2023-05-01,Electricity generation,Fuel,Wind,%,0.31
Colombia,2023-06-01,Electricity generation,Aggregate fuel,Clean,%,82.48
Colombia,2023-06-01,Electricity generation,Aggregate fuel,Fossil,%,17.52
Colombia,2023-06-01,Electricity generation,Aggregate fuel,Gas and Other Fossil,%,8.68
Colombia,2023-06-01,Electricity generation,Aggregate fuel,"Hydro, Bioenergy and Other Renewables",%,80.87
Colombia,2023-06-01,Electricity generation,Aggregate fuel,Renewables,%,82.48
Colombia,2023-06-01,Electricity generation,Aggregate fuel,Wind and Solar,%,1.61
Colombia,2023-06-01,Electricity generation,Fuel,Bioenergy,%,0.0
Colombia,2023-06-01,Electricity generation,Fuel,Coal,%,8.84
Colombia,2023-06-01,Electricity generation,Fuel,Gas,%,8.04
Colombia,2023-06-01,Electricity generation,Fuel,Hydro,%,80.87
Colombia,2023-06-01,Electricity generation,Fuel,Other Fossil,%,0.64
Colombia,2023-06-01,Electricity generation,Fuel,Solar,%,1.29
Colombia,2023-06-01,Electricity generation,Fuel,Wind,%,0.32
Colombia,2023-07-01,Electricity generation,Aggregate fuel,Clean,%,77.59
Colombia,2023-07-01,Electricity generation,Aggregate fuel,Fossil,%,22.41
Colombia,2023-07-01,Electricity generation,Aggregate fuel,Gas and Other Fossil,%,10.2
Colombia,2023-07-01,Electricity generation,Aggregate fuel,"Hydro, Bioenergy and Other Renewables",%,75.73
Colombia,2023-07-01,Electricity generation,Aggregate fuel,Renewables,%,77.59
Colombia,2023-07-01,Electricity generation,Aggregate fuel,Wind and Solar,%,1.86
Colombia,2023-07-01,Electricity generation,Fuel,Bioenergy,%,0.0
Colombia,2023-07-01,Electricity generation,Fuel,Coal,%,12.21
Colombia,2023-07-01,Electricity generation,Fuel,Gas,%,9.58
Colombia,2023-07-01,Electricity generation,Fuel,Hydro,%,75.73
Colombia,2023-07-01,Electricity generation,Fuel,Other Fossil,%,0.62
Colombia,2023-07-01,Electricity generation,Fuel,Solar,%,1.55
Colombia,2023-07-01,Electricity generation,Fuel,Wind,%,0.31
Colombia,2023-08-01,Electricity generation,Aggregate fuel,Clean,%,79.17
Colombia,2023-08-01,Electricity generation,Aggregate fuel,Fossil,%,20.83
Colombia,2023-08-01,Electricity generation,Aggregate fuel,Gas and Other Fossil,%,9.52
Colombia,2023-08-01,Electricity generation,Aggregate fuel,"Hydro, Bioenergy and Other Renewables",%,77.23
Colombia,2023-08-01,Electricity generation,Aggregate fuel,Renewables,%,79.17
Colombia,2023-08-01,Electricity generation,Aggregate fuel,Wind and Solar,%,1.94
Colombia,2023-08-01,Electricity generation,Fuel,Bioenergy,%,0.0
Colombia,2023-08-01,Electricity generation,Fuel,Coal,%,11.31
Colombia,2023-08-01,Electricity generation,Fuel,Gas,%,8.63
Colombia,2023-08-01,Electricity generation,Fuel,Hydro,%,77.23
Colombia,2023-08-01,Electricity generation,Fuel,Other Fossil,%,0.89
Colombia,2023-08-01,Electricity generation,Fuel,Solar,%,1.64
Colombia,2023-08-01,Electricity generation,Fuel,Wind,%,0.3
Colombia,2023-09-01,Electricity generation,Aggregate fuel,Clean,%,73.49
Colombia,2023-09-01,Electricity generation,Aggregate fuel,Fossil,%,26.51
Colombia,2023-09-01,Electricity generation,Aggregate fuel,Gas and Other Fossil,%,12.22
Colombia,2023-09-01,Electricity generation,Aggregate fuel,"Hydro, Bioenergy and Other Renewables",%,71.27
Colombia,2023-09-01,Electricity generation,Aggregate fuel,Renewables,%,73.49
Colombia,2023-09-01,Electricity generation,Aggregate fuel,Wind and Solar,%,2.22
Colombia,2023-09-01,Electricity generation,Fuel,Bioenergy,%,0.0
Colombia,2023-09-01,Electricity generation,Fuel,Coal,%,14.29
Colombia,2023-09-01,Electricity generation,Fuel,Gas,%,11.27
Colombia,2023-09-01,Electricity generation,Fuel,Hydro,%,71.27
Colombia,2023-09-01,Electricity generation,Fuel,Other Fossil,%,0.95
Colombia,2023-09-01,Electricity generation,Fuel,Solar,%,1.9
Colombia,2023-09-01,Electricity generation,Fuel,Wind,%,0.32
Colombia,2023-10-01,Electricity generation,Aggregate fuel,Clean,%,74.23
Colombia,2023-10-01,Electricity generation,Aggregate fuel,Fossil,%,25.77
Colombia,2023-10-01,Electricity generation,Aggregate fuel,Gas and Other Fossil,%,10.85
Colombia,2023-10-01,Electricity generation,Aggregate fuel,"Hydro, Bioenergy and Other Renewables",%,71.86
Colombia,2023-10-01,Electricity generation,Aggregate fuel,Renewables,%,74.23
Colombia,2023-10-01,Electricity generation,Aggregate fuel,Wind and Solar,%,2.37
Colombia,2023-10-01,Electricity generation,Fuel,Bioenergy,%,0.0
Colombia,2023-10-01,Electricity generation,Fuel,Coal,%,14.92
Colombia,2023-10-01,Electricity generation,Fuel,Gas,%,10.0
Colombia,2023-10-01,Electricity generation,Fuel,Hydro,%,71.86
Colombia,2023-10-01,Electricity generation,Fuel,Other Fossil,%,0.85
Colombia,2023-10-01,Electricity generation,Fuel,Solar,%,2.2
Colombia,2023-10-01,Electricity generation,Fuel,Wind,%,0.17
Colombia,2023-11-01,Electricity generation,Aggregate fuel,Clean,%,79.35
Colombia,2023-11-01,Electricity generation,Aggregate fuel,Fossil,%,20.64
Colombia,2023-11-01,Electricity generation,Aggregate fuel,Gas and Other Fossil,%,11.47
Colombia,2023-11-01,Electricity generation,Aggregate fuel,"Hydro, Bioenergy and Other Renewables",%,77.06
Colombia,2023-11-01,Electricity generation,Aggregate fuel,Renewables,%,79.35
Colombia,2023-11-01,Electricity generation,Aggregate fuel,Wind and Solar,%,2.29
Colombia,2023-11-01,Electricity generation,Fuel,Bioenergy,%,0.0
Colombia,2023-11-01,Electricity generation,Fuel,Coal,%,9.17
Colombia,2023-11-01,Electricity generation,Fuel,Gas,%,10.4
Colombia,2023-11-01,Electricity generation,Fuel,Hydro,%,77.06
Colombia,2023-11-01,Electricity generation,Fuel,Other Fossil,%,1.07
Colombia,2023-11-01,Electricity generation,Fuel,Solar,%,2.14
Colombia,2023-11-01,Electricity generation,Fuel,Wind,%,0.15
Colombia,2023-12-01,Electricity generation,Aggregate fuel,Clean,%,74.33
Colombia,2023-12-01,Electricity generation,Aggregate fuel,Fossil,%,25.67
Colombia,2023-12-01,Electricity generation,Aggregate fuel,Gas and Other Fossil,%,11.0
Colombia,2023-12-01,Electricity generation,Aggregate fuel,"Hydro, Bioenergy and Other Renewables",%,71.0
Colombia,2023-12-01,Electricity generation,Aggregate fuel,Renewables,%,74.33
Colombia,2023-12-01,Electricity generation,Aggregate fuel,Wind and Solar,%,3.33
Colombia,2023-12-01,Electricity generation,Fuel,Bioenergy,%,0.0
Colombia,2023-12-01,Electricity generation,Fuel,Coal,%,14.67
Colombia,2023-12-01,Electricity generation,Fuel,Gas,%,10.0
Colombia,2023-12-01,Electricity generation,Fuel,Hydro,%,71.0
Colombia,2023-12-01,Electricity generation,Fuel,Other Fossil,%,1.0
Colombia,2023-12-01,Electricity generation,Fuel,Solar,%,3.0
Colombia,2023-12-01,Electricity generation,Fuel,Wind,%,0.33
Colombia,2024-01-01,Electricity generation,Aggregate fuel,Clean,%,71.77
Colombia,2024-01-01,Electricity generation,Aggregate fuel,Fossil,%,28.22
Colombia,2024-01-01,Electricity generation,Aggregate fuel,Gas and Other Fossil,%,14.71
Colombia,2024-01-01,Electricity generation,Aggregate fuel,"Hydro, Bioenergy and Other Renewables",%,68.02
Colombia,2024-01-01,Electricity generation,Aggregate fuel,Renewables,%,71.77
Colombia,2024-01-01,Electricity generation,Aggregate fuel,Wind and Solar,%,3.75
Colombia,2024-01-01,Electricity generation,Fuel,Bioenergy,%,0.0
Colombia,2024-01-01,Electricity generation,Fuel,Coal,%,13.51
Colombia,2024-01-01,Electricity generation,Fuel,Gas,%,13.96
Colombia,2024-01-01,Electricity generation,Fuel,Hydro,%,68.02
Colombia,2024-01-01,Electricity generation,Fuel,Other Fossil,%,0.75
Colombia,2024-01-01,Electricity generation,Fuel,Solar,%,3.45
Colombia,2024-01-01,Electricity generation,Fuel,Wind,%,0.3
Colombia,2024-02-01,Electricity generation,Aggregate fuel,Clean,%,72.4
Colombia,2024-02-01,Electricity generation,Aggregate fuel,Fossil,%,27.61
Colombia,2024-02-01,Electricity generation,Aggregate fuel,Gas and Other Fossil,%,12.4
Colombia,2024-02-01,Electricity generation,Aggregate fuel,"Hydro, Bioenergy and Other Renewables",%,68.76
Colombia,2024-02-01,Electricity generation,Aggregate fuel,Renewables,%,72.4
Colombia,2024-02-01,Electricity generation,Aggregate fuel,Wind and Solar,%,3.64
Colombia,2024-02-01,Electricity generation,Fuel,Bioenergy,%,0.0
Colombia,2024-02-01,Electricity generation,Fuel,Coal,%,15.21
Colombia,2024-02-01,Electricity generation,Fuel,Gas,%,11.74
Colombia,2024-02-01,Electricity generation,Fuel,Hydro,%,68.76
Colombia,2024-02-01,Electricity generation,Fuel,Other Fossil,%,0.66
Colombia,2024-02-01,Electricity generation,Fuel,Solar,%,3.47
Colombia,2024-02-01,Electricity generation,Fuel,Wind,%,0.17
Colombia,2024-03-01,Electricity generation,Aggregate fuel,Clean,%,69.45
Colombia,2024-03-01,Electricity generation,Aggregate fuel,Fossil,%,30.55
Colombia,2024-03-01,Electricity generation,Aggregate fuel,Gas and Other Fossil,%,13.07
Colombia,2024-03-01,Electricity generation,Aggregate fuel,"Hydro, Bioenergy and Other Renewables",%,64.87
Colombia,2024-03-01,Electricity generation,Aggregate fuel,Renewables,%,69.45
Colombia,2024-03-01,Electricity generation,Aggregate fuel,Wind and Solar,%,4.58
Colombia,2024-03-01,Electricity generation,Fuel,Bioenergy,%,0.0
Colombia,2024-03-01,Electricity generation,Fuel,Coal,%,17.48
Colombia,2024-03-01,Electricity generation,Fuel,Gas,%,12.25
Colombia,2024-03-01,Electricity generation,Fuel,Hydro,%,64.87
Colombia,2024-03-01,Electricity generation,Fuel,Other Fossil,%,0.82
Colombia,2024-03-01,Electricity generation,Fuel,Solar,%,4.25
Colombia,2024-03-01,Electricity generation,Fuel,Wind,%,0.33
Colombia,2024-04-01,Electricity generation,Aggregate fuel,Clean,%,77.37
Colombia,2024-04-01,Electricity generation,Aggregate fuel,Fossil,%,22.63
Colombia,2024-04-01,Electricity generation,Aggregate fuel,Gas and Other Fossil,%,1.51
Colombia,2024-04-01,Electricity generation,Aggregate fuel,"Hydro, Bioenergy and Other Renewables",%,71.34
Colombia,2024-04-01,Electricity generation,Aggregate fuel,Renewables,%,77.37
Colombia,2024-04-01,Electricity generation,Aggregate fuel,Wind and Solar,%,6.03
Colombia,2024-04-01,Electricity generation,Fuel,Bioenergy,%,0.0
Colombia,2024-04-01,Electricity generation,Fuel,Coal,%,21.12
Colombia,2024-04-01,Electricity generation,Fuel,Gas,%,0.22
Colombia,2024-04-01,Electricity generation,Fuel,Hydro,%,71.34
Colombia,2024-04-01,Electricity generation,Fuel,Other Fossil,%,1.29
Colombia,2024-04-01,Electricity generation,Fuel,Solar,%,5.6
Colombia,2024-04-01,Electricity generation,Fuel,Wind,%,0.43
Colombia,2024-05-01,Electricity generation,Aggregate fuel,Clean,%,86.78
Colombia,2024-05-01,Electricity generation,Aggregate fuel,Fossil,%,13.22
Colombia,2024-05-01,Electricity generation,Aggregate fuel,Gas and Other Fossil,%,5.34
Colombia,2024-05-01,Electricity generation,Aggregate fuel,"Hydro, Bioenergy and Other Renewables",%,82.62
Colombia,2024-05-01,Electricity generation,Aggregate fuel,Renewables,%,86.78
Colombia,2024-05-01,Electricity generation,Aggregate fuel,Wind and Solar,%,4.16
Colombia,2024-05-01,Electricity generation,Fuel,Bioenergy,%,0.0
Colombia,2024-05-01,Electricity generation,Fuel,Coal,%,7.88
Colombia,2024-05-01,Electricity generation,Fuel,Gas,%,4.75
Colombia,2024-05-01,Electricity generation,Fuel,Hydro,%,82.62
Colombia,2024-05-01,Electricity generation,Fuel,Other Fossil,%,0.59
Colombia,2024-05-01,Electricity generation,Fuel,Solar,%,4.01
Colombia,2024-05-01,Electricity generation,Fuel,Wind,%,0.15
Colombia,2024-06-01,Electricity generation,Aggregate fuel,Clean,%,84.41
Colombia,2024-06-01,Electricity generation,Aggregate fuel,Fossil,%,15.59
Colombia,2024-06-01,Electricity generation,Aggregate fuel,Gas and Other Fossil,%,6.61
Colombia,2024-06-01,Electricity generation,Aggregate fuel,"Hydro, Bioenergy and Other Renewables",%,80.16
Colombia,2024-06-01,Electricity generation,Aggregate fuel,Renewables,%,84.41
Colombia,2024-06-01,Electricity generation,Aggregate fuel,Wind and Solar,%,4.25
Colombia,2024-06-01,Electricity generation,Fuel,Bioenergy,%,0.0
Colombia,2024-06-01,Electricity generation,Fuel,Coal,%,8.98
Colombia,2024-06-01,Electricity generation,Fuel,Gas,%,5.98
Colombia,2024-06-01,Electricity generation,Fuel,Hydro,%,80.16
Colombia,2024-06-01,Electricity generation,Fuel,Other Fossil,%,0.63
Colombia,2024-06-01,Electricity generation,Fuel,Solar,%,4.09
Colombia,2024-06-01,Electricity generation,Fuel,Wind,%,0.16
Colombia,2024-07-01,Electricity generation,Aggregate fuel,Clean,%,88.4
Colombia,2024-07-01,Electricity generation,Aggregate fuel,Fossil,%,11.6
Colombia,2024-07-01,Electricity generation,Aggregate fuel,Gas and Other Fossil,%,4.27
Colombia,2024-07-01,Electricity generation,Aggregate fuel,"Hydro, Bioenergy and Other Renewables",%,83.66
Colombia,2024-07-01,Electricity generation,Aggregate fuel,Renewables,%,88.4
Colombia,2024-07-01,Electricity generation,Aggregate fuel,Wind and Solar,%,4.74
Colombia,2024-07-01,Electricity generation,Fuel,Bioenergy,%,0.0
Colombia,2024-07-01,Electricity generation,Fuel,Coal,%,7.33
Colombia,2024-07-01,Electricity generation,Fuel,Gas,%,3.66
Colombia,2024-07-01,Electricity generation,Fuel,Hydro,%,83.66
Colombia,2024-07-01,Electricity generation,Fuel,Other Fossil,%,0.61
Colombia,2024-07-01,Electricity generation,Fuel,Solar,%,4.43
Colombia,2024-07-01,Electricity generation,Fuel,Wind,%,0.31
Colombia,2024-08-01,Electricity generation,Aggregate fuel,Clean,%,84.5
Colombia,2024-08-01,Electricity generation,Aggregate fuel,Fossil,%,15.5
Colombia,2024-08-01,Electricity generation,Aggregate fuel,Gas and Other Fossil,%,3.95
Colombia,2024-08-01,Electricity generation,Aggregate fuel,"Hydro, Bioenergy and Other Renewables",%,79.64
Colombia,2024-08-01,Electricity generation,Aggregate fuel,Renewables,%,84.5
Colombia,2024-08-01,Electricity generation,Aggregate fuel,Wind and Solar,%,4.86
Colombia,2024-08-01,Electricity generation,Fuel,Bioenergy,%,0.0
Colombia,2024-08-01,Electricity generation,Fuel,Coal,%,11.55
Colombia,2024-08-01,Electricity generation,Fuel,Gas,%,3.34
Colombia,2024-08-01,Electricity generation,Fuel,Hydro,%,79.64
Colombia,2024-08-01,Electricity generation,Fuel,Other Fossil,%,0.61
Colombia,2024-08-01,Electricity generation,Fuel,Solar,%,4.71
Colombia,2024-08-01,Electricity generation,Fuel,Wind,%,0.15
Colombia,2024-09-01,Electricity generation,Aggregate fuel,Clean,%,78.68
Colombia,2024-09-01,Electricity generation,Aggregate fuel,Fossil,%,21.32
Colombia,2024-09-01,Electricity generation,Aggregate fuel,Gas and Other Fossil,%,8.59
Colombia,2024-09-01,Electricity generation,Aggregate fuel,"Hydro, Bioenergy and Other Renewables",%,73.55
Colombia,2024-09-01,Electricity generation,Aggregate fuel,Renewables,%,78.68
Colombia,2024-09-01,Electricity generation,Aggregate fuel,Wind and Solar,%,5.13
Colombia,2024-09-01,Electricity generation,Fuel,Bioenergy,%,0.0
Colombia,2024-09-01,Electricity generation,Fuel,Coal,%,12.73
Colombia,2024-09-01,Electricity generation,Fuel,Gas,%,7.93
Colombia,2024-09-01,Electricity generation,Fuel,Hydro,%,73.55
Colombia,2024-09-01,Electricity generation,Fuel,Other Fossil,%,0.66
Colombia,2024-09-01,Electricity generation,Fuel,Solar,%,4.96
Colombia,2024-09-01,Electricity generation,Fuel,Wind,%,0.17
Colombia,2024-10-01,Electricity generation,Aggregate fuel,Clean,%,80.15
Colombia,2024-10-01,Electricity generation,Aggregate fuel,Fossil,%,19.84
Colombia,2024-10-01,Electricity generation,Aggregate fuel,Gas and Other Fossil,%,3.89
Colombia,2024-10-01,Electricity generation,Aggregate fuel,"Hydro, Bioenergy and Other Renewables",%,73.93
Colombia,2024-10-01,Electricity generation,Aggregate fuel,Renewables,%,80.15
Colombia,2024-10-01,Electricity generation,Aggregate fuel,Wind and Solar,%,6.22
Colombia,2024-10-01,Electricity generation,Fuel,Bioenergy,%,0.0
Colombia,2024-10-01,Electricity generation,Fuel,Coal,%,15.95
Colombia,2024-10-01,Electricity generation,Fuel,Gas,%,2.92
Colombia,2024-10-01,Electricity generation,Fuel,Hydro,%,73.93
Colombia,2024-10-01,Electricity generation,Fuel,Other Fossil,%,0.97
Colombia,2024-10-01,Electricity generation,Fuel,Solar,%,6.03
Colombia,2024-10-01,Electricity generation,Fuel,Wind,%,0.19
Colombia,2024-11-01,Electricity generation,Aggregate fuel,Clean,%,79.23
Colombia,2024-11-01,Electricity generation,Aggregate fuel,Fossil,%,20.76
Colombia,2024-11-01,Electricity generation,Aggregate fuel,Gas and Other Fossil,%,8.14
Colombia,2024-11-01,Electricity generation,Aggregate fuel,"Hydro, Bioenergy and Other Renewables",%,74.58
Colombia,2024-11-01,Electricity generation,Aggregate fuel,Renewables,%,79.23
Colombia,2024-11-01,Electricity generation,Aggregate fuel,Wind and Solar,%,4.65
Colombia,2024-11-01,Electricity generation,Fuel,Bioenergy,%,0.0
Colombia,2024-11-01,Electricity generation,Fuel,Coal,%,12.62
Colombia,2024-11-01,Electricity generation,Fuel,Gas,%,7.31
Colombia,2024-11-01,Electricity generation,Fuel,Hydro,%,74.58
Colombia,2024-11-01,Electricity generation,Fuel,Other Fossil,%,0.83
Colombia,2024-11-01,Electricity generation,Fuel,Solar,%,4.65
Colombia,2024-11-01,Electricity generation,Fuel,Wind,%,0.0
Colombia,2024-12-01,Electricity generation,Aggregate fuel,Clean,%,76.65
Colombia,2024-12-01,Electricity generation,Aggregate fuel,Fossil,%,23.34
Colombia,2024-12-01,Electricity generation,Aggregate fuel,Gas and Other Fossil,%,7.94
Colombia,2024-12-01,Electricity generation,Aggregate fuel,"Hydro, Bioenergy and Other Renewables",%,71.47
Colombia,2024-12-01,Electricity generation,Aggregate fuel,Renewables,%,76.65
Colombia,2024-12-01,Electricity generation,Aggregate fuel,Wind and Solar,%,5.18
Colombia,2024-12-01,Electricity generation,Fuel,Bioenergy,%,0.0
Colombia,2024-12-01,Electricity generation,Fuel,Coal,%,15.4
Colombia,2024-12-01,Electricity generation,Fuel,Gas,%,7.13
Colombia,2024-12-01,Electricity generation,Fuel,Hydro,%,71.47
Colombia,2024-12-01,Electricity generation,Fuel,Other Fossil,%,0.81
Colombia,2024-12-01,Electricity generation,Fuel,Solar,%,5.02
Colombia,2024-12-01,Electricity generation,Fuel,Wind,%,0.16
Colombia,2025-01-01,Electricity generation,Aggregate fuel,Clean,%,80.51
Colombia,2025-01-01,Electricity generation,Aggregate fuel,Fossil,%,19.5
Colombia,2025-01-01,Electricity generation,Aggregate fuel,Gas and Other Fossil,%,7.68
Colombia,2025-01-01,Electricity generation,Aggregate fuel,"Hydro, Bioenergy and Other Renewables",%,74.89
Colombia,2025-01-01,Electricity generation,Aggregate fuel,Renewables,%,80.51
Colombia,2025-01-01,Electricity generation,Aggregate fuel,Wind and Solar,%,5.62
Colombia,2025-01-01,Electricity generation,Fuel,Bioenergy,%,0.0
Colombia,2025-01-01,Electricity generation,Fuel,Coal,%,11.82
Colombia,2025-01-01,Electricity generation,Fuel,Gas,%,6.94
Colombia,2025-01-01,Electricity generation,Fuel,Hydro,%,74.89
Colombia,2025-01-01,Electricity generation,Fuel,Other Fossil,%,0.74
Colombia,2025-01-01,Electricity generation,Fuel,Solar,%,5.47
Colombia,2025-01-01,Electricity generation,Fuel,Wind,%,0.15
Colombia,2025-02-01,Electricity generation,Aggregate fuel,Clean,%,84.92
Colombia,2025-02-01,Electricity generation,Aggregate fuel,Fossil,%,15.08
Colombia,2025-02-01,Electricity generation,Aggregate fuel,Gas and Other Fossil,%,5.24
Colombia,2025-02-01,Electricity generation,Aggregate fuel,"Hydro, Bioenergy and Other Renewables",%,79.51
Colombia,2025-02-01,Electricity generation,Aggregate fuel,Renewables,%,84.92
Colombia,2025-02-01,Electricity generation,Aggregate fuel,Wind and Solar,%,5.41
Colombia,2025-02-01,Electricity generation,Fuel,Bioenergy,%,0.0
Colombia,2025-02-01,Electricity generation,Fuel,Coal,%,9.84
Colombia,2025-02-01,Electricity generation,Fuel,Gas,%,4.75
Colombia,2025-02-01,Electricity generation,Fuel,Hydro,%,79.51
Colombia,2025-02-01,Electricity generation,Fuel,Other Fossil,%,0.49
Colombia,2025-02-01,Electricity generation,Fuel,Solar,%,5.25
Colombia,2025-02-01,Electricity generation,Fuel,Wind,%,0.16
Colombia,2025-03-01,Electricity generation,Aggregate fuel,Clean,%,88.89
Colombia,2025-03-01,Electricity generation,Aggregate fuel,Fossil,%,11.11
Colombia,2025-03-01,Electricity generation,Aggregate fuel,Gas and Other Fossil,%,7.6
Colombia,2025-03-01,Electricity generation,Aggregate fuel,"Hydro, Bioenergy and Other Renewables",%,83.33
Colombia,2025-03-01,Electricity generation,Aggregate fuel,Renewables,%,88.89
Colombia,2025-03-01,Electricity generation,Aggregate fuel,Wind and Solar,%,5.56
Colombia,2025-03-01,Electricity generation,Fuel,Bioenergy,%,0.0
Colombia,2025-03-01,Electricity generation,Fuel,Coal,%,3.51
Colombia,2025-03-01,Electricity generation,Fuel,Gas,%,6.87
Colombia,2025-03-01,Electricity generation,Fuel,Hydro,%,83.33
Colombia,2025-03-01,Electricity generation,Fuel,Other Fossil,%,0.73
Colombia,2025-03-01,Electricity generation,Fuel,Solar,%,5.41
Colombia,2025-03-01,Electricity generation,Fuel,Wind,%,0.15
Colombia,2025-04-01,Electricity generation,Aggregate fuel,Clean,%,88.92
Colombia,2025-04-01,Electricity generation,Aggregate fuel,Fossil,%,11.08
Colombia,2025-04-01,Electricity generation,Aggregate fuel,Gas and Other Fossil,%,9.13
Colombia,2025-04-01,Electricity generation,Aggregate fuel,"Hydro, Bioenergy and Other Renewables",%,83.83
Colombia,2025-04-01,Electricity generation,Aggregate fuel,Renewables,%,88.92
Colombia,2025-04-01,Electricity generation,Aggregate fuel,Wind and Solar,%,5.09
Colombia,2025-04-01,Electricity generation,Fuel,Bioenergy,%,0.0
Colombia,2025-04-01,Electricity generation,Fuel,Coal,%,1.95
Colombia,2025-04-01,Electricity generation,Fuel,Gas,%,8.38
Colombia,2025-04-01,Electricity generation,Fuel,Hydro,%,83.83
Colombia,2025-04-01,Electricity generation,Fuel,Other Fossil,%,0.75
Colombia,2025-04-01,Electricity generation,Fuel,Solar,%,4.94
Colombia,2025-04-01,Electricity generation,Fuel,Wind,%,0.15
Colombia,2025-05-01,Electricity generation,Aggregate fuel,Clean,%,90.2
Colombia,2025-05-01,Electricity generation,Aggregate fuel,Fossil,%,9.8
Colombia,2025-05-01,Electricity generation,Aggregate fuel,Gas and Other Fossil,%,7.39
Colombia,2025-05-01,Electricity generation,Aggregate fuel,"Hydro, Bioenergy and Other Renewables",%,85.37
Colombia,2025-05-01,Electricity generation,Aggregate fuel,Renewables,%,90.2
Colombia,2025-05-01,Electricity generation,Aggregate fuel,Wind and Solar,%,4.83
Colombia,2025-05-01,Electricity generation,Fuel,Bioenergy,%,0.0
Colombia,2025-05-01,Electricity generation,Fuel,Coal,%,2.41
Colombia,2025-05-01,Electricity generation,Fuel,Gas,%,6.68
Colombia,2025-05-01,Electricity generation,Fuel,Hydro,%,85.37
Colombia,2025-05-01,Electricity generation,Fuel,Other Fossil,%,0.71
Colombia,2025-05-01,Electricity generation,Fuel,Solar,%,4.69
Colombia,2025-05-01,Electricity generation,Fuel,Wind,%,0.14
Colombia,2025-06-01,Electricity generation,Aggregate fuel,Clean,%,88.89
Colombia,2025-06-01,Electricity generation,Aggregate fuel,Fossil,%,11.11
Colombia,2025-06-01,Electricity generation,Aggregate fuel,Gas and Other Fossil,%,8.44
Colombia,2025-06-01,Electricity generation,Aggregate fuel,"Hydro, Bioenergy and Other Renewables",%,83.7
Colombia,2025-06-01,Electricity generation,Aggregate fuel,Renewables,%,88.89
Colombia,2025-06-01,Electricity generation,Aggregate fuel,Wind and Solar,%,5.19
Colombia,2025-06-01,Electricity generation,Fuel,Bioenergy,%,0.0
Colombia,2025-06-01,Electricity generation,Fuel,Coal,%,2.67
Colombia,2025-06-01,Electricity generation,Fuel,Gas,%,7.7
Colombia,2025-06-01,Electricity generation,Fuel,Hydro,%,83.7
Colombia,2025-06-01,Electricity generation,Fuel,Other Fossil,%,0.74
Colombia,2025-06-01,Electricity generation,Fuel,Solar,%,4.89
Colombia,2025-06-01,Electricity generation,Fuel,Wind,%,0.3
Colombia,2025-07-01,Electricity generation,Aggregate fuel,Clean,%,89.96
Colombia,2025-07-01,Electricity generation,Aggregate fuel,Fossil,%,10.05
Colombia,2025-07-01,Electricity generation,Aggregate fuel,Gas and Other Fossil,%,8.79
Colombia,2025-07-01,Electricity generation,Aggregate fuel,"Hydro, Bioenergy and Other Renewables",%,84.52
Colombia,2025-07-01,Electricity generation,Aggregate fuel,Renewables,%,89.96
Colombia,2025-07-01,Electricity generation,Aggregate fuel,Wind and Solar,%,5.44
Colombia,2025-07-01,Electricity generation,Fuel,Bioenergy,%,0.0
Colombia,2025-07-01,Electricity generation,Fuel,Coal,%,1.26
Colombia,2025-07-01,Electricity generation,Fuel,Gas,%,8.09
Colombia,2025-07-01,Electricity generation,Fuel,Hydro,%,84.52
Colombia,2025-07-01,Electricity generation,Fuel,Other Fossil,%,0.7
Colombia,2025-07-01,Electricity generation,Fuel,Solar,%,5.16
Colombia,2025-07-01,Electricity generation,Fuel,Wind,%,0.28
Costa Rica,2019-01-01,Electricity generation,Aggregate fuel,Clean,%,100.0
Costa Rica,2019-01-01,Electricity generation,Aggregate fuel,Fossil,%,0.0
Costa Rica,2019-01-01,Electricity generation,Aggregate fuel,Gas and Other Fossil,%,0.0
Costa Rica,2019-01-01,Electricity generation,Aggregate fuel,"Hydro, Bioenergy and Other Renewables",%,76.34
Costa Rica,2019-01-01,Electricity generation,Aggregate fuel,Renewables,%,100.0
Costa Rica,2019-01-01,Electricity generation,Aggregate fuel,Wind and Solar,%,23.66
Costa Rica,2019-01-01,Electricity generation,Fuel,Bioenergy,%,2.15
Costa Rica,2019-01-01,Electricity generation,Fuel,Hydro,%,61.29
Costa Rica,2019-01-01,Electricity generation,Fuel,Other Fossil,%,0.0
Costa Rica,2019-01-01,Electricity generation,Fuel,Other Renewables,%,12.9
Costa Rica,2019-01-01,Electricity generation,Fuel,Solar,%,0.0
Costa Rica,2019-01-01,Electricity generation,Fuel,Wind,%,23.66
Costa Rica,2019-02-01,Electricity generation,Aggregate fuel,Clean,%,95.07
Costa Rica,2019-02-01,Electricity generation,Aggregate fuel,Fossil,%,4.94
Costa Rica,2019-02-01,Electricity generation,Aggregate fuel,Gas and Other Fossil,%,4.94
Costa Rica,2019-02-01,Electricity generation,Aggregate fuel,"Hydro, Bioenergy and Other Renewables",%,71.61
Costa Rica,2019-02-01,Electricity generation,Aggregate fuel,Renewables,%,95.07
Costa Rica,2019-02-01,Electricity generation,Aggregate fuel,Wind and Solar,%,23.46
Costa Rica,2019-02-01,Electricity generation,Fuel,Bioenergy,%,2.47
Costa Rica,2019-02-01,Electricity generation,Fuel,Hydro,%,55.56
Costa Rica,2019-02-01,Electricity generation,Fuel,Other Fossil,%,4.94
Costa Rica,2019-02-01,Electricity generation,Fuel,Other Renewables,%,13.58
Costa Rica,2019-02-01,Electricity generation,Fuel,Solar,%,0.0
Costa Rica,2019-02-01,Electricity generation,Fuel,Wind,%,23.46
Costa Rica,2019-03-01,Electricity generation,Aggregate fuel,Clean,%,98.9
Costa Rica,2019-03-01,Electricity generation,Aggregate fuel,Fossil,%,1.1
Costa Rica,2019-03-01,Electricity generation,Aggregate fuel,Gas and Other Fossil,%,1.1
Costa Rica,2019-03-01,Electricity generation,Aggregate fuel,"Hydro, Bioenergy and Other Renewables",%,73.63
Costa Rica,2019-03-01,Electricity generation,Aggregate fuel,Renewables,%,98.9
Costa Rica,2019-03-01,Electricity generation,Aggregate fuel,Wind and Solar,%,25.27
Costa Rica,2019-03-01,Electricity generation,Fuel,Bioenergy,%,2.2
Costa Rica,2019-03-01,Electricity generation,Fuel,Hydro,%,57.14
Costa Rica,2019-03-01,Electricity generation,Fuel,Other Fossil,%,1.1
Costa Rica,2019-03-01,Electricity generation,Fuel,Other Renewables,%,14.29
Costa Rica,2019-03-01,Electricity generation,Fuel,Solar,%,0.0
Costa Rica,2019-03-01,Electricity generation,Fuel,Wind,%,25.27
Costa Rica,2019-04-01,Electricity generation,Aggregate fuel,Clean,%,95.24
Costa Rica,2019-04-01,Electricity generation,Aggregate fuel,Fossil,%,4.76
Costa Rica,2019-04-01,Electricity generation,Aggregate fuel,Gas and Other Fossil,%,4.76
Costa Rica,2019-04-01,Electricity generation,Aggregate fuel,"Hydro, Bioenergy and Other Renewables",%,75.0
Costa Rica,2019-04-01,Electricity generation,Aggregate fuel,Renewables,%,95.24
Costa Rica,2019-04-01,Electricity generation,Aggregate fuel,Wind and Solar,%,20.24
Costa Rica,2019-04-01,Electricity generation,Fuel,Bioenergy,%,0.0
Costa Rica,2019-04-01,Electricity generation,Fuel,Hydro,%,59.52
Costa Rica,2019-04-01,Electricity generation,Fuel,Other Fossil,%,4.76
Costa Rica,2019-04-01,Electricity generation,Fuel,Other Renewables,%,15.48
Costa Rica,2019-04-01,Electricity generation,Fuel,Solar,%,0.0
Costa Rica,2019-04-01,Electricity generation,Fuel,Wind,%,20.24
Costa Rica,2019-05-01,Electricity generation,Aggregate fuel,Clean,%,100.0
Costa Rica,2019-05-01,Electricity generation,Aggregate fuel,Fossil,%,0.0
Costa Rica,2019-05-01,Electricity generation,Aggregate fuel,Gas and Other Fossil,%,0.0
Costa Rica,2019-05-01,Electricity generation,Aggregate fuel,"Hydro, Bioenergy and Other Renewables",%,92.93
Costa Rica,2019-05-01,Electricity generation,Aggregate fuel,Renewables,%,100.0
Costa Rica,2019-05-01,Electricity generation,Aggregate fuel,Wind and Solar,%,7.07
Costa Rica,2019-05-01,Electricity generation,Fuel,Bioenergy,%,0.0
Costa Rica,2019-05-01,Electricity generation,Fuel,Hydro,%,79.8
Costa Rica,2019-05-01,Electricity generation,Fuel,Other Fossil,%,0.0
Costa Rica,2019-05-01,Electricity generation,Fuel,Other Renewables,%,13.13
Costa Rica,2019-05-01,Electricity generation,Fuel,Solar,%,0.0
Costa Rica,2019-05-01,Electricity generation,Fuel,Wind,%,7.07
Costa Rica,2019-06-01,Electricity generation,Aggregate fuel,Clean,%,100.0
Costa Rica,2019-06-01,Electricity generation,Aggregate fuel,Fossil,%,0.0
Costa Rica,2019-06-01,Electricity generation,Aggregate fuel,Gas and Other Fossil,%,0.0
Costa Rica,2019-06-01,Electricity generation,Aggregate fuel,"Hydro, Bioenergy and Other Renewables",%,86.46
Costa Rica,2019-06-01,Electricity generation,Aggregate fuel,Renewables,%,100.0
Costa Rica,2019-06-01,Electricity generation,Aggregate fuel,Wind and Solar,%,13.54
Costa Rica,2019-06-01,Electricity generation,Fuel,Bioenergy,%,0.0
Costa Rica,2019-06-01,Electricity generation,Fuel,Hydro,%,77.08
Costa Rica,2019-06-01,Electricity generation,Fuel,Other Fossil,%,0.0
Costa Rica,2019-06-01,Electricity generation,Fuel,Other Renewables,%,9.38
Costa Rica,2019-06-01,Electricity generation,Fuel,Solar,%,0.0
Costa Rica,2019-06-01,Electricity generation,Fuel,Wind,%,13.54
Costa Rica,2019-07-01,Electricity generation,Aggregate fuel,Clean,%,100.0
Costa Rica,2019-07-01,Electricity generation,Aggregate fuel,Fossil,%,0.0
Costa Rica,2019-07-01,Electricity generation,Aggregate fuel,Gas and Other Fossil,%,0.0
Costa Rica,2019-07-01,Electricity generation,Aggregate fuel,"Hydro, Bioenergy and Other Renewables",%,81.82
Costa Rica,2019-07-01,Electricity generation,Aggregate fuel,Renewables,%,100.0
Costa Rica,2019-07-01,Electricity generation,Aggregate fuel,Wind and Solar,%,18.18
Costa Rica,2019-07-01,Electricity generation,Fuel,Bioenergy,%,0.0
Costa Rica,2019-07-01,Electricity generation,Fuel,Hydro,%,68.69
Costa Rica,2019-07-01,Electricity generation,Fuel,Other Fossil,%,0.0
Costa Rica,2019-07-01,Electricity generation,Fuel,Other Renewables,%,13.13
Costa Rica,2019-07-01,Electricity generation,Fuel,Solar,%,0.0
Costa Rica,2019-07-01,Electricity generation,Fuel,Wind,%,18.18
Costa Rica,2019-08-01,Electricity generation,Aggregate fuel,Clean,%,100.0
Costa Rica,2019-08-01,Electricity generation,Aggregate fuel,Fossil,%,0.0
Costa Rica,2019-08-01,Electricity generation,Aggregate fuel,Gas and Other Fossil,%,0.0
Costa Rica,2019-08-01,Electricity generation,Aggregate fuel,"Hydro, Bioenergy and Other Renewables",%,87.13
Costa Rica,2019-08-01,Electricity generation,Aggregate fuel,Renewables,%,100.0
Costa Rica,2019-08-01,Electricity generation,Aggregate fuel,Wind and Solar,%,12.87
Costa Rica,2019-08-01,Electricity generation,Fuel,Bioenergy,%,0.0
Costa Rica,2019-08-01,Electricity generation,Fuel,Hydro,%,72.28
Costa Rica,2019-08-01,Electricity generation,Fuel,Other Fossil,%,0.0
Costa Rica,2019-08-01,Electricity generation,Fuel,Other Renewables,%,14.85
Costa Rica,2019-08-01,Electricity generation,Fuel,Solar,%,0.0
Costa Rica,2019-08-01,Electricity generation,Fuel,Wind,%,12.87
Costa Rica,2019-09-01,Electricity generation,Aggregate fuel,Clean,%,100.0
Costa Rica,2019-09-01,Electricity generation,Aggregate fuel,Fossil,%,0.0
Costa Rica,2019-09-01,Electricity generation,Aggregate fuel,Gas and Other Fossil,%,0.0
Costa Rica,2019-09-01,Electricity generation,Aggregate fuel,"Hydro, Bioenergy and Other Renewables",%,92.71
Costa Rica,2019-09-01,Electricity generation,Aggregate fuel,Renewables,%,100.0
Costa Rica,2019-09-01,Electricity generation,Aggregate fuel,Wind and Solar,%,7.29
Costa Rica,2019-09-01,Electricity generation,Fuel,Bioenergy,%,0.0
Costa Rica,2019-09-01,Electricity generation,Fuel,Hydro,%,77.08
Costa Rica,2019-09-01,Electricity generation,Fuel,Other Fossil,%,0.0
Costa Rica,2019-09-01,Electricity generation,Fuel,Other Renewables,%,15.63
Costa Rica,2019-09-01,Electricity generation,Fuel,Solar,%,0.0
Costa Rica,2019-09-01,Electricity generation,Fuel,Wind,%,7.29
Costa Rica,2019-10-01,Electricity generation,Aggregate fuel,Clean,%,100.01
Costa Rica,2019-10-01,Electricity generation,Aggregate fuel,Fossil,%,0.0
Costa Rica,2019-10-01,Electricity generation,Aggregate fuel,Gas and Other Fossil,%,0.0
Costa Rica,2019-10-01,Electricity generation,Aggregate fuel,"Hydro, Bioenergy and Other Renewables",%,96.85
Costa Rica,2019-10-01,Electricity generation,Aggregate fuel,Renewables,%,100.01
Costa Rica,2019-10-01,Electricity generation,Aggregate fuel,Wind and Solar,%,3.16
Costa Rica,2019-10-01,Electricity generation,Fuel,Bioenergy,%,0.0
Costa Rica,2019-10-01,Electricity generation,Fuel,Hydro,%,82.11
Costa Rica,2019-10-01,Electricity generation,Fuel,Other Fossil,%,0.0
Costa Rica,2019-10-01,Electricity generation,Fuel,Other Renewables,%,14.74
Costa Rica,2019-10-01,Electricity generation,Fuel,Solar,%,0.0
Costa Rica,2019-10-01,Electricity generation,Fuel,Wind,%,3.16
Costa Rica,2019-11-01,Electricity generation,Aggregate fuel,Clean,%,100.0
Costa Rica,2019-11-01,Electricity generation,Aggregate fuel,Fossil,%,0.0
Costa Rica,2019-11-01,Electricity generation,Aggregate fuel,Gas and Other Fossil,%,0.0
Costa Rica,2019-11-01,Electricity generation,Aggregate fuel,"Hydro, Bioenergy and Other Renewables",%,83.16
Costa Rica,2019-11-01,Electricity generation,Aggregate fuel,Renewables,%,100.0
Costa Rica,2019-11-01,Electricity generation,Aggregate fuel,Wind and Solar,%,16.84
Costa Rica,2019-11-01,Electricity generation,Fuel,Bioenergy,%,0.0
Costa Rica,2019-11-01,Electricity generation,Fuel,Hydro,%,70.53
Costa Rica,2019-11-01,Electricity generation,Fuel,Other Fossil,%,0.0
Costa Rica,2019-11-01,Electricity generation,Fuel,Other Renewables,%,12.63
Costa Rica,2019-11-01,Electricity generation,Fuel,Solar,%,0.0
Costa Rica,2019-11-01,Electricity generation,Fuel,Wind,%,16.84
Costa Rica,2019-12-01,Electricity generation,Aggregate fuel,Clean,%,100.0
Costa Rica,2019-12-01,Electricity generation,Aggregate fuel,Fossil,%,0.0
Costa Rica,2019-12-01,Electricity generation,Aggregate fuel,Gas and Other Fossil,%,0.0
Costa Rica,2019-12-01,Electricity generation,Aggregate fuel,"Hydro, Bioenergy and Other Renewables",%,79.21
Costa Rica,2019-12-01,Electricity generation,Aggregate fuel,Renewables,%,100.0
Costa Rica,2019-12-01,Electricity generation,Aggregate fuel,Wind and Solar,%,20.79
Costa Rica,2019-12-01,Electricity generation,Fuel,Bioenergy,%,0.99
Costa Rica,2019-12-01,Electricity generation,Fuel,Hydro,%,66.34
Costa Rica,2019-12-01,Electricity generation,Fuel,Other Fossil,%,0.0
Costa Rica,2019-12-01,Electricity generation,Fuel,Other Renewables,%,11.88
Costa Rica,2019-12-01,Electricity generation,Fuel,Solar,%,0.0
Costa Rica,2019-12-01,Electricity generation,Fuel,Wind,%,20.79
Costa Rica,2020-01-01,Electricity generation,Aggregate fuel,Clean,%,100.01
Costa Rica,2020-01-01,Electricity generation,Aggregate fuel,Fossil,%,0.0
Costa Rica,2020-01-01,Electricity generation,Aggregate fuel,Gas and Other Fossil,%,0.0
Costa Rica,2020-01-01,Electricity generation,Aggregate fuel,"Hydro, Bioenergy and Other Renewables",%,81.38
Costa Rica,2020-01-01,Electricity generation,Aggregate fuel,Renewables,%,100.01
Costa Rica,2020-01-01,Electricity generation,Aggregate fuel,Wind and Solar,%,18.63
Costa Rica,2020-01-01,Electricity generation,Fuel,Bioenergy,%,1.96
Costa Rica,2020-01-01,Electricity generation,Fuel,Hydro,%,64.71
Costa Rica,2020-01-01,Electricity generation,Fuel,Other Fossil,%,0.0
Costa Rica,2020-01-01,Electricity generation,Fuel,Other Renewables,%,14.71
Costa Rica,2020-01-01,Electricity generation,Fuel,Solar,%,0.0
Costa Rica,2020-01-01,Electricity generation,Fuel,Wind,%,18.63
Costa Rica,2020-02-01,Electricity generation,Aggregate fuel,Clean,%,100.01
Costa Rica,2020-02-01,Electricity generation,Aggregate fuel,Fossil,%,0.0
Costa Rica,2020-02-01,Electricity generation,Aggregate fuel,Gas and Other Fossil,%,0.0
Costa Rica,2020-02-01,Electricity generation,Aggregate fuel,"Hydro, Bioenergy and Other Renewables",%,78.5
Costa Rica,2020-02-01,Electricity generation,Aggregate fuel,Renewables,%,100.01
Costa Rica,2020-02-01,Electricity generation,Aggregate fuel,Wind and Solar,%,21.51
Costa Rica,2020-02-01,Electricity generation,Fuel,Bioenergy,%,1.08
Costa Rica,2020-02-01,Electricity generation,Fuel,Hydro,%,61.29
Costa Rica,2020-02-01,Electricity generation,Fuel,Other Fossil,%,0.0
Costa Rica,2020-02-01,Electricity generation,Fuel,Other Renewables,%,16.13
Costa Rica,2020-02-01,Electricity generation,Fuel,Solar,%,0.0
Costa Rica,2020-02-01,Electricity generation,Fuel,Wind,%,21.51
Costa Rica,2020-03-01,Electricity generation,Aggregate fuel,Clean,%,98.9
Costa Rica,2020-03-01,Electricity generation,Aggregate fuel,Fossil,%,1.1
Costa Rica,2020-03-01,Electricity generation,Aggregate fuel,Gas and Other Fossil,%,1.1
Costa Rica,2020-03-01,Electricity generation,Aggregate fuel,"Hydro, Bioenergy and Other Renewables",%,73.63
Costa Rica,2020-03-01,Electricity generation,Aggregate fuel,Renewables,%,98.9
Costa Rica,2020-03-01,Electricity generation,Aggregate fuel,Wind and Solar,%,25.27
Costa Rica,2020-03-01,Electricity generation,Fuel,Bioenergy,%,2.2
Costa Rica,2020-03-01,Electricity generation,Fuel,Hydro,%,53.85
Costa Rica,2020-03-01,Electricity generation,Fuel,Other Fossil,%,1.1
Costa Rica,2020-03-01,Electricity generation,Fuel,Other Renewables,%,17.58
Costa Rica,2020-03-01,Electricity generation,Fuel,Solar,%,0.0
Costa Rica,2020-03-01,Electricity generation,Fuel,Wind,%,25.27
Costa Rica,2020-04-01,Electricity generation,Aggregate fuel,Clean,%,98.8
Costa Rica,2020-04-01,Electricity generation,Aggregate fuel,Fossil,%,1.2
Costa Rica,2020-04-01,Electricity generation,Aggregate fuel,Gas and Other Fossil,%,1.2
Costa Rica,2020-04-01,Electricity generation,Aggregate fuel,"Hydro, Bioenergy and Other Renewables",%,80.73
Costa Rica,2020-04-01,Electricity generation,Aggregate fuel,Renewables,%,98.8
Costa Rica,2020-04-01,Electricity generation,Aggregate fuel,Wind and Solar,%,18.07
Costa Rica,2020-04-01,Electricity generation,Fuel,Bioenergy,%,0.0
Costa Rica,2020-04-01,Electricity generation,Fuel,Hydro,%,61.45
Costa Rica,2020-04-01,Electricity generation,Fuel,Other Fossil,%,1.2
Costa Rica,2020-04-01,Electricity generation,Fuel,Other Renewables,%,19.28
Costa Rica,2020-04-01,Electricity generation,Fuel,Solar,%,0.0
Costa Rica,2020-04-01,Electricity generation,Fuel,Wind,%,18.07
Costa Rica,2020-05-01,Electricity generation,Aggregate fuel,Clean,%,99.99
Costa Rica,2020-05-01,Electricity generation,Aggregate fuel,Fossil,%,0.0
Costa Rica,2020-05-01,Electricity generation,Aggregate fuel,Gas and Other Fossil,%,0.0
Costa Rica,2020-05-01,Electricity generation,Aggregate fuel,"Hydro, Bioenergy and Other Renewables",%,89.65
Costa Rica,2020-05-01,Electricity generation,Aggregate fuel,Renewables,%,99.99
Costa Rica,2020-05-01,Electricity generation,Aggregate fuel,Wind and Solar,%,10.34
Costa Rica,2020-05-01,Electricity generation,Fuel,Bioenergy,%,0.0
Costa Rica,2020-05-01,Electricity generation,Fuel,Hydro,%,74.71
Costa Rica,2020-05-01,Electricity generation,Fuel,Other Fossil,%,0.0
Costa Rica,2020-05-01,Electricity generation,Fuel,Other Renewables,%,14.94
Costa Rica,2020-05-01,Electricity generation,Fuel,Solar,%,0.0
Costa Rica,2020-05-01,Electricity generation,Fuel,Wind,%,10.34
Costa Rica,2020-06-01,Electricity generation,Aggregate fuel,Clean,%,100.0
Costa Rica,2020-06-01,Electricity generation,Aggregate fuel,Fossil,%,0.0
Costa Rica,2020-06-01,Electricity generation,Aggregate fuel,Gas and Other Fossil,%,0.0
Costa Rica,2020-06-01,Electricity generation,Aggregate fuel,"Hydro, Bioenergy and Other Renewables",%,91.49
Costa Rica,2020-06-01,Electricity generation,Aggregate fuel,Renewables,%,100.0
Costa Rica,2020-06-01,Electricity generation,Aggregate fuel,Wind and Solar,%,8.51
Costa Rica,2020-06-01,Electricity generation,Fuel,Bioenergy,%,0.0
Costa Rica,2020-06-01,Electricity generation,Fuel,Hydro,%,76.6
Costa Rica,2020-06-01,Electricity generation,Fuel,Other Fossil,%,0.0
Costa Rica,2020-06-01,Electricity generation,Fuel,Other Renewables,%,14.89
Costa Rica,2020-06-01,Electricity generation,Fuel,Solar,%,0.0
Costa Rica,2020-06-01,Electricity generation,Fuel,Wind,%,8.51
Costa Rica,2020-07-01,Electricity generation,Aggregate fuel,Clean,%,100.0
Costa Rica,2020-07-01,Electricity generation,Aggregate fuel,Fossil,%,0.0
Costa Rica,2020-07-01,Electricity generation,Aggregate fuel,Gas and Other Fossil,%,0.0
Costa Rica,2020-07-01,Electricity generation,Aggregate fuel,"Hydro, Bioenergy and Other Renewables",%,87.88
Costa Rica,2020-07-01,Electricity generation,Aggregate fuel,Renewables,%,100.0
Costa Rica,2020-07-01,Electricity generation,Aggregate fuel,Wind and Solar,%,12.12
Costa Rica,2020-07-01,Electricity generation,Fuel,Bioenergy,%,0.0
Costa Rica,2020-07-01,Electricity generation,Fuel,Hydro,%,72.73
Costa Rica,2020-07-01,Electricity generation,Fuel,Other Fossil,%,0.0
Costa Rica,2020-07-01,Electricity generation,Fuel,Other Renewables,%,15.15
Costa Rica,2020-07-01,Electricity generation,Fuel,Solar,%,0.0
Costa Rica,2020-07-01,Electricity generation,Fuel,Wind,%,12.12
Costa Rica,2020-08-01,Electricity generation,Aggregate fuel,Clean,%,99.99
Costa Rica,2020-08-01,Electricity generation,Aggregate fuel,Fossil,%,0.0
Costa Rica,2020-08-01,Electricity generation,Aggregate fuel,Gas and Other Fossil,%,0.0
Costa Rica,2020-08-01,Electricity generation,Aggregate fuel,"Hydro, Bioenergy and Other Renewables",%,91.83
Costa Rica,2020-08-01,Electricity generation,Aggregate fuel,Renewables,%,99.99
Costa Rica,2020-08-01,Electricity generation,Aggregate fuel,Wind and Solar,%,8.16
Costa Rica,2020-08-01,Electricity generation,Fuel,Bioenergy,%,0.0
Costa Rica,2020-08-01,Electricity generation,Fuel,Hydro,%,79.59
Costa Rica,2020-08-01,Electricity generation,Fuel,Other Fossil,%,0.0
Costa Rica,2020-08-01,Electricity generation,Fuel,Other Renewables,%,12.24
Costa Rica,2020-08-01,Electricity generation,Fuel,Solar,%,0.0
Costa Rica,2020-08-01,Electricity generation,Fuel,Wind,%,8.16
Costa Rica,2020-09-01,Electricity generation,Aggregate fuel,Clean,%,100.01
Costa Rica,2020-09-01,Electricity generation,Aggregate fuel,Fossil,%,0.0
Costa Rica,2020-09-01,Electricity generation,Aggregate fuel,Gas and Other Fossil,%,0.0
Costa Rica,2020-09-01,Electricity generation,Aggregate fuel,"Hydro, Bioenergy and Other Renewables",%,96.88
Costa Rica,2020-09-01,Electricity generation,Aggregate fuel,Renewables,%,100.01
Costa Rica,2020-09-01,Electricity generation,Aggregate fuel,Wind and Solar,%,3.13
Costa Rica,2020-09-01,Electricity generation,Fuel,Bioenergy,%,0.0
Costa Rica,2020-09-01,Electricity generation,Fuel,Hydro,%,84.38
Costa Rica,2020-09-01,Electricity generation,Fuel,Other Fossil,%,0.0
Costa Rica,2020-09-01,Electricity generation,Fuel,Other Renewables,%,12.5
Costa Rica,2020-09-01,Electricity generation,Fuel,Solar,%,0.0
Costa Rica,2020-09-01,Electricity generation,Fuel,Wind,%,3.13
Costa Rica,2020-10-01,Electricity generation,Aggregate fuel,Clean,%,100.0
Costa Rica,2020-10-01,Electricity generation,Aggregate fuel,Fossil,%,0.0
Costa Rica,2020-10-01,Electricity generation,Aggregate fuel,Gas and Other Fossil,%,0.0
Costa Rica,2020-10-01,Electricity generation,Aggregate fuel,"Hydro, Bioenergy and Other Renewables",%,96.04
Costa Rica,2020-10-01,Electricity generation,Aggregate fuel,Renewables,%,100.0
Costa Rica,2020-10-01,Electricity generation,Aggregate fuel,Wind and Solar,%,3.96
Costa Rica,2020-10-01,Electricity generation,Fuel,Bioenergy,%,0.0
Costa Rica,2020-10-01,Electricity generation,Fuel,Hydro,%,83.17
Costa Rica,2020-10-01,Electricity generation,Fuel,Other Fossil,%,0.0
Costa Rica,2020-10-01,Electricity generation,Fuel,Other Renewables,%,12.87
Costa Rica,2020-10-01,Electricity generation,Fuel,Solar,%,0.0
Costa Rica,2020-10-01,Electricity generation,Fuel,Wind,%,3.96
Costa Rica,2020-11-01,Electricity generation,Aggregate fuel,Clean,%,100.0
Costa Rica,2020-11-01,Electricity generation,Aggregate fuel,Fossil,%,0.0
Costa Rica,2020-11-01,Electricity generation,Aggregate fuel,Gas and Other Fossil,%,0.0
Costa Rica,2020-11-01,Electricity generation,Aggregate fuel,"Hydro, Bioenergy and Other Renewables",%,92.93
Costa Rica,2020-11-01,Electricity generation,Aggregate fuel,Renewables,%,100.0
Costa Rica,2020-11-01,Electricity generation,Aggregate fuel,Wind and Solar,%,7.07
Costa Rica,2020-11-01,Electricity generation,Fuel,Bioenergy,%,0.0
Costa Rica,2020-11-01,Electricity generation,Fuel,Hydro,%,81.82
Costa Rica,2020-11-01,Electricity generation,Fuel,Other Fossil,%,0.0
Costa Rica,2020-11-01,Electricity generation,Fuel,Other Renewables,%,11.11
Costa Rica,2020-11-01,Electricity generation,Fuel,Solar,%,0.0
Costa Rica,2020-11-01,Electricity generation,Fuel,Wind,%,7.07
Costa Rica,2020-12-01,Electricity generation,Aggregate fuel,Clean,%,100.0
Costa Rica,2020-12-01,Electricity generation,Aggregate fuel,Fossil,%,0.0
Costa Rica,2020-12-01,Electricity generation,Aggregate fuel,Gas and Other Fossil,%,0.0
Costa Rica,2020-12-01,Electricity generation,Aggregate fuel,"Hydro, Bioenergy and Other Renewables",%,82.18
Costa Rica,2020-12-01,Electricity generation,Aggregate fuel,Renewables,%,100.0
Costa Rica,2020-12-01,Electricity generation,Aggregate fuel,Wind and Solar,%,17.82
Costa Rica,2020-12-01,Electricity generation,Fuel,Bioenergy,%,0.99
Costa Rica,2020-12-01,Electricity generation,Fuel,Hydro,%,71.29
Costa Rica,2020-12-01,Electricity generation,Fuel,Other Fossil,%,0.0
Costa Rica,2020-12-01,Electricity generation,Fuel,Other Renewables,%,9.9
Costa Rica,2020-12-01,Electricity generation,Fuel,Solar,%,0.0
Costa Rica,2020-12-01,Electricity generation,Fuel,Wind,%,17.82
Costa Rica,2021-01-01,Electricity generation,Aggregate fuel,Clean,%,100.0
Costa Rica,2021-01-01,Electricity generation,Aggregate fuel,Fossil,%,0.0
Costa Rica,2021-01-01,Electricity generation,Aggregate fuel,Gas and Other Fossil,%,0.0
Costa Rica,2021-01-01,Electricity generation,Aggregate fuel,"Hydro, Bioenergy and Other Renewables",%,80.0
Costa Rica,2021-01-01,Electricity generation,Aggregate fuel,Renewables,%,100.0
Costa Rica,2021-01-01,Electricity generation,Aggregate fuel,Wind and Solar,%,20.0
Costa Rica,2021-01-01,Electricity generation,Fuel,Bioenergy,%,2.0
Costa Rica,2021-01-01,Electricity generation,Fuel,Hydro,%,64.0
Costa Rica,2021-01-01,Electricity generation,Fuel,Other Fossil,%,0.0
Costa Rica,2021-01-01,Electricity generation,Fuel,Other Renewables,%,14.0
Costa Rica,2021-01-01,Electricity generation,Fuel,Solar,%,0.0
Costa Rica,2021-01-01,Electricity generation,Fuel,Wind,%,20.0
Costa Rica,2021-02-01,Electricity generation,Aggregate fuel,Clean,%,100.0
Costa Rica,2021-02-01,Electricity generation,Aggregate fuel,Fossil,%,0.0
Costa Rica,2021-02-01,Electricity generation,Aggregate fuel,Gas and Other Fossil,%,0.0
Costa Rica,2021-02-01,Electricity generation,Aggregate fuel,"Hydro, Bioenergy and Other Renewables",%,81.52
Costa Rica,2021-02-01,Electricity generation,Aggregate fuel,Renewables,%,100.0
Costa Rica,2021-02-01,Electricity generation,Aggregate fuel,Wind and Solar,%,18.48
Costa Rica,2021-02-01,Electricity generation,Fuel,Bioenergy,%,2.17
Costa Rica,2021-02-01,Electricity generation,Fuel,Hydro,%,64.13
Costa Rica,2021-02-01,Electricity generation,Fuel,Other Fossil,%,0.0
Costa Rica,2021-02-01,Electricity generation,Fuel,Other Renewables,%,15.22
Costa Rica,2021-02-01,Electricity generation,Fuel,Solar,%,0.0
Costa Rica,2021-02-01,Electricity generation,Fuel,Wind,%,18.48
Costa Rica,2021-03-01,Electricity generation,Aggregate fuel,Clean,%,100.0
Costa Rica,2021-03-01,Electricity generation,Aggregate fuel,Fossil,%,0.0
Costa Rica,2021-03-01,Electricity generation,Aggregate fuel,Gas and Other Fossil,%,0.0
Costa Rica,2021-03-01,Electricity generation,Aggregate fuel,"Hydro, Bioenergy and Other Renewables",%,79.21
Costa Rica,2021-03-01,Electricity generation,Aggregate fuel,Renewables,%,100.0
Costa Rica,2021-03-01,Electricity generation,Aggregate fuel,Wind and Solar,%,20.79
Costa Rica,2021-03-01,Electricity generation,Fuel,Bioenergy,%,1.98
Costa Rica,2021-03-01,Electricity generation,Fuel,Hydro,%,60.4
Costa Rica,2021-03-01,Electricity generation,Fuel,Other Fossil,%,0.0
Costa Rica,2021-03-01,Electricity generation,Fuel,Other Renewables,%,16.83
Costa Rica,2021-03-01,Electricity generation,Fuel,Solar,%,0.0
Costa Rica,2021-03-01,Electricity generation,Fuel,Wind,%,20.79
Costa Rica,2021-04-01,Electricity generation,Aggregate fuel,Clean,%,100.01
Costa Rica,2021-04-01,Electricity generation,Aggregate fuel,Fossil,%,0.0
Costa Rica,2021-04-01,Electricity generation,Aggregate fuel,Gas and Other Fossil,%,0.0
Costa Rica,2021-04-01,Electricity generation,Aggregate fuel,"Hydro, Bioenergy and Other Renewables",%,86.28
Costa Rica,2021-04-01,Electricity generation,Aggregate fuel,Renewables,%,100.01
Costa Rica,2021-04-01,Electricity generation,Aggregate fuel,Wind and Solar,%,13.73
Costa Rica,2021-04-01,Electricity generation,Fuel,Bioenergy,%,0.98
Costa Rica,2021-04-01,Electricity generation,Fuel,Hydro,%,69.61
Costa Rica,2021-04-01,Electricity generation,Fuel,Other Fossil,%,0.0
Costa Rica,2021-04-01,Electricity generation,Fuel,Other Renewables,%,15.69
Costa Rica,2021-04-01,Electricity generation,Fuel,Solar,%,0.0
Costa Rica,2021-04-01,Electricity generation,Fuel,Wind,%,13.73
Costa Rica,2021-05-01,Electricity generation,Aggregate fuel,Clean,%,100.01
Costa Rica,2021-05-01,Electricity generation,Aggregate fuel,Fossil,%,0.0
Costa Rica,2021-05-01,Electricity generation,Aggregate fuel,Gas and Other Fossil,%,0.0
Costa Rica,2021-05-01,Electricity generation,Aggregate fuel,"Hydro, Bioenergy and Other Renewables",%,86.37
Costa Rica,2021-05-01,Electricity generation,Aggregate fuel,Renewables,%,100.01
Costa Rica,2021-05-01,Electricity generation,Aggregate fuel,Wind and Solar,%,13.64
Costa Rica,2021-05-01,Electricity generation,Fuel,Bioenergy,%,0.0
Costa Rica,2021-05-01,Electricity generation,Fuel,Hydro,%,71.82
Costa Rica,2021-05-01,Electricity generation,Fuel,Other Fossil,%,0.0
Costa Rica,2021-05-01,Electricity generation,Fuel,Other Renewables,%,14.55
Costa Rica,2021-05-01,Electricity generation,Fuel,Solar,%,0.0
Costa Rica,2021-05-01,Electricity generation,Fuel,Wind,%,13.64
Costa Rica,2021-06-01,Electricity generation,Aggregate fuel,Clean,%,100.0
Costa Rica,2021-06-01,Electricity generation,Aggregate fuel,Fossil,%,0.0
Costa Rica,2021-06-01,Electricity generation,Aggregate fuel,Gas and Other Fossil,%,0.0
Costa Rica,2021-06-01,Electricity generation,Aggregate fuel,"Hydro, Bioenergy and Other Renewables",%,93.27
Costa Rica,2021-06-01,Electricity generation,Aggregate fuel,Renewables,%,100.0
Costa Rica,2021-06-01,Electricity generation,Aggregate fuel,Wind and Solar,%,6.73
Costa Rica,2021-06-01,Electricity generation,Fuel,Bioenergy,%,0.0
Costa Rica,2021-06-01,Electricity generation,Fuel,Hydro,%,78.85
Costa Rica,2021-06-01,Electricity generation,Fuel,Other Fossil,%,0.0
Costa Rica,2021-06-01,Electricity generation,Fuel,Other Renewables,%,14.42
Costa Rica,2021-06-01,Electricity generation,Fuel,Solar,%,0.0
Costa Rica,2021-06-01,Electricity generation,Fuel,Wind,%,6.73
Costa Rica,2021-07-01,Electricity generation,Aggregate fuel,Clean,%,99.99
Costa Rica,2021-07-01,Electricity generation,Aggregate fuel,Fossil,%,0.0
Costa Rica,2021-07-01,Electricity generation,Aggregate fuel,Gas and Other Fossil,%,0.0
Costa Rica,2021-07-01,Electricity generation,Aggregate fuel,"Hydro, Bioenergy and Other Renewables",%,87.73
Costa Rica,2021-07-01,Electricity generation,Aggregate fuel,Renewables,%,99.99
Costa Rica,2021-07-01,Electricity generation,Aggregate fuel,Wind and Solar,%,12.26
Costa Rica,2021-07-01,Electricity generation,Fuel,Bioenergy,%,0.0
Costa Rica,2021-07-01,Electricity generation,Fuel,Hydro,%,75.47
Costa Rica,2021-07-01,Electricity generation,Fuel,Other Fossil,%,0.0
Costa Rica,2021-07-01,Electricity generation,Fuel,Other Renewables,%,12.26
Costa Rica,2021-07-01,Electricity generation,Fuel,Solar,%,0.0
Costa Rica,2021-07-01,Electricity generation,Fuel,Wind,%,12.26
Costa Rica,2021-08-01,Electricity generation,Aggregate fuel,Clean,%,100.0
Costa Rica,2021-08-01,Electricity generation,Aggregate fuel,Fossil,%,0.0
Costa Rica,2021-08-01,Electricity generation,Aggregate fuel,Gas and Other Fossil,%,0.0
Costa Rica,2021-08-01,Electricity generation,Aggregate fuel,"Hydro, Bioenergy and Other Renewables",%,94.39
Costa Rica,2021-08-01,Electricity generation,Aggregate fuel,Renewables,%,100.0
Costa Rica,2021-08-01,Electricity generation,Aggregate fuel,Wind and Solar,%,5.61
Costa Rica,2021-08-01,Electricity generation,Fuel,Bioenergy,%,0.0
Costa Rica,2021-08-01,Electricity generation,Fuel,Hydro,%,84.11
Costa Rica,2021-08-01,Electricity generation,Fuel,Other Fossil,%,0.0
Costa Rica,2021-08-01,Electricity generation,Fuel,Other Renewables,%,10.28
Costa Rica,2021-08-01,Electricity generation,Fuel,Solar,%,0.0
Costa Rica,2021-08-01,Electricity generation,Fuel,Wind,%,5.61
Costa Rica,2021-09-01,Electricity generation,Aggregate fuel,Clean,%,100.0
Costa Rica,2021-09-01,Electricity generation,Aggregate fuel,Fossil,%,0.0
Costa Rica,2021-09-01,Electricity generation,Aggregate fuel,Gas and Other Fossil,%,0.0
Costa Rica,2021-09-01,Electricity generation,Aggregate fuel,"Hydro, Bioenergy and Other Renewables",%,94.06
Costa Rica,2021-09-01,Electricity generation,Aggregate fuel,Renewables,%,100.0
Costa Rica,2021-09-01,Electricity generation,Aggregate fuel,Wind and Solar,%,5.94
Costa Rica,2021-09-01,Electricity generation,Fuel,Bioenergy,%,0.0
Costa Rica,2021-09-01,Electricity generation,Fuel,Hydro,%,81.19
Costa Rica,2021-09-01,Electricity generation,Fuel,Other Fossil,%,0.0
Costa Rica,2021-09-01,Electricity generation,Fuel,Other Renewables,%,12.87
Costa Rica,2021-09-01,Electricity generation,Fuel,Solar,%,0.0
Costa Rica,2021-09-01,Electricity generation,Fuel,Wind,%,5.94
Costa Rica,2021-10-01,Electricity generation,Aggregate fuel,Clean,%,100.0
Costa Rica,2021-10-01,Electricity generation,Aggregate fuel,Fossil,%,0.0
Costa Rica,2021-10-01,Electricity generation,Aggregate fuel,Gas and Other Fossil,%,0.0
Costa Rica,2021-10-01,Electricity generation,Aggregate fuel,"Hydro, Bioenergy and Other Renewables",%,95.24
Costa Rica,2021-10-01,Electricity generation,Aggregate fuel,Renewables,%,100.0
Costa Rica,2021-10-01,Electricity generation,Aggregate fuel,Wind and Solar,%,4.76
Costa Rica,2021-10-01,Electricity generation,Fuel,Bioenergy,%,0.0
Costa Rica,2021-10-01,Electricity generation,Fuel,Hydro,%,82.86
Costa Rica,2021-10-01,Electricity generation,Fuel,Other Fossil,%,0.0
Costa Rica,2021-10-01,Electricity generation,Fuel,Other Renewables,%,12.38
Costa Rica,2021-10-01,Electricity generation,Fuel,Solar,%,0.0
Costa Rica,2021-10-01,Electricity generation,Fuel,Wind,%,4.76
Costa Rica,2021-11-01,Electricity generation,Aggregate fuel,Clean,%,99.99
Costa Rica,2021-11-01,Electricity generation,Aggregate fuel,Fossil,%,0.0
Costa Rica,2021-11-01,Electricity generation,Aggregate fuel,Gas and Other Fossil,%,0.0
Costa Rica,2021-11-01,Electricity generation,Aggregate fuel,"Hydro, Bioenergy and Other Renewables",%,85.57
Costa Rica,2021-11-01,Electricity generation,Aggregate fuel,Renewables,%,99.99
Costa Rica,2021-11-01,Electricity generation,Aggregate fuel,Wind and Solar,%,14.42
Costa Rica,2021-11-01,Electricity generation,Fuel,Bioenergy,%,0.0
Costa Rica,2021-11-01,Electricity generation,Fuel,Hydro,%,76.92
Costa Rica,2021-11-01,Electricity generation,Fuel,Other Fossil,%,0.0
Costa Rica,2021-11-01,Electricity generation,Fuel,Other Renewables,%,8.65
Costa Rica,2021-11-01,Electricity generation,Fuel,Solar,%,0.0
Costa Rica,2021-11-01,Electricity generation,Fuel,Wind,%,14.42
Costa Rica,2021-12-01,Electricity generation,Aggregate fuel,Clean,%,100.01
Costa Rica,2021-12-01,Electricity generation,Aggregate fuel,Fossil,%,0.0
Costa Rica,2021-12-01,Electricity generation,Aggregate fuel,Gas and Other Fossil,%,0.0
Costa Rica,2021-12-01,Electricity generation,Aggregate fuel,"Hydro, Bioenergy and Other Renewables",%,83.34
Costa Rica,2021-12-01,Electricity generation,Aggregate fuel,Renewables,%,100.01
Costa Rica,2021-12-01,Electricity generation,Aggregate fuel,Wind and Solar,%,16.67
Costa Rica,2021-12-01,Electricity generation,Fuel,Bioenergy,%,0.93
Costa Rica,2021-12-01,Electricity generation,Fuel,Hydro,%,75.0
Costa Rica,2021-12-01,Electricity generation,Fuel,Other Fossil,%,0.0
Costa Rica,2021-12-01,Electricity generation,Fuel,Other Renewables,%,7.41
Costa Rica,2021-12-01,Electricity generation,Fuel,Solar,%,0.0
Costa Rica,2021-12-01,Electricity generation,Fuel,Wind,%,16.67
Costa Rica,2022-01-01,Electricity generation,Aggregate fuel,Clean,%,100.0
Costa Rica,2022-01-01,Electricity generation,Aggregate fuel,Fossil,%,0.0
Costa Rica,2022-01-01,Electricity generation,Aggregate fuel,Gas and Other Fossil,%,0.0
Costa Rica,2022-01-01,Electricity generation,Aggregate fuel,"Hydro, Bioenergy and Other Renewables",%,80.0
Costa Rica,2022-01-01,Electricity generation,Aggregate fuel,Renewables,%,100.0
Costa Rica,2022-01-01,Electricity generation,Aggregate fuel,Wind and Solar,%,20.0
Costa Rica,2022-01-01,Electricity generation,Fuel,Bioenergy,%,2.0
Costa Rica,2022-01-01,Electricity generation,Fuel,Hydro,%,65.0
Costa Rica,2022-01-01,Electricity generation,Fuel,Other Fossil,%,0.0
Costa Rica,2022-01-01,Electricity generation,Fuel,Other Renewables,%,13.0
Costa Rica,2022-01-01,Electricity generation,Fuel,Solar,%,0.0
Costa Rica,2022-01-01,Electricity generation,Fuel,Wind,%,20.0
Costa Rica,2022-02-01,Electricity generation,Aggregate fuel,Clean,%,97.8
Costa Rica,2022-02-01,Electricity generation,Aggregate fuel,Fossil,%,2.2
Costa Rica,2022-02-01,Electricity generation,Aggregate fuel,Gas and Other Fossil,%,2.2
Costa Rica,2022-02-01,Electricity generation,Aggregate fuel,"Hydro, Bioenergy and Other Renewables",%,76.92
Costa Rica,2022-02-01,Electricity generation,Aggregate fuel,Renewables,%,97.8
Costa Rica,2022-02-01,Electricity generation,Aggregate fuel,Wind and Solar,%,20.88
Costa Rica,2022-02-01,Electricity generation,Fuel,Bioenergy,%,2.2
Costa Rica,2022-02-01,Electricity generation,Fuel,Hydro,%,58.24
Costa Rica,2022-02-01,Electricity generation,Fuel,Other Fossil,%,2.2
Costa Rica,2022-02-01,Electricity generation,Fuel,Other Renewables,%,16.48
Costa Rica,2022-02-01,Electricity generation,Fuel,Solar,%,0.0
Costa Rica,2022-02-01,Electricity generation,Fuel,Wind,%,20.88
Costa Rica,2022-03-01,Electricity generation,Aggregate fuel,Clean,%,94.06
Costa Rica,2022-03-01,Electricity generation,Aggregate fuel,Fossil,%,5.94
Costa Rica,2022-03-01,Electricity generation,Aggregate fuel,Gas and Other Fossil,%,5.94
Costa Rica,2022-03-01,Electricity generation,Aggregate fuel,"Hydro, Bioenergy and Other Renewables",%,74.26
Costa Rica,2022-03-01,Electricity generation,Aggregate fuel,Renewables,%,94.06
Costa Rica,2022-03-01,Electricity generation,Aggregate fuel,Wind and Solar,%,19.8
Costa Rica,2022-03-01,Electricity generation,Fuel,Bioenergy,%,1.98
Costa Rica,2022-03-01,Electricity generation,Fuel,Hydro,%,56.44
Costa Rica,2022-03-01,Electricity generation,Fuel,Other Fossil,%,5.94
Costa Rica,2022-03-01,Electricity generation,Fuel,Other Renewables,%,15.84
Costa Rica,2022-03-01,Electricity generation,Fuel,Solar,%,0.0
Costa Rica,2022-03-01,Electricity generation,Fuel,Wind,%,19.8
Costa Rica,2022-04-01,Electricity generation,Aggregate fuel,Clean,%,98.99
Costa Rica,2022-04-01,Electricity generation,Aggregate fuel,Fossil,%,1.02
Costa Rica,2022-04-01,Electricity generation,Aggregate fuel,Gas and Other Fossil,%,1.02
Costa Rica,2022-04-01,Electricity generation,Aggregate fuel,"Hydro, Bioenergy and Other Renewables",%,84.7
Costa Rica,2022-04-01,Electricity generation,Aggregate fuel,Renewables,%,98.99
Costa Rica,2022-04-01,Electricity generation,Aggregate fuel,Wind and Solar,%,14.29
Costa Rica,2022-04-01,Electricity generation,Fuel,Bioenergy,%,0.0
Costa Rica,2022-04-01,Electricity generation,Fuel,Hydro,%,68.37
Costa Rica,2022-04-01,Electricity generation,Fuel,Other Fossil,%,1.02
Costa Rica,2022-04-01,Electricity generation,Fuel,Other Renewables,%,16.33
Costa Rica,2022-04-01,Electricity generation,Fuel,Solar,%,0.0
Costa Rica,2022-04-01,Electricity generation,Fuel,Wind,%,14.29
Costa Rica,2022-05-01,Electricity generation,Aggregate fuel,Clean,%,99.99
Costa Rica,2022-05-01,Electricity generation,Aggregate fuel,Fossil,%,0.0
Costa Rica,2022-05-01,Electricity generation,Aggregate fuel,Gas and Other Fossil,%,0.0
Costa Rica,2022-05-01,Electricity generation,Aggregate fuel,"Hydro, Bioenergy and Other Renewables",%,94.49
Costa Rica,2022-05-01,Electricity generation,Aggregate fuel,Renewables,%,99.99
Costa Rica,2022-05-01,Electricity generation,Aggregate fuel,Wind and Solar,%,5.5
Costa Rica,2022-05-01,Electricity generation,Fuel,Bioenergy,%,0.0
Costa Rica,2022-05-01,Electricity generation,Fuel,Hydro,%,80.73
Costa Rica,2022-05-01,Electricity generation,Fuel,Other Fossil,%,0.0
Costa Rica,2022-05-01,Electricity generation,Fuel,Other Renewables,%,13.76
Costa Rica,2022-05-01,Electricity generation,Fuel,Solar,%,0.0
Costa Rica,2022-05-01,Electricity generation,Fuel,Wind,%,5.5
Costa Rica,2022-06-01,Electricity generation,Aggregate fuel,Clean,%,100.0
Costa Rica,2022-06-01,Electricity generation,Aggregate fuel,Fossil,%,0.0
Costa Rica,2022-06-01,Electricity generation,Aggregate fuel,Gas and Other Fossil,%,0.0
Costa Rica,2022-06-01,Electricity generation,Aggregate fuel,"Hydro, Bioenergy and Other Renewables",%,95.24
Costa Rica,2022-06-01,Electricity generation,Aggregate fuel,Renewables,%,100.0
Costa Rica,2022-06-01,Electricity generation,Aggregate fuel,Wind and Solar,%,4.76
Costa Rica,2022-06-01,Electricity generation,Fuel,Bioenergy,%,0.0
Costa Rica,2022-06-01,Electricity generation,Fuel,Hydro,%,82.86
Costa Rica,2022-06-01,Electricity generation,Fuel,Other Fossil,%,0.0
Costa Rica,2022-06-01,Electricity generation,Fuel,Other Renewables,%,12.38
Costa Rica,2022-06-01,Electricity generation,Fuel,Solar,%,0.0
Costa Rica,2022-06-01,Electricity generation,Fuel,Wind,%,4.76
Costa Rica,2022-07-01,Electricity generation,Aggregate fuel,Clean,%,100.01
Costa Rica,2022-07-01,Electricity generation,Aggregate fuel,Fossil,%,0.0
Costa Rica,2022-07-01,Electricity generation,Aggregate fuel,Gas and Other Fossil,%,0.0
Costa Rica,2022-07-01,Electricity generation,Aggregate fuel,"Hydro, Bioenergy and Other Renewables",%,89.53
Costa Rica,2022-07-01,Electricity generation,Aggregate fuel,Renewables,%,100.01
Costa Rica,2022-07-01,Electricity generation,Aggregate fuel,Wind and Solar,%,10.48
Costa Rica,2022-07-01,Electricity generation,Fuel,Bioenergy,%,0.0
Costa Rica,2022-07-01,Electricity generation,Fuel,Hydro,%,78.1
Costa Rica,2022-07-01,Electricity generation,Fuel,Other Fossil,%,0.0
Costa Rica,2022-07-01,Electricity generation,Fuel,Other Renewables,%,11.43
Costa Rica,2022-07-01,Electricity generation,Fuel,Solar,%,0.0
Costa Rica,2022-07-01,Electricity generation,Fuel,Wind,%,10.48
Costa Rica,2022-08-01,Electricity generation,Aggregate fuel,Clean,%,100.0
Costa Rica,2022-08-01,Electricity generation,Aggregate fuel,Fossil,%,0.0
Costa Rica,2022-08-01,Electricity generation,Aggregate fuel,Gas and Other Fossil,%,0.0
Costa Rica,2022-08-01,Electricity generation,Aggregate fuel,"Hydro, Bioenergy and Other Renewables",%,93.58
Costa Rica,2022-08-01,Electricity generation,Aggregate fuel,Renewables,%,100.0
Costa Rica,2022-08-01,Electricity generation,Aggregate fuel,Wind and Solar,%,6.42
Costa Rica,2022-08-01,Electricity generation,Fuel,Bioenergy,%,0.0
Costa Rica,2022-08-01,Electricity generation,Fuel,Hydro,%,81.65
Costa Rica,2022-08-01,Electricity generation,Fuel,Other Fossil,%,0.0
Costa Rica,2022-08-01,Electricity generation,Fuel,Other Renewables,%,11.93
Costa Rica,2022-08-01,Electricity generation,Fuel,Solar,%,0.0
Costa Rica,2022-08-01,Electricity generation,Fuel,Wind,%,6.42
Costa Rica,2022-09-01,Electricity generation,Aggregate fuel,Clean,%,100.0
Costa Rica,2022-09-01,Electricity generation,Aggregate fuel,Fossil,%,0.0
Costa Rica,2022-09-01,Electricity generation,Aggregate fuel,Gas and Other Fossil,%,0.0
Costa Rica,2022-09-01,Electricity generation,Aggregate fuel,"Hydro, Bioenergy and Other Renewables",%,98.04
Costa Rica,2022-09-01,Electricity generation,Aggregate fuel,Renewables,%,100.0
Costa Rica,2022-09-01,Electricity generation,Aggregate fuel,Wind and Solar,%,1.96
Costa Rica,2022-09-01,Electricity generation,Fuel,Bioenergy,%,0.0
Costa Rica,2022-09-01,Electricity generation,Fuel,Hydro,%,85.29
Costa Rica,2022-09-01,Electricity generation,Fuel,Other Fossil,%,0.0
Costa Rica,2022-09-01,Electricity generation,Fuel,Other Renewables,%,12.75
Costa Rica,2022-09-01,Electricity generation,Fuel,Solar,%,0.0
Costa Rica,2022-09-01,Electricity generation,Fuel,Wind,%,1.96
Costa Rica,2022-10-01,Electricity generation,Aggregate fuel,Clean,%,100.0
Costa Rica,2022-10-01,Electricity generation,Aggregate fuel,Fossil,%,0.0
Costa Rica,2022-10-01,Electricity generation,Aggregate fuel,Gas and Other Fossil,%,0.0
Costa Rica,2022-10-01,Electricity generation,Aggregate fuel,"Hydro, Bioenergy and Other Renewables",%,94.34
Costa Rica,2022-10-01,Electricity generation,Aggregate fuel,Renewables,%,100.0
Costa Rica,2022-10-01,Electricity generation,Aggregate fuel,Wind and Solar,%,5.66
Costa Rica,2022-10-01,Electricity generation,Fuel,Bioenergy,%,0.0
Costa Rica,2022-10-01,Electricity generation,Fuel,Hydro,%,81.13
Costa Rica,2022-10-01,Electricity generation,Fuel,Other Fossil,%,0.0
Costa Rica,2022-10-01,Electricity generation,Fuel,Other Renewables,%,13.21
Costa Rica,2022-10-01,Electricity generation,Fuel,Solar,%,0.0
Costa Rica,2022-10-01,Electricity generation,Fuel,Wind,%,5.66
Costa Rica,2022-11-01,Electricity generation,Aggregate fuel,Clean,%,100.0
Costa Rica,2022-11-01,Electricity generation,Aggregate fuel,Fossil,%,0.0
Costa Rica,2022-11-01,Electricity generation,Aggregate fuel,Gas and Other Fossil,%,0.0
Costa Rica,2022-11-01,Electricity generation,Aggregate fuel,"Hydro, Bioenergy and Other Renewables",%,93.07
Costa Rica,2022-11-01,Electricity generation,Aggregate fuel,Renewables,%,100.0
Costa Rica,2022-11-01,Electricity generation,Aggregate fuel,Wind and Solar,%,6.93
Costa Rica,2022-11-01,Electricity generation,Fuel,Bioenergy,%,0.0
Costa Rica,2022-11-01,Electricity generation,Fuel,Hydro,%,80.2
Costa Rica,2022-11-01,Electricity generation,Fuel,Other Fossil,%,0.0
Costa Rica,2022-11-01,Electricity generation,Fuel,Other Renewables,%,12.87
Costa Rica,2022-11-01,Electricity generation,Fuel,Solar,%,0.0
Costa Rica,2022-11-01,Electricity generation,Fuel,Wind,%,6.93
Costa Rica,2022-12-01,Electricity generation,Aggregate fuel,Clean,%,100.0
Costa Rica,2022-12-01,Electricity generation,Aggregate fuel,Fossil,%,0.0
Costa Rica,2022-12-01,Electricity generation,Aggregate fuel,Gas and Other Fossil,%,0.0
Costa Rica,2022-12-01,Electricity generation,Aggregate fuel,"Hydro, Bioenergy and Other Renewables",%,81.9
Costa Rica,2022-12-01,Electricity generation,Aggregate fuel,Renewables,%,100.0
Costa Rica,2022-12-01,Electricity generation,Aggregate fuel,Wind and Solar,%,18.1
Costa Rica,2022-12-01,Electricity generation,Fuel,Bioenergy,%,0.95
Costa Rica,2022-12-01,Electricity generation,Fuel,Hydro,%,71.43
Costa Rica,2022-12-01,Electricity generation,Fuel,Other Fossil,%,0.0
Costa Rica,2022-12-01,Electricity generation,Fuel,Other Renewables,%,9.52
Costa Rica,2022-12-01,Electricity generation,Fuel,Solar,%,0.0
Costa Rica,2022-12-01,Electricity generation,Fuel,Wind,%,18.1
Costa Rica,2023-01-01,Electricity generation,Aggregate fuel,Clean,%,100.0
Costa Rica,2023-01-01,Electricity generation,Aggregate fuel,Fossil,%,0.0
Costa Rica,2023-01-01,Electricity generation,Aggregate fuel,Gas and Other Fossil,%,0.0
Costa Rica,2023-01-01,Electricity generation,Aggregate fuel,"Hydro, Bioenergy and Other Renewables",%,81.19
Costa Rica,2023-01-01,Electricity generation,Aggregate fuel,Renewables,%,100.0
Costa Rica,2023-01-01,Electricity generation,Aggregate fuel,Wind and Solar,%,18.81
Costa Rica,2023-01-01,Electricity generation,Fuel,Bioenergy,%,1.98
Costa Rica,2023-01-01,Electricity generation,Fuel,Hydro,%,68.32
Costa Rica,2023-01-01,Electricity generation,Fuel,Other Fossil,%,0.0
Costa Rica,2023-01-01,Electricity generation,Fuel,Other Renewables,%,10.89
Costa Rica,2023-01-01,Electricity generation,Fuel,Solar,%,0.0
Costa Rica,2023-01-01,Electricity generation,Fuel,Wind,%,18.81
Costa Rica,2023-02-01,Electricity generation,Aggregate fuel,Clean,%,99.99
Costa Rica,2023-02-01,Electricity generation,Aggregate fuel,Fossil,%,0.0
Costa Rica,2023-02-01,Electricity generation,Aggregate fuel,Gas and Other Fossil,%,0.0
Costa Rica,2023-02-01,Electricity generation,Aggregate fuel,"Hydro, Bioenergy and Other Renewables",%,79.99
Costa Rica,2023-02-01,Electricity generation,Aggregate fuel,Renewables,%,99.99
Costa Rica,2023-02-01,Electricity generation,Aggregate fuel,Wind and Solar,%,20.0
Costa Rica,2023-02-01,Electricity generation,Fuel,Bioenergy,%,1.11
Costa Rica,2023-02-01,Electricity generation,Fuel,Hydro,%,64.44
Costa Rica,2023-02-01,Electricity generation,Fuel,Other Fossil,%,0.0
Costa Rica,2023-02-01,Electricity generation,Fuel,Other Renewables,%,14.44
Costa Rica,2023-02-01,Electricity generation,Fuel,Solar,%,0.0
Costa Rica,2023-02-01,Electricity generation,Fuel,Wind,%,20.0
Costa Rica,2023-03-01,Electricity generation,Aggregate fuel,Clean,%,98.94
Costa Rica,2023-03-01,Electricity generation,Aggregate fuel,Fossil,%,1.06
Costa Rica,2023-03-01,Electricity generation,Aggregate fuel,Gas and Other Fossil,%,1.06
Costa Rica,2023-03-01,Electricity generation,Aggregate fuel,"Hydro, Bioenergy and Other Renewables",%,82.98
Costa Rica,2023-03-01,Electricity generation,Aggregate fuel,Renewables,%,98.94
Costa Rica,2023-03-01,Electricity generation,Aggregate fuel,Wind and Solar,%,15.96
Costa Rica,2023-03-01,Electricity generation,Fuel,Bioenergy,%,1.06
Costa Rica,2023-03-01,Electricity generation,Fuel,Hydro,%,65.96
Costa Rica,2023-03-01,Electricity generation,Fuel,Other Fossil,%,1.06
Costa Rica,2023-03-01,Electricity generation,Fuel,Other Renewables,%,15.96
Costa Rica,2023-03-01,Electricity generation,Fuel,Solar,%,0.0
Costa Rica,2023-03-01,Electricity generation,Fuel,Wind,%,15.96
Costa Rica,2023-04-01,Electricity generation,Aggregate fuel,Clean,%,94.67
Costa Rica,2023-04-01,Electricity generation,Aggregate fuel,Fossil,%,5.32
Costa Rica,2023-04-01,Electricity generation,Aggregate fuel,Gas and Other Fossil,%,5.32
Costa Rica,2023-04-01,Electricity generation,Aggregate fuel,"Hydro, Bioenergy and Other Renewables",%,79.78
Costa Rica,2023-04-01,Electricity generation,Aggregate fuel,Renewables,%,94.67
Costa Rica,2023-04-01,Electricity generation,Aggregate fuel,Wind and Solar,%,14.89
Costa Rica,2023-04-01,Electricity generation,Fuel,Bioenergy,%,0.0
Costa Rica,2023-04-01,Electricity generation,Fuel,Hydro,%,64.89
Costa Rica,2023-04-01,Electricity generation,Fuel,Other Fossil,%,5.32
Costa Rica,2023-04-01,Electricity generation,Fuel,Other Renewables,%,14.89
Costa Rica,2023-04-01,Electricity generation,Fuel,Solar,%,0.0
Costa Rica,2023-04-01,Electricity generation,Fuel,Wind,%,14.89
Costa Rica,2023-05-01,Electricity generation,Aggregate fuel,Clean,%,84.31
Costa Rica,2023-05-01,Electricity generation,Aggregate fuel,Fossil,%,15.69
Costa Rica,2023-05-01,Electricity generation,Aggregate fuel,Gas and Other Fossil,%,15.69
Costa Rica,2023-05-01,Electricity generation,Aggregate fuel,"Hydro, Bioenergy and Other Renewables",%,72.55
Costa Rica,2023-05-01,Electricity generation,Aggregate fuel,Renewables,%,84.31
Costa Rica,2023-05-01,Electricity generation,Aggregate fuel,Wind and Solar,%,11.76
Costa Rica,2023-05-01,Electricity generation,Fuel,Bioenergy,%,0.0
Costa Rica,2023-05-01,Electricity generation,Fuel,Hydro,%,57.84
Costa Rica,2023-05-01,Electricity generation,Fuel,Other Fossil,%,15.69
Costa Rica,2023-05-01,Electricity generation,Fuel,Other Renewables,%,14.71
Costa Rica,2023-05-01,Electricity generation,Fuel,Solar,%,0.0
Costa Rica,2023-05-01,Electricity generation,Fuel,Wind,%,11.76
Costa Rica,2023-06-01,Electricity generation,Aggregate fuel,Clean,%,93.94
Costa Rica,2023-06-01,Electricity generation,Aggregate fuel,Fossil,%,6.06
Costa Rica,2023-06-01,Electricity generation,Aggregate fuel,Gas and Other Fossil,%,6.06
Costa Rica,2023-06-01,Electricity generation,Aggregate fuel,"Hydro, Bioenergy and Other Renewables",%,87.88
Costa Rica,2023-06-01,Electricity generation,Aggregate fuel,Renewables,%,93.94
Costa Rica,2023-06-01,Electricity generation,Aggregate fuel,Wind and Solar,%,6.06
Costa Rica,2023-06-01,Electricity generation,Fuel,Bioenergy,%,0.0
Costa Rica,2023-06-01,Electricity generation,Fuel,Hydro,%,73.74
Costa Rica,2023-06-01,Electricity generation,Fuel,Other Fossil,%,6.06
Costa Rica,2023-06-01,Electricity generation,Fuel,Other Renewables,%,14.14
Costa Rica,2023-06-01,Electricity generation,Fuel,Solar,%,0.0
Costa Rica,2023-06-01,Electricity generation,Fuel,Wind,%,6.06
Costa Rica,2023-07-01,Electricity generation,Aggregate fuel,Clean,%,96.04
Costa Rica,2023-07-01,Electricity generation,Aggregate fuel,Fossil,%,3.96
Costa Rica,2023-07-01,Electricity generation,Aggregate fuel,Gas and Other Fossil,%,3.96
Costa Rica,2023-07-01,Electricity generation,Aggregate fuel,"Hydro, Bioenergy and Other Renewables",%,83.17
Costa Rica,2023-07-01,Electricity generation,Aggregate fuel,Renewables,%,96.04
Costa Rica,2023-07-01,Electricity generation,Aggregate fuel,Wind and Solar,%,12.87
Costa Rica,2023-07-01,Electricity generation,Fuel,Bioenergy,%,0.0
Costa Rica,2023-07-01,Electricity generation,Fuel,Hydro,%,70.3
Costa Rica,2023-07-01,Electricity generation,Fuel,Other Fossil,%,3.96
Costa Rica,2023-07-01,Electricity generation,Fuel,Other Renewables,%,12.87
Costa Rica,2023-07-01,Electricity generation,Fuel,Solar,%,0.0
Costa Rica,2023-07-01,Electricity generation,Fuel,Wind,%,12.87
Costa Rica,2023-08-01,Electricity generation,Aggregate fuel,Clean,%,87.0
Costa Rica,2023-08-01,Electricity generation,Aggregate fuel,Fossil,%,13.0
Costa Rica,2023-08-01,Electricity generation,Aggregate fuel,Gas and Other Fossil,%,13.0
Costa Rica,2023-08-01,Electricity generation,Aggregate fuel,"Hydro, Bioenergy and Other Renewables",%,77.0
Costa Rica,2023-08-01,Electricity generation,Aggregate fuel,Renewables,%,87.0
Costa Rica,2023-08-01,Electricity generation,Aggregate fuel,Wind and Solar,%,10.0
Costa Rica,2023-08-01,Electricity generation,Fuel,Bioenergy,%,0.0
Costa Rica,2023-08-01,Electricity generation,Fuel,Hydro,%,65.0
Costa Rica,2023-08-01,Electricity generation,Fuel,Other Fossil,%,13.0
Costa Rica,2023-08-01,Electricity generation,Fuel,Other Renewables,%,12.0
Costa Rica,2023-08-01,Electricity generation,Fuel,Solar,%,0.0
Costa Rica,2023-08-01,Electricity generation,Fuel,Wind,%,10.0
Costa Rica,2023-09-01,Electricity generation,Aggregate fuel,Clean,%,94.74
Costa Rica,2023-09-01,Electricity generation,Aggregate fuel,Fossil,%,5.26
Costa Rica,2023-09-01,Electricity generation,Aggregate fuel,Gas and Other Fossil,%,5.26
Costa Rica,2023-09-01,Electricity generation,Aggregate fuel,"Hydro, Bioenergy and Other Renewables",%,84.21
Costa Rica,2023-09-01,Electricity generation,Aggregate fuel,Renewables,%,94.74
Costa Rica,2023-09-01,Electricity generation,Aggregate fuel,Wind and Solar,%,10.53
Costa Rica,2023-09-01,Electricity generation,Fuel,Bioenergy,%,0.0
Costa Rica,2023-09-01,Electricity generation,Fuel,Hydro,%,72.63
Costa Rica,2023-09-01,Electricity generation,Fuel,Other Fossil,%,5.26
Costa Rica,2023-09-01,Electricity generation,Fuel,Other Renewables,%,11.58
Costa Rica,2023-09-01,Electricity generation,Fuel,Solar,%,0.0
Costa Rica,2023-09-01,Electricity generation,Fuel,Wind,%,10.53
Costa Rica,2023-10-01,Electricity generation,Aggregate fuel,Clean,%,96.07
Costa Rica,2023-10-01,Electricity generation,Aggregate fuel,Fossil,%,3.92
Costa Rica,2023-10-01,Electricity generation,Aggregate fuel,Gas and Other Fossil,%,3.92
Costa Rica,2023-10-01,Electricity generation,Aggregate fuel,"Hydro, Bioenergy and Other Renewables",%,93.13
Costa Rica,2023-10-01,Electricity generation,Aggregate fuel,Renewables,%,96.07
Costa Rica,2023-10-01,Electricity generation,Aggregate fuel,Wind and Solar,%,2.94
Costa Rica,2023-10-01,Electricity generation,Fuel,Bioenergy,%,0.0
Costa Rica,2023-10-01,Electricity generation,Fuel,Hydro,%,81.37
Costa Rica,2023-10-01,Electricity generation,Fuel,Other Fossil,%,3.92
Costa Rica,2023-10-01,Electricity generation,Fuel,Other Renewables,%,11.76
Costa Rica,2023-10-01,Electricity generation,Fuel,Solar,%,0.0
Costa Rica,2023-10-01,Electricity generation,Fuel,Wind,%,2.94
Costa Rica,2023-11-01,Electricity generation,Aggregate fuel,Clean,%,99.03
Costa Rica,2023-11-01,Electricity generation,Aggregate fuel,Fossil,%,0.96
Costa Rica,2023-11-01,Electricity generation,Aggregate fuel,Gas and Other Fossil,%,0.96
Costa Rica,2023-11-01,Electricity generation,Aggregate fuel,"Hydro, Bioenergy and Other Renewables",%,91.34
Costa Rica,2023-11-01,Electricity generation,Aggregate fuel,Renewables,%,99.03
Costa Rica,2023-11-01,Electricity generation,Aggregate fuel,Wind and Solar,%,7.69
Costa Rica,2023-11-01,Electricity generation,Fuel,Bioenergy,%,0.0
Costa Rica,2023-11-01,Electricity generation,Fuel,Hydro,%,83.65
Costa Rica,2023-11-01,Electricity generation,Fuel,Other Fossil,%,0.96
Costa Rica,2023-11-01,Electricity generation,Fuel,Other Renewables,%,7.69
Costa Rica,2023-11-01,Electricity generation,Fuel,Solar,%,0.0
Costa Rica,2023-11-01,Electricity generation,Fuel,Wind,%,7.69
Costa Rica,2023-12-01,Electricity generation,Aggregate fuel,Clean,%,95.1
Costa Rica,2023-12-01,Electricity generation,Aggregate fuel,Fossil,%,4.9
Costa Rica,2023-12-01,Electricity generation,Aggregate fuel,Gas and Other Fossil,%,4.9
Costa Rica,2023-12-01,Electricity generation,Aggregate fuel,"Hydro, Bioenergy and Other Renewables",%,77.45
Costa Rica,2023-12-01,Electricity generation,Aggregate fuel,Renewables,%,95.1
Costa Rica,2023-12-01,Electricity generation,Aggregate fuel,Wind and Solar,%,17.65
Costa Rica,2023-12-01,Electricity generation,Fuel,Bioenergy,%,0.98
Costa Rica,2023-12-01,Electricity generation,Fuel,Hydro,%,67.65
Costa Rica,2023-12-01,Electricity generation,Fuel,Other Fossil,%,4.9
Costa Rica,2023-12-01,Electricity generation,Fuel,Other Renewables,%,8.82
Costa Rica,2023-12-01,Electricity generation,Fuel,Solar,%,0.0
Costa Rica,2023-12-01,Electricity generation,Fuel,Wind,%,17.65
Costa Rica,2024-01-01,Electricity generation,Aggregate fuel,Clean,%,83.33
Costa Rica,2024-01-01,Electricity generation,Aggregate fuel,Fossil,%,16.67
Costa Rica,2024-01-01,Electricity generation,Aggregate fuel,Gas and Other Fossil,%,16.67
Costa Rica,2024-01-01,Electricity generation,Aggregate fuel,"Hydro, Bioenergy and Other Renewables",%,64.7
Costa Rica,2024-01-01,Electricity generation,Aggregate fuel,Renewables,%,83.33
Costa Rica,2024-01-01,Electricity generation,Aggregate fuel,Wind and Solar,%,18.63
Costa Rica,2024-01-01,Electricity generation,Fuel,Bioenergy,%,0.98
Costa Rica,2024-01-01,Electricity generation,Fuel,Hydro,%,51.96
Costa Rica,2024-01-01,Electricity generation,Fuel,Other Fossil,%,16.67
Costa Rica,2024-01-01,Electricity generation,Fuel,Other Renewables,%,11.76
Costa Rica,2024-01-01,Electricity generation,Fuel,Solar,%,0.0
Costa Rica,2024-01-01,Electricity generation,Fuel,Wind,%,18.63
Costa Rica,2024-02-01,Electricity generation,Aggregate fuel,Clean,%,83.51
Costa Rica,2024-02-01,Electricity generation,Aggregate fuel,Fossil,%,16.49
Costa Rica,2024-02-01,Electricity generation,Aggregate fuel,Gas and Other Fossil,%,16.49
Costa Rica,2024-02-01,Electricity generation,Aggregate fuel,"Hydro, Bioenergy and Other Renewables",%,65.98
Costa Rica,2024-02-01,Electricity generation,Aggregate fuel,Renewables,%,83.51
Costa Rica,2024-02-01,Electricity generation,Aggregate fuel,Wind and Solar,%,17.53
Costa Rica,2024-02-01,Electricity generation,Fuel,Bioenergy,%,1.03
Costa Rica,2024-02-01,Electricity generation,Fuel,Hydro,%,52.58
Costa Rica,2024-02-01,Electricity generation,Fuel,Other Fossil,%,16.49
Costa Rica,2024-02-01,Electricity generation,Fuel,Other Renewables,%,12.37
Costa Rica,2024-02-01,Electricity generation,Fuel,Solar,%,0.0
Costa Rica,2024-02-01,Electricity generation,Fuel,Wind,%,17.53
Costa Rica,2024-03-01,Electricity generation,Aggregate fuel,Clean,%,79.44
Costa Rica,2024-03-01,Electricity generation,Aggregate fuel,Fossil,%,20.56
Costa Rica,2024-03-01,Electricity generation,Aggregate fuel,Gas and Other Fossil,%,20.56
Costa Rica,2024-03-01,Electricity generation,Aggregate fuel,"Hydro, Bioenergy and Other Renewables",%,65.42
Costa Rica,2024-03-01,Electricity generation,Aggregate fuel,Renewables,%,79.44
Costa Rica,2024-03-01,Electricity generation,Aggregate fuel,Wind and Solar,%,14.02
Costa Rica,2024-03-01,Electricity generation,Fuel,Bioenergy,%,0.93
Costa Rica,2024-03-01,Electricity generation,Fuel,Hydro,%,52.34
Costa Rica,2024-03-01,Electricity generation,Fuel,Other Fossil,%,20.56
Costa Rica,2024-03-01,Electricity generation,Fuel,Other Renewables,%,12.15
Costa Rica,2024-03-01,Electricity generation,Fuel,Solar,%,0.0
Costa Rica,2024-03-01,Electricity generation,Fuel,Wind,%,14.02
Costa Rica,2024-04-01,Electricity generation,Aggregate fuel,Clean,%,74.75
Costa Rica,2024-04-01,Electricity generation,Aggregate fuel,Fossil,%,25.24
Costa Rica,2024-04-01,Electricity generation,Aggregate fuel,Gas and Other Fossil,%,25.24
Costa Rica,2024-04-01,Electricity generation,Aggregate fuel,"Hydro, Bioenergy and Other Renewables",%,60.19
Costa Rica,2024-04-01,Electricity generation,Aggregate fuel,Renewables,%,74.75
Costa Rica,2024-04-01,Electricity generation,Aggregate fuel,Wind and Solar,%,14.56
Costa Rica,2024-04-01,Electricity generation,Fuel,Bioenergy,%,0.97
Costa Rica,2024-04-01,Electricity generation,Fuel,Hydro,%,47.57
Costa Rica,2024-04-01,Electricity generation,Fuel,Other Fossil,%,25.24
Costa Rica,2024-04-01,Electricity generation,Fuel,Other Renewables,%,11.65
Costa Rica,2024-04-01,Electricity generation,Fuel,Solar,%,0.0
Costa Rica,2024-04-01,Electricity generation,Fuel,Wind,%,14.56
Costa Rica,2024-05-01,Electricity generation,Aggregate fuel,Clean,%,73.64
Costa Rica,2024-05-01,Electricity generation,Aggregate fuel,Fossil,%,26.36
Costa Rica,2024-05-01,Electricity generation,Aggregate fuel,Gas and Other Fossil,%,26.36
Costa Rica,2024-05-01,Electricity generation,Aggregate fuel,"Hydro, Bioenergy and Other Renewables",%,67.28
Costa Rica,2024-05-01,Electricity generation,Aggregate fuel,Renewables,%,73.64
Costa Rica,2024-05-01,Electricity generation,Aggregate fuel,Wind and Solar,%,6.36
Costa Rica,2024-05-01,Electricity generation,Fuel,Bioenergy,%,0.0
Costa Rica,2024-05-01,Electricity generation,Fuel,Hydro,%,54.55
Costa Rica,2024-05-01,Electricity generation,Fuel,Other Fossil,%,26.36
Costa Rica,2024-05-01,Electricity generation,Fuel,Other Renewables,%,12.73
Costa Rica,2024-05-01,Electricity generation,Fuel,Solar,%,0.0
Costa Rica,2024-05-01,Electricity generation,Fuel,Wind,%,6.36
Costa Rica,2024-06-01,Electricity generation,Aggregate fuel,Clean,%,94.17
Costa Rica,2024-06-01,Electricity generation,Aggregate fuel,Fossil,%,5.83
Costa Rica,2024-06-01,Electricity generation,Aggregate fuel,Gas and Other Fossil,%,5.83
Costa Rica,2024-06-01,Electricity generation,Aggregate fuel,"Hydro, Bioenergy and Other Renewables",%,92.23
Costa Rica,2024-06-01,Electricity generation,Aggregate fuel,Renewables,%,94.17
Costa Rica,2024-06-01,Electricity generation,Aggregate fuel,Wind and Solar,%,1.94
Costa Rica,2024-06-01,Electricity generation,Fuel,Bioenergy,%,0.0
Costa Rica,2024-06-01,Electricity generation,Fuel,Hydro,%,80.58
Costa Rica,2024-06-01,Electricity generation,Fuel,Other Fossil,%,5.83
Costa Rica,2024-06-01,Electricity generation,Fuel,Other Renewables,%,11.65
Costa Rica,2024-06-01,Electricity generation,Fuel,Solar,%,0.0
Costa Rica,2024-06-01,Electricity generation,Fuel,Wind,%,1.94
Costa Rica,2024-07-01,Electricity generation,Aggregate fuel,Clean,%,97.2
Costa Rica,2024-07-01,Electricity generation,Aggregate fuel,Fossil,%,2.8
Costa Rica,2024-07-01,Electricity generation,Aggregate fuel,Gas and Other Fossil,%,2.8
Costa Rica,2024-07-01,Electricity generation,Aggregate fuel,"Hydro, Bioenergy and Other Renewables",%,87.85
Costa Rica,2024-07-01,Electricity generation,Aggregate fuel,Renewables,%,97.2
Costa Rica,2024-07-01,Electricity generation,Aggregate fuel,Wind and Solar,%,9.35
Costa Rica,2024-07-01,Electricity generation,Fuel,Bioenergy,%,0.0
Costa Rica,2024-07-01,Electricity generation,Fuel,Hydro,%,74.77
Costa Rica,2024-07-01,Electricity generation,Fuel,Other Fossil,%,2.8
Costa Rica,2024-07-01,Electricity generation,Fuel,Other Renewables,%,13.08
Costa Rica,2024-07-01,Electricity generation,Fuel,Solar,%,0.0
Costa Rica,2024-07-01,Electricity generation,Fuel,Wind,%,9.35
Costa Rica,2024-08-01,Electricity generation,Aggregate fuel,Clean,%,94.12
Costa Rica,2024-08-01,Electricity generation,Aggregate fuel,Fossil,%,5.88
Costa Rica,2024-08-01,Electricity generation,Aggregate fuel,Gas and Other Fossil,%,5.88
Costa Rica,2024-08-01,Electricity generation,Aggregate fuel,"Hydro, Bioenergy and Other Renewables",%,86.28
Costa Rica,2024-08-01,Electricity generation,Aggregate fuel,Renewables,%,94.12
Costa Rica,2024-08-01,Electricity generation,Aggregate fuel,Wind and Solar,%,7.84
Costa Rica,2024-08-01,Electricity generation,Fuel,Bioenergy,%,0.0
Costa Rica,2024-08-01,Electricity generation,Fuel,Hydro,%,72.55
Costa Rica,2024-08-01,Electricity generation,Fuel,Other Fossil,%,5.88
Costa Rica,2024-08-01,Electricity generation,Fuel,Other Renewables,%,13.73
Costa Rica,2024-08-01,Electricity generation,Fuel,Solar,%,0.0
Costa Rica,2024-08-01,Electricity generation,Fuel,Wind,%,7.84
Costa Rica,2024-09-01,Electricity generation,Aggregate fuel,Clean,%,92.71
Costa Rica,2024-09-01,Electricity generation,Aggregate fuel,Fossil,%,7.29
Costa Rica,2024-09-01,Electricity generation,Aggregate fuel,Gas and Other Fossil,%,7.29
Costa Rica,2024-09-01,Electricity generation,Aggregate fuel,"Hydro, Bioenergy and Other Renewables",%,89.58
Costa Rica,2024-09-01,Electricity generation,Aggregate fuel,Renewables,%,92.71
Costa Rica,2024-09-01,Electricity generation,Aggregate fuel,Wind and Solar,%,3.13
Costa Rica,2024-09-01,Electricity generation,Fuel,Bioenergy,%,0.0
Costa Rica,2024-09-01,Electricity generation,Fuel,Hydro,%,76.04
Costa Rica,2024-09-01,Electricity generation,Fuel,Other Fossil,%,7.29
Costa Rica,2024-09-01,Electricity generation,Fuel,Other Renewables,%,13.54
Costa Rica,2024-09-01,Electricity generation,Fuel,Solar,%,0.0
Costa Rica,2024-09-01,Electricity generation,Fuel,Wind,%,3.13
Costa Rica,2024-10-01,Electricity generation,Aggregate fuel,Clean,%,99.08
Costa Rica,2024-10-01,Electricity generation,Aggregate fuel,Fossil,%,0.93
Costa Rica,2024-10-01,Electricity generation,Aggregate fuel,Gas and Other Fossil,%,0.93
Costa Rica,2024-10-01,Electricity generation,Aggregate fuel,"Hydro, Bioenergy and Other Renewables",%,93.52
Costa Rica,2024-10-01,Electricity generation,Aggregate fuel,Renewables,%,99.08
Costa Rica,2024-10-01,Electricity generation,Aggregate fuel,Wind and Solar,%,5.56
Costa Rica,2024-10-01,Electricity generation,Fuel,Bioenergy,%,0.0
Costa Rica,2024-10-01,Electricity generation,Fuel,Hydro,%,82.41
Costa Rica,2024-10-01,Electricity generation,Fuel,Other Fossil,%,0.93
Costa Rica,2024-10-01,Electricity generation,Fuel,Other Renewables,%,11.11
Costa Rica,2024-10-01,Electricity generation,Fuel,Solar,%,0.0
Costa Rica,2024-10-01,Electricity generation,Fuel,Wind,%,5.56
Costa Rica,2024-11-01,Electricity generation,Aggregate fuel,Clean,%,100.01
Costa Rica,2024-11-01,Electricity generation,Aggregate fuel,Fossil,%,0.0
Costa Rica,2024-11-01,Electricity generation,Aggregate fuel,Gas and Other Fossil,%,0.0
Costa Rica,2024-11-01,Electricity generation,Aggregate fuel,"Hydro, Bioenergy and Other Renewables",%,95.2
Costa Rica,2024-11-01,Electricity generation,Aggregate fuel,Renewables,%,100.01
Costa Rica,2024-11-01,Electricity generation,Aggregate fuel,Wind and Solar,%,4.81
Costa Rica,2024-11-01,Electricity generation,Fuel,Bioenergy,%,0.0
Costa Rica,2024-11-01,Electricity generation,Fuel,Hydro,%,85.58
Costa Rica,2024-11-01,Electricity generation,Fuel,Other Fossil,%,0.0
Costa Rica,2024-11-01,Electricity generation,Fuel,Other Renewables,%,9.62
Costa Rica,2024-11-01,Electricity generation,Fuel,Solar,%,0.0
Costa Rica,2024-11-01,Electricity generation,Fuel,Wind,%,4.81
Costa Rica,2024-12-01,Electricity generation,Aggregate fuel,Clean,%,100.0
Costa Rica,2024-12-01,Electricity generation,Aggregate fuel,Fossil,%,0.0
Costa Rica,2024-12-01,Electricity generation,Aggregate fuel,Gas and Other Fossil,%,0.0
Costa Rica,2024-12-01,Electricity generation,Aggregate fuel,"Hydro, Bioenergy and Other Renewables",%,85.71
Costa Rica,2024-12-01,Electricity generation,Aggregate fuel,Renewables,%,100.0
Costa Rica,2024-12-01,Electricity generation,Aggregate fuel,Wind and Solar,%,14.29
Costa Rica,2024-12-01,Electricity generation,Fuel,Bioenergy,%,0.89
Costa Rica,2024-12-01,Electricity generation,Fuel,Hydro,%,74.11
Costa Rica,2024-12-01,Electricity generation,Fuel,Other Fossil,%,0.0
Costa Rica,2024-12-01,Electricity generation,Fuel,Other Renewables,%,10.71
Costa Rica,2024-12-01,Electricity generation,Fuel,Solar,%,0.0
Costa Rica,2024-12-01,Electricity generation,Fuel,Wind,%,14.29
Costa Rica,2025-01-01,Electricity generation,Aggregate fuel,Clean,%,100.01
Costa Rica,2025-01-01,Electricity generation,Aggregate fuel,Fossil,%,0.0
Costa Rica,2025-01-01,Electricity generation,Aggregate fuel,Gas and Other Fossil,%,0.0
Costa Rica,2025-01-01,Electricity generation,Aggregate fuel,"Hydro, Bioenergy and Other Renewables",%,85.13
Costa Rica,2025-01-01,Electricity generation,Aggregate fuel,Renewables,%,100.01
Costa Rica,2025-01-01,Electricity generation,Aggregate fuel,Wind and Solar,%,14.88
Costa Rica,2025-01-01,Electricity generation,Fuel,Bioenergy,%,0.83
Costa Rica,2025-01-01,Electricity generation,Fuel,Hydro,%,75.21
Costa Rica,2025-01-01,Electricity generation,Fuel,Other Fossil,%,0.0
Costa Rica,2025-01-01,Electricity generation,Fuel,Other Renewables,%,9.09
Costa Rica,2025-01-01,Electricity generation,Fuel,Solar,%,0.0
Costa Rica,2025-01-01,Electricity generation,Fuel,Wind,%,14.88
Costa Rica,2025-02-01,Electricity generation,Aggregate fuel,Clean,%,100.0
Costa Rica,2025-02-01,Electricity generation,Aggregate fuel,Fossil,%,0.0
Costa Rica,2025-02-01,Electricity generation,Aggregate fuel,Gas and Other Fossil,%,0.0
Costa Rica,2025-02-01,Electricity generation,Aggregate fuel,"Hydro, Bioenergy and Other Renewables",%,83.33
Costa Rica,2025-02-01,Electricity generation,Aggregate fuel,Renewables,%,100.0
Costa Rica,2025-02-01,Electricity generation,Aggregate fuel,Wind and Solar,%,16.67
Costa Rica,2025-02-01,Electricity generation,Fuel,Bioenergy,%,0.98
Costa Rica,2025-02-01,Electricity generation,Fuel,Hydro,%,71.57
Costa Rica,2025-02-01,Electricity generation,Fuel,Other Fossil,%,0.0
Costa Rica,2025-02-01,Electricity generation,Fuel,Other Renewables,%,10.78
Costa Rica,2025-02-01,Electricity generation,Fuel,Solar,%,0.0
Costa Rica,2025-02-01,Electricity generation,Fuel,Wind,%,16.67
Costa Rica,2025-03-01,Electricity generation,Aggregate fuel,Clean,%,91.35
Costa Rica,2025-03-01,Electricity generation,Aggregate fuel,Fossil,%,8.65
Costa Rica,2025-03-01,Electricity generation,Aggregate fuel,Gas and Other Fossil,%,8.65
Costa Rica,2025-03-01,Electricity generation,Aggregate fuel,"Hydro, Bioenergy and Other Renewables",%,74.04
Costa Rica,2025-03-01,Electricity generation,Aggregate fuel,Renewables,%,91.35
Costa Rica,2025-03-01,Electricity generation,Aggregate fuel,Wind and Solar,%,17.31
Costa Rica,2025-03-01,Electricity generation,Fuel,Bioenergy,%,0.96
Costa Rica,2025-03-01,Electricity generation,Fuel,Hydro,%,59.62
Costa Rica,2025-03-01,Electricity generation,Fuel,Other Fossil,%,8.65
Costa Rica,2025-03-01,Electricity generation,Fuel,Other Renewables,%,13.46
Costa Rica,2025-03-01,Electricity generation,Fuel,Solar,%,0.0
Costa Rica,2025-03-01,Electricity generation,Fuel,Wind,%,17.31
Costa Rica,2025-04-01,Electricity generation,Aggregate fuel,Clean,%,96.29
Costa Rica,2025-04-01,Electricity generation,Aggregate fuel,Fossil,%,3.7
Costa Rica,2025-04-01,Electricity generation,Aggregate fuel,Gas and Other Fossil,%,3.7
Costa Rica,2025-04-01,Electricity generation,Aggregate fuel,"Hydro, Bioenergy and Other Renewables",%,78.7
Costa Rica,2025-04-01,Electricity generation,Aggregate fuel,Renewables,%,96.29
Costa Rica,2025-04-01,Electricity generation,Aggregate fuel,Wind and Solar,%,17.59
Costa Rica,2025-04-01,Electricity generation,Fuel,Bioenergy,%,0.93
Costa Rica,2025-04-01,Electricity generation,Fuel,Hydro,%,64.81
Costa Rica,2025-04-01,Electricity generation,Fuel,Other Fossil,%,3.7
Costa Rica,2025-04-01,Electricity generation,Fuel,Other Renewables,%,12.96
Costa Rica,2025-04-01,Electricity generation,Fuel,Solar,%,0.0
Costa Rica,2025-04-01,Electricity generation,Fuel,Wind,%,17.59
Costa Rica,2025-05-01,Electricity generation,Aggregate fuel,Clean,%,99.99
Costa Rica,2025-05-01,Electricity generation,Aggregate fuel,Fossil,%,0.0
Costa Rica,2025-05-01,Electricity generation,Aggregate fuel,Gas and Other Fossil,%,0.0
Costa Rica,2025-05-01,Electricity generation,Aggregate fuel,"Hydro, Bioenergy and Other Renewables",%,90.75
Costa Rica,2025-05-01,Electricity generation,Aggregate fuel,Renewables,%,99.99
Costa Rica,2025-05-01,Electricity generation,Aggregate fuel,Wind and Solar,%,9.24
Costa Rica,2025-05-01,Electricity generation,Fuel,Bioenergy,%,0.0
Costa Rica,2025-05-01,Electricity generation,Fuel,Hydro,%,78.99
Costa Rica,2025-05-01,Electricity generation,Fuel,Other Fossil,%,0.0
Costa Rica,2025-05-01,Electricity generation,Fuel,Other Renewables,%,11.76
Costa Rica,2025-05-01,Electricity generation,Fuel,Solar,%,0.0
Costa Rica,2025-05-01,Electricity generation,Fuel,Wind,%,9.24
Costa Rica,2025-06-01,Electricity generation,Aggregate fuel,Clean,%,99.99
Costa Rica,2025-06-01,Electricity generation,Aggregate fuel,Fossil,%,0.0
Costa Rica,2025-06-01,Electricity generation,Aggregate fuel,Gas and Other Fossil,%,0.0
Costa Rica,2025-06-01,Electricity generation,Aggregate fuel,"Hydro, Bioenergy and Other Renewables",%,92.85
Costa Rica,2025-06-01,Electricity generation,Aggregate fuel,Renewables,%,99.99
Costa Rica,2025-06-01,Electricity generation,Aggregate fuel,Wind and Solar,%,7.14
Costa Rica,2025-06-01,Electricity generation,Fuel,Bioenergy,%,0.0
Costa Rica,2025-06-01,Electricity generation,Fuel,Hydro,%,82.14
Costa Rica,2025-06-01,Electricity generation,Fuel,Other Fossil,%,0.0
Costa Rica,2025-06-01,Electricity generation,Fuel,Other Renewables,%,10.71
Costa Rica,2025-06-01,Electricity generation,Fuel,Solar,%,0.0
Costa Rica,2025-06-01,Electricity generation,Fuel,Wind,%,7.14
Costa Rica,2025-07-01,Electricity generation,Aggregate fuel,Clean,%,100.0
Costa Rica,2025-07-01,Electricity generation,Aggregate fuel,Fossil,%,0.0
Costa Rica,2025-07-01,Electricity generation,Aggregate fuel,Gas and Other Fossil,%,0.0
Costa Rica,2025-07-01,Electricity generation,Aggregate fuel,"Hydro, Bioenergy and Other Renewables",%,87.5
Costa Rica,2025-07-01,Electricity generation,Aggregate fuel,Renewables,%,100.0
Costa Rica,2025-07-01,Electricity generation,Aggregate fuel,Wind and Solar,%,12.5
Costa Rica,2025-07-01,Electricity generation,Fuel,Bioenergy,%,0.0
Costa Rica,2025-07-01,Electricity generation,Fuel,Hydro,%,80.0
Costa Rica,2025-07-01,Electricity generation,Fuel,Other Fossil,%,0.0
Costa Rica,2025-07-01,Electricity generation,Fuel,Other Renewables,%,7.5
Costa Rica,2025-07-01,Electricity generation,Fuel,Solar,%,0.0
Costa Rica,2025-07-01,Electricity generation,Fuel,Wind,%,12.5
Costa Rica,2025-08-01,Electricity generation,Aggregate fuel,Clean,%,100.0
Costa Rica,2025-08-01,Electricity generation,Aggregate fuel,Fossil,%,0.0
Costa Rica,2025-08-01,Electricity generation,Aggregate fuel,Gas and Other Fossil,%,0.0
Costa Rica,2025-08-01,Electricity generation,Aggregate fuel,"Hydro, Bioenergy and Other Renewables",%,90.91
Costa Rica,2025-08-01,Electricity generation,Aggregate fuel,Renewables,%,100.0
Costa Rica,2025-08-01,Electricity generation,Aggregate fuel,Wind and Solar,%,9.09
Costa Rica,2025-08-01,Electricity generation,Fuel,Bioenergy,%,0.0
Costa Rica,2025-08-01,Electricity generation,Fuel,Hydro,%,80.91
Costa Rica,2025-08-01,Electricity generation,Fuel,Other Fossil,%,0.0
Costa Rica,2025-08-01,Electricity generation,Fuel,Other Renewables,%,10.0
Costa Rica,2025-08-01,Electricity generation,Fuel,Solar,%,0.0
Costa Rica,2025-08-01,Electricity generation,Fuel,Wind,%,9.09
Costa Rica,2025-09-01,Electricity generation,Aggregate fuel,Clean,%,98.02
Costa Rica,2025-09-01,Electricity generation,Aggregate fuel,Fossil,%,1.98
Costa Rica,2025-09-01,Electricity generation,Aggregate fuel,Gas and Other Fossil,%,1.98
Costa Rica,2025-09-01,Electricity generation,Aggregate fuel,"Hydro, Bioenergy and Other Renewables",%,93.07
Costa Rica,2025-09-01,Electricity generation,Aggregate fuel,Renewables,%,98.02
Costa Rica,2025-09-01,Electricity generation,Aggregate fuel,Wind and Solar,%,4.95
Costa Rica,2025-09-01,Electricity generation,Fuel,Bioenergy,%,0.0
Costa Rica,2025-09-01,Electricity generation,Fuel,Hydro,%,80.2
Costa Rica,2025-09-01,Electricity generation,Fuel,Other Fossil,%,1.98
Costa Rica,2025-09-01,Electricity generation,Fuel,Other Renewables,%,12.87
Costa Rica,2025-09-01,Electricity generation,Fuel,Solar,%,0.0
Costa Rica,2025-09-01,Electricity generation,Fuel,Wind,%,4.95
Costa Rica,2025-10-01,Electricity generation,Aggregate fuel,Clean,%,100.0
Costa Rica,2025-10-01,Electricity generation,Aggregate fuel,Fossil,%,0.0
Costa Rica,2025-10-01,Electricity generation,Aggregate fuel,Gas and Other Fossil,%,0.0
Costa Rica,2025-10-01,Electricity generation,Aggregate fuel,"Hydro, Bioenergy and Other Renewables",%,97.2
Costa Rica,2025-10-01,Electricity generation,Aggregate fuel,Renewables,%,100.0
Costa Rica,2025-10-01,Electricity generation,Aggregate fuel,Wind and Solar,%,2.8
Costa Rica,2025-10-01,Electricity generation,Fuel,Bioenergy,%,0.0
Costa Rica,2025-10-01,Electricity generation,Fuel,Hydro,%,85.05
Costa Rica,2025-10-01,Electricity generation,Fuel,Other Fossil,%,0.0
Costa Rica,2025-10-01,Electricity generation,Fuel,Other Renewables,%,12.15
Costa Rica,2025-10-01,Electricity generation,Fuel,Solar,%,0.0
Costa Rica,2025-10-01,Electricity generation,Fuel,Wind,%,2.8
Dominican Republic (the),2022-10-01,Electricity generation,Aggregate fuel,Clean,%,13.9
Dominican Republic (the),2022-10-01,Electricity generation,Aggregate fuel,Fossil,%,86.1
Dominican Republic (the),2022-10-01,Electricity generation,Aggregate fuel,Gas and Other Fossil,%,54.01
Dominican Republic (the),2022-10-01,Electricity generation,Aggregate fuel,"Hydro, Bioenergy and Other Renewables",%,6.95
Dominican Republic (the),2022-10-01,Electricity generation,Aggregate fuel,Renewables,%,13.9
Dominican Republic (the),2022-10-01,Electricity generation,Aggregate fuel,Wind and Solar,%,6.95
Dominican Republic (the),2022-10-01,Electricity generation,Fuel,Bioenergy,%,0.0
Dominican Republic (the),2022-10-01,Electricity generation,Fuel,Coal,%,32.09
Dominican Republic (the),2022-10-01,Electricity generation,Fuel,Gas,%,33.69
Dominican Republic (the),2022-10-01,Electricity generation,Fuel,Hydro,%,6.95
Dominican Republic (the),2022-10-01,Electricity generation,Fuel,Other Fossil,%,20.32
Dominican Republic (the),2022-10-01,Electricity generation,Fuel,Solar,%,3.74
Dominican Republic (the),2022-10-01,Electricity generation,Fuel,Wind,%,3.21
Dominican Republic (the),2022-11-01,Electricity generation,Aggregate fuel,Clean,%,16.67
Dominican Republic (the),2022-11-01,Electricity generation,Aggregate fuel,Fossil,%,83.33
Dominican Republic (the),2022-11-01,Electricity generation,Aggregate fuel,Gas and Other Fossil,%,50.59
Dominican Republic (the),2022-11-01,Electricity generation,Aggregate fuel,"Hydro, Bioenergy and Other Renewables",%,8.34
Dominican Republic (the),2022-11-01,Electricity generation,Aggregate fuel,Renewables,%,16.67
Dominican Republic (the),2022-11-01,Electricity generation,Aggregate fuel,Wind and Solar,%,8.33
Dominican Republic (the),2022-11-01,Electricity generation,Fuel,Bioenergy,%,0.6
Dominican Republic (the),2022-11-01,Electricity generation,Fuel,Coal,%,32.74
Dominican Republic (the),2022-11-01,Electricity generation,Fuel,Gas,%,28.57
Dominican Republic (the),2022-11-01,Electricity generation,Fuel,Hydro,%,7.74
Dominican Republic (the),2022-11-01,Electricity generation,Fuel,Other Fossil,%,22.02
Dominican Republic (the),2022-11-01,Electricity generation,Fuel,Solar,%,3.57
Dominican Republic (the),2022-11-01,Electricity generation,Fuel,Wind,%,4.76
Dominican Republic (the),2022-12-01,Electricity generation,Aggregate fuel,Clean,%,16.38
Dominican Republic (the),2022-12-01,Electricity generation,Aggregate fuel,Fossil,%,83.61
Dominican Republic (the),2022-12-01,Electricity generation,Aggregate fuel,Gas and Other Fossil,%,49.15
Dominican Republic (the),2022-12-01,Electricity generation,Aggregate fuel,"Hydro, Bioenergy and Other Renewables",%,7.91
Dominican Republic (the),2022-12-01,Electricity generation,Aggregate fuel,Renewables,%,16.38
Dominican Republic (the),2022-12-01,Electricity generation,Aggregate fuel,Wind and Solar,%,8.47
Dominican Republic (the),2022-12-01,Electricity generation,Fuel,Bioenergy,%,1.13
Dominican Republic (the),2022-12-01,Electricity generation,Fuel,Coal,%,34.46
Dominican Republic (the),2022-12-01,Electricity generation,Fuel,Gas,%,33.9
Dominican Republic (the),2022-12-01,Electricity generation,Fuel,Hydro,%,6.78
Dominican Republic (the),2022-12-01,Electricity generation,Fuel,Other Fossil,%,15.25
Dominican Republic (the),2022-12-01,Electricity generation,Fuel,Solar,%,3.95
Dominican Republic (the),2022-12-01,Electricity generation,Fuel,Wind,%,4.52
Dominican Republic (the),2023-01-01,Electricity generation,Aggregate fuel,Clean,%,17.86
Dominican Republic (the),2023-01-01,Electricity generation,Aggregate fuel,Fossil,%,82.15
Dominican Republic (the),2023-01-01,Electricity generation,Aggregate fuel,Gas and Other Fossil,%,48.22
Dominican Republic (the),2023-01-01,Electricity generation,Aggregate fuel,"Hydro, Bioenergy and Other Renewables",%,7.14
Dominican Republic (the),2023-01-01,Electricity generation,Aggregate fuel,Renewables,%,17.86
Dominican Republic (the),2023-01-01,Electricity generation,Aggregate fuel,Wind and Solar,%,10.72
Dominican Republic (the),2023-01-01,Electricity generation,Fuel,Bioenergy,%,1.19
Dominican Republic (the),2023-01-01,Electricity generation,Fuel,Coal,%,33.93
Dominican Republic (the),2023-01-01,Electricity generation,Fuel,Gas,%,33.93
Dominican Republic (the),2023-01-01,Electricity generation,Fuel,Hydro,%,5.95
Dominican Republic (the),2023-01-01,Electricity generation,Fuel,Other Fossil,%,14.29
Dominican Republic (the),2023-01-01,Electricity generation,Fuel,Solar,%,4.17
Dominican Republic (the),2023-01-01,Electricity generation,Fuel,Wind,%,6.55
Dominican Republic (the),2023-02-01,Electricity generation,Aggregate fuel,Clean,%,19.75
Dominican Republic (the),2023-02-01,Electricity generation,Aggregate fuel,Fossil,%,80.24
Dominican Republic (the),2023-02-01,Electricity generation,Aggregate fuel,Gas and Other Fossil,%,46.91
Dominican Republic (the),2023-02-01,Electricity generation,Aggregate fuel,"Hydro, Bioenergy and Other Renewables",%,6.79
Dominican Republic (the),2023-02-01,Electricity generation,Aggregate fuel,Renewables,%,19.75
Dominican Republic (the),2023-02-01,Electricity generation,Aggregate fuel,Wind and Solar,%,12.96
Dominican Republic (the),2023-02-01,Electricity generation,Fuel,Bioenergy,%,1.23
Dominican Republic (the),2023-02-01,Electricity generation,Fuel,Coal,%,33.33
Dominican Republic (the),2023-02-01,Electricity generation,Fuel,Gas,%,33.33
Dominican Republic (the),2023-02-01,Electricity generation,Fuel,Hydro,%,5.56
Dominican Republic (the),2023-02-01,Electricity generation,Fuel,Other Fossil,%,13.58
Dominican Republic (the),2023-02-01,Electricity generation,Fuel,Solar,%,4.94
Dominican Republic (the),2023-02-01,Electricity generation,Fuel,Wind,%,8.02
Dominican Republic (the),2023-03-01,Electricity generation,Aggregate fuel,Clean,%,16.04
Dominican Republic (the),2023-03-01,Electricity generation,Aggregate fuel,Fossil,%,83.96
Dominican Republic (the),2023-03-01,Electricity generation,Aggregate fuel,Gas and Other Fossil,%,52.94
Dominican Republic (the),2023-03-01,Electricity generation,Aggregate fuel,"Hydro, Bioenergy and Other Renewables",%,5.35
Dominican Republic (the),2023-03-01,Electricity generation,Aggregate fuel,Renewables,%,16.04
Dominican Republic (the),2023-03-01,Electricity generation,Aggregate fuel,Wind and Solar,%,10.69
Dominican Republic (the),2023-03-01,Electricity generation,Fuel,Bioenergy,%,1.07
Dominican Republic (the),2023-03-01,Electricity generation,Fuel,Coal,%,31.02
Dominican Republic (the),2023-03-01,Electricity generation,Fuel,Gas,%,43.85
Dominican Republic (the),2023-03-01,Electricity generation,Fuel,Hydro,%,4.28
Dominican Republic (the),2023-03-01,Electricity generation,Fuel,Other Fossil,%,9.09
Dominican Republic (the),2023-03-01,Electricity generation,Fuel,Solar,%,4.81
Dominican Republic (the),2023-03-01,Electricity generation,Fuel,Wind,%,5.88
Dominican Republic (the),2023-04-01,Electricity generation,Aggregate fuel,Clean,%,14.58
Dominican Republic (the),2023-04-01,Electricity generation,Aggregate fuel,Fossil,%,85.4
Dominican Republic (the),2023-04-01,Electricity generation,Aggregate fuel,Gas and Other Fossil,%,51.35
Dominican Republic (the),2023-04-01,Electricity generation,Aggregate fuel,"Hydro, Bioenergy and Other Renewables",%,5.4
Dominican Republic (the),2023-04-01,Electricity generation,Aggregate fuel,Renewables,%,14.58
Dominican Republic (the),2023-04-01,Electricity generation,Aggregate fuel,Wind and Solar,%,9.18
Dominican Republic (the),2023-04-01,Electricity generation,Fuel,Bioenergy,%,1.08
Dominican Republic (the),2023-04-01,Electricity generation,Fuel,Coal,%,34.05
Dominican Republic (the),2023-04-01,Electricity generation,Fuel,Gas,%,41.62
Dominican Republic (the),2023-04-01,Electricity generation,Fuel,Hydro,%,4.32
Dominican Republic (the),2023-04-01,Electricity generation,Fuel,Other Fossil,%,9.73
Dominican Republic (the),2023-04-01,Electricity generation,Fuel,Solar,%,4.86
Dominican Republic (the),2023-04-01,Electricity generation,Fuel,Wind,%,4.32
Dominican Republic (the),2023-05-01,Electricity generation,Aggregate fuel,Clean,%,10.85
Dominican Republic (the),2023-05-01,Electricity generation,Aggregate fuel,Fossil,%,89.17
Dominican Republic (the),2023-05-01,Electricity generation,Aggregate fuel,Gas and Other Fossil,%,59.61
Dominican Republic (the),2023-05-01,Electricity generation,Aggregate fuel,"Hydro, Bioenergy and Other Renewables",%,3.95
Dominican Republic (the),2023-05-01,Electricity generation,Aggregate fuel,Renewables,%,10.85
Dominican Republic (the),2023-05-01,Electricity generation,Aggregate fuel,Wind and Solar,%,6.9
Dominican Republic (the),2023-05-01,Electricity generation,Fuel,Bioenergy,%,0.99
Dominican Republic (the),2023-05-01,Electricity generation,Fuel,Coal,%,29.56
Dominican Republic (the),2023-05-01,Electricity generation,Fuel,Gas,%,43.35
Dominican Republic (the),2023-05-01,Electricity generation,Fuel,Hydro,%,2.96
Dominican Republic (the),2023-05-01,Electricity generation,Fuel,Other Fossil,%,16.26
Dominican Republic (the),2023-05-01,Electricity generation,Fuel,Solar,%,3.94
Dominican Republic (the),2023-05-01,Electricity generation,Fuel,Wind,%,2.96
Dominican Republic (the),2023-06-01,Electricity generation,Aggregate fuel,Clean,%,13.28
Dominican Republic (the),2023-06-01,Electricity generation,Aggregate fuel,Fossil,%,86.73
Dominican Republic (the),2023-06-01,Electricity generation,Aggregate fuel,Gas and Other Fossil,%,65.88
Dominican Republic (the),2023-06-01,Electricity generation,Aggregate fuel,"Hydro, Bioenergy and Other Renewables",%,4.74
Dominican Republic (the),2023-06-01,Electricity generation,Aggregate fuel,Renewables,%,13.28
Dominican Republic (the),2023-06-01,Electricity generation,Aggregate fuel,Wind and Solar,%,8.54
Dominican Republic (the),2023-06-01,Electricity generation,Fuel,Bioenergy,%,0.95
Dominican Republic (the),2023-06-01,Electricity generation,Fuel,Coal,%,20.85
Dominican Republic (the),2023-06-01,Electricity generation,Fuel,Gas,%,39.81
Dominican Republic (the),2023-06-01,Electricity generation,Fuel,Hydro,%,3.79
Dominican Republic (the),2023-06-01,Electricity generation,Fuel,Other Fossil,%,26.07
Dominican Republic (the),2023-06-01,Electricity generation,Fuel,Solar,%,4.27
Dominican Republic (the),2023-06-01,Electricity generation,Fuel,Wind,%,4.27
Dominican Republic (the),2023-07-01,Electricity generation,Aggregate fuel,Clean,%,16.37
Dominican Republic (the),2023-07-01,Electricity generation,Aggregate fuel,Fossil,%,83.64
Dominican Republic (the),2023-07-01,Electricity generation,Aggregate fuel,Gas and Other Fossil,%,56.37
Dominican Republic (the),2023-07-01,Electricity generation,Aggregate fuel,"Hydro, Bioenergy and Other Renewables",%,4.55
Dominican Republic (the),2023-07-01,Electricity generation,Aggregate fuel,Renewables,%,16.37
Dominican Republic (the),2023-07-01,Electricity generation,Aggregate fuel,Wind and Solar,%,11.82
Dominican Republic (the),2023-07-01,Electricity generation,Fuel,Bioenergy,%,0.91
Dominican Republic (the),2023-07-01,Electricity generation,Fuel,Coal,%,27.27
Dominican Republic (the),2023-07-01,Electricity generation,Fuel,Gas,%,38.64
Dominican Republic (the),2023-07-01,Electricity generation,Fuel,Hydro,%,3.64
Dominican Republic (the),2023-07-01,Electricity generation,Fuel,Other Fossil,%,17.73
Dominican Republic (the),2023-07-01,Electricity generation,Fuel,Solar,%,4.55
Dominican Republic (the),2023-07-01,Electricity generation,Fuel,Wind,%,7.27
Dominican Republic (the),2023-08-01,Electricity generation,Aggregate fuel,Clean,%,14.35
Dominican Republic (the),2023-08-01,Electricity generation,Aggregate fuel,Fossil,%,85.64
Dominican Republic (the),2023-08-01,Electricity generation,Aggregate fuel,Gas and Other Fossil,%,54.16
Dominican Republic (the),2023-08-01,Electricity generation,Aggregate fuel,"Hydro, Bioenergy and Other Renewables",%,4.63
Dominican Republic (the),2023-08-01,Electricity generation,Aggregate fuel,Renewables,%,14.35
Dominican Republic (the),2023-08-01,Electricity generation,Aggregate fuel,Wind and Solar,%,9.72
Dominican Republic (the),2023-08-01,Electricity generation,Fuel,Bioenergy,%,0.93
Dominican Republic (the),2023-08-01,Electricity generation,Fuel,Coal,%,31.48
Dominican Republic (the),2023-08-01,Electricity generation,Fuel,Gas,%,39.81
Dominican Republic (the),2023-08-01,Electricity generation,Fuel,Hydro,%,3.7
Dominican Republic (the),2023-08-01,Electricity generation,Fuel,Other Fossil,%,14.35
Dominican Republic (the),2023-08-01,Electricity generation,Fuel,Solar,%,4.63
Dominican Republic (the),2023-08-01,Electricity generation,Fuel,Wind,%,5.09
Dominican Republic (the),2023-09-01,Electricity generation,Aggregate fuel,Clean,%,12.73
Dominican Republic (the),2023-09-01,Electricity generation,Aggregate fuel,Fossil,%,87.27
Dominican Republic (the),2023-09-01,Electricity generation,Aggregate fuel,Gas and Other Fossil,%,55.91
Dominican Republic (the),2023-09-01,Electricity generation,Aggregate fuel,"Hydro, Bioenergy and Other Renewables",%,5.0
Dominican Republic (the),2023-09-01,Electricity generation,Aggregate fuel,Renewables,%,12.73
Dominican Republic (the),2023-09-01,Electricity generation,Aggregate fuel,Wind and Solar,%,7.73
Dominican Republic (the),2023-09-01,Electricity generation,Fuel,Bioenergy,%,0.91
Dominican Republic (the),2023-09-01,Electricity generation,Fuel,Coal,%,31.36
Dominican Republic (the),2023-09-01,Electricity generation,Fuel,Gas,%,35.91
Dominican Republic (the),2023-09-01,Electricity generation,Fuel,Hydro,%,4.09
Dominican Republic (the),2023-09-01,Electricity generation,Fuel,Other Fossil,%,20.0
Dominican Republic (the),2023-09-01,Electricity generation,Fuel,Solar,%,5.0
Dominican Republic (the),2023-09-01,Electricity generation,Fuel,Wind,%,2.73
Dominican Republic (the),2023-10-01,Electricity generation,Aggregate fuel,Clean,%,11.84
Dominican Republic (the),2023-10-01,Electricity generation,Aggregate fuel,Fossil,%,88.16
Dominican Republic (the),2023-10-01,Electricity generation,Aggregate fuel,Gas and Other Fossil,%,56.58
Dominican Republic (the),2023-10-01,Electricity generation,Aggregate fuel,"Hydro, Bioenergy and Other Renewables",%,5.26
Dominican Republic (the),2023-10-01,Electricity generation,Aggregate fuel,Renewables,%,11.84
Dominican Republic (the),2023-10-01,Electricity generation,Aggregate fuel,Wind and Solar,%,6.58
Dominican Republic (the),2023-10-01,Electricity generation,Fuel,Bioenergy,%,0.0
Dominican Republic (the),2023-10-01,Electricity generation,Fuel,Coal,%,31.58
Dominican Republic (the),2023-10-01,Electricity generation,Fuel,Gas,%,39.91
Dominican Republic (the),2023-10-01,Electricity generation,Fuel,Hydro,%,5.26
Dominican Republic (the),2023-10-01,Electricity generation,Fuel,Other Fossil,%,16.67
Dominican Republic (the),2023-10-01,Electricity generation,Fuel,Solar,%,5.26
Dominican Republic (the),2023-10-01,Electricity generation,Fuel,Wind,%,1.32
Dominican Republic (the),2023-11-01,Electricity generation,Aggregate fuel,Clean,%,17.18
Dominican Republic (the),2023-11-01,Electricity generation,Aggregate fuel,Fossil,%,82.82
Dominican Republic (the),2023-11-01,Electricity generation,Aggregate fuel,Gas and Other Fossil,%,47.47
Dominican Republic (the),2023-11-01,Electricity generation,Aggregate fuel,"Hydro, Bioenergy and Other Renewables",%,7.08
Dominican Republic (the),2023-11-01,Electricity generation,Aggregate fuel,Renewables,%,17.18
Dominican Republic (the),2023-11-01,Electricity generation,Aggregate fuel,Wind and Solar,%,10.1
Dominican Republic (the),2023-11-01,Electricity generation,Fuel,Bioenergy,%,0.51
Dominican Republic (the),2023-11-01,Electricity generation,Fuel,Coal,%,35.35
Dominican Republic (the),2023-11-01,Electricity generation,Fuel,Gas,%,39.39
Dominican Republic (the),2023-11-01,Electricity generation,Fuel,Hydro,%,6.57
Dominican Republic (the),2023-11-01,Electricity generation,Fuel,Other Fossil,%,8.08
Dominican Republic (the),2023-11-01,Electricity generation,Fuel,Solar,%,5.05
Dominican Republic (the),2023-11-01,Electricity generation,Fuel,Wind,%,5.05
Dominican Republic (the),2023-12-01,Electricity generation,Aggregate fuel,Clean,%,20.33
Dominican Republic (the),2023-12-01,Electricity generation,Aggregate fuel,Fossil,%,79.68
Dominican Republic (the),2023-12-01,Electricity generation,Aggregate fuel,Gas and Other Fossil,%,46.52
Dominican Republic (the),2023-12-01,Electricity generation,Aggregate fuel,"Hydro, Bioenergy and Other Renewables",%,9.63
Dominican Republic (the),2023-12-01,Electricity generation,Aggregate fuel,Renewables,%,20.33
Dominican Republic (the),2023-12-01,Electricity generation,Aggregate fuel,Wind and Solar,%,10.7
Dominican Republic (the),2023-12-01,Electricity generation,Fuel,Bioenergy,%,1.07
Dominican Republic (the),2023-12-01,Electricity generation,Fuel,Coal,%,33.16
Dominican Republic (the),2023-12-01,Electricity generation,Fuel,Gas,%,39.57
Dominican Republic (the),2023-12-01,Electricity generation,Fuel,Hydro,%,8.56
Dominican Republic (the),2023-12-01,Electricity generation,Fuel,Other Fossil,%,6.95
Dominican Republic (the),2023-12-01,Electricity generation,Fuel,Solar,%,5.35
Dominican Republic (the),2023-12-01,Electricity generation,Fuel,Wind,%,5.35
Dominican Republic (the),2024-01-01,Electricity generation,Aggregate fuel,Clean,%,19.48
Dominican Republic (the),2024-01-01,Electricity generation,Aggregate fuel,Fossil,%,80.52
Dominican Republic (the),2024-01-01,Electricity generation,Aggregate fuel,Gas and Other Fossil,%,45.26
Dominican Republic (the),2024-01-01,Electricity generation,Aggregate fuel,"Hydro, Bioenergy and Other Renewables",%,7.37
Dominican Republic (the),2024-01-01,Electricity generation,Aggregate fuel,Renewables,%,19.48
Dominican Republic (the),2024-01-01,Electricity generation,Aggregate fuel,Wind and Solar,%,12.11
Dominican Republic (the),2024-01-01,Electricity generation,Fuel,Bioenergy,%,1.05
Dominican Republic (the),2024-01-01,Electricity generation,Fuel,Coal,%,35.26
Dominican Republic (the),2024-01-01,Electricity generation,Fuel,Gas,%,40.0
Dominican Republic (the),2024-01-01,Electricity generation,Fuel,Hydro,%,6.32
Dominican Republic (the),2024-01-01,Electricity generation,Fuel,Other Fossil,%,5.26
Dominican Republic (the),2024-01-01,Electricity generation,Fuel,Solar,%,5.79
Dominican Republic (the),2024-01-01,Electricity generation,Fuel,Wind,%,6.32
Dominican Republic (the),2024-02-01,Electricity generation,Aggregate fuel,Clean,%,17.14
Dominican Republic (the),2024-02-01,Electricity generation,Aggregate fuel,Fossil,%,82.86
Dominican Republic (the),2024-02-01,Electricity generation,Aggregate fuel,Gas and Other Fossil,%,53.15
Dominican Republic (the),2024-02-01,Electricity generation,Aggregate fuel,"Hydro, Bioenergy and Other Renewables",%,6.85
Dominican Republic (the),2024-02-01,Electricity generation,Aggregate fuel,Renewables,%,17.14
Dominican Republic (the),2024-02-01,Electricity generation,Aggregate fuel,Wind and Solar,%,10.29
Dominican Republic (the),2024-02-01,Electricity generation,Fuel,Bioenergy,%,1.14
Dominican Republic (the),2024-02-01,Electricity generation,Fuel,Coal,%,29.71
Dominican Republic (the),2024-02-01,Electricity generation,Fuel,Gas,%,46.86
Dominican Republic (the),2024-02-01,Electricity generation,Fuel,Hydro,%,5.71
Dominican Republic (the),2024-02-01,Electricity generation,Fuel,Other Fossil,%,6.29
Dominican Republic (the),2024-02-01,Electricity generation,Fuel,Solar,%,6.29
Dominican Republic (the),2024-02-01,Electricity generation,Fuel,Wind,%,4.0
Dominican Republic (the),2024-03-01,Electricity generation,Aggregate fuel,Clean,%,17.0
Dominican Republic (the),2024-03-01,Electricity generation,Aggregate fuel,Fossil,%,83.0
Dominican Republic (the),2024-03-01,Electricity generation,Aggregate fuel,Gas and Other Fossil,%,54.5
Dominican Republic (the),2024-03-01,Electricity generation,Aggregate fuel,"Hydro, Bioenergy and Other Renewables",%,5.5
Dominican Republic (the),2024-03-01,Electricity generation,Aggregate fuel,Renewables,%,17.0
Dominican Republic (the),2024-03-01,Electricity generation,Aggregate fuel,Wind and Solar,%,11.5
Dominican Republic (the),2024-03-01,Electricity generation,Fuel,Bioenergy,%,1.0
Dominican Republic (the),2024-03-01,Electricity generation,Fuel,Coal,%,28.5
Dominican Republic (the),2024-03-01,Electricity generation,Fuel,Gas,%,43.5
Dominican Republic (the),2024-03-01,Electricity generation,Fuel,Hydro,%,4.5
Dominican Republic (the),2024-03-01,Electricity generation,Fuel,Other Fossil,%,11.0
Dominican Republic (the),2024-03-01,Electricity generation,Fuel,Solar,%,7.0
Dominican Republic (the),2024-03-01,Electricity generation,Fuel,Wind,%,4.5
Dominican Republic (the),2024-04-01,Electricity generation,Aggregate fuel,Clean,%,16.76
Dominican Republic (the),2024-04-01,Electricity generation,Aggregate fuel,Fossil,%,83.25
Dominican Republic (the),2024-04-01,Electricity generation,Aggregate fuel,Gas and Other Fossil,%,47.21
Dominican Republic (the),2024-04-01,Electricity generation,Aggregate fuel,"Hydro, Bioenergy and Other Renewables",%,6.1
Dominican Republic (the),2024-04-01,Electricity generation,Aggregate fuel,Renewables,%,16.76
Dominican Republic (the),2024-04-01,Electricity generation,Aggregate fuel,Wind and Solar,%,10.66
Dominican Republic (the),2024-04-01,Electricity generation,Fuel,Bioenergy,%,1.02
Dominican Republic (the),2024-04-01,Electricity generation,Fuel,Coal,%,36.04
Dominican Republic (the),2024-04-01,Electricity generation,Fuel,Gas,%,42.13
Dominican Republic (the),2024-04-01,Electricity generation,Fuel,Hydro,%,5.08
Dominican Republic (the),2024-04-01,Electricity generation,Fuel,Other Fossil,%,5.08
Dominican Republic (the),2024-04-01,Electricity generation,Fuel,Solar,%,6.09
Dominican Republic (the),2024-04-01,Electricity generation,Fuel,Wind,%,4.57
Dominican Republic (the),2024-05-01,Electricity generation,Aggregate fuel,Clean,%,17.14
Dominican Republic (the),2024-05-01,Electricity generation,Aggregate fuel,Fossil,%,82.87
Dominican Republic (the),2024-05-01,Electricity generation,Aggregate fuel,Gas and Other Fossil,%,50.46
Dominican Republic (the),2024-05-01,Electricity generation,Aggregate fuel,"Hydro, Bioenergy and Other Renewables",%,8.34
Dominican Republic (the),2024-05-01,Electricity generation,Aggregate fuel,Renewables,%,17.14
Dominican Republic (the),2024-05-01,Electricity generation,Aggregate fuel,Wind and Solar,%,8.8
Dominican Republic (the),2024-05-01,Electricity generation,Fuel,Bioenergy,%,0.93
Dominican Republic (the),2024-05-01,Electricity generation,Fuel,Coal,%,32.41
Dominican Republic (the),2024-05-01,Electricity generation,Fuel,Gas,%,39.35
Dominican Republic (the),2024-05-01,Electricity generation,Fuel,Hydro,%,7.41
Dominican Republic (the),2024-05-01,Electricity generation,Fuel,Other Fossil,%,11.11
Dominican Republic (the),2024-05-01,Electricity generation,Fuel,Solar,%,5.56
Dominican Republic (the),2024-05-01,Electricity generation,Fuel,Wind,%,3.24
Dominican Republic (the),2024-06-01,Electricity generation,Aggregate fuel,Clean,%,17.05
Dominican Republic (the),2024-06-01,Electricity generation,Aggregate fuel,Fossil,%,82.96
Dominican Republic (the),2024-06-01,Electricity generation,Aggregate fuel,Gas and Other Fossil,%,60.99
Dominican Republic (the),2024-06-01,Electricity generation,Aggregate fuel,"Hydro, Bioenergy and Other Renewables",%,7.63
Dominican Republic (the),2024-06-01,Electricity generation,Aggregate fuel,Renewables,%,17.05
Dominican Republic (the),2024-06-01,Electricity generation,Aggregate fuel,Wind and Solar,%,9.42
Dominican Republic (the),2024-06-01,Electricity generation,Fuel,Bioenergy,%,0.9
Dominican Republic (the),2024-06-01,Electricity generation,Fuel,Coal,%,21.97
Dominican Republic (the),2024-06-01,Electricity generation,Fuel,Gas,%,41.26
Dominican Republic (the),2024-06-01,Electricity generation,Fuel,Hydro,%,6.73
Dominican Republic (the),2024-06-01,Electricity generation,Fuel,Other Fossil,%,19.73
Dominican Republic (the),2024-06-01,Electricity generation,Fuel,Solar,%,5.38
Dominican Republic (the),2024-06-01,Electricity generation,Fuel,Wind,%,4.04
Dominican Republic (the),2024-07-01,Electricity generation,Aggregate fuel,Clean,%,18.33
Dominican Republic (the),2024-07-01,Electricity generation,Aggregate fuel,Fossil,%,81.66
Dominican Republic (the),2024-07-01,Electricity generation,Aggregate fuel,Gas and Other Fossil,%,58.95
Dominican Republic (the),2024-07-01,Electricity generation,Aggregate fuel,"Hydro, Bioenergy and Other Renewables",%,6.98
Dominican Republic (the),2024-07-01,Electricity generation,Aggregate fuel,Renewables,%,18.33
Dominican Republic (the),2024-07-01,Electricity generation,Aggregate fuel,Wind and Solar,%,11.35
Dominican Republic (the),2024-07-01,Electricity generation,Fuel,Bioenergy,%,0.87
Dominican Republic (the),2024-07-01,Electricity generation,Fuel,Coal,%,22.71
Dominican Republic (the),2024-07-01,Electricity generation,Fuel,Gas,%,40.61
Dominican Republic (the),2024-07-01,Electricity generation,Fuel,Hydro,%,6.11
Dominican Republic (the),2024-07-01,Electricity generation,Fuel,Other Fossil,%,18.34
Dominican Republic (the),2024-07-01,Electricity generation,Fuel,Solar,%,5.24
Dominican Republic (the),2024-07-01,Electricity generation,Fuel,Wind,%,6.11
Dominican Republic (the),2024-08-01,Electricity generation,Aggregate fuel,Clean,%,16.74
Dominican Republic (the),2024-08-01,Electricity generation,Aggregate fuel,Fossil,%,83.26
Dominican Republic (the),2024-08-01,Electricity generation,Aggregate fuel,Gas and Other Fossil,%,52.72
Dominican Republic (the),2024-08-01,Electricity generation,Aggregate fuel,"Hydro, Bioenergy and Other Renewables",%,6.28
Dominican Republic (the),2024-08-01,Electricity generation,Aggregate fuel,Renewables,%,16.74
Dominican Republic (the),2024-08-01,Electricity generation,Aggregate fuel,Wind and Solar,%,10.46
Dominican Republic (the),2024-08-01,Electricity generation,Fuel,Bioenergy,%,0.84
Dominican Republic (the),2024-08-01,Electricity generation,Fuel,Coal,%,30.54
Dominican Republic (the),2024-08-01,Electricity generation,Fuel,Gas,%,40.17
Dominican Republic (the),2024-08-01,Electricity generation,Fuel,Hydro,%,5.44
Dominican Republic (the),2024-08-01,Electricity generation,Fuel,Other Fossil,%,12.55
Dominican Republic (the),2024-08-01,Electricity generation,Fuel,Solar,%,5.86
Dominican Republic (the),2024-08-01,Electricity generation,Fuel,Wind,%,4.6
Dominican Republic (the),2024-09-01,Electricity generation,Aggregate fuel,Clean,%,15.68
Dominican Republic (the),2024-09-01,Electricity generation,Aggregate fuel,Fossil,%,84.33
Dominican Republic (the),2024-09-01,Electricity generation,Aggregate fuel,Gas and Other Fossil,%,56.36
Dominican Republic (the),2024-09-01,Electricity generation,Aggregate fuel,"Hydro, Bioenergy and Other Renewables",%,5.93
Dominican Republic (the),2024-09-01,Electricity generation,Aggregate fuel,Renewables,%,15.68
Dominican Republic (the),2024-09-01,Electricity generation,Aggregate fuel,Wind and Solar,%,9.75
Dominican Republic (the),2024-09-01,Electricity generation,Fuel,Bioenergy,%,0.85
Dominican Republic (the),2024-09-01,Electricity generation,Fuel,Coal,%,27.97
Dominican Republic (the),2024-09-01,Electricity generation,Fuel,Gas,%,36.02
Dominican Republic (the),2024-09-01,Electricity generation,Fuel,Hydro,%,5.08
Dominican Republic (the),2024-09-01,Electricity generation,Fuel,Other Fossil,%,20.34
Dominican Republic (the),2024-09-01,Electricity generation,Fuel,Solar,%,6.36
Dominican Republic (the),2024-09-01,Electricity generation,Fuel,Wind,%,3.39
Dominican Republic (the),2024-10-01,Electricity generation,Aggregate fuel,Clean,%,12.85
Dominican Republic (the),2024-10-01,Electricity generation,Aggregate fuel,Fossil,%,87.14
Dominican Republic (the),2024-10-01,Electricity generation,Aggregate fuel,Gas and Other Fossil,%,58.92
Dominican Republic (the),2024-10-01,Electricity generation,Aggregate fuel,"Hydro, Bioenergy and Other Renewables",%,6.22
Dominican Republic (the),2024-10-01,Electricity generation,Aggregate fuel,Renewables,%,12.85
Dominican Republic (the),2024-10-01,Electricity generation,Aggregate fuel,Wind and Solar,%,6.63
Dominican Republic (the),2024-10-01,Electricity generation,Fuel,Bioenergy,%,0.41
Dominican Republic (the),2024-10-01,Electricity generation,Fuel,Coal,%,28.22
Dominican Republic (the),2024-10-01,Electricity generation,Fuel,Gas,%,39.83
Dominican Republic (the),2024-10-01,Electricity generation,Fuel,Hydro,%,5.81
Dominican Republic (the),2024-10-01,Electricity generation,Fuel,Other Fossil,%,19.09
Dominican Republic (the),2024-10-01,Electricity generation,Fuel,Solar,%,4.56
Dominican Republic (the),2024-10-01,Electricity generation,Fuel,Wind,%,2.07
Dominican Republic (the),2024-11-01,Electricity generation,Aggregate fuel,Clean,%,13.26
Dominican Republic (the),2024-11-01,Electricity generation,Aggregate fuel,Fossil,%,86.73
Dominican Republic (the),2024-11-01,Electricity generation,Aggregate fuel,Gas and Other Fossil,%,55.61
Dominican Republic (the),2024-11-01,Electricity generation,Aggregate fuel,"Hydro, Bioenergy and Other Renewables",%,5.61
Dominican Republic (the),2024-11-01,Electricity generation,Aggregate fuel,Renewables,%,13.26
Dominican Republic (the),2024-11-01,Electricity generation,Aggregate fuel,Wind and Solar,%,7.65
Dominican Republic (the),2024-11-01,Electricity generation,Fuel,Bioenergy,%,0.51
Dominican Republic (the),2024-11-01,Electricity generation,Fuel,Coal,%,31.12
Dominican Republic (the),2024-11-01,Electricity generation,Fuel,Gas,%,43.37
Dominican Republic (the),2024-11-01,Electricity generation,Fuel,Hydro,%,5.1
Dominican Republic (the),2024-11-01,Electricity generation,Fuel,Other Fossil,%,12.24
Dominican Republic (the),2024-11-01,Electricity generation,Fuel,Solar,%,5.1
Dominican Republic (the),2024-11-01,Electricity generation,Fuel,Wind,%,2.55
Dominican Republic (the),2024-12-01,Electricity generation,Aggregate fuel,Clean,%,19.33
Dominican Republic (the),2024-12-01,Electricity generation,Aggregate fuel,Fossil,%,80.67
Dominican Republic (the),2024-12-01,Electricity generation,Aggregate fuel,Gas and Other Fossil,%,47.52
Dominican Republic (the),2024-12-01,Electricity generation,Aggregate fuel,"Hydro, Bioenergy and Other Renewables",%,8.28
Dominican Republic (the),2024-12-01,Electricity generation,Aggregate fuel,Renewables,%,19.33
Dominican Republic (the),2024-12-01,Electricity generation,Aggregate fuel,Wind and Solar,%,11.05
Dominican Republic (the),2024-12-01,Electricity generation,Fuel,Bioenergy,%,1.1
Dominican Republic (the),2024-12-01,Electricity generation,Fuel,Coal,%,33.15
Dominican Republic (the),2024-12-01,Electricity generation,Fuel,Gas,%,41.44
Dominican Republic (the),2024-12-01,Electricity generation,Fuel,Hydro,%,7.18
Dominican Republic (the),2024-12-01,Electricity generation,Fuel,Other Fossil,%,6.08
Dominican Republic (the),2024-12-01,Electricity generation,Fuel,Solar,%,6.63
Dominican Republic (the),2024-12-01,Electricity generation,Fuel,Wind,%,4.42
Dominican Republic (the),2025-01-01,Electricity generation,Aggregate fuel,Clean,%,16.86
Dominican Republic (the),2025-01-01,Electricity generation,Aggregate fuel,Fossil,%,83.14
Dominican Republic (the),2025-01-01,Electricity generation,Aggregate fuel,Gas and Other Fossil,%,46.51
Dominican Republic (the),2025-01-01,Electricity generation,Aggregate fuel,"Hydro, Bioenergy and Other Renewables",%,7.56
Dominican Republic (the),2025-01-01,Electricity generation,Aggregate fuel,Renewables,%,16.86
Dominican Republic (the),2025-01-01,Electricity generation,Aggregate fuel,Wind and Solar,%,9.3
Dominican Republic (the),2025-01-01,Electricity generation,Fuel,Bioenergy,%,1.16
Dominican Republic (the),2025-01-01,Electricity generation,Fuel,Coal,%,36.63
Dominican Republic (the),2025-01-01,Electricity generation,Fuel,Gas,%,38.37
Dominican Republic (the),2025-01-01,Electricity generation,Fuel,Hydro,%,6.4
Dominican Republic (the),2025-01-01,Electricity generation,Fuel,Other Fossil,%,8.14
Dominican Republic (the),2025-01-01,Electricity generation,Fuel,Solar,%,4.65
Dominican Republic (the),2025-01-01,Electricity generation,Fuel,Wind,%,4.65
Dominican Republic (the),2025-02-01,Electricity generation,Aggregate fuel,Clean,%,20.49
Dominican Republic (the),2025-02-01,Electricity generation,Aggregate fuel,Fossil,%,79.51
Dominican Republic (the),2025-02-01,Electricity generation,Aggregate fuel,Gas and Other Fossil,%,52.18
Dominican Republic (the),2025-02-01,Electricity generation,Aggregate fuel,"Hydro, Bioenergy and Other Renewables",%,8.69
Dominican Republic (the),2025-02-01,Electricity generation,Aggregate fuel,Renewables,%,20.49
Dominican Republic (the),2025-02-01,Electricity generation,Aggregate fuel,Wind and Solar,%,11.8
Dominican Republic (the),2025-02-01,Electricity generation,Fuel,Bioenergy,%,1.24
Dominican Republic (the),2025-02-01,Electricity generation,Fuel,Coal,%,27.33
Dominican Republic (the),2025-02-01,Electricity generation,Fuel,Gas,%,42.24
Dominican Republic (the),2025-02-01,Electricity generation,Fuel,Hydro,%,7.45
Dominican Republic (the),2025-02-01,Electricity generation,Fuel,Other Fossil,%,9.94
Dominican Republic (the),2025-02-01,Electricity generation,Fuel,Solar,%,6.21
Dominican Republic (the),2025-02-01,Electricity generation,Fuel,Wind,%,5.59
Dominican Republic (the),2025-03-01,Electricity generation,Aggregate fuel,Clean,%,21.36
Dominican Republic (the),2025-03-01,Electricity generation,Aggregate fuel,Fossil,%,78.65
Dominican Republic (the),2025-03-01,Electricity generation,Aggregate fuel,Gas and Other Fossil,%,54.17
Dominican Republic (the),2025-03-01,Electricity generation,Aggregate fuel,"Hydro, Bioenergy and Other Renewables",%,11.46
Dominican Republic (the),2025-03-01,Electricity generation,Aggregate fuel,Renewables,%,21.36
Dominican Republic (the),2025-03-01,Electricity generation,Aggregate fuel,Wind and Solar,%,9.9
Dominican Republic (the),2025-03-01,Electricity generation,Fuel,Bioenergy,%,1.04
Dominican Republic (the),2025-03-01,Electricity generation,Fuel,Coal,%,24.48
Dominican Republic (the),2025-03-01,Electricity generation,Fuel,Gas,%,41.67
Dominican Republic (the),2025-03-01,Electricity generation,Fuel,Hydro,%,10.42
Dominican Republic (the),2025-03-01,Electricity generation,Fuel,Other Fossil,%,12.5
Dominican Republic (the),2025-03-01,Electricity generation,Fuel,Solar,%,5.73
Dominican Republic (the),2025-03-01,Electricity generation,Fuel,Wind,%,4.17
Dominican Republic (the),2025-04-01,Electricity generation,Aggregate fuel,Clean,%,21.98
Dominican Republic (the),2025-04-01,Electricity generation,Aggregate fuel,Fossil,%,78.02
Dominican Republic (the),2025-04-01,Electricity generation,Aggregate fuel,Gas and Other Fossil,%,51.65
Dominican Republic (the),2025-04-01,Electricity generation,Aggregate fuel,"Hydro, Bioenergy and Other Renewables",%,7.14
Dominican Republic (the),2025-04-01,Electricity generation,Aggregate fuel,Renewables,%,21.98
Dominican Republic (the),2025-04-01,Electricity generation,Aggregate fuel,Wind and Solar,%,14.84
Dominican Republic (the),2025-04-01,Electricity generation,Fuel,Bioenergy,%,1.1
Dominican Republic (the),2025-04-01,Electricity generation,Fuel,Coal,%,26.37
Dominican Republic (the),2025-04-01,Electricity generation,Fuel,Gas,%,41.76
Dominican Republic (the),2025-04-01,Electricity generation,Fuel,Hydro,%,6.04
Dominican Republic (the),2025-04-01,Electricity generation,Fuel,Other Fossil,%,9.89
Dominican Republic (the),2025-04-01,Electricity generation,Fuel,Solar,%,9.89
Dominican Republic (the),2025-04-01,Electricity generation,Fuel,Wind,%,4.95
Dominican Republic (the),2025-05-01,Electricity generation,Aggregate fuel,Clean,%,24.5
Dominican Republic (the),2025-05-01,Electricity generation,Aggregate fuel,Fossil,%,75.48
Dominican Republic (the),2025-05-01,Electricity generation,Aggregate fuel,Gas and Other Fossil,%,45.09
Dominican Republic (the),2025-05-01,Electricity generation,Aggregate fuel,"Hydro, Bioenergy and Other Renewables",%,8.82
Dominican Republic (the),2025-05-01,Electricity generation,Aggregate fuel,Renewables,%,24.5
Dominican Republic (the),2025-05-01,Electricity generation,Aggregate fuel,Wind and Solar,%,15.68
Dominican Republic (the),2025-05-01,Electricity generation,Fuel,Bioenergy,%,0.98
Dominican Republic (the),2025-05-01,Electricity generation,Fuel,Coal,%,30.39
Dominican Republic (the),2025-05-01,Electricity generation,Fuel,Gas,%,37.25
Dominican Republic (the),2025-05-01,Electricity generation,Fuel,Hydro,%,7.84
Dominican Republic (the),2025-05-01,Electricity generation,Fuel,Other Fossil,%,7.84
Dominican Republic (the),2025-05-01,Electricity generation,Fuel,Solar,%,9.8
Dominican Republic (the),2025-05-01,Electricity generation,Fuel,Wind,%,5.88
Dominican Republic (the),2025-06-01,Electricity generation,Aggregate fuel,Clean,%,24.99
Dominican Republic (the),2025-06-01,Electricity generation,Aggregate fuel,Fossil,%,74.99
Dominican Republic (the),2025-06-01,Electricity generation,Aggregate fuel,Gas and Other Fossil,%,44.6
Dominican Republic (the),2025-06-01,Electricity generation,Aggregate fuel,"Hydro, Bioenergy and Other Renewables",%,7.84
Dominican Republic (the),2025-06-01,Electricity generation,Aggregate fuel,Renewables,%,24.99
Dominican Republic (the),2025-06-01,Electricity generation,Aggregate fuel,Wind and Solar,%,17.15
Dominican Republic (the),2025-06-01,Electricity generation,Fuel,Bioenergy,%,0.98
Dominican Republic (the),2025-06-01,Electricity generation,Fuel,Coal,%,30.39
Dominican Republic (the),2025-06-01,Electricity generation,Fuel,Gas,%,36.27
Dominican Republic (the),2025-06-01,Electricity generation,Fuel,Hydro,%,6.86
Dominican Republic (the),2025-06-01,Electricity generation,Fuel,Other Fossil,%,8.33
Dominican Republic (the),2025-06-01,Electricity generation,Fuel,Solar,%,8.82
Dominican Republic (the),2025-06-01,Electricity generation,Fuel,Wind,%,8.33
Dominican Republic (the),2025-07-01,Electricity generation,Aggregate fuel,Clean,%,24.0
Dominican Republic (the),2025-07-01,Electricity generation,Aggregate fuel,Fossil,%,76.0
Dominican Republic (the),2025-07-01,Electricity generation,Aggregate fuel,Gas and Other Fossil,%,47.11
Dominican Republic (the),2025-07-01,Electricity generation,Aggregate fuel,"Hydro, Bioenergy and Other Renewables",%,6.22
Dominican Republic (the),2025-07-01,Electricity generation,Aggregate fuel,Renewables,%,24.0
Dominican Republic (the),2025-07-01,Electricity generation,Aggregate fuel,Wind and Solar,%,17.78
Dominican Republic (the),2025-07-01,Electricity generation,Fuel,Bioenergy,%,0.89
Dominican Republic (the),2025-07-01,Electricity generation,Fuel,Coal,%,28.89
Dominican Republic (the),2025-07-01,Electricity generation,Fuel,Gas,%,34.67
Dominican Republic (the),2025-07-01,Electricity generation,Fuel,Hydro,%,5.33
Dominican Republic (the),2025-07-01,Electricity generation,Fuel,Other Fossil,%,12.44
Dominican Republic (the),2025-07-01,Electricity generation,Fuel,Solar,%,10.67
Dominican Republic (the),2025-07-01,Electricity generation,Fuel,Wind,%,7.11
Dominican Republic (the),2025-08-01,Electricity generation,Aggregate fuel,Clean,%,21.12
Dominican Republic (the),2025-08-01,Electricity generation,Aggregate fuel,Fossil,%,78.87
Dominican Republic (the),2025-08-01,Electricity generation,Aggregate fuel,Gas and Other Fossil,%,52.58
Dominican Republic (the),2025-08-01,Electricity generation,Aggregate fuel,"Hydro, Bioenergy and Other Renewables",%,5.6
Dominican Republic (the),2025-08-01,Electricity generation,Aggregate fuel,Renewables,%,21.12
Dominican Republic (the),2025-08-01,Electricity generation,Aggregate fuel,Wind and Solar,%,15.52
Dominican Republic (the),2025-08-01,Electricity generation,Fuel,Bioenergy,%,0.86
Dominican Republic (the),2025-08-01,Electricity generation,Fuel,Coal,%,26.29
Dominican Republic (the),2025-08-01,Electricity generation,Fuel,Gas,%,38.79
Dominican Republic (the),2025-08-01,Electricity generation,Fuel,Hydro,%,4.74
Dominican Republic (the),2025-08-01,Electricity generation,Fuel,Other Fossil,%,13.79
Dominican Republic (the),2025-08-01,Electricity generation,Fuel,Solar,%,11.21
Dominican Republic (the),2025-08-01,Electricity generation,Fuel,Wind,%,4.31
Dominican Republic (the),2025-09-01,Electricity generation,Aggregate fuel,Clean,%,18.1
Dominican Republic (the),2025-09-01,Electricity generation,Aggregate fuel,Fossil,%,81.9
Dominican Republic (the),2025-09-01,Electricity generation,Aggregate fuel,Gas and Other Fossil,%,53.39
Dominican Republic (the),2025-09-01,Electricity generation,Aggregate fuel,"Hydro, Bioenergy and Other Renewables",%,5.43
Dominican Republic (the),2025-09-01,Electricity generation,Aggregate fuel,Renewables,%,18.1
Dominican Republic (the),2025-09-01,Electricity generation,Aggregate fuel,Wind and Solar,%,12.67
Dominican Republic (the),2025-09-01,Electricity generation,Fuel,Bioenergy,%,0.45
Dominican Republic (the),2025-09-01,Electricity generation,Fuel,Coal,%,28.51
Dominican Republic (the),2025-09-01,Electricity generation,Fuel,Gas,%,39.82
Dominican Republic (the),2025-09-01,Electricity generation,Fuel,Hydro,%,4.98
Dominican Republic (the),2025-09-01,Electricity generation,Fuel,Other Fossil,%,13.57
Dominican Republic (the),2025-09-01,Electricity generation,Fuel,Solar,%,10.41
Dominican Republic (the),2025-09-01,Electricity generation,Fuel,Wind,%,2.26
Ecuador,2019-01-01,Electricity generation,Aggregate fuel,Clean,%,76.86
Ecuador,2019-01-01,Electricity generation,Aggregate fuel,Fossil,%,23.14
Ecuador,2019-01-01,Electricity generation,Aggregate fuel,Gas and Other Fossil,%,23.14
Ecuador,2019-01-01,Electricity generation,Aggregate fuel,"Hydro, Bioenergy and Other Renewables",%,76.49
Ecuador,2019-01-01,Electricity generation,Aggregate fuel,Renewables,%,76.86
Ecuador,2019-01-01,Electricity generation,Aggregate fuel,Wind and Solar,%,0.37
Ecuador,2019-01-01,Electricity generation,Fuel,Bioenergy,%,0.37
Ecuador,2019-01-01,Electricity generation,Fuel,Gas,%,4.48
Ecuador,2019-01-01,Electricity generation,Fuel,Hydro,%,76.12
Ecuador,2019-01-01,Electricity generation,Fuel,Other Fossil,%,18.66
Ecuador,2019-01-01,Electricity generation,Fuel,Solar,%,0.0
Ecuador,2019-01-01,Electricity generation,Fuel,Wind,%,0.37
Ecuador,2019-02-01,Electricity generation,Aggregate fuel,Clean,%,78.52
Ecuador,2019-02-01,Electricity generation,Aggregate fuel,Fossil,%,21.49
Ecuador,2019-02-01,Electricity generation,Aggregate fuel,Gas and Other Fossil,%,21.49
Ecuador,2019-02-01,Electricity generation,Aggregate fuel,"Hydro, Bioenergy and Other Renewables",%,78.52
Ecuador,2019-02-01,Electricity generation,Aggregate fuel,Renewables,%,78.52
Ecuador,2019-02-01,Electricity generation,Aggregate fuel,Wind and Solar,%,0.0
Ecuador,2019-02-01,Electricity generation,Fuel,Bioenergy,%,0.0
Ecuador,2019-02-01,Electricity generation,Fuel,Gas,%,4.69
Ecuador,2019-02-01,Electricity generation,Fuel,Hydro,%,78.52
Ecuador,2019-02-01,Electricity generation,Fuel,Other Fossil,%,16.8
Ecuador,2019-02-01,Electricity generation,Fuel,Solar,%,0.0
Ecuador,2019-02-01,Electricity generation,Fuel,Wind,%,0.0
Ecuador,2019-03-01,Electricity generation,Aggregate fuel,Clean,%,78.36
Ecuador,2019-03-01,Electricity generation,Aggregate fuel,Fossil,%,21.63
Ecuador,2019-03-01,Electricity generation,Aggregate fuel,Gas and Other Fossil,%,21.63
Ecuador,2019-03-01,Electricity generation,Aggregate fuel,"Hydro, Bioenergy and Other Renewables",%,78.01
Ecuador,2019-03-01,Electricity generation,Aggregate fuel,Renewables,%,78.36
Ecuador,2019-03-01,Electricity generation,Aggregate fuel,Wind and Solar,%,0.35
Ecuador,2019-03-01,Electricity generation,Fuel,Bioenergy,%,0.0
Ecuador,2019-03-01,Electricity generation,Fuel,Gas,%,4.61
Ecuador,2019-03-01,Electricity generation,Fuel,Hydro,%,78.01
Ecuador,2019-03-01,Electricity generation,Fuel,Other Fossil,%,17.02
Ecuador,2019-03-01,Electricity generation,Fuel,Solar,%,0.0
Ecuador,2019-03-01,Electricity generation,Fuel,Wind,%,0.35
Ecuador,2019-04-01,Electricity generation,Aggregate fuel,Clean,%,79.12
Ecuador,2019-04-01,Electricity generation,Aggregate fuel,Fossil,%,20.88
Ecuador,2019-04-01,Electricity generation,Aggregate fuel,Gas and Other Fossil,%,20.88
Ecuador,2019-04-01,Electricity generation,Aggregate fuel,"Hydro, Bioenergy and Other Renewables",%,78.75
Ecuador,2019-04-01,Electricity generation,Aggregate fuel,Renewables,%,79.12
Ecuador,2019-04-01,Electricity generation,Aggregate fuel,Wind and Solar,%,0.37
Ecuador,2019-04-01,Electricity generation,Fuel,Bioenergy,%,0.0
Ecuador,2019-04-01,Electricity generation,Fuel,Gas,%,4.76
Ecuador,2019-04-01,Electricity generation,Fuel,Hydro,%,78.75
Ecuador,2019-04-01,Electricity generation,Fuel,Other Fossil,%,16.12
Ecuador,2019-04-01,Electricity generation,Fuel,Solar,%,0.0
Ecuador,2019-04-01,Electricity generation,Fuel,Wind,%,0.37
Ecuador,2019-05-01,Electricity generation,Aggregate fuel,Clean,%,79.21
Ecuador,2019-05-01,Electricity generation,Aggregate fuel,Fossil,%,20.79
Ecuador,2019-05-01,Electricity generation,Aggregate fuel,Gas and Other Fossil,%,20.79
Ecuador,2019-05-01,Electricity generation,Aggregate fuel,"Hydro, Bioenergy and Other Renewables",%,78.85
Ecuador,2019-05-01,Electricity generation,Aggregate fuel,Renewables,%,79.21
Ecuador,2019-05-01,Electricity generation,Aggregate fuel,Wind and Solar,%,0.36
Ecuador,2019-05-01,Electricity generation,Fuel,Bioenergy,%,0.0
Ecuador,2019-05-01,Electricity generation,Fuel,Gas,%,4.66
Ecuador,2019-05-01,Electricity generation,Fuel,Hydro,%,78.85
Ecuador,2019-05-01,Electricity generation,Fuel,Other Fossil,%,16.13
Ecuador,2019-05-01,Electricity generation,Fuel,Solar,%,0.0
Ecuador,2019-05-01,Electricity generation,Fuel,Wind,%,0.36
Ecuador,2019-06-01,Electricity generation,Aggregate fuel,Clean,%,76.6
Ecuador,2019-06-01,Electricity generation,Aggregate fuel,Fossil,%,23.4
Ecuador,2019-06-01,Electricity generation,Aggregate fuel,Gas and Other Fossil,%,23.4
Ecuador,2019-06-01,Electricity generation,Aggregate fuel,"Hydro, Bioenergy and Other Renewables",%,76.22
Ecuador,2019-06-01,Electricity generation,Aggregate fuel,Renewables,%,76.6
Ecuador,2019-06-01,Electricity generation,Aggregate fuel,Wind and Solar,%,0.38
Ecuador,2019-06-01,Electricity generation,Fuel,Bioenergy,%,0.75
Ecuador,2019-06-01,Electricity generation,Fuel,Gas,%,4.91
Ecuador,2019-06-01,Electricity generation,Fuel,Hydro,%,75.47
Ecuador,2019-06-01,Electricity generation,Fuel,Other Fossil,%,18.49
Ecuador,2019-06-01,Electricity generation,Fuel,Solar,%,0.0
Ecuador,2019-06-01,Electricity generation,Fuel,Wind,%,0.38
Ecuador,2019-07-01,Electricity generation,Aggregate fuel,Clean,%,75.65
Ecuador,2019-07-01,Electricity generation,Aggregate fuel,Fossil,%,24.34
Ecuador,2019-07-01,Electricity generation,Aggregate fuel,Gas and Other Fossil,%,24.34
Ecuador,2019-07-01,Electricity generation,Aggregate fuel,"Hydro, Bioenergy and Other Renewables",%,75.28
Ecuador,2019-07-01,Electricity generation,Aggregate fuel,Renewables,%,75.65
Ecuador,2019-07-01,Electricity generation,Aggregate fuel,Wind and Solar,%,0.37
Ecuador,2019-07-01,Electricity generation,Fuel,Bioenergy,%,2.62
Ecuador,2019-07-01,Electricity generation,Fuel,Gas,%,4.49
Ecuador,2019-07-01,Electricity generation,Fuel,Hydro,%,72.66
Ecuador,2019-07-01,Electricity generation,Fuel,Other Fossil,%,19.85
Ecuador,2019-07-01,Electricity generation,Fuel,Solar,%,0.0
Ecuador,2019-07-01,Electricity generation,Fuel,Wind,%,0.37
Ecuador,2019-08-01,Electricity generation,Aggregate fuel,Clean,%,76.57
Ecuador,2019-08-01,Electricity generation,Aggregate fuel,Fossil,%,23.42
Ecuador,2019-08-01,Electricity generation,Aggregate fuel,Gas and Other Fossil,%,23.42
Ecuador,2019-08-01,Electricity generation,Aggregate fuel,"Hydro, Bioenergy and Other Renewables",%,76.2
Ecuador,2019-08-01,Electricity generation,Aggregate fuel,Renewables,%,76.57
Ecuador,2019-08-01,Electricity generation,Aggregate fuel,Wind and Solar,%,0.37
Ecuador,2019-08-01,Electricity generation,Fuel,Bioenergy,%,2.97
Ecuador,2019-08-01,Electricity generation,Fuel,Gas,%,4.09
Ecuador,2019-08-01,Electricity generation,Fuel,Hydro,%,73.23
Ecuador,2019-08-01,Electricity generation,Fuel,Other Fossil,%,19.33
Ecuador,2019-08-01,Electricity generation,Fuel,Solar,%,0.0
Ecuador,2019-08-01,Electricity generation,Fuel,Wind,%,0.37
Ecuador,2019-09-01,Electricity generation,Aggregate fuel,Clean,%,75.95
Ecuador,2019-09-01,Electricity generation,Aggregate fuel,Fossil,%,24.05
Ecuador,2019-09-01,Electricity generation,Aggregate fuel,Gas and Other Fossil,%,24.05
Ecuador,2019-09-01,Electricity generation,Aggregate fuel,"Hydro, Bioenergy and Other Renewables",%,75.57
Ecuador,2019-09-01,Electricity generation,Aggregate fuel,Renewables,%,75.95
Ecuador,2019-09-01,Electricity generation,Aggregate fuel,Wind and Solar,%,0.38
Ecuador,2019-09-01,Electricity generation,Fuel,Bioenergy,%,3.05
Ecuador,2019-09-01,Electricity generation,Fuel,Gas,%,4.2
Ecuador,2019-09-01,Electricity generation,Fuel,Hydro,%,72.52
Ecuador,2019-09-01,Electricity generation,Fuel,Other Fossil,%,19.85
Ecuador,2019-09-01,Electricity generation,Fuel,Solar,%,0.0
Ecuador,2019-09-01,Electricity generation,Fuel,Wind,%,0.38
Ecuador,2019-10-01,Electricity generation,Aggregate fuel,Clean,%,77.43
Ecuador,2019-10-01,Electricity generation,Aggregate fuel,Fossil,%,22.57
Ecuador,2019-10-01,Electricity generation,Aggregate fuel,Gas and Other Fossil,%,22.57
Ecuador,2019-10-01,Electricity generation,Aggregate fuel,"Hydro, Bioenergy and Other Renewables",%,77.04
Ecuador,2019-10-01,Electricity generation,Aggregate fuel,Renewables,%,77.43
Ecuador,2019-10-01,Electricity generation,Aggregate fuel,Wind and Solar,%,0.39
Ecuador,2019-10-01,Electricity generation,Fuel,Bioenergy,%,2.72
Ecuador,2019-10-01,Electricity generation,Fuel,Gas,%,4.28
Ecuador,2019-10-01,Electricity generation,Fuel,Hydro,%,74.32
Ecuador,2019-10-01,Electricity generation,Fuel,Other Fossil,%,18.29
Ecuador,2019-10-01,Electricity generation,Fuel,Solar,%,0.0
Ecuador,2019-10-01,Electricity generation,Fuel,Wind,%,0.39
Ecuador,2019-11-01,Electricity generation,Aggregate fuel,Clean,%,81.34
Ecuador,2019-11-01,Electricity generation,Aggregate fuel,Fossil,%,18.65
Ecuador,2019-11-01,Electricity generation,Aggregate fuel,Gas and Other Fossil,%,18.65
Ecuador,2019-11-01,Electricity generation,Aggregate fuel,"Hydro, Bioenergy and Other Renewables",%,81.34
Ecuador,2019-11-01,Electricity generation,Aggregate fuel,Renewables,%,81.34
Ecuador,2019-11-01,Electricity generation,Aggregate fuel,Wind and Solar,%,0.0
Ecuador,2019-11-01,Electricity generation,Fuel,Bioenergy,%,2.61
Ecuador,2019-11-01,Electricity generation,Fuel,Gas,%,4.1
Ecuador,2019-11-01,Electricity generation,Fuel,Hydro,%,78.73
Ecuador,2019-11-01,Electricity generation,Fuel,Other Fossil,%,14.55
Ecuador,2019-11-01,Electricity generation,Fuel,Solar,%,0.0
Ecuador,2019-11-01,Electricity generation,Fuel,Wind,%,0.0
Ecuador,2019-12-01,Electricity generation,Aggregate fuel,Clean,%,81.36
Ecuador,2019-12-01,Electricity generation,Aggregate fuel,Fossil,%,18.64
Ecuador,2019-12-01,Electricity generation,Aggregate fuel,Gas and Other Fossil,%,18.64
Ecuador,2019-12-01,Electricity generation,Aggregate fuel,"Hydro, Bioenergy and Other Renewables",%,81.36
Ecuador,2019-12-01,Electricity generation,Aggregate fuel,Renewables,%,81.36
Ecuador,2019-12-01,Electricity generation,Aggregate fuel,Wind and Solar,%,0.0
Ecuador,2019-12-01,Electricity generation,Fuel,Bioenergy,%,2.15
Ecuador,2019-12-01,Electricity generation,Fuel,Gas,%,4.3
Ecuador,2019-12-01,Electricity generation,Fuel,Hydro,%,79.21
Ecuador,2019-12-01,Electricity generation,Fuel,Other Fossil,%,14.34
Ecuador,2019-12-01,Electricity generation,Fuel,Solar,%,0.0
Ecuador,2019-12-01,Electricity generation,Fuel,Wind,%,0.0
Ecuador,2020-01-01,Electricity generation,Aggregate fuel,Clean,%,80.0
Ecuador,2020-01-01,Electricity generation,Aggregate fuel,Fossil,%,20.0
Ecuador,2020-01-01,Electricity generation,Aggregate fuel,Gas and Other Fossil,%,20.0
Ecuador,2020-01-01,Electricity generation,Aggregate fuel,"Hydro, Bioenergy and Other Renewables",%,79.66
Ecuador,2020-01-01,Electricity generation,Aggregate fuel,Renewables,%,80.0
Ecuador,2020-01-01,Electricity generation,Aggregate fuel,Wind and Solar,%,0.34
Ecuador,2020-01-01,Electricity generation,Fuel,Bioenergy,%,0.69
Ecuador,2020-01-01,Electricity generation,Fuel,Gas,%,3.79
Ecuador,2020-01-01,Electricity generation,Fuel,Hydro,%,78.97
Ecuador,2020-01-01,Electricity generation,Fuel,Other Fossil,%,16.21
Ecuador,2020-01-01,Electricity generation,Fuel,Solar,%,0.0
Ecuador,2020-01-01,Electricity generation,Fuel,Wind,%,0.34
Ecuador,2020-02-01,Electricity generation,Aggregate fuel,Clean,%,78.52
Ecuador,2020-02-01,Electricity generation,Aggregate fuel,Fossil,%,21.48
Ecuador,2020-02-01,Electricity generation,Aggregate fuel,Gas and Other Fossil,%,21.48
Ecuador,2020-02-01,Electricity generation,Aggregate fuel,"Hydro, Bioenergy and Other Renewables",%,78.15
Ecuador,2020-02-01,Electricity generation,Aggregate fuel,Renewables,%,78.52
Ecuador,2020-02-01,Electricity generation,Aggregate fuel,Wind and Solar,%,0.37
Ecuador,2020-02-01,Electricity generation,Fuel,Bioenergy,%,0.0
Ecuador,2020-02-01,Electricity generation,Fuel,Gas,%,4.07
Ecuador,2020-02-01,Electricity generation,Fuel,Hydro,%,78.15
Ecuador,2020-02-01,Electricity generation,Fuel,Other Fossil,%,17.41
Ecuador,2020-02-01,Electricity generation,Fuel,Solar,%,0.0
Ecuador,2020-02-01,Electricity generation,Fuel,Wind,%,0.37
Ecuador,2020-03-01,Electricity generation,Aggregate fuel,Clean,%,78.71
Ecuador,2020-03-01,Electricity generation,Aggregate fuel,Fossil,%,21.29
Ecuador,2020-03-01,Electricity generation,Aggregate fuel,Gas and Other Fossil,%,21.29
Ecuador,2020-03-01,Electricity generation,Aggregate fuel,"Hydro, Bioenergy and Other Renewables",%,78.71
Ecuador,2020-03-01,Electricity generation,Aggregate fuel,Renewables,%,78.71
Ecuador,2020-03-01,Electricity generation,Aggregate fuel,Wind and Solar,%,0.0
Ecuador,2020-03-01,Electricity generation,Fuel,Bioenergy,%,0.0
Ecuador,2020-03-01,Electricity generation,Fuel,Gas,%,4.56
Ecuador,2020-03-01,Electricity generation,Fuel,Hydro,%,78.71
Ecuador,2020-03-01,Electricity generation,Fuel,Other Fossil,%,16.73
Ecuador,2020-03-01,Electricity generation,Fuel,Solar,%,0.0
Ecuador,2020-03-01,Electricity generation,Fuel,Wind,%,0.0
Ecuador,2020-04-01,Electricity generation,Aggregate fuel,Clean,%,85.59
Ecuador,2020-04-01,Electricity generation,Aggregate fuel,Fossil,%,14.41
Ecuador,2020-04-01,Electricity generation,Aggregate fuel,Gas and Other Fossil,%,14.41
Ecuador,2020-04-01,Electricity generation,Aggregate fuel,"Hydro, Bioenergy and Other Renewables",%,85.15
Ecuador,2020-04-01,Electricity generation,Aggregate fuel,Renewables,%,85.59
Ecuador,2020-04-01,Electricity generation,Aggregate fuel,Wind and Solar,%,0.44
Ecuador,2020-04-01,Electricity generation,Fuel,Bioenergy,%,0.0
Ecuador,2020-04-01,Electricity generation,Fuel,Gas,%,3.93
Ecuador,2020-04-01,Electricity generation,Fuel,Hydro,%,85.15
Ecuador,2020-04-01,Electricity generation,Fuel,Other Fossil,%,10.48
Ecuador,2020-04-01,Electricity generation,Fuel,Solar,%,0.0
Ecuador,2020-04-01,Electricity generation,Fuel,Wind,%,0.44
Ecuador,2020-05-01,Electricity generation,Aggregate fuel,Clean,%,84.86
Ecuador,2020-05-01,Electricity generation,Aggregate fuel,Fossil,%,15.14
Ecuador,2020-05-01,Electricity generation,Aggregate fuel,Gas and Other Fossil,%,15.14
Ecuador,2020-05-01,Electricity generation,Aggregate fuel,"Hydro, Bioenergy and Other Renewables",%,84.46
Ecuador,2020-05-01,Electricity generation,Aggregate fuel,Renewables,%,84.86
Ecuador,2020-05-01,Electricity generation,Aggregate fuel,Wind and Solar,%,0.4
Ecuador,2020-05-01,Electricity generation,Fuel,Bioenergy,%,0.0
Ecuador,2020-05-01,Electricity generation,Fuel,Gas,%,3.59
Ecuador,2020-05-01,Electricity generation,Fuel,Hydro,%,84.46
Ecuador,2020-05-01,Electricity generation,Fuel,Other Fossil,%,11.55
Ecuador,2020-05-01,Electricity generation,Fuel,Solar,%,0.0
Ecuador,2020-05-01,Electricity generation,Fuel,Wind,%,0.4
Ecuador,2020-06-01,Electricity generation,Aggregate fuel,Clean,%,81.67
Ecuador,2020-06-01,Electricity generation,Aggregate fuel,Fossil,%,18.32
Ecuador,2020-06-01,Electricity generation,Aggregate fuel,Gas and Other Fossil,%,18.32
Ecuador,2020-06-01,Electricity generation,Aggregate fuel,"Hydro, Bioenergy and Other Renewables",%,81.29
Ecuador,2020-06-01,Electricity generation,Aggregate fuel,Renewables,%,81.67
Ecuador,2020-06-01,Electricity generation,Aggregate fuel,Wind and Solar,%,0.38
Ecuador,2020-06-01,Electricity generation,Fuel,Bioenergy,%,0.76
Ecuador,2020-06-01,Electricity generation,Fuel,Gas,%,3.82
Ecuador,2020-06-01,Electricity generation,Fuel,Hydro,%,80.53
Ecuador,2020-06-01,Electricity generation,Fuel,Other Fossil,%,14.5
Ecuador,2020-06-01,Electricity generation,Fuel,Solar,%,0.0
Ecuador,2020-06-01,Electricity generation,Fuel,Wind,%,0.38
Ecuador,2020-07-01,Electricity generation,Aggregate fuel,Clean,%,80.44
Ecuador,2020-07-01,Electricity generation,Aggregate fuel,Fossil,%,19.56
Ecuador,2020-07-01,Electricity generation,Aggregate fuel,Gas and Other Fossil,%,19.56
Ecuador,2020-07-01,Electricity generation,Aggregate fuel,"Hydro, Bioenergy and Other Renewables",%,80.07
Ecuador,2020-07-01,Electricity generation,Aggregate fuel,Renewables,%,80.44
Ecuador,2020-07-01,Electricity generation,Aggregate fuel,Wind and Solar,%,0.37
Ecuador,2020-07-01,Electricity generation,Fuel,Bioenergy,%,2.58
Ecuador,2020-07-01,Electricity generation,Fuel,Gas,%,4.06
Ecuador,2020-07-01,Electricity generation,Fuel,Hydro,%,77.49
Ecuador,2020-07-01,Electricity generation,Fuel,Other Fossil,%,15.5
Ecuador,2020-07-01,Electricity generation,Fuel,Solar,%,0.0
Ecuador,2020-07-01,Electricity generation,Fuel,Wind,%,0.37
Ecuador,2020-08-01,Electricity generation,Aggregate fuel,Clean,%,80.0
Ecuador,2020-08-01,Electricity generation,Aggregate fuel,Fossil,%,20.0
Ecuador,2020-08-01,Electricity generation,Aggregate fuel,Gas and Other Fossil,%,20.0
Ecuador,2020-08-01,Electricity generation,Aggregate fuel,"Hydro, Bioenergy and Other Renewables",%,79.62
Ecuador,2020-08-01,Electricity generation,Aggregate fuel,Renewables,%,80.0
Ecuador,2020-08-01,Electricity generation,Aggregate fuel,Wind and Solar,%,0.38
Ecuador,2020-08-01,Electricity generation,Fuel,Bioenergy,%,3.02
Ecuador,2020-08-01,Electricity generation,Fuel,Gas,%,4.15
Ecuador,2020-08-01,Electricity generation,Fuel,Hydro,%,76.6
Ecuador,2020-08-01,Electricity generation,Fuel,Other Fossil,%,15.85
Ecuador,2020-08-01,Electricity generation,Fuel,Solar,%,0.0
Ecuador,2020-08-01,Electricity generation,Fuel,Wind,%,0.38
Ecuador,2020-09-01,Electricity generation,Aggregate fuel,Clean,%,81.04
Ecuador,2020-09-01,Electricity generation,Aggregate fuel,Fossil,%,18.98
Ecuador,2020-09-01,Electricity generation,Aggregate fuel,Gas and Other Fossil,%,18.98
Ecuador,2020-09-01,Electricity generation,Aggregate fuel,"Hydro, Bioenergy and Other Renewables",%,80.64
Ecuador,2020-09-01,Electricity generation,Aggregate fuel,Renewables,%,81.04
Ecuador,2020-09-01,Electricity generation,Aggregate fuel,Wind and Solar,%,0.4
Ecuador,2020-09-01,Electricity generation,Fuel,Bioenergy,%,2.77
Ecuador,2020-09-01,Electricity generation,Fuel,Gas,%,3.56
Ecuador,2020-09-01,Electricity generation,Fuel,Hydro,%,77.87
Ecuador,2020-09-01,Electricity generation,Fuel,Other Fossil,%,15.42
Ecuador,2020-09-01,Electricity generation,Fuel,Solar,%,0.0
Ecuador,2020-09-01,Electricity generation,Fuel,Wind,%,0.4
Ecuador,2020-10-01,Electricity generation,Aggregate fuel,Clean,%,78.49
Ecuador,2020-10-01,Electricity generation,Aggregate fuel,Fossil,%,21.51
Ecuador,2020-10-01,Electricity generation,Aggregate fuel,Gas and Other Fossil,%,21.51
Ecuador,2020-10-01,Electricity generation,Aggregate fuel,"Hydro, Bioenergy and Other Renewables",%,78.11
Ecuador,2020-10-01,Electricity generation,Aggregate fuel,Renewables,%,78.49
Ecuador,2020-10-01,Electricity generation,Aggregate fuel,Wind and Solar,%,0.38
Ecuador,2020-10-01,Electricity generation,Fuel,Bioenergy,%,2.64
Ecuador,2020-10-01,Electricity generation,Fuel,Gas,%,3.4
Ecuador,2020-10-01,Electricity generation,Fuel,Hydro,%,75.47
Ecuador,2020-10-01,Electricity generation,Fuel,Other Fossil,%,18.11
Ecuador,2020-10-01,Electricity generation,Fuel,Solar,%,0.0
Ecuador,2020-10-01,Electricity generation,Fuel,Wind,%,0.38
Ecuador,2020-11-01,Electricity generation,Aggregate fuel,Clean,%,69.79
Ecuador,2020-11-01,Electricity generation,Aggregate fuel,Fossil,%,30.21
Ecuador,2020-11-01,Electricity generation,Aggregate fuel,Gas and Other Fossil,%,30.21
Ecuador,2020-11-01,Electricity generation,Aggregate fuel,"Hydro, Bioenergy and Other Renewables",%,69.79
Ecuador,2020-11-01,Electricity generation,Aggregate fuel,Renewables,%,69.79
Ecuador,2020-11-01,Electricity generation,Aggregate fuel,Wind and Solar,%,0.0
Ecuador,2020-11-01,Electricity generation,Fuel,Bioenergy,%,2.98
Ecuador,2020-11-01,Electricity generation,Fuel,Gas,%,4.68
Ecuador,2020-11-01,Electricity generation,Fuel,Hydro,%,66.81
Ecuador,2020-11-01,Electricity generation,Fuel,Other Fossil,%,25.53
Ecuador,2020-11-01,Electricity generation,Fuel,Solar,%,0.0
Ecuador,2020-11-01,Electricity generation,Fuel,Wind,%,0.0
Ecuador,2020-12-01,Electricity generation,Aggregate fuel,Clean,%,77.45
Ecuador,2020-12-01,Electricity generation,Aggregate fuel,Fossil,%,22.56
Ecuador,2020-12-01,Electricity generation,Aggregate fuel,Gas and Other Fossil,%,22.56
Ecuador,2020-12-01,Electricity generation,Aggregate fuel,"Hydro, Bioenergy and Other Renewables",%,77.45
Ecuador,2020-12-01,Electricity generation,Aggregate fuel,Renewables,%,77.45
Ecuador,2020-12-01,Electricity generation,Aggregate fuel,Wind and Solar,%,0.0
Ecuador,2020-12-01,Electricity generation,Fuel,Bioenergy,%,2.26
Ecuador,2020-12-01,Electricity generation,Fuel,Gas,%,4.14
Ecuador,2020-12-01,Electricity generation,Fuel,Hydro,%,75.19
Ecuador,2020-12-01,Electricity generation,Fuel,Other Fossil,%,18.42
Ecuador,2020-12-01,Electricity generation,Fuel,Solar,%,0.0
Ecuador,2020-12-01,Electricity generation,Fuel,Wind,%,0.0
Ecuador,2021-01-01,Electricity generation,Aggregate fuel,Clean,%,80.38
Ecuador,2021-01-01,Electricity generation,Aggregate fuel,Fossil,%,19.62
Ecuador,2021-01-01,Electricity generation,Aggregate fuel,Gas and Other Fossil,%,19.62
Ecuador,2021-01-01,Electricity generation,Aggregate fuel,"Hydro, Bioenergy and Other Renewables",%,80.38
Ecuador,2021-01-01,Electricity generation,Aggregate fuel,Renewables,%,80.38
Ecuador,2021-01-01,Electricity generation,Aggregate fuel,Wind and Solar,%,0.0
Ecuador,2021-01-01,Electricity generation,Fuel,Bioenergy,%,0.0
Ecuador,2021-01-01,Electricity generation,Fuel,Gas,%,4.15
Ecuador,2021-01-01,Electricity generation,Fuel,Hydro,%,80.38
Ecuador,2021-01-01,Electricity generation,Fuel,Other Fossil,%,15.47
Ecuador,2021-01-01,Electricity generation,Fuel,Solar,%,0.0
Ecuador,2021-01-01,Electricity generation,Fuel,Wind,%,0.0
Ecuador,2021-02-01,Electricity generation,Aggregate fuel,Clean,%,80.65
Ecuador,2021-02-01,Electricity generation,Aggregate fuel,Fossil,%,19.35
Ecuador,2021-02-01,Electricity generation,Aggregate fuel,Gas and Other Fossil,%,19.35
Ecuador,2021-02-01,Electricity generation,Aggregate fuel,"Hydro, Bioenergy and Other Renewables",%,80.65
Ecuador,2021-02-01,Electricity generation,Aggregate fuel,Renewables,%,80.65
Ecuador,2021-02-01,Electricity generation,Aggregate fuel,Wind and Solar,%,0.0
Ecuador,2021-02-01,Electricity generation,Fuel,Bioenergy,%,0.0
Ecuador,2021-02-01,Electricity generation,Fuel,Gas,%,4.03
Ecuador,2021-02-01,Electricity generation,Fuel,Hydro,%,80.65
Ecuador,2021-02-01,Electricity generation,Fuel,Other Fossil,%,15.32
Ecuador,2021-02-01,Electricity generation,Fuel,Solar,%,0.0
Ecuador,2021-02-01,Electricity generation,Fuel,Wind,%,0.0
Ecuador,2021-03-01,Electricity generation,Aggregate fuel,Clean,%,82.94
Ecuador,2021-03-01,Electricity generation,Aggregate fuel,Fossil,%,17.06
Ecuador,2021-03-01,Electricity generation,Aggregate fuel,Gas and Other Fossil,%,17.06
Ecuador,2021-03-01,Electricity generation,Aggregate fuel,"Hydro, Bioenergy and Other Renewables",%,82.94
Ecuador,2021-03-01,Electricity generation,Aggregate fuel,Renewables,%,82.94
Ecuador,2021-03-01,Electricity generation,Aggregate fuel,Wind and Solar,%,0.0
Ecuador,2021-03-01,Electricity generation,Fuel,Bioenergy,%,0.0
Ecuador,2021-03-01,Electricity generation,Fuel,Gas,%,3.75
Ecuador,2021-03-01,Electricity generation,Fuel,Hydro,%,82.94
Ecuador,2021-03-01,Electricity generation,Fuel,Other Fossil,%,13.31
Ecuador,2021-03-01,Electricity generation,Fuel,Solar,%,0.0
Ecuador,2021-03-01,Electricity generation,Fuel,Wind,%,0.0
Ecuador,2021-04-01,Electricity generation,Aggregate fuel,Clean,%,83.28
Ecuador,2021-04-01,Electricity generation,Aggregate fuel,Fossil,%,16.72
Ecuador,2021-04-01,Electricity generation,Aggregate fuel,Gas and Other Fossil,%,16.72
Ecuador,2021-04-01,Electricity generation,Aggregate fuel,"Hydro, Bioenergy and Other Renewables",%,82.93
Ecuador,2021-04-01,Electricity generation,Aggregate fuel,Renewables,%,83.28
Ecuador,2021-04-01,Electricity generation,Aggregate fuel,Wind and Solar,%,0.35
Ecuador,2021-04-01,Electricity generation,Fuel,Bioenergy,%,0.0
Ecuador,2021-04-01,Electricity generation,Fuel,Gas,%,3.48
Ecuador,2021-04-01,Electricity generation,Fuel,Hydro,%,82.93
Ecuador,2021-04-01,Electricity generation,Fuel,Other Fossil,%,13.24
Ecuador,2021-04-01,Electricity generation,Fuel,Solar,%,0.0
Ecuador,2021-04-01,Electricity generation,Fuel,Wind,%,0.35
Ecuador,2021-05-01,Electricity generation,Aggregate fuel,Clean,%,81.11
Ecuador,2021-05-01,Electricity generation,Aggregate fuel,Fossil,%,18.88
Ecuador,2021-05-01,Electricity generation,Aggregate fuel,Gas and Other Fossil,%,18.88
Ecuador,2021-05-01,Electricity generation,Aggregate fuel,"Hydro, Bioenergy and Other Renewables",%,80.74
Ecuador,2021-05-01,Electricity generation,Aggregate fuel,Renewables,%,81.11
Ecuador,2021-05-01,Electricity generation,Aggregate fuel,Wind and Solar,%,0.37
Ecuador,2021-05-01,Electricity generation,Fuel,Bioenergy,%,0.0
Ecuador,2021-05-01,Electricity generation,Fuel,Gas,%,4.07
Ecuador,2021-05-01,Electricity generation,Fuel,Hydro,%,80.74
Ecuador,2021-05-01,Electricity generation,Fuel,Other Fossil,%,14.81
Ecuador,2021-05-01,Electricity generation,Fuel,Solar,%,0.0
Ecuador,2021-05-01,Electricity generation,Fuel,Wind,%,0.37
Ecuador,2021-06-01,Electricity generation,Aggregate fuel,Clean,%,80.7
Ecuador,2021-06-01,Electricity generation,Aggregate fuel,Fossil,%,19.3
Ecuador,2021-06-01,Electricity generation,Aggregate fuel,Gas and Other Fossil,%,19.3
Ecuador,2021-06-01,Electricity generation,Aggregate fuel,"Hydro, Bioenergy and Other Renewables",%,80.31
Ecuador,2021-06-01,Electricity generation,Aggregate fuel,Renewables,%,80.7
Ecuador,2021-06-01,Electricity generation,Aggregate fuel,Wind and Solar,%,0.39
Ecuador,2021-06-01,Electricity generation,Fuel,Bioenergy,%,0.77
Ecuador,2021-06-01,Electricity generation,Fuel,Gas,%,3.86
Ecuador,2021-06-01,Electricity generation,Fuel,Hydro,%,79.54
Ecuador,2021-06-01,Electricity generation,Fuel,Other Fossil,%,15.44
Ecuador,2021-06-01,Electricity generation,Fuel,Solar,%,0.0
Ecuador,2021-06-01,Electricity generation,Fuel,Wind,%,0.39
Ecuador,2021-07-01,Electricity generation,Aggregate fuel,Clean,%,80.84
Ecuador,2021-07-01,Electricity generation,Aggregate fuel,Fossil,%,19.18
Ecuador,2021-07-01,Electricity generation,Aggregate fuel,Gas and Other Fossil,%,19.18
Ecuador,2021-07-01,Electricity generation,Aggregate fuel,"Hydro, Bioenergy and Other Renewables",%,80.46
Ecuador,2021-07-01,Electricity generation,Aggregate fuel,Renewables,%,80.84
Ecuador,2021-07-01,Electricity generation,Aggregate fuel,Wind and Solar,%,0.38
Ecuador,2021-07-01,Electricity generation,Fuel,Bioenergy,%,2.26
Ecuador,2021-07-01,Electricity generation,Fuel,Gas,%,4.14
Ecuador,2021-07-01,Electricity generation,Fuel,Hydro,%,78.2
Ecuador,2021-07-01,Electricity generation,Fuel,Other Fossil,%,15.04
Ecuador,2021-07-01,Electricity generation,Fuel,Solar,%,0.0
Ecuador,2021-07-01,Electricity generation,Fuel,Wind,%,0.38
Ecuador,2021-08-01,Electricity generation,Aggregate fuel,Clean,%,80.97
Ecuador,2021-08-01,Electricity generation,Aggregate fuel,Fossil,%,19.03
Ecuador,2021-08-01,Electricity generation,Aggregate fuel,Gas and Other Fossil,%,19.03
Ecuador,2021-08-01,Electricity generation,Aggregate fuel,"Hydro, Bioenergy and Other Renewables",%,80.6
Ecuador,2021-08-01,Electricity generation,Aggregate fuel,Renewables,%,80.97
Ecuador,2021-08-01,Electricity generation,Aggregate fuel,Wind and Solar,%,0.37
Ecuador,2021-08-01,Electricity generation,Fuel,Bioenergy,%,2.61
Ecuador,2021-08-01,Electricity generation,Fuel,Gas,%,4.1
Ecuador,2021-08-01,Electricity generation,Fuel,Hydro,%,77.99
Ecuador,2021-08-01,Electricity generation,Fuel,Other Fossil,%,14.93
Ecuador,2021-08-01,Electricity generation,Fuel,Solar,%,0.0
Ecuador,2021-08-01,Electricity generation,Fuel,Wind,%,0.37
Ecuador,2021-09-01,Electricity generation,Aggregate fuel,Clean,%,78.22
Ecuador,2021-09-01,Electricity generation,Aggregate fuel,Fossil,%,21.77
Ecuador,2021-09-01,Electricity generation,Aggregate fuel,Gas and Other Fossil,%,21.77
Ecuador,2021-09-01,Electricity generation,Aggregate fuel,"Hydro, Bioenergy and Other Renewables",%,77.82
Ecuador,2021-09-01,Electricity generation,Aggregate fuel,Renewables,%,78.22
Ecuador,2021-09-01,Electricity generation,Aggregate fuel,Wind and Solar,%,0.4
Ecuador,2021-09-01,Electricity generation,Fuel,Bioenergy,%,2.42
Ecuador,2021-09-01,Electricity generation,Fuel,Gas,%,4.03
Ecuador,2021-09-01,Electricity generation,Fuel,Hydro,%,75.4
Ecuador,2021-09-01,Electricity generation,Fuel,Other Fossil,%,17.74
Ecuador,2021-09-01,Electricity generation,Fuel,Solar,%,0.0
Ecuador,2021-09-01,Electricity generation,Fuel,Wind,%,0.4
Ecuador,2021-10-01,Electricity generation,Aggregate fuel,Clean,%,75.94
Ecuador,2021-10-01,Electricity generation,Aggregate fuel,Fossil,%,24.06
Ecuador,2021-10-01,Electricity generation,Aggregate fuel,Gas and Other Fossil,%,24.06
Ecuador,2021-10-01,Electricity generation,Aggregate fuel,"Hydro, Bioenergy and Other Renewables",%,75.94
Ecuador,2021-10-01,Electricity generation,Aggregate fuel,Renewables,%,75.94
Ecuador,2021-10-01,Electricity generation,Aggregate fuel,Wind and Solar,%,0.0
Ecuador,2021-10-01,Electricity generation,Fuel,Bioenergy,%,2.63
Ecuador,2021-10-01,Electricity generation,Fuel,Gas,%,4.14
Ecuador,2021-10-01,Electricity generation,Fuel,Hydro,%,73.31
Ecuador,2021-10-01,Electricity generation,Fuel,Other Fossil,%,19.92
Ecuador,2021-10-01,Electricity generation,Fuel,Solar,%,0.0
Ecuador,2021-10-01,Electricity generation,Fuel,Wind,%,0.0
Ecuador,2021-11-01,Electricity generation,Aggregate fuel,Clean,%,80.97
Ecuador,2021-11-01,Electricity generation,Aggregate fuel,Fossil,%,19.03
Ecuador,2021-11-01,Electricity generation,Aggregate fuel,Gas and Other Fossil,%,19.03
Ecuador,2021-11-01,Electricity generation,Aggregate fuel,"Hydro, Bioenergy and Other Renewables",%,80.97
Ecuador,2021-11-01,Electricity generation,Aggregate fuel,Renewables,%,80.97
Ecuador,2021-11-01,Electricity generation,Aggregate fuel,Wind and Solar,%,0.0
Ecuador,2021-11-01,Electricity generation,Fuel,Bioenergy,%,2.61
Ecuador,2021-11-01,Electricity generation,Fuel,Gas,%,3.73
Ecuador,2021-11-01,Electricity generation,Fuel,Hydro,%,78.36
Ecuador,2021-11-01,Electricity generation,Fuel,Other Fossil,%,15.3
Ecuador,2021-11-01,Electricity generation,Fuel,Solar,%,0.0
Ecuador,2021-11-01,Electricity generation,Fuel,Wind,%,0.0
Ecuador,2021-12-01,Electricity generation,Aggregate fuel,Clean,%,85.14
Ecuador,2021-12-01,Electricity generation,Aggregate fuel,Fossil,%,14.86
Ecuador,2021-12-01,Electricity generation,Aggregate fuel,Gas and Other Fossil,%,14.86
Ecuador,2021-12-01,Electricity generation,Aggregate fuel,"Hydro, Bioenergy and Other Renewables",%,85.14
Ecuador,2021-12-01,Electricity generation,Aggregate fuel,Renewables,%,85.14
Ecuador,2021-12-01,Electricity generation,Aggregate fuel,Wind and Solar,%,0.0
Ecuador,2021-12-01,Electricity generation,Fuel,Bioenergy,%,1.81
Ecuador,2021-12-01,Electricity generation,Fuel,Gas,%,2.54
Ecuador,2021-12-01,Electricity generation,Fuel,Hydro,%,83.33
Ecuador,2021-12-01,Electricity generation,Fuel,Other Fossil,%,12.32
Ecuador,2021-12-01,Electricity generation,Fuel,Solar,%,0.0
Ecuador,2021-12-01,Electricity generation,Fuel,Wind,%,0.0
Ecuador,2022-01-01,Electricity generation,Aggregate fuel,Clean,%,73.81
Ecuador,2022-01-01,Electricity generation,Aggregate fuel,Fossil,%,26.18
Ecuador,2022-01-01,Electricity generation,Aggregate fuel,Gas and Other Fossil,%,26.18
Ecuador,2022-01-01,Electricity generation,Aggregate fuel,"Hydro, Bioenergy and Other Renewables",%,73.81
Ecuador,2022-01-01,Electricity generation,Aggregate fuel,Renewables,%,73.81
Ecuador,2022-01-01,Electricity generation,Aggregate fuel,Wind and Solar,%,0.0
Ecuador,2022-01-01,Electricity generation,Fuel,Bioenergy,%,0.36
Ecuador,2022-01-01,Electricity generation,Fuel,Gas,%,3.27
Ecuador,2022-01-01,Electricity generation,Fuel,Hydro,%,73.45
Ecuador,2022-01-01,Electricity generation,Fuel,Other Fossil,%,22.91
Ecuador,2022-01-01,Electricity generation,Fuel,Solar,%,0.0
Ecuador,2022-01-01,Electricity generation,Fuel,Wind,%,0.0
Ecuador,2022-02-01,Electricity generation,Aggregate fuel,Clean,%,71.94
Ecuador,2022-02-01,Electricity generation,Aggregate fuel,Fossil,%,28.07
Ecuador,2022-02-01,Electricity generation,Aggregate fuel,Gas and Other Fossil,%,28.07
Ecuador,2022-02-01,Electricity generation,Aggregate fuel,"Hydro, Bioenergy and Other Renewables",%,71.94
Ecuador,2022-02-01,Electricity generation,Aggregate fuel,Renewables,%,71.94
Ecuador,2022-02-01,Electricity generation,Aggregate fuel,Wind and Solar,%,0.0
Ecuador,2022-02-01,Electricity generation,Fuel,Bioenergy,%,0.0
Ecuador,2022-02-01,Electricity generation,Fuel,Gas,%,3.56
Ecuador,2022-02-01,Electricity generation,Fuel,Hydro,%,71.94
Ecuador,2022-02-01,Electricity generation,Fuel,Other Fossil,%,24.51
Ecuador,2022-02-01,Electricity generation,Fuel,Solar,%,0.0
Ecuador,2022-02-01,Electricity generation,Fuel,Wind,%,0.0
Ecuador,2022-03-01,Electricity generation,Aggregate fuel,Clean,%,79.32
Ecuador,2022-03-01,Electricity generation,Aggregate fuel,Fossil,%,20.68
Ecuador,2022-03-01,Electricity generation,Aggregate fuel,Gas and Other Fossil,%,20.68
Ecuador,2022-03-01,Electricity generation,Aggregate fuel,"Hydro, Bioenergy and Other Renewables",%,79.32
Ecuador,2022-03-01,Electricity generation,Aggregate fuel,Renewables,%,79.32
Ecuador,2022-03-01,Electricity generation,Aggregate fuel,Wind and Solar,%,0.0
Ecuador,2022-03-01,Electricity generation,Fuel,Bioenergy,%,0.0
Ecuador,2022-03-01,Electricity generation,Fuel,Gas,%,3.39
Ecuador,2022-03-01,Electricity generation,Fuel,Hydro,%,79.32
Ecuador,2022-03-01,Electricity generation,Fuel,Other Fossil,%,17.29
Ecuador,2022-03-01,Electricity generation,Fuel,Solar,%,0.0
Ecuador,2022-03-01,Electricity generation,Fuel,Wind,%,0.0
Ecuador,2022-04-01,Electricity generation,Aggregate fuel,Clean,%,78.82
Ecuador,2022-04-01,Electricity generation,Aggregate fuel,Fossil,%,21.18
Ecuador,2022-04-01,Electricity generation,Aggregate fuel,Gas and Other Fossil,%,21.18
Ecuador,2022-04-01,Electricity generation,Aggregate fuel,"Hydro, Bioenergy and Other Renewables",%,78.82
Ecuador,2022-04-01,Electricity generation,Aggregate fuel,Renewables,%,78.82
Ecuador,2022-04-01,Electricity generation,Aggregate fuel,Wind and Solar,%,0.0
Ecuador,2022-04-01,Electricity generation,Fuel,Bioenergy,%,0.0
Ecuador,2022-04-01,Electricity generation,Fuel,Gas,%,3.47
Ecuador,2022-04-01,Electricity generation,Fuel,Hydro,%,78.82
Ecuador,2022-04-01,Electricity generation,Fuel,Other Fossil,%,17.71
Ecuador,2022-04-01,Electricity generation,Fuel,Solar,%,0.0
Ecuador,2022-04-01,Electricity generation,Fuel,Wind,%,0.0
Ecuador,2022-05-01,Electricity generation,Aggregate fuel,Clean,%,80.91
Ecuador,2022-05-01,Electricity generation,Aggregate fuel,Fossil,%,19.1
Ecuador,2022-05-01,Electricity generation,Aggregate fuel,Gas and Other Fossil,%,19.1
Ecuador,2022-05-01,Electricity generation,Aggregate fuel,"Hydro, Bioenergy and Other Renewables",%,80.56
Ecuador,2022-05-01,Electricity generation,Aggregate fuel,Renewables,%,80.91
Ecuador,2022-05-01,Electricity generation,Aggregate fuel,Wind and Solar,%,0.35
Ecuador,2022-05-01,Electricity generation,Fuel,Bioenergy,%,0.0
Ecuador,2022-05-01,Electricity generation,Fuel,Gas,%,3.47
Ecuador,2022-05-01,Electricity generation,Fuel,Hydro,%,80.56
Ecuador,2022-05-01,Electricity generation,Fuel,Other Fossil,%,15.63
Ecuador,2022-05-01,Electricity generation,Fuel,Solar,%,0.0
Ecuador,2022-05-01,Electricity generation,Fuel,Wind,%,0.35
Ecuador,2022-06-01,Electricity generation,Aggregate fuel,Clean,%,81.85
Ecuador,2022-06-01,Electricity generation,Aggregate fuel,Fossil,%,18.14
Ecuador,2022-06-01,Electricity generation,Aggregate fuel,Gas and Other Fossil,%,18.14
Ecuador,2022-06-01,Electricity generation,Aggregate fuel,"Hydro, Bioenergy and Other Renewables",%,81.46
Ecuador,2022-06-01,Electricity generation,Aggregate fuel,Renewables,%,81.85
Ecuador,2022-06-01,Electricity generation,Aggregate fuel,Wind and Solar,%,0.39
Ecuador,2022-06-01,Electricity generation,Fuel,Bioenergy,%,0.77
Ecuador,2022-06-01,Electricity generation,Fuel,Gas,%,3.47
Ecuador,2022-06-01,Electricity generation,Fuel,Hydro,%,80.69
Ecuador,2022-06-01,Electricity generation,Fuel,Other Fossil,%,14.67
Ecuador,2022-06-01,Electricity generation,Fuel,Solar,%,0.0
Ecuador,2022-06-01,Electricity generation,Fuel,Wind,%,0.39
Ecuador,2022-07-01,Electricity generation,Aggregate fuel,Clean,%,82.18
Ecuador,2022-07-01,Electricity generation,Aggregate fuel,Fossil,%,17.82
Ecuador,2022-07-01,Electricity generation,Aggregate fuel,Gas and Other Fossil,%,17.82
Ecuador,2022-07-01,Electricity generation,Aggregate fuel,"Hydro, Bioenergy and Other Renewables",%,81.82
Ecuador,2022-07-01,Electricity generation,Aggregate fuel,Renewables,%,82.18
Ecuador,2022-07-01,Electricity generation,Aggregate fuel,Wind and Solar,%,0.36
Ecuador,2022-07-01,Electricity generation,Fuel,Bioenergy,%,2.55
Ecuador,2022-07-01,Electricity generation,Fuel,Gas,%,3.64
Ecuador,2022-07-01,Electricity generation,Fuel,Hydro,%,79.27
Ecuador,2022-07-01,Electricity generation,Fuel,Other Fossil,%,14.18
Ecuador,2022-07-01,Electricity generation,Fuel,Solar,%,0.0
Ecuador,2022-07-01,Electricity generation,Fuel,Wind,%,0.36
Ecuador,2022-08-01,Electricity generation,Aggregate fuel,Clean,%,80.79
Ecuador,2022-08-01,Electricity generation,Aggregate fuel,Fossil,%,19.22
Ecuador,2022-08-01,Electricity generation,Aggregate fuel,Gas and Other Fossil,%,19.22
Ecuador,2022-08-01,Electricity generation,Aggregate fuel,"Hydro, Bioenergy and Other Renewables",%,80.43
Ecuador,2022-08-01,Electricity generation,Aggregate fuel,Renewables,%,80.79
Ecuador,2022-08-01,Electricity generation,Aggregate fuel,Wind and Solar,%,0.36
Ecuador,2022-08-01,Electricity generation,Fuel,Bioenergy,%,2.49
Ecuador,2022-08-01,Electricity generation,Fuel,Gas,%,3.56
Ecuador,2022-08-01,Electricity generation,Fuel,Hydro,%,77.94
Ecuador,2022-08-01,Electricity generation,Fuel,Other Fossil,%,15.66
Ecuador,2022-08-01,Electricity generation,Fuel,Solar,%,0.0
Ecuador,2022-08-01,Electricity generation,Fuel,Wind,%,0.36
Ecuador,2022-09-01,Electricity generation,Aggregate fuel,Clean,%,77.18
Ecuador,2022-09-01,Electricity generation,Aggregate fuel,Fossil,%,22.82
Ecuador,2022-09-01,Electricity generation,Aggregate fuel,Gas and Other Fossil,%,22.82
Ecuador,2022-09-01,Electricity generation,Aggregate fuel,"Hydro, Bioenergy and Other Renewables",%,76.82
Ecuador,2022-09-01,Electricity generation,Aggregate fuel,Renewables,%,77.18
Ecuador,2022-09-01,Electricity generation,Aggregate fuel,Wind and Solar,%,0.36
Ecuador,2022-09-01,Electricity generation,Fuel,Bioenergy,%,2.54
Ecuador,2022-09-01,Electricity generation,Fuel,Gas,%,3.62
Ecuador,2022-09-01,Electricity generation,Fuel,Hydro,%,74.28
Ecuador,2022-09-01,Electricity generation,Fuel,Other Fossil,%,19.2
Ecuador,2022-09-01,Electricity generation,Fuel,Solar,%,0.0
Ecuador,2022-09-01,Electricity generation,Fuel,Wind,%,0.36
Ecuador,2022-10-01,Electricity generation,Aggregate fuel,Clean,%,71.7
Ecuador,2022-10-01,Electricity generation,Aggregate fuel,Fossil,%,28.31
Ecuador,2022-10-01,Electricity generation,Aggregate fuel,Gas and Other Fossil,%,28.31
Ecuador,2022-10-01,Electricity generation,Aggregate fuel,"Hydro, Bioenergy and Other Renewables",%,71.7
Ecuador,2022-10-01,Electricity generation,Aggregate fuel,Renewables,%,71.7
Ecuador,2022-10-01,Electricity generation,Aggregate fuel,Wind and Solar,%,0.0
Ecuador,2022-10-01,Electricity generation,Fuel,Bioenergy,%,2.21
Ecuador,2022-10-01,Electricity generation,Fuel,Gas,%,3.31
Ecuador,2022-10-01,Electricity generation,Fuel,Hydro,%,69.49
Ecuador,2022-10-01,Electricity generation,Fuel,Other Fossil,%,25.0
Ecuador,2022-10-01,Electricity generation,Fuel,Solar,%,0.0
Ecuador,2022-10-01,Electricity generation,Fuel,Wind,%,0.0
Ecuador,2022-11-01,Electricity generation,Aggregate fuel,Clean,%,70.39
Ecuador,2022-11-01,Electricity generation,Aggregate fuel,Fossil,%,29.61
Ecuador,2022-11-01,Electricity generation,Aggregate fuel,Gas and Other Fossil,%,29.61
Ecuador,2022-11-01,Electricity generation,Aggregate fuel,"Hydro, Bioenergy and Other Renewables",%,70.39
Ecuador,2022-11-01,Electricity generation,Aggregate fuel,Renewables,%,70.39
Ecuador,2022-11-01,Electricity generation,Aggregate fuel,Wind and Solar,%,0.0
Ecuador,2022-11-01,Electricity generation,Fuel,Bioenergy,%,2.31
Ecuador,2022-11-01,Electricity generation,Fuel,Gas,%,3.46
Ecuador,2022-11-01,Electricity generation,Fuel,Hydro,%,68.08
Ecuador,2022-11-01,Electricity generation,Fuel,Other Fossil,%,26.15
Ecuador,2022-11-01,Electricity generation,Fuel,Solar,%,0.0
Ecuador,2022-11-01,Electricity generation,Fuel,Wind,%,0.0
Ecuador,2022-12-01,Electricity generation,Aggregate fuel,Clean,%,63.7
Ecuador,2022-12-01,Electricity generation,Aggregate fuel,Fossil,%,36.29
Ecuador,2022-12-01,Electricity generation,Aggregate fuel,Gas and Other Fossil,%,36.29
Ecuador,2022-12-01,Electricity generation,Aggregate fuel,"Hydro, Bioenergy and Other Renewables",%,63.33
Ecuador,2022-12-01,Electricity generation,Aggregate fuel,Renewables,%,63.7
Ecuador,2022-12-01,Electricity generation,Aggregate fuel,Wind and Solar,%,0.37
Ecuador,2022-12-01,Electricity generation,Fuel,Bioenergy,%,0.74
Ecuador,2022-12-01,Electricity generation,Fuel,Gas,%,3.33
Ecuador,2022-12-01,Electricity generation,Fuel,Hydro,%,62.59
Ecuador,2022-12-01,Electricity generation,Fuel,Other Fossil,%,32.96
Ecuador,2022-12-01,Electricity generation,Fuel,Solar,%,0.0
Ecuador,2022-12-01,Electricity generation,Fuel,Wind,%,0.37
Ecuador,2023-01-01,Electricity generation,Aggregate fuel,Clean,%,60.82
Ecuador,2023-01-01,Electricity generation,Aggregate fuel,Fossil,%,39.18
Ecuador,2023-01-01,Electricity generation,Aggregate fuel,Gas and Other Fossil,%,39.18
Ecuador,2023-01-01,Electricity generation,Aggregate fuel,"Hydro, Bioenergy and Other Renewables",%,60.45
Ecuador,2023-01-01,Electricity generation,Aggregate fuel,Renewables,%,60.82
Ecuador,2023-01-01,Electricity generation,Aggregate fuel,Wind and Solar,%,0.37
Ecuador,2023-01-01,Electricity generation,Fuel,Bioenergy,%,0.0
Ecuador,2023-01-01,Electricity generation,Fuel,Gas,%,3.36
Ecuador,2023-01-01,Electricity generation,Fuel,Hydro,%,60.45
Ecuador,2023-01-01,Electricity generation,Fuel,Other Fossil,%,35.82
Ecuador,2023-01-01,Electricity generation,Fuel,Solar,%,0.0
Ecuador,2023-01-01,Electricity generation,Fuel,Wind,%,0.37
Ecuador,2023-02-01,Electricity generation,Aggregate fuel,Clean,%,64.8
Ecuador,2023-02-01,Electricity generation,Aggregate fuel,Fossil,%,35.2
Ecuador,2023-02-01,Electricity generation,Aggregate fuel,Gas and Other Fossil,%,35.2
Ecuador,2023-02-01,Electricity generation,Aggregate fuel,"Hydro, Bioenergy and Other Renewables",%,64.4
Ecuador,2023-02-01,Electricity generation,Aggregate fuel,Renewables,%,64.8
Ecuador,2023-02-01,Electricity generation,Aggregate fuel,Wind and Solar,%,0.4
Ecuador,2023-02-01,Electricity generation,Fuel,Bioenergy,%,0.0
Ecuador,2023-02-01,Electricity generation,Fuel,Gas,%,3.2
Ecuador,2023-02-01,Electricity generation,Fuel,Hydro,%,64.4
Ecuador,2023-02-01,Electricity generation,Fuel,Other Fossil,%,32.0
Ecuador,2023-02-01,Electricity generation,Fuel,Solar,%,0.0
Ecuador,2023-02-01,Electricity generation,Fuel,Wind,%,0.4
Ecuador,2023-03-01,Electricity generation,Aggregate fuel,Clean,%,79.54
Ecuador,2023-03-01,Electricity generation,Aggregate fuel,Fossil,%,20.46
Ecuador,2023-03-01,Electricity generation,Aggregate fuel,Gas and Other Fossil,%,20.46
Ecuador,2023-03-01,Electricity generation,Aggregate fuel,"Hydro, Bioenergy and Other Renewables",%,79.21
Ecuador,2023-03-01,Electricity generation,Aggregate fuel,Renewables,%,79.54
Ecuador,2023-03-01,Electricity generation,Aggregate fuel,Wind and Solar,%,0.33
Ecuador,2023-03-01,Electricity generation,Fuel,Bioenergy,%,0.0
Ecuador,2023-03-01,Electricity generation,Fuel,Gas,%,2.97
Ecuador,2023-03-01,Electricity generation,Fuel,Hydro,%,79.21
Ecuador,2023-03-01,Electricity generation,Fuel,Other Fossil,%,17.49
Ecuador,2023-03-01,Electricity generation,Fuel,Solar,%,0.0
Ecuador,2023-03-01,Electricity generation,Fuel,Wind,%,0.33
Ecuador,2023-04-01,Electricity generation,Aggregate fuel,Clean,%,81.7
Ecuador,2023-04-01,Electricity generation,Aggregate fuel,Fossil,%,18.3
Ecuador,2023-04-01,Electricity generation,Aggregate fuel,Gas and Other Fossil,%,18.3
Ecuador,2023-04-01,Electricity generation,Aggregate fuel,"Hydro, Bioenergy and Other Renewables",%,81.36
Ecuador,2023-04-01,Electricity generation,Aggregate fuel,Renewables,%,81.7
Ecuador,2023-04-01,Electricity generation,Aggregate fuel,Wind and Solar,%,0.34
Ecuador,2023-04-01,Electricity generation,Fuel,Bioenergy,%,0.0
Ecuador,2023-04-01,Electricity generation,Fuel,Gas,%,2.71
Ecuador,2023-04-01,Electricity generation,Fuel,Hydro,%,81.36
Ecuador,2023-04-01,Electricity generation,Fuel,Other Fossil,%,15.59
Ecuador,2023-04-01,Electricity generation,Fuel,Solar,%,0.0
Ecuador,2023-04-01,Electricity generation,Fuel,Wind,%,0.34
Ecuador,2023-05-01,Electricity generation,Aggregate fuel,Clean,%,82.57
Ecuador,2023-05-01,Electricity generation,Aggregate fuel,Fossil,%,17.43
Ecuador,2023-05-01,Electricity generation,Aggregate fuel,Gas and Other Fossil,%,17.43
Ecuador,2023-05-01,Electricity generation,Aggregate fuel,"Hydro, Bioenergy and Other Renewables",%,81.96
Ecuador,2023-05-01,Electricity generation,Aggregate fuel,Renewables,%,82.57
Ecuador,2023-05-01,Electricity generation,Aggregate fuel,Wind and Solar,%,0.61
Ecuador,2023-05-01,Electricity generation,Fuel,Bioenergy,%,0.0
Ecuador,2023-05-01,Electricity generation,Fuel,Gas,%,2.45
Ecuador,2023-05-01,Electricity generation,Fuel,Hydro,%,81.96
Ecuador,2023-05-01,Electricity generation,Fuel,Other Fossil,%,14.98
Ecuador,2023-05-01,Electricity generation,Fuel,Solar,%,0.0
Ecuador,2023-05-01,Electricity generation,Fuel,Wind,%,0.61
Ecuador,2023-06-01,Electricity generation,Aggregate fuel,Clean,%,83.55
Ecuador,2023-06-01,Electricity generation,Aggregate fuel,Fossil,%,16.45
Ecuador,2023-06-01,Electricity generation,Aggregate fuel,Gas and Other Fossil,%,16.45
Ecuador,2023-06-01,Electricity generation,Aggregate fuel,"Hydro, Bioenergy and Other Renewables",%,82.9
Ecuador,2023-06-01,Electricity generation,Aggregate fuel,Renewables,%,83.55
Ecuador,2023-06-01,Electricity generation,Aggregate fuel,Wind and Solar,%,0.65
Ecuador,2023-06-01,Electricity generation,Fuel,Bioenergy,%,0.32
Ecuador,2023-06-01,Electricity generation,Fuel,Gas,%,2.9
Ecuador,2023-06-01,Electricity generation,Fuel,Hydro,%,82.58
Ecuador,2023-06-01,Electricity generation,Fuel,Other Fossil,%,13.55
Ecuador,2023-06-01,Electricity generation,Fuel,Solar,%,0.0
Ecuador,2023-06-01,Electricity generation,Fuel,Wind,%,0.65
Ecuador,2023-07-01,Electricity generation,Aggregate fuel,Clean,%,83.9
Ecuador,2023-07-01,Electricity generation,Aggregate fuel,Fossil,%,16.1
Ecuador,2023-07-01,Electricity generation,Aggregate fuel,Gas and Other Fossil,%,16.1
Ecuador,2023-07-01,Electricity generation,Aggregate fuel,"Hydro, Bioenergy and Other Renewables",%,82.97
Ecuador,2023-07-01,Electricity generation,Aggregate fuel,Renewables,%,83.9
Ecuador,2023-07-01,Electricity generation,Aggregate fuel,Wind and Solar,%,0.93
Ecuador,2023-07-01,Electricity generation,Fuel,Bioenergy,%,0.62
Ecuador,2023-07-01,Electricity generation,Fuel,Gas,%,2.79
Ecuador,2023-07-01,Electricity generation,Fuel,Hydro,%,82.35
Ecuador,2023-07-01,Electricity generation,Fuel,Other Fossil,%,13.31
Ecuador,2023-07-01,Electricity generation,Fuel,Solar,%,0.0
Ecuador,2023-07-01,Electricity generation,Fuel,Wind,%,0.93
Ecuador,2023-08-01,Electricity generation,Aggregate fuel,Clean,%,79.8
Ecuador,2023-08-01,Electricity generation,Aggregate fuel,Fossil,%,20.19
Ecuador,2023-08-01,Electricity generation,Aggregate fuel,Gas and Other Fossil,%,20.19
Ecuador,2023-08-01,Electricity generation,Aggregate fuel,"Hydro, Bioenergy and Other Renewables",%,79.15
Ecuador,2023-08-01,Electricity generation,Aggregate fuel,Renewables,%,79.8
Ecuador,2023-08-01,Electricity generation,Aggregate fuel,Wind and Solar,%,0.65
Ecuador,2023-08-01,Electricity generation,Fuel,Bioenergy,%,1.95
Ecuador,2023-08-01,Electricity generation,Fuel,Gas,%,2.93
Ecuador,2023-08-01,Electricity generation,Fuel,Hydro,%,77.2
Ecuador,2023-08-01,Electricity generation,Fuel,Other Fossil,%,17.26
Ecuador,2023-08-01,Electricity generation,Fuel,Solar,%,0.0
Ecuador,2023-08-01,Electricity generation,Fuel,Wind,%,0.65
Ecuador,2023-09-01,Electricity generation,Aggregate fuel,Clean,%,69.59
Ecuador,2023-09-01,Electricity generation,Aggregate fuel,Fossil,%,30.4
Ecuador,2023-09-01,Electricity generation,Aggregate fuel,Gas and Other Fossil,%,30.4
Ecuador,2023-09-01,Electricity generation,Aggregate fuel,"Hydro, Bioenergy and Other Renewables",%,68.86
Ecuador,2023-09-01,Electricity generation,Aggregate fuel,Renewables,%,69.59
Ecuador,2023-09-01,Electricity generation,Aggregate fuel,Wind and Solar,%,0.73
Ecuador,2023-09-01,Electricity generation,Fuel,Bioenergy,%,2.56
Ecuador,2023-09-01,Electricity generation,Fuel,Gas,%,2.93
Ecuador,2023-09-01,Electricity generation,Fuel,Hydro,%,66.3
Ecuador,2023-09-01,Electricity generation,Fuel,Other Fossil,%,27.47
Ecuador,2023-09-01,Electricity generation,Fuel,Solar,%,0.0
Ecuador,2023-09-01,Electricity generation,Fuel,Wind,%,0.73
Ecuador,2023-10-01,Electricity generation,Aggregate fuel,Clean,%,65.05
Ecuador,2023-10-01,Electricity generation,Aggregate fuel,Fossil,%,34.95
Ecuador,2023-10-01,Electricity generation,Aggregate fuel,Gas and Other Fossil,%,34.95
Ecuador,2023-10-01,Electricity generation,Aggregate fuel,"Hydro, Bioenergy and Other Renewables",%,64.36
Ecuador,2023-10-01,Electricity generation,Aggregate fuel,Renewables,%,65.05
Ecuador,2023-10-01,Electricity generation,Aggregate fuel,Wind and Solar,%,0.69
Ecuador,2023-10-01,Electricity generation,Fuel,Bioenergy,%,2.42
Ecuador,2023-10-01,Electricity generation,Fuel,Gas,%,2.77
Ecuador,2023-10-01,Electricity generation,Fuel,Hydro,%,61.94
Ecuador,2023-10-01,Electricity generation,Fuel,Other Fossil,%,32.18
Ecuador,2023-10-01,Electricity generation,Fuel,Solar,%,0.0
Ecuador,2023-10-01,Electricity generation,Fuel,Wind,%,0.69
Ecuador,2023-11-01,Electricity generation,Aggregate fuel,Clean,%,60.94
Ecuador,2023-11-01,Electricity generation,Aggregate fuel,Fossil,%,39.05
Ecuador,2023-11-01,Electricity generation,Aggregate fuel,Gas and Other Fossil,%,39.05
Ecuador,2023-11-01,Electricity generation,Aggregate fuel,"Hydro, Bioenergy and Other Renewables",%,60.21
Ecuador,2023-11-01,Electricity generation,Aggregate fuel,Renewables,%,60.94
Ecuador,2023-11-01,Electricity generation,Aggregate fuel,Wind and Solar,%,0.73
Ecuador,2023-11-01,Electricity generation,Fuel,Bioenergy,%,2.55
Ecuador,2023-11-01,Electricity generation,Fuel,Gas,%,3.65
Ecuador,2023-11-01,Electricity generation,Fuel,Hydro,%,57.66
Ecuador,2023-11-01,Electricity generation,Fuel,Other Fossil,%,35.4
Ecuador,2023-11-01,Electricity generation,Fuel,Solar,%,0.0
Ecuador,2023-11-01,Electricity generation,Fuel,Wind,%,0.73
Ecuador,2023-12-01,Electricity generation,Aggregate fuel,Clean,%,66.44
Ecuador,2023-12-01,Electricity generation,Aggregate fuel,Fossil,%,33.56
Ecuador,2023-12-01,Electricity generation,Aggregate fuel,Gas and Other Fossil,%,33.56
Ecuador,2023-12-01,Electricity generation,Aggregate fuel,"Hydro, Bioenergy and Other Renewables",%,66.09
Ecuador,2023-12-01,Electricity generation,Aggregate fuel,Renewables,%,66.44
Ecuador,2023-12-01,Electricity generation,Aggregate fuel,Wind and Solar,%,0.35
Ecuador,2023-12-01,Electricity generation,Fuel,Bioenergy,%,1.73
Ecuador,2023-12-01,Electricity generation,Fuel,Gas,%,3.11
Ecuador,2023-12-01,Electricity generation,Fuel,Hydro,%,64.36
Ecuador,2023-12-01,Electricity generation,Fuel,Other Fossil,%,30.45
Ecuador,2023-12-01,Electricity generation,Fuel,Solar,%,0.0
Ecuador,2023-12-01,Electricity generation,Fuel,Wind,%,0.35
Ecuador,2024-01-01,Electricity generation,Aggregate fuel,Clean,%,75.17
Ecuador,2024-01-01,Electricity generation,Aggregate fuel,Fossil,%,24.83
Ecuador,2024-01-01,Electricity generation,Aggregate fuel,Gas and Other Fossil,%,24.83
Ecuador,2024-01-01,Electricity generation,Aggregate fuel,"Hydro, Bioenergy and Other Renewables",%,74.83
Ecuador,2024-01-01,Electricity generation,Aggregate fuel,Renewables,%,75.17
Ecuador,2024-01-01,Electricity generation,Aggregate fuel,Wind and Solar,%,0.34
Ecuador,2024-01-01,Electricity generation,Fuel,Bioenergy,%,0.34
Ecuador,2024-01-01,Electricity generation,Fuel,Gas,%,2.38
Ecuador,2024-01-01,Electricity generation,Fuel,Hydro,%,74.49
Ecuador,2024-01-01,Electricity generation,Fuel,Other Fossil,%,22.45
Ecuador,2024-01-01,Electricity generation,Fuel,Solar,%,0.0
Ecuador,2024-01-01,Electricity generation,Fuel,Wind,%,0.34
Ecuador,2024-02-01,Electricity generation,Aggregate fuel,Clean,%,74.33
Ecuador,2024-02-01,Electricity generation,Aggregate fuel,Fossil,%,25.67
Ecuador,2024-02-01,Electricity generation,Aggregate fuel,Gas and Other Fossil,%,25.67
Ecuador,2024-02-01,Electricity generation,Aggregate fuel,"Hydro, Bioenergy and Other Renewables",%,73.99
Ecuador,2024-02-01,Electricity generation,Aggregate fuel,Renewables,%,74.33
Ecuador,2024-02-01,Electricity generation,Aggregate fuel,Wind and Solar,%,0.34
Ecuador,2024-02-01,Electricity generation,Fuel,Bioenergy,%,0.0
Ecuador,2024-02-01,Electricity generation,Fuel,Gas,%,2.7
Ecuador,2024-02-01,Electricity generation,Fuel,Hydro,%,73.99
Ecuador,2024-02-01,Electricity generation,Fuel,Other Fossil,%,22.97
Ecuador,2024-02-01,Electricity generation,Fuel,Solar,%,0.0
Ecuador,2024-02-01,Electricity generation,Fuel,Wind,%,0.34
Ecuador,2024-03-01,Electricity generation,Aggregate fuel,Clean,%,71.66
Ecuador,2024-03-01,Electricity generation,Aggregate fuel,Fossil,%,28.35
Ecuador,2024-03-01,Electricity generation,Aggregate fuel,Gas and Other Fossil,%,28.35
Ecuador,2024-03-01,Electricity generation,Aggregate fuel,"Hydro, Bioenergy and Other Renewables",%,71.02
Ecuador,2024-03-01,Electricity generation,Aggregate fuel,Renewables,%,71.66
Ecuador,2024-03-01,Electricity generation,Aggregate fuel,Wind and Solar,%,0.64
Ecuador,2024-03-01,Electricity generation,Fuel,Bioenergy,%,0.0
Ecuador,2024-03-01,Electricity generation,Fuel,Gas,%,2.87
Ecuador,2024-03-01,Electricity generation,Fuel,Hydro,%,71.02
Ecuador,2024-03-01,Electricity generation,Fuel,Other Fossil,%,25.48
Ecuador,2024-03-01,Electricity generation,Fuel,Solar,%,0.0
Ecuador,2024-03-01,Electricity generation,Fuel,Wind,%,0.64
Ecuador,2024-04-01,Electricity generation,Aggregate fuel,Clean,%,68.87
Ecuador,2024-04-01,Electricity generation,Aggregate fuel,Fossil,%,31.13
Ecuador,2024-04-01,Electricity generation,Aggregate fuel,Gas and Other Fossil,%,31.13
Ecuador,2024-04-01,Electricity generation,Aggregate fuel,"Hydro, Bioenergy and Other Renewables",%,68.54
Ecuador,2024-04-01,Electricity generation,Aggregate fuel,Renewables,%,68.87
Ecuador,2024-04-01,Electricity generation,Aggregate fuel,Wind and Solar,%,0.33
Ecuador,2024-04-01,Electricity generation,Fuel,Bioenergy,%,0.0
Ecuador,2024-04-01,Electricity generation,Fuel,Gas,%,2.65
Ecuador,2024-04-01,Electricity generation,Fuel,Hydro,%,68.54
Ecuador,2024-04-01,Electricity generation,Fuel,Other Fossil,%,28.48
Ecuador,2024-04-01,Electricity generation,Fuel,Solar,%,0.0
Ecuador,2024-04-01,Electricity generation,Fuel,Wind,%,0.33
Ecuador,2024-05-01,Electricity generation,Aggregate fuel,Clean,%,72.42
Ecuador,2024-05-01,Electricity generation,Aggregate fuel,Fossil,%,27.59
Ecuador,2024-05-01,Electricity generation,Aggregate fuel,Gas and Other Fossil,%,27.59
Ecuador,2024-05-01,Electricity generation,Aggregate fuel,"Hydro, Bioenergy and Other Renewables",%,71.79
Ecuador,2024-05-01,Electricity generation,Aggregate fuel,Renewables,%,72.42
Ecuador,2024-05-01,Electricity generation,Aggregate fuel,Wind and Solar,%,0.63
Ecuador,2024-05-01,Electricity generation,Fuel,Bioenergy,%,0.0
Ecuador,2024-05-01,Electricity generation,Fuel,Gas,%,2.51
Ecuador,2024-05-01,Electricity generation,Fuel,Hydro,%,71.79
Ecuador,2024-05-01,Electricity generation,Fuel,Other Fossil,%,25.08
Ecuador,2024-05-01,Electricity generation,Fuel,Solar,%,0.0
Ecuador,2024-05-01,Electricity generation,Fuel,Wind,%,0.63
Ecuador,2024-06-01,Electricity generation,Aggregate fuel,Clean,%,81.2
Ecuador,2024-06-01,Electricity generation,Aggregate fuel,Fossil,%,18.79
Ecuador,2024-06-01,Electricity generation,Aggregate fuel,Gas and Other Fossil,%,18.79
Ecuador,2024-06-01,Electricity generation,Aggregate fuel,"Hydro, Bioenergy and Other Renewables",%,80.53
Ecuador,2024-06-01,Electricity generation,Aggregate fuel,Renewables,%,81.2
Ecuador,2024-06-01,Electricity generation,Aggregate fuel,Wind and Solar,%,0.67
Ecuador,2024-06-01,Electricity generation,Fuel,Bioenergy,%,2.01
Ecuador,2024-06-01,Electricity generation,Fuel,Gas,%,2.68
Ecuador,2024-06-01,Electricity generation,Fuel,Hydro,%,78.52
Ecuador,2024-06-01,Electricity generation,Fuel,Other Fossil,%,16.11
Ecuador,2024-06-01,Electricity generation,Fuel,Solar,%,0.0
Ecuador,2024-06-01,Electricity generation,Fuel,Wind,%,0.67
Ecuador,2024-07-01,Electricity generation,Aggregate fuel,Clean,%,76.24
Ecuador,2024-07-01,Electricity generation,Aggregate fuel,Fossil,%,23.76
Ecuador,2024-07-01,Electricity generation,Aggregate fuel,Gas and Other Fossil,%,23.76
Ecuador,2024-07-01,Electricity generation,Aggregate fuel,"Hydro, Bioenergy and Other Renewables",%,74.92
Ecuador,2024-07-01,Electricity generation,Aggregate fuel,Renewables,%,76.24
Ecuador,2024-07-01,Electricity generation,Aggregate fuel,Wind and Solar,%,1.32
Ecuador,2024-07-01,Electricity generation,Fuel,Bioenergy,%,2.64
Ecuador,2024-07-01,Electricity generation,Fuel,Gas,%,2.64
Ecuador,2024-07-01,Electricity generation,Fuel,Hydro,%,72.28
Ecuador,2024-07-01,Electricity generation,Fuel,Other Fossil,%,21.12
Ecuador,2024-07-01,Electricity generation,Fuel,Solar,%,0.0
Ecuador,2024-07-01,Electricity generation,Fuel,Wind,%,1.32
Ecuador,2024-08-01,Electricity generation,Aggregate fuel,Clean,%,68.85
Ecuador,2024-08-01,Electricity generation,Aggregate fuel,Fossil,%,31.16
Ecuador,2024-08-01,Electricity generation,Aggregate fuel,Gas and Other Fossil,%,31.16
Ecuador,2024-08-01,Electricity generation,Aggregate fuel,"Hydro, Bioenergy and Other Renewables",%,67.76
Ecuador,2024-08-01,Electricity generation,Aggregate fuel,Renewables,%,68.85
Ecuador,2024-08-01,Electricity generation,Aggregate fuel,Wind and Solar,%,1.09
Ecuador,2024-08-01,Electricity generation,Fuel,Bioenergy,%,2.9
Ecuador,2024-08-01,Electricity generation,Fuel,Gas,%,3.26
Ecuador,2024-08-01,Electricity generation,Fuel,Hydro,%,64.86
Ecuador,2024-08-01,Electricity generation,Fuel,Other Fossil,%,27.9
Ecuador,2024-08-01,Electricity generation,Fuel,Solar,%,0.0
Ecuador,2024-08-01,Electricity generation,Fuel,Wind,%,1.09
Ecuador,2024-09-01,Electricity generation,Aggregate fuel,Clean,%,63.28
Ecuador,2024-09-01,Electricity generation,Aggregate fuel,Fossil,%,36.72
Ecuador,2024-09-01,Electricity generation,Aggregate fuel,Gas and Other Fossil,%,36.72
Ecuador,2024-09-01,Electricity generation,Aggregate fuel,"Hydro, Bioenergy and Other Renewables",%,62.5
Ecuador,2024-09-01,Electricity generation,Aggregate fuel,Renewables,%,63.28
Ecuador,2024-09-01,Electricity generation,Aggregate fuel,Wind and Solar,%,0.78
Ecuador,2024-09-01,Electricity generation,Fuel,Bioenergy,%,2.73
Ecuador,2024-09-01,Electricity generation,Fuel,Gas,%,3.52
Ecuador,2024-09-01,Electricity generation,Fuel,Hydro,%,59.77
Ecuador,2024-09-01,Electricity generation,Fuel,Other Fossil,%,33.2
Ecuador,2024-09-01,Electricity generation,Fuel,Solar,%,0.0
Ecuador,2024-09-01,Electricity generation,Fuel,Wind,%,0.78
Ecuador,2024-10-01,Electricity generation,Aggregate fuel,Clean,%,56.05
Ecuador,2024-10-01,Electricity generation,Aggregate fuel,Fossil,%,43.95
Ecuador,2024-10-01,Electricity generation,Aggregate fuel,Gas and Other Fossil,%,43.95
Ecuador,2024-10-01,Electricity generation,Aggregate fuel,"Hydro, Bioenergy and Other Renewables",%,55.24
Ecuador,2024-10-01,Electricity generation,Aggregate fuel,Renewables,%,56.05
Ecuador,2024-10-01,Electricity generation,Aggregate fuel,Wind and Solar,%,0.81
Ecuador,2024-10-01,Electricity generation,Fuel,Bioenergy,%,2.82
Ecuador,2024-10-01,Electricity generation,Fuel,Gas,%,3.63
Ecuador,2024-10-01,Electricity generation,Fuel,Hydro,%,52.42
Ecuador,2024-10-01,Electricity generation,Fuel,Other Fossil,%,40.32
Ecuador,2024-10-01,Electricity generation,Fuel,Solar,%,0.0
Ecuador,2024-10-01,Electricity generation,Fuel,Wind,%,0.81
Ecuador,2024-11-01,Electricity generation,Aggregate fuel,Clean,%,48.88
Ecuador,2024-11-01,Electricity generation,Aggregate fuel,Fossil,%,51.12
Ecuador,2024-11-01,Electricity generation,Aggregate fuel,Gas and Other Fossil,%,51.12
Ecuador,2024-11-01,Electricity generation,Aggregate fuel,"Hydro, Bioenergy and Other Renewables",%,48.43
Ecuador,2024-11-01,Electricity generation,Aggregate fuel,Renewables,%,48.88
Ecuador,2024-11-01,Electricity generation,Aggregate fuel,Wind and Solar,%,0.45
Ecuador,2024-11-01,Electricity generation,Fuel,Bioenergy,%,3.14
Ecuador,2024-11-01,Electricity generation,Fuel,Gas,%,4.48
Ecuador,2024-11-01,Electricity generation,Fuel,Hydro,%,45.29
Ecuador,2024-11-01,Electricity generation,Fuel,Other Fossil,%,46.64
Ecuador,2024-11-01,Electricity generation,Fuel,Solar,%,0.0
Ecuador,2024-11-01,Electricity generation,Fuel,Wind,%,0.45
Ecuador,2024-12-01,Electricity generation,Aggregate fuel,Clean,%,58.34
Ecuador,2024-12-01,Electricity generation,Aggregate fuel,Fossil,%,41.67
Ecuador,2024-12-01,Electricity generation,Aggregate fuel,Gas and Other Fossil,%,41.67
Ecuador,2024-12-01,Electricity generation,Aggregate fuel,"Hydro, Bioenergy and Other Renewables",%,57.96
Ecuador,2024-12-01,Electricity generation,Aggregate fuel,Renewables,%,58.34
Ecuador,2024-12-01,Electricity generation,Aggregate fuel,Wind and Solar,%,0.38
Ecuador,2024-12-01,Electricity generation,Fuel,Bioenergy,%,1.52
Ecuador,2024-12-01,Electricity generation,Fuel,Gas,%,3.79
Ecuador,2024-12-01,Electricity generation,Fuel,Hydro,%,56.44
Ecuador,2024-12-01,Electricity generation,Fuel,Other Fossil,%,37.88
Ecuador,2024-12-01,Electricity generation,Fuel,Solar,%,0.0
Ecuador,2024-12-01,Electricity generation,Fuel,Wind,%,0.38
Ecuador,2025-01-01,Electricity generation,Aggregate fuel,Clean,%,63.7
Ecuador,2025-01-01,Electricity generation,Aggregate fuel,Fossil,%,36.3
Ecuador,2025-01-01,Electricity generation,Aggregate fuel,Gas and Other Fossil,%,36.3
Ecuador,2025-01-01,Electricity generation,Aggregate fuel,"Hydro, Bioenergy and Other Renewables",%,63.37
Ecuador,2025-01-01,Electricity generation,Aggregate fuel,Renewables,%,63.7
Ecuador,2025-01-01,Electricity generation,Aggregate fuel,Wind and Solar,%,0.33
Ecuador,2025-01-01,Electricity generation,Fuel,Bioenergy,%,0.0
Ecuador,2025-01-01,Electricity generation,Fuel,Gas,%,3.3
Ecuador,2025-01-01,Electricity generation,Fuel,Hydro,%,63.37
Ecuador,2025-01-01,Electricity generation,Fuel,Other Fossil,%,33.0
Ecuador,2025-01-01,Electricity generation,Fuel,Solar,%,0.0
Ecuador,2025-01-01,Electricity generation,Fuel,Wind,%,0.33
Ecuador,2025-02-01,Electricity generation,Aggregate fuel,Clean,%,73.47
Ecuador,2025-02-01,Electricity generation,Aggregate fuel,Fossil,%,26.53
Ecuador,2025-02-01,Electricity generation,Aggregate fuel,Gas and Other Fossil,%,26.53
Ecuador,2025-02-01,Electricity generation,Aggregate fuel,"Hydro, Bioenergy and Other Renewables",%,73.13
Ecuador,2025-02-01,Electricity generation,Aggregate fuel,Renewables,%,73.47
Ecuador,2025-02-01,Electricity generation,Aggregate fuel,Wind and Solar,%,0.34
Ecuador,2025-02-01,Electricity generation,Fuel,Bioenergy,%,0.0
Ecuador,2025-02-01,Electricity generation,Fuel,Gas,%,3.06
Ecuador,2025-02-01,Electricity generation,Fuel,Hydro,%,73.13
Ecuador,2025-02-01,Electricity generation,Fuel,Other Fossil,%,23.47
Ecuador,2025-02-01,Electricity generation,Fuel,Solar,%,0.0
Ecuador,2025-02-01,Electricity generation,Fuel,Wind,%,0.34
Ecuador,2025-03-01,Electricity generation,Aggregate fuel,Clean,%,76.93
Ecuador,2025-03-01,Electricity generation,Aggregate fuel,Fossil,%,23.08
Ecuador,2025-03-01,Electricity generation,Aggregate fuel,Gas and Other Fossil,%,23.08
Ecuador,2025-03-01,Electricity generation,Aggregate fuel,"Hydro, Bioenergy and Other Renewables",%,76.63
Ecuador,2025-03-01,Electricity generation,Aggregate fuel,Renewables,%,76.93
Ecuador,2025-03-01,Electricity generation,Aggregate fuel,Wind and Solar,%,0.3
Ecuador,2025-03-01,Electricity generation,Fuel,Bioenergy,%,0.0
Ecuador,2025-03-01,Electricity generation,Fuel,Gas,%,2.96
Ecuador,2025-03-01,Electricity generation,Fuel,Hydro,%,76.63
Ecuador,2025-03-01,Electricity generation,Fuel,Other Fossil,%,20.12
Ecuador,2025-03-01,Electricity generation,Fuel,Solar,%,0.0
Ecuador,2025-03-01,Electricity generation,Fuel,Wind,%,0.3
Ecuador,2025-04-01,Electricity generation,Aggregate fuel,Clean,%,78.19
Ecuador,2025-04-01,Electricity generation,Aggregate fuel,Fossil,%,21.8
Ecuador,2025-04-01,Electricity generation,Aggregate fuel,Gas and Other Fossil,%,21.8
Ecuador,2025-04-01,Electricity generation,Aggregate fuel,"Hydro, Bioenergy and Other Renewables",%,77.88
Ecuador,2025-04-01,Electricity generation,Aggregate fuel,Renewables,%,78.19
Ecuador,2025-04-01,Electricity generation,Aggregate fuel,Wind and Solar,%,0.31
Ecuador,2025-04-01,Electricity generation,Fuel,Bioenergy,%,0.0
Ecuador,2025-04-01,Electricity generation,Fuel,Gas,%,2.8
Ecuador,2025-04-01,Electricity generation,Fuel,Hydro,%,77.88
Ecuador,2025-04-01,Electricity generation,Fuel,Other Fossil,%,19.0
Ecuador,2025-04-01,Electricity generation,Fuel,Solar,%,0.0
Ecuador,2025-04-01,Electricity generation,Fuel,Wind,%,0.31
Ecuador,2025-05-01,Electricity generation,Aggregate fuel,Clean,%,77.48
Ecuador,2025-05-01,Electricity generation,Aggregate fuel,Fossil,%,22.52
Ecuador,2025-05-01,Electricity generation,Aggregate fuel,Gas and Other Fossil,%,22.52
Ecuador,2025-05-01,Electricity generation,Aggregate fuel,"Hydro, Bioenergy and Other Renewables",%,76.88
Ecuador,2025-05-01,Electricity generation,Aggregate fuel,Renewables,%,77.48
Ecuador,2025-05-01,Electricity generation,Aggregate fuel,Wind and Solar,%,0.6
Ecuador,2025-05-01,Electricity generation,Fuel,Bioenergy,%,0.0
Ecuador,2025-05-01,Electricity generation,Fuel,Gas,%,3.0
Ecuador,2025-05-01,Electricity generation,Fuel,Hydro,%,76.88
Ecuador,2025-05-01,Electricity generation,Fuel,Other Fossil,%,19.52
Ecuador,2025-05-01,Electricity generation,Fuel,Solar,%,0.0
Ecuador,2025-05-01,Electricity generation,Fuel,Wind,%,0.6
Ecuador,2025-06-01,Electricity generation,Aggregate fuel,Clean,%,79.22
Ecuador,2025-06-01,Electricity generation,Aggregate fuel,Fossil,%,20.78
Ecuador,2025-06-01,Electricity generation,Aggregate fuel,Gas and Other Fossil,%,20.78
Ecuador,2025-06-01,Electricity generation,Aggregate fuel,"Hydro, Bioenergy and Other Renewables",%,78.57
Ecuador,2025-06-01,Electricity generation,Aggregate fuel,Renewables,%,79.22
Ecuador,2025-06-01,Electricity generation,Aggregate fuel,Wind and Solar,%,0.65
Ecuador,2025-06-01,Electricity generation,Fuel,Bioenergy,%,0.0
Ecuador,2025-06-01,Electricity generation,Fuel,Gas,%,2.92
Ecuador,2025-06-01,Electricity generation,Fuel,Hydro,%,78.57
Ecuador,2025-06-01,Electricity generation,Fuel,Other Fossil,%,17.86
Ecuador,2025-06-01,Electricity generation,Fuel,Solar,%,0.0
Ecuador,2025-06-01,Electricity generation,Fuel,Wind,%,0.65
Ecuador,2025-07-01,Electricity generation,Aggregate fuel,Clean,%,82.22
Ecuador,2025-07-01,Electricity generation,Aggregate fuel,Fossil,%,17.79
Ecuador,2025-07-01,Electricity generation,Aggregate fuel,Gas and Other Fossil,%,17.79
Ecuador,2025-07-01,Electricity generation,Aggregate fuel,"Hydro, Bioenergy and Other Renewables",%,81.21
Ecuador,2025-07-01,Electricity generation,Aggregate fuel,Renewables,%,82.22
Ecuador,2025-07-01,Electricity generation,Aggregate fuel,Wind and Solar,%,1.01
Ecuador,2025-07-01,Electricity generation,Fuel,Bioenergy,%,2.35
Ecuador,2025-07-01,Electricity generation,Fuel,Gas,%,1.68
Ecuador,2025-07-01,Electricity generation,Fuel,Hydro,%,78.86
Ecuador,2025-07-01,Electricity generation,Fuel,Other Fossil,%,16.11
Ecuador,2025-07-01,Electricity generation,Fuel,Solar,%,0.0
Ecuador,2025-07-01,Electricity generation,Fuel,Wind,%,1.01
Ecuador,2025-08-01,Electricity generation,Aggregate fuel,Clean,%,78.13
Ecuador,2025-08-01,Electricity generation,Aggregate fuel,Fossil,%,21.86
Ecuador,2025-08-01,Electricity generation,Aggregate fuel,Gas and Other Fossil,%,21.86
Ecuador,2025-08-01,Electricity generation,Aggregate fuel,"Hydro, Bioenergy and Other Renewables",%,77.49
Ecuador,2025-08-01,Electricity generation,Aggregate fuel,Renewables,%,78.13
Ecuador,2025-08-01,Electricity generation,Aggregate fuel,Wind and Solar,%,0.64
Ecuador,2025-08-01,Electricity generation,Fuel,Bioenergy,%,2.57
Ecuador,2025-08-01,Electricity generation,Fuel,Gas,%,2.89
Ecuador,2025-08-01,Electricity generation,Fuel,Hydro,%,74.92
Ecuador,2025-08-01,Electricity generation,Fuel,Other Fossil,%,18.97
Ecuador,2025-08-01,Electricity generation,Fuel,Solar,%,0.0
Ecuador,2025-08-01,Electricity generation,Fuel,Wind,%,0.64
Ecuador,2025-09-01,Electricity generation,Aggregate fuel,Clean,%,78.48
Ecuador,2025-09-01,Electricity generation,Aggregate fuel,Fossil,%,21.52
Ecuador,2025-09-01,Electricity generation,Aggregate fuel,Gas and Other Fossil,%,21.52
Ecuador,2025-09-01,Electricity generation,Aggregate fuel,"Hydro, Bioenergy and Other Renewables",%,77.85
Ecuador,2025-09-01,Electricity generation,Aggregate fuel,Renewables,%,78.48
Ecuador,2025-09-01,Electricity generation,Aggregate fuel,Wind and Solar,%,0.63
Ecuador,2025-09-01,Electricity generation,Fuel,Bioenergy,%,2.22
Ecuador,2025-09-01,Electricity generation,Fuel,Gas,%,2.85
Ecuador,2025-09-01,Electricity generation,Fuel,Hydro,%,75.63
Ecuador,2025-09-01,Electricity generation,Fuel,Other Fossil,%,18.67
Ecuador,2025-09-01,Electricity generation,Fuel,Solar,%,0.0
Ecuador,2025-09-01,Electricity generation,Fuel,Wind,%,0.63
El Salvador,2019-01-01,Electricity generation,Aggregate fuel,Clean,%,77.5
El Salvador,2019-01-01,Electricity generation,Aggregate fuel,Fossil,%,22.5
El Salvador,2019-01-01,Electricity generation,Aggregate fuel,Gas and Other Fossil,%,22.5
El Salvador,2019-01-01,Electricity generation,Aggregate fuel,"Hydro, Bioenergy and Other Renewables",%,75.0
El Salvador,2019-01-01,Electricity generation,Aggregate fuel,Renewables,%,77.5
El Salvador,2019-01-01,Electricity generation,Aggregate fuel,Wind and Solar,%,2.5
El Salvador,2019-01-01,Electricity generation,Fuel,Bioenergy,%,25.0
El Salvador,2019-01-01,Electricity generation,Fuel,Gas,%,0.0
El Salvador,2019-01-01,Electricity generation,Fuel,Hydro,%,20.0
El Salvador,2019-01-01,Electricity generation,Fuel,Other Fossil,%,22.5
El Salvador,2019-01-01,Electricity generation,Fuel,Other Renewables,%,30.0
El Salvador,2019-01-01,Electricity generation,Fuel,Solar,%,2.5
El Salvador,2019-01-01,Electricity generation,Fuel,Wind,%,0.0
El Salvador,2019-02-01,Electricity generation,Aggregate fuel,Clean,%,63.06
El Salvador,2019-02-01,Electricity generation,Aggregate fuel,Fossil,%,36.96
El Salvador,2019-02-01,Electricity generation,Aggregate fuel,Gas and Other Fossil,%,36.96
El Salvador,2019-02-01,Electricity generation,Aggregate fuel,"Hydro, Bioenergy and Other Renewables",%,58.71
El Salvador,2019-02-01,Electricity generation,Aggregate fuel,Renewables,%,63.06
El Salvador,2019-02-01,Electricity generation,Aggregate fuel,Wind and Solar,%,4.35
El Salvador,2019-02-01,Electricity generation,Fuel,Bioenergy,%,19.57
El Salvador,2019-02-01,Electricity generation,Fuel,Gas,%,0.0
El Salvador,2019-02-01,Electricity generation,Fuel,Hydro,%,19.57
El Salvador,2019-02-01,Electricity generation,Fuel,Other Fossil,%,36.96
El Salvador,2019-02-01,Electricity generation,Fuel,Other Renewables,%,19.57
El Salvador,2019-02-01,Electricity generation,Fuel,Solar,%,4.35
El Salvador,2019-02-01,Electricity generation,Fuel,Wind,%,0.0
El Salvador,2019-03-01,Electricity generation,Aggregate fuel,Clean,%,69.57
El Salvador,2019-03-01,Electricity generation,Aggregate fuel,Fossil,%,30.43
El Salvador,2019-03-01,Electricity generation,Aggregate fuel,Gas and Other Fossil,%,30.43
El Salvador,2019-03-01,Electricity generation,Aggregate fuel,"Hydro, Bioenergy and Other Renewables",%,65.22
El Salvador,2019-03-01,Electricity generation,Aggregate fuel,Renewables,%,69.57
El Salvador,2019-03-01,Electricity generation,Aggregate fuel,Wind and Solar,%,4.35
El Salvador,2019-03-01,Electricity generation,Fuel,Bioenergy,%,21.74
El Salvador,2019-03-01,Electricity generation,Fuel,Gas,%,0.0
El Salvador,2019-03-01,Electricity generation,Fuel,Hydro,%,21.74
El Salvador,2019-03-01,Electricity generation,Fuel,Other Fossil,%,30.43
El Salvador,2019-03-01,Electricity generation,Fuel,Other Renewables,%,21.74
El Salvador,2019-03-01,Electricity generation,Fuel,Solar,%,4.35
El Salvador,2019-03-01,Electricity generation,Fuel,Wind,%,0.0
El Salvador,2019-04-01,Electricity generation,Aggregate fuel,Clean,%,64.44
El Salvador,2019-04-01,Electricity generation,Aggregate fuel,Fossil,%,35.56
El Salvador,2019-04-01,Electricity generation,Aggregate fuel,Gas and Other Fossil,%,35.56
El Salvador,2019-04-01,Electricity generation,Aggregate fuel,"Hydro, Bioenergy and Other Renewables",%,60.0
El Salvador,2019-04-01,Electricity generation,Aggregate fuel,Renewables,%,64.44
El Salvador,2019-04-01,Electricity generation,Aggregate fuel,Wind and Solar,%,4.44
El Salvador,2019-04-01,Electricity generation,Fuel,Bioenergy,%,15.56
El Salvador,2019-04-01,Electricity generation,Fuel,Gas,%,0.0
El Salvador,2019-04-01,Electricity generation,Fuel,Hydro,%,24.44
El Salvador,2019-04-01,Electricity generation,Fuel,Other Fossil,%,35.56
El Salvador,2019-04-01,Electricity generation,Fuel,Other Renewables,%,20.0
El Salvador,2019-04-01,Electricity generation,Fuel,Solar,%,4.44
El Salvador,2019-04-01,Electricity generation,Fuel,Wind,%,0.0
El Salvador,2019-05-01,Electricity generation,Aggregate fuel,Clean,%,68.19
El Salvador,2019-05-01,Electricity generation,Aggregate fuel,Fossil,%,31.82
El Salvador,2019-05-01,Electricity generation,Aggregate fuel,Gas and Other Fossil,%,31.82
El Salvador,2019-05-01,Electricity generation,Aggregate fuel,"Hydro, Bioenergy and Other Renewables",%,63.64
El Salvador,2019-05-01,Electricity generation,Aggregate fuel,Renewables,%,68.19
El Salvador,2019-05-01,Electricity generation,Aggregate fuel,Wind and Solar,%,4.55
El Salvador,2019-05-01,Electricity generation,Fuel,Bioenergy,%,9.09
El Salvador,2019-05-01,Electricity generation,Fuel,Gas,%,0.0
El Salvador,2019-05-01,Electricity generation,Fuel,Hydro,%,31.82
El Salvador,2019-05-01,Electricity generation,Fuel,Other Fossil,%,31.82
El Salvador,2019-05-01,Electricity generation,Fuel,Other Renewables,%,22.73
El Salvador,2019-05-01,Electricity generation,Fuel,Solar,%,4.55
El Salvador,2019-05-01,Electricity generation,Fuel,Wind,%,0.0
El Salvador,2019-06-01,Electricity generation,Aggregate fuel,Clean,%,66.67
El Salvador,2019-06-01,Electricity generation,Aggregate fuel,Fossil,%,33.33
El Salvador,2019-06-01,Electricity generation,Aggregate fuel,Gas and Other Fossil,%,33.33
El Salvador,2019-06-01,Electricity generation,Aggregate fuel,"Hydro, Bioenergy and Other Renewables",%,61.54
El Salvador,2019-06-01,Electricity generation,Aggregate fuel,Renewables,%,66.67
El Salvador,2019-06-01,Electricity generation,Aggregate fuel,Wind and Solar,%,5.13
El Salvador,2019-06-01,Electricity generation,Fuel,Bioenergy,%,2.56
El Salvador,2019-06-01,Electricity generation,Fuel,Gas,%,0.0
El Salvador,2019-06-01,Electricity generation,Fuel,Hydro,%,28.21
El Salvador,2019-06-01,Electricity generation,Fuel,Other Fossil,%,33.33
El Salvador,2019-06-01,Electricity generation,Fuel,Other Renewables,%,30.77
El Salvador,2019-06-01,Electricity generation,Fuel,Solar,%,5.13
El Salvador,2019-06-01,Electricity generation,Fuel,Wind,%,0.0
El Salvador,2019-07-01,Electricity generation,Aggregate fuel,Clean,%,53.48
El Salvador,2019-07-01,Electricity generation,Aggregate fuel,Fossil,%,46.51
El Salvador,2019-07-01,Electricity generation,Aggregate fuel,Gas and Other Fossil,%,46.51
El Salvador,2019-07-01,Electricity generation,Aggregate fuel,"Hydro, Bioenergy and Other Renewables",%,48.83
El Salvador,2019-07-01,Electricity generation,Aggregate fuel,Renewables,%,53.48
El Salvador,2019-07-01,Electricity generation,Aggregate fuel,Wind and Solar,%,4.65
El Salvador,2019-07-01,Electricity generation,Fuel,Bioenergy,%,0.0
El Salvador,2019-07-01,Electricity generation,Fuel,Gas,%,0.0
El Salvador,2019-07-01,Electricity generation,Fuel,Hydro,%,18.6
El Salvador,2019-07-01,Electricity generation,Fuel,Other Fossil,%,46.51
El Salvador,2019-07-01,Electricity generation,Fuel,Other Renewables,%,30.23
El Salvador,2019-07-01,Electricity generation,Fuel,Solar,%,4.65
El Salvador,2019-07-01,Electricity generation,Fuel,Wind,%,0.0
El Salvador,2019-08-01,Electricity generation,Aggregate fuel,Clean,%,53.48
El Salvador,2019-08-01,Electricity generation,Aggregate fuel,Fossil,%,46.51
El Salvador,2019-08-01,Electricity generation,Aggregate fuel,Gas and Other Fossil,%,46.51
El Salvador,2019-08-01,Electricity generation,Aggregate fuel,"Hydro, Bioenergy and Other Renewables",%,48.83
El Salvador,2019-08-01,Electricity generation,Aggregate fuel,Renewables,%,53.48
El Salvador,2019-08-01,Electricity generation,Aggregate fuel,Wind and Solar,%,4.65
El Salvador,2019-08-01,Electricity generation,Fuel,Bioenergy,%,0.0
El Salvador,2019-08-01,Electricity generation,Fuel,Gas,%,0.0
El Salvador,2019-08-01,Electricity generation,Fuel,Hydro,%,18.6
El Salvador,2019-08-01,Electricity generation,Fuel,Other Fossil,%,46.51
El Salvador,2019-08-01,Electricity generation,Fuel,Other Renewables,%,30.23
El Salvador,2019-08-01,Electricity generation,Fuel,Solar,%,4.65
El Salvador,2019-08-01,Electricity generation,Fuel,Wind,%,0.0
El Salvador,2019-09-01,Electricity generation,Aggregate fuel,Clean,%,68.89
El Salvador,2019-09-01,Electricity generation,Aggregate fuel,Fossil,%,31.11
El Salvador,2019-09-01,Electricity generation,Aggregate fuel,Gas and Other Fossil,%,31.11
El Salvador,2019-09-01,Electricity generation,Aggregate fuel,"Hydro, Bioenergy and Other Renewables",%,64.45
El Salvador,2019-09-01,Electricity generation,Aggregate fuel,Renewables,%,68.89
El Salvador,2019-09-01,Electricity generation,Aggregate fuel,Wind and Solar,%,4.44
El Salvador,2019-09-01,Electricity generation,Fuel,Bioenergy,%,0.0
El Salvador,2019-09-01,Electricity generation,Fuel,Gas,%,0.0
El Salvador,2019-09-01,Electricity generation,Fuel,Hydro,%,37.78
El Salvador,2019-09-01,Electricity generation,Fuel,Other Fossil,%,31.11
El Salvador,2019-09-01,Electricity generation,Fuel,Other Renewables,%,26.67
El Salvador,2019-09-01,Electricity generation,Fuel,Solar,%,4.44
El Salvador,2019-09-01,Electricity generation,Fuel,Wind,%,0.0
El Salvador,2019-10-01,Electricity generation,Aggregate fuel,Clean,%,86.96
El Salvador,2019-10-01,Electricity generation,Aggregate fuel,Fossil,%,13.04
El Salvador,2019-10-01,Electricity generation,Aggregate fuel,Gas and Other Fossil,%,13.04
El Salvador,2019-10-01,Electricity generation,Aggregate fuel,"Hydro, Bioenergy and Other Renewables",%,82.61
El Salvador,2019-10-01,Electricity generation,Aggregate fuel,Renewables,%,86.96
El Salvador,2019-10-01,Electricity generation,Aggregate fuel,Wind and Solar,%,4.35
El Salvador,2019-10-01,Electricity generation,Fuel,Bioenergy,%,0.0
El Salvador,2019-10-01,Electricity generation,Fuel,Gas,%,0.0
El Salvador,2019-10-01,Electricity generation,Fuel,Hydro,%,54.35
El Salvador,2019-10-01,Electricity generation,Fuel,Other Fossil,%,13.04
El Salvador,2019-10-01,Electricity generation,Fuel,Other Renewables,%,28.26
El Salvador,2019-10-01,Electricity generation,Fuel,Solar,%,4.35
El Salvador,2019-10-01,Electricity generation,Fuel,Wind,%,0.0
El Salvador,2019-11-01,Electricity generation,Aggregate fuel,Clean,%,76.75
El Salvador,2019-11-01,Electricity generation,Aggregate fuel,Fossil,%,23.26
El Salvador,2019-11-01,Electricity generation,Aggregate fuel,Gas and Other Fossil,%,23.26
El Salvador,2019-11-01,Electricity generation,Aggregate fuel,"Hydro, Bioenergy and Other Renewables",%,72.1
El Salvador,2019-11-01,Electricity generation,Aggregate fuel,Renewables,%,76.75
El Salvador,2019-11-01,Electricity generation,Aggregate fuel,Wind and Solar,%,4.65
El Salvador,2019-11-01,Electricity generation,Fuel,Bioenergy,%,6.98
El Salvador,2019-11-01,Electricity generation,Fuel,Gas,%,0.0
El Salvador,2019-11-01,Electricity generation,Fuel,Hydro,%,37.21
El Salvador,2019-11-01,Electricity generation,Fuel,Other Fossil,%,23.26
El Salvador,2019-11-01,Electricity generation,Fuel,Other Renewables,%,27.91
El Salvador,2019-11-01,Electricity generation,Fuel,Solar,%,4.65
El Salvador,2019-11-01,Electricity generation,Fuel,Wind,%,0.0
El Salvador,2019-12-01,Electricity generation,Aggregate fuel,Clean,%,82.93
El Salvador,2019-12-01,Electricity generation,Aggregate fuel,Fossil,%,17.07
El Salvador,2019-12-01,Electricity generation,Aggregate fuel,Gas and Other Fossil,%,17.07
El Salvador,2019-12-01,Electricity generation,Aggregate fuel,"Hydro, Bioenergy and Other Renewables",%,75.61
El Salvador,2019-12-01,Electricity generation,Aggregate fuel,Renewables,%,82.93
El Salvador,2019-12-01,Electricity generation,Aggregate fuel,Wind and Solar,%,7.32
El Salvador,2019-12-01,Electricity generation,Fuel,Bioenergy,%,24.39
El Salvador,2019-12-01,Electricity generation,Fuel,Gas,%,0.0
El Salvador,2019-12-01,Electricity generation,Fuel,Hydro,%,19.51
El Salvador,2019-12-01,Electricity generation,Fuel,Other Fossil,%,17.07
El Salvador,2019-12-01,Electricity generation,Fuel,Other Renewables,%,31.71
El Salvador,2019-12-01,Electricity generation,Fuel,Solar,%,7.32
El Salvador,2019-12-01,Electricity generation,Fuel,Wind,%,0.0
El Salvador,2020-01-01,Electricity generation,Aggregate fuel,Clean,%,80.49
El Salvador,2020-01-01,Electricity generation,Aggregate fuel,Fossil,%,19.51
El Salvador,2020-01-01,Electricity generation,Aggregate fuel,Gas and Other Fossil,%,19.51
El Salvador,2020-01-01,Electricity generation,Aggregate fuel,"Hydro, Bioenergy and Other Renewables",%,70.73
El Salvador,2020-01-01,Electricity generation,Aggregate fuel,Renewables,%,80.49
El Salvador,2020-01-01,Electricity generation,Aggregate fuel,Wind and Solar,%,9.76
El Salvador,2020-01-01,Electricity generation,Fuel,Bioenergy,%,26.83
El Salvador,2020-01-01,Electricity generation,Fuel,Gas,%,0.0
El Salvador,2020-01-01,Electricity generation,Fuel,Hydro,%,17.07
El Salvador,2020-01-01,Electricity generation,Fuel,Other Fossil,%,19.51
El Salvador,2020-01-01,Electricity generation,Fuel,Other Renewables,%,26.83
El Salvador,2020-01-01,Electricity generation,Fuel,Solar,%,9.76
El Salvador,2020-01-01,Electricity generation,Fuel,Wind,%,0.0
El Salvador,2020-02-01,Electricity generation,Aggregate fuel,Clean,%,76.75
El Salvador,2020-02-01,Electricity generation,Aggregate fuel,Fossil,%,23.26
El Salvador,2020-02-01,Electricity generation,Aggregate fuel,Gas and Other Fossil,%,23.26
El Salvador,2020-02-01,Electricity generation,Aggregate fuel,"Hydro, Bioenergy and Other Renewables",%,67.45
El Salvador,2020-02-01,Electricity generation,Aggregate fuel,Renewables,%,76.75
El Salvador,2020-02-01,Electricity generation,Aggregate fuel,Wind and Solar,%,9.3
El Salvador,2020-02-01,Electricity generation,Fuel,Bioenergy,%,23.26
El Salvador,2020-02-01,Electricity generation,Fuel,Gas,%,0.0
El Salvador,2020-02-01,Electricity generation,Fuel,Hydro,%,16.28
El Salvador,2020-02-01,Electricity generation,Fuel,Other Fossil,%,23.26
El Salvador,2020-02-01,Electricity generation,Fuel,Other Renewables,%,27.91
El Salvador,2020-02-01,Electricity generation,Fuel,Solar,%,9.3
El Salvador,2020-02-01,Electricity generation,Fuel,Wind,%,0.0
El Salvador,2020-03-01,Electricity generation,Aggregate fuel,Clean,%,76.59
El Salvador,2020-03-01,Electricity generation,Aggregate fuel,Fossil,%,23.4
El Salvador,2020-03-01,Electricity generation,Aggregate fuel,Gas and Other Fossil,%,23.4
El Salvador,2020-03-01,Electricity generation,Aggregate fuel,"Hydro, Bioenergy and Other Renewables",%,65.95
El Salvador,2020-03-01,Electricity generation,Aggregate fuel,Renewables,%,76.59
El Salvador,2020-03-01,Electricity generation,Aggregate fuel,Wind and Solar,%,10.64
El Salvador,2020-03-01,Electricity generation,Fuel,Bioenergy,%,23.4
El Salvador,2020-03-01,Electricity generation,Fuel,Gas,%,0.0
El Salvador,2020-03-01,Electricity generation,Fuel,Hydro,%,14.89
El Salvador,2020-03-01,Electricity generation,Fuel,Other Fossil,%,23.4
El Salvador,2020-03-01,Electricity generation,Fuel,Other Renewables,%,27.66
El Salvador,2020-03-01,Electricity generation,Fuel,Solar,%,10.64
El Salvador,2020-03-01,Electricity generation,Fuel,Wind,%,0.0
El Salvador,2020-04-01,Electricity generation,Aggregate fuel,Clean,%,73.34
El Salvador,2020-04-01,Electricity generation,Aggregate fuel,Fossil,%,26.67
El Salvador,2020-04-01,Electricity generation,Aggregate fuel,Gas and Other Fossil,%,26.67
El Salvador,2020-04-01,Electricity generation,Aggregate fuel,"Hydro, Bioenergy and Other Renewables",%,64.45
El Salvador,2020-04-01,Electricity generation,Aggregate fuel,Renewables,%,73.34
El Salvador,2020-04-01,Electricity generation,Aggregate fuel,Wind and Solar,%,8.89
El Salvador,2020-04-01,Electricity generation,Fuel,Bioenergy,%,20.0
El Salvador,2020-04-01,Electricity generation,Fuel,Gas,%,0.0
El Salvador,2020-04-01,Electricity generation,Fuel,Hydro,%,17.78
El Salvador,2020-04-01,Electricity generation,Fuel,Other Fossil,%,26.67
El Salvador,2020-04-01,Electricity generation,Fuel,Other Renewables,%,26.67
El Salvador,2020-04-01,Electricity generation,Fuel,Solar,%,8.89
El Salvador,2020-04-01,Electricity generation,Fuel,Wind,%,0.0
El Salvador,2020-05-01,Electricity generation,Aggregate fuel,Clean,%,78.72
El Salvador,2020-05-01,Electricity generation,Aggregate fuel,Fossil,%,21.28
El Salvador,2020-05-01,Electricity generation,Aggregate fuel,Gas and Other Fossil,%,21.28
El Salvador,2020-05-01,Electricity generation,Aggregate fuel,"Hydro, Bioenergy and Other Renewables",%,70.21
El Salvador,2020-05-01,Electricity generation,Aggregate fuel,Renewables,%,78.72
El Salvador,2020-05-01,Electricity generation,Aggregate fuel,Wind and Solar,%,8.51
El Salvador,2020-05-01,Electricity generation,Fuel,Bioenergy,%,8.51
El Salvador,2020-05-01,Electricity generation,Fuel,Gas,%,0.0
El Salvador,2020-05-01,Electricity generation,Fuel,Hydro,%,36.17
El Salvador,2020-05-01,Electricity generation,Fuel,Other Fossil,%,21.28
El Salvador,2020-05-01,Electricity generation,Fuel,Other Renewables,%,25.53
El Salvador,2020-05-01,Electricity generation,Fuel,Solar,%,8.51
El Salvador,2020-05-01,Electricity generation,Fuel,Wind,%,0.0
El Salvador,2020-06-01,Electricity generation,Aggregate fuel,Clean,%,88.37
El Salvador,2020-06-01,Electricity generation,Aggregate fuel,Fossil,%,11.63
El Salvador,2020-06-01,Electricity generation,Aggregate fuel,Gas and Other Fossil,%,11.63
El Salvador,2020-06-01,Electricity generation,Aggregate fuel,"Hydro, Bioenergy and Other Renewables",%,79.07
El Salvador,2020-06-01,Electricity generation,Aggregate fuel,Renewables,%,88.37
El Salvador,2020-06-01,Electricity generation,Aggregate fuel,Wind and Solar,%,9.3
El Salvador,2020-06-01,Electricity generation,Fuel,Bioenergy,%,0.0
El Salvador,2020-06-01,Electricity generation,Fuel,Gas,%,0.0
El Salvador,2020-06-01,Electricity generation,Fuel,Hydro,%,51.16
El Salvador,2020-06-01,Electricity generation,Fuel,Other Fossil,%,11.63
El Salvador,2020-06-01,Electricity generation,Fuel,Other Renewables,%,27.91
El Salvador,2020-06-01,Electricity generation,Fuel,Solar,%,9.3
El Salvador,2020-06-01,Electricity generation,Fuel,Wind,%,0.0
El Salvador,2020-07-01,Electricity generation,Aggregate fuel,Clean,%,82.22
El Salvador,2020-07-01,Electricity generation,Aggregate fuel,Fossil,%,17.78
El Salvador,2020-07-01,Electricity generation,Aggregate fuel,Gas and Other Fossil,%,17.78
El Salvador,2020-07-01,Electricity generation,Aggregate fuel,"Hydro, Bioenergy and Other Renewables",%,71.11
El Salvador,2020-07-01,Electricity generation,Aggregate fuel,Renewables,%,82.22
El Salvador,2020-07-01,Electricity generation,Aggregate fuel,Wind and Solar,%,11.11
El Salvador,2020-07-01,Electricity generation,Fuel,Bioenergy,%,0.0
El Salvador,2020-07-01,Electricity generation,Fuel,Gas,%,0.0
El Salvador,2020-07-01,Electricity generation,Fuel,Hydro,%,44.44
El Salvador,2020-07-01,Electricity generation,Fuel,Other Fossil,%,17.78
El Salvador,2020-07-01,Electricity generation,Fuel,Other Renewables,%,26.67
El Salvador,2020-07-01,Electricity generation,Fuel,Solar,%,11.11
El Salvador,2020-07-01,Electricity generation,Fuel,Wind,%,0.0
El Salvador,2020-08-01,Electricity generation,Aggregate fuel,Clean,%,86.36
El Salvador,2020-08-01,Electricity generation,Aggregate fuel,Fossil,%,13.64
El Salvador,2020-08-01,Electricity generation,Aggregate fuel,Gas and Other Fossil,%,13.64
El Salvador,2020-08-01,Electricity generation,Aggregate fuel,"Hydro, Bioenergy and Other Renewables",%,77.27
El Salvador,2020-08-01,Electricity generation,Aggregate fuel,Renewables,%,86.36
El Salvador,2020-08-01,Electricity generation,Aggregate fuel,Wind and Solar,%,9.09
El Salvador,2020-08-01,Electricity generation,Fuel,Bioenergy,%,0.0
El Salvador,2020-08-01,Electricity generation,Fuel,Gas,%,0.0
El Salvador,2020-08-01,Electricity generation,Fuel,Hydro,%,50.0
El Salvador,2020-08-01,Electricity generation,Fuel,Other Fossil,%,13.64
El Salvador,2020-08-01,Electricity generation,Fuel,Other Renewables,%,27.27
El Salvador,2020-08-01,Electricity generation,Fuel,Solar,%,9.09
El Salvador,2020-08-01,Electricity generation,Fuel,Wind,%,0.0
El Salvador,2020-09-01,Electricity generation,Aggregate fuel,Clean,%,89.58
El Salvador,2020-09-01,Electricity generation,Aggregate fuel,Fossil,%,10.42
El Salvador,2020-09-01,Electricity generation,Aggregate fuel,Gas and Other Fossil,%,10.42
El Salvador,2020-09-01,Electricity generation,Aggregate fuel,"Hydro, Bioenergy and Other Renewables",%,81.25
El Salvador,2020-09-01,Electricity generation,Aggregate fuel,Renewables,%,89.58
El Salvador,2020-09-01,Electricity generation,Aggregate fuel,Wind and Solar,%,8.33
El Salvador,2020-09-01,Electricity generation,Fuel,Bioenergy,%,0.0
El Salvador,2020-09-01,Electricity generation,Fuel,Gas,%,0.0
El Salvador,2020-09-01,Electricity generation,Fuel,Hydro,%,56.25
El Salvador,2020-09-01,Electricity generation,Fuel,Other Fossil,%,10.42
El Salvador,2020-09-01,Electricity generation,Fuel,Other Renewables,%,25.0
El Salvador,2020-09-01,Electricity generation,Fuel,Solar,%,8.33
El Salvador,2020-09-01,Electricity generation,Fuel,Wind,%,0.0
El Salvador,2020-10-01,Electricity generation,Aggregate fuel,Clean,%,85.41
El Salvador,2020-10-01,Electricity generation,Aggregate fuel,Fossil,%,14.58
El Salvador,2020-10-01,Electricity generation,Aggregate fuel,Gas and Other Fossil,%,14.58
El Salvador,2020-10-01,Electricity generation,Aggregate fuel,"Hydro, Bioenergy and Other Renewables",%,77.08
El Salvador,2020-10-01,Electricity generation,Aggregate fuel,Renewables,%,85.41
El Salvador,2020-10-01,Electricity generation,Aggregate fuel,Wind and Solar,%,8.33
El Salvador,2020-10-01,Electricity generation,Fuel,Bioenergy,%,0.0
El Salvador,2020-10-01,Electricity generation,Fuel,Gas,%,0.0
El Salvador,2020-10-01,Electricity generation,Fuel,Hydro,%,50.0
El Salvador,2020-10-01,Electricity generation,Fuel,Other Fossil,%,14.58
El Salvador,2020-10-01,Electricity generation,Fuel,Other Renewables,%,27.08
El Salvador,2020-10-01,Electricity generation,Fuel,Solar,%,8.33
El Salvador,2020-10-01,Electricity generation,Fuel,Wind,%,0.0
El Salvador,2020-11-01,Electricity generation,Aggregate fuel,Clean,%,91.12
El Salvador,2020-11-01,Electricity generation,Aggregate fuel,Fossil,%,8.89
El Salvador,2020-11-01,Electricity generation,Aggregate fuel,Gas and Other Fossil,%,8.89
El Salvador,2020-11-01,Electricity generation,Aggregate fuel,"Hydro, Bioenergy and Other Renewables",%,84.45
El Salvador,2020-11-01,Electricity generation,Aggregate fuel,Renewables,%,91.12
El Salvador,2020-11-01,Electricity generation,Aggregate fuel,Wind and Solar,%,6.67
El Salvador,2020-11-01,Electricity generation,Fuel,Bioenergy,%,0.0
El Salvador,2020-11-01,Electricity generation,Fuel,Gas,%,0.0
El Salvador,2020-11-01,Electricity generation,Fuel,Hydro,%,57.78
El Salvador,2020-11-01,Electricity generation,Fuel,Other Fossil,%,8.89
El Salvador,2020-11-01,Electricity generation,Fuel,Other Renewables,%,26.67
El Salvador,2020-11-01,Electricity generation,Fuel,Solar,%,6.67
El Salvador,2020-11-01,Electricity generation,Fuel,Wind,%,0.0
El Salvador,2020-12-01,Electricity generation,Aggregate fuel,Clean,%,95.36
El Salvador,2020-12-01,Electricity generation,Aggregate fuel,Fossil,%,4.65
El Salvador,2020-12-01,Electricity generation,Aggregate fuel,Gas and Other Fossil,%,4.65
El Salvador,2020-12-01,Electricity generation,Aggregate fuel,"Hydro, Bioenergy and Other Renewables",%,81.4
El Salvador,2020-12-01,Electricity generation,Aggregate fuel,Renewables,%,95.36
El Salvador,2020-12-01,Electricity generation,Aggregate fuel,Wind and Solar,%,13.96
El Salvador,2020-12-01,Electricity generation,Fuel,Bioenergy,%,23.26
El Salvador,2020-12-01,Electricity generation,Fuel,Gas,%,0.0
El Salvador,2020-12-01,Electricity generation,Fuel,Hydro,%,30.23
El Salvador,2020-12-01,Electricity generation,Fuel,Other Fossil,%,4.65
El Salvador,2020-12-01,Electricity generation,Fuel,Other Renewables,%,27.91
El Salvador,2020-12-01,Electricity generation,Fuel,Solar,%,11.63
El Salvador,2020-12-01,Electricity generation,Fuel,Wind,%,2.33
El Salvador,2021-01-01,Electricity generation,Aggregate fuel,Clean,%,95.45
El Salvador,2021-01-01,Electricity generation,Aggregate fuel,Fossil,%,4.55
El Salvador,2021-01-01,Electricity generation,Aggregate fuel,Gas and Other Fossil,%,4.55
El Salvador,2021-01-01,Electricity generation,Aggregate fuel,"Hydro, Bioenergy and Other Renewables",%,79.54
El Salvador,2021-01-01,Electricity generation,Aggregate fuel,Renewables,%,95.45
El Salvador,2021-01-01,Electricity generation,Aggregate fuel,Wind and Solar,%,15.91
El Salvador,2021-01-01,Electricity generation,Fuel,Bioenergy,%,25.0
El Salvador,2021-01-01,Electricity generation,Fuel,Gas,%,0.0
El Salvador,2021-01-01,Electricity generation,Fuel,Hydro,%,27.27
El Salvador,2021-01-01,Electricity generation,Fuel,Other Fossil,%,4.55
El Salvador,2021-01-01,Electricity generation,Fuel,Other Renewables,%,27.27
El Salvador,2021-01-01,Electricity generation,Fuel,Solar,%,11.36
El Salvador,2021-01-01,Electricity generation,Fuel,Wind,%,4.55
El Salvador,2021-02-01,Electricity generation,Aggregate fuel,Clean,%,93.04
El Salvador,2021-02-01,Electricity generation,Aggregate fuel,Fossil,%,6.98
El Salvador,2021-02-01,Electricity generation,Aggregate fuel,Gas and Other Fossil,%,6.98
El Salvador,2021-02-01,Electricity generation,Aggregate fuel,"Hydro, Bioenergy and Other Renewables",%,79.08
El Salvador,2021-02-01,Electricity generation,Aggregate fuel,Renewables,%,93.04
El Salvador,2021-02-01,Electricity generation,Aggregate fuel,Wind and Solar,%,13.96
El Salvador,2021-02-01,Electricity generation,Fuel,Bioenergy,%,23.26
El Salvador,2021-02-01,Electricity generation,Fuel,Gas,%,0.0
El Salvador,2021-02-01,Electricity generation,Fuel,Hydro,%,27.91
El Salvador,2021-02-01,Electricity generation,Fuel,Other Fossil,%,6.98
El Salvador,2021-02-01,Electricity generation,Fuel,Other Renewables,%,27.91
El Salvador,2021-02-01,Electricity generation,Fuel,Solar,%,11.63
El Salvador,2021-02-01,Electricity generation,Fuel,Wind,%,2.33
El Salvador,2021-03-01,Electricity generation,Aggregate fuel,Clean,%,89.59
El Salvador,2021-03-01,Electricity generation,Aggregate fuel,Fossil,%,10.42
El Salvador,2021-03-01,Electricity generation,Aggregate fuel,Gas and Other Fossil,%,10.42
El Salvador,2021-03-01,Electricity generation,Aggregate fuel,"Hydro, Bioenergy and Other Renewables",%,77.09
El Salvador,2021-03-01,Electricity generation,Aggregate fuel,Renewables,%,89.59
El Salvador,2021-03-01,Electricity generation,Aggregate fuel,Wind and Solar,%,12.5
El Salvador,2021-03-01,Electricity generation,Fuel,Bioenergy,%,22.92
El Salvador,2021-03-01,Electricity generation,Fuel,Gas,%,0.0
El Salvador,2021-03-01,Electricity generation,Fuel,Hydro,%,29.17
El Salvador,2021-03-01,Electricity generation,Fuel,Other Fossil,%,10.42
El Salvador,2021-03-01,Electricity generation,Fuel,Other Renewables,%,25.0
El Salvador,2021-03-01,Electricity generation,Fuel,Solar,%,10.42
El Salvador,2021-03-01,Electricity generation,Fuel,Wind,%,2.08
El Salvador,2021-04-01,Electricity generation,Aggregate fuel,Clean,%,77.77
El Salvador,2021-04-01,Electricity generation,Aggregate fuel,Fossil,%,22.22
El Salvador,2021-04-01,Electricity generation,Aggregate fuel,Gas and Other Fossil,%,22.22
El Salvador,2021-04-01,Electricity generation,Aggregate fuel,"Hydro, Bioenergy and Other Renewables",%,64.44
El Salvador,2021-04-01,Electricity generation,Aggregate fuel,Renewables,%,77.77
El Salvador,2021-04-01,Electricity generation,Aggregate fuel,Wind and Solar,%,13.33
El Salvador,2021-04-01,Electricity generation,Fuel,Bioenergy,%,20.0
El Salvador,2021-04-01,Electricity generation,Fuel,Gas,%,0.0
El Salvador,2021-04-01,Electricity generation,Fuel,Hydro,%,22.22
El Salvador,2021-04-01,Electricity generation,Fuel,Other Fossil,%,22.22
El Salvador,2021-04-01,Electricity generation,Fuel,Other Renewables,%,22.22
El Salvador,2021-04-01,Electricity generation,Fuel,Solar,%,11.11
El Salvador,2021-04-01,Electricity generation,Fuel,Wind,%,2.22
El Salvador,2021-05-01,Electricity generation,Aggregate fuel,Clean,%,72.11
El Salvador,2021-05-01,Electricity generation,Aggregate fuel,Fossil,%,27.91
El Salvador,2021-05-01,Electricity generation,Aggregate fuel,Gas and Other Fossil,%,27.91
El Salvador,2021-05-01,Electricity generation,Aggregate fuel,"Hydro, Bioenergy and Other Renewables",%,58.15
El Salvador,2021-05-01,Electricity generation,Aggregate fuel,Renewables,%,72.11
El Salvador,2021-05-01,Electricity generation,Aggregate fuel,Wind and Solar,%,13.96
El Salvador,2021-05-01,Electricity generation,Fuel,Bioenergy,%,6.98
El Salvador,2021-05-01,Electricity generation,Fuel,Gas,%,0.0
El Salvador,2021-05-01,Electricity generation,Fuel,Hydro,%,23.26
El Salvador,2021-05-01,Electricity generation,Fuel,Other Fossil,%,27.91
El Salvador,2021-05-01,Electricity generation,Fuel,Other Renewables,%,27.91
El Salvador,2021-05-01,Electricity generation,Fuel,Solar,%,11.63
El Salvador,2021-05-01,Electricity generation,Fuel,Wind,%,2.33
El Salvador,2021-06-01,Electricity generation,Aggregate fuel,Clean,%,78.06
El Salvador,2021-06-01,Electricity generation,Aggregate fuel,Fossil,%,21.95
El Salvador,2021-06-01,Electricity generation,Aggregate fuel,Gas and Other Fossil,%,21.95
El Salvador,2021-06-01,Electricity generation,Aggregate fuel,"Hydro, Bioenergy and Other Renewables",%,68.3
El Salvador,2021-06-01,Electricity generation,Aggregate fuel,Renewables,%,78.06
El Salvador,2021-06-01,Electricity generation,Aggregate fuel,Wind and Solar,%,9.76
El Salvador,2021-06-01,Electricity generation,Fuel,Bioenergy,%,4.88
El Salvador,2021-06-01,Electricity generation,Fuel,Gas,%,0.0
El Salvador,2021-06-01,Electricity generation,Fuel,Hydro,%,34.15
El Salvador,2021-06-01,Electricity generation,Fuel,Other Fossil,%,21.95
El Salvador,2021-06-01,Electricity generation,Fuel,Other Renewables,%,29.27
El Salvador,2021-06-01,Electricity generation,Fuel,Solar,%,9.76
El Salvador,2021-06-01,Electricity generation,Fuel,Wind,%,0.0
El Salvador,2021-07-01,Electricity generation,Aggregate fuel,Clean,%,84.44
El Salvador,2021-07-01,Electricity generation,Aggregate fuel,Fossil,%,15.56
El Salvador,2021-07-01,Electricity generation,Aggregate fuel,Gas and Other Fossil,%,15.56
El Salvador,2021-07-01,Electricity generation,Aggregate fuel,"Hydro, Bioenergy and Other Renewables",%,71.11
El Salvador,2021-07-01,Electricity generation,Aggregate fuel,Renewables,%,84.44
El Salvador,2021-07-01,Electricity generation,Aggregate fuel,Wind and Solar,%,13.33
El Salvador,2021-07-01,Electricity generation,Fuel,Bioenergy,%,2.22
El Salvador,2021-07-01,Electricity generation,Fuel,Gas,%,0.0
El Salvador,2021-07-01,Electricity generation,Fuel,Hydro,%,40.0
El Salvador,2021-07-01,Electricity generation,Fuel,Other Fossil,%,15.56
El Salvador,2021-07-01,Electricity generation,Fuel,Other Renewables,%,28.89
El Salvador,2021-07-01,Electricity generation,Fuel,Solar,%,11.11
El Salvador,2021-07-01,Electricity generation,Fuel,Wind,%,2.22
El Salvador,2021-08-01,Electricity generation,Aggregate fuel,Clean,%,91.3
El Salvador,2021-08-01,Electricity generation,Aggregate fuel,Fossil,%,8.7
El Salvador,2021-08-01,Electricity generation,Aggregate fuel,Gas and Other Fossil,%,8.7
El Salvador,2021-08-01,Electricity generation,Aggregate fuel,"Hydro, Bioenergy and Other Renewables",%,80.43
El Salvador,2021-08-01,Electricity generation,Aggregate fuel,Renewables,%,91.3
El Salvador,2021-08-01,Electricity generation,Aggregate fuel,Wind and Solar,%,10.87
El Salvador,2021-08-01,Electricity generation,Fuel,Bioenergy,%,0.0
El Salvador,2021-08-01,Electricity generation,Fuel,Gas,%,0.0
El Salvador,2021-08-01,Electricity generation,Fuel,Hydro,%,52.17
El Salvador,2021-08-01,Electricity generation,Fuel,Other Fossil,%,8.7
El Salvador,2021-08-01,Electricity generation,Fuel,Other Renewables,%,28.26
El Salvador,2021-08-01,Electricity generation,Fuel,Solar,%,10.87
El Salvador,2021-08-01,Electricity generation,Fuel,Wind,%,0.0
El Salvador,2021-09-01,Electricity generation,Aggregate fuel,Clean,%,89.58
El Salvador,2021-09-01,Electricity generation,Aggregate fuel,Fossil,%,10.42
El Salvador,2021-09-01,Electricity generation,Aggregate fuel,Gas and Other Fossil,%,10.42
El Salvador,2021-09-01,Electricity generation,Aggregate fuel,"Hydro, Bioenergy and Other Renewables",%,81.25
El Salvador,2021-09-01,Electricity generation,Aggregate fuel,Renewables,%,89.58
El Salvador,2021-09-01,Electricity generation,Aggregate fuel,Wind and Solar,%,8.33
El Salvador,2021-09-01,Electricity generation,Fuel,Bioenergy,%,0.0
El Salvador,2021-09-01,Electricity generation,Fuel,Gas,%,0.0
El Salvador,2021-09-01,Electricity generation,Fuel,Hydro,%,54.17
El Salvador,2021-09-01,Electricity generation,Fuel,Other Fossil,%,10.42
El Salvador,2021-09-01,Electricity generation,Fuel,Other Renewables,%,27.08
El Salvador,2021-09-01,Electricity generation,Fuel,Solar,%,8.33
El Salvador,2021-09-01,Electricity generation,Fuel,Wind,%,0.0
El Salvador,2021-10-01,Electricity generation,Aggregate fuel,Clean,%,77.78
El Salvador,2021-10-01,Electricity generation,Aggregate fuel,Fossil,%,22.22
El Salvador,2021-10-01,Electricity generation,Aggregate fuel,Gas and Other Fossil,%,22.22
El Salvador,2021-10-01,Electricity generation,Aggregate fuel,"Hydro, Bioenergy and Other Renewables",%,66.67
El Salvador,2021-10-01,Electricity generation,Aggregate fuel,Renewables,%,77.78
El Salvador,2021-10-01,Electricity generation,Aggregate fuel,Wind and Solar,%,11.11
El Salvador,2021-10-01,Electricity generation,Fuel,Bioenergy,%,0.0
El Salvador,2021-10-01,Electricity generation,Fuel,Gas,%,0.0
El Salvador,2021-10-01,Electricity generation,Fuel,Hydro,%,37.78
El Salvador,2021-10-01,Electricity generation,Fuel,Other Fossil,%,22.22
El Salvador,2021-10-01,Electricity generation,Fuel,Other Renewables,%,28.89
El Salvador,2021-10-01,Electricity generation,Fuel,Solar,%,8.89
El Salvador,2021-10-01,Electricity generation,Fuel,Wind,%,2.22
El Salvador,2021-11-01,Electricity generation,Aggregate fuel,Clean,%,80.94
El Salvador,2021-11-01,Electricity generation,Aggregate fuel,Fossil,%,19.05
El Salvador,2021-11-01,Electricity generation,Aggregate fuel,Gas and Other Fossil,%,19.05
El Salvador,2021-11-01,Electricity generation,Aggregate fuel,"Hydro, Bioenergy and Other Renewables",%,61.9
El Salvador,2021-11-01,Electricity generation,Aggregate fuel,Renewables,%,80.94
El Salvador,2021-11-01,Electricity generation,Aggregate fuel,Wind and Solar,%,19.04
El Salvador,2021-11-01,Electricity generation,Fuel,Bioenergy,%,11.9
El Salvador,2021-11-01,Electricity generation,Fuel,Gas,%,0.0
El Salvador,2021-11-01,Electricity generation,Fuel,Hydro,%,21.43
El Salvador,2021-11-01,Electricity generation,Fuel,Other Fossil,%,19.05
El Salvador,2021-11-01,Electricity generation,Fuel,Other Renewables,%,28.57
El Salvador,2021-11-01,Electricity generation,Fuel,Solar,%,11.9
El Salvador,2021-11-01,Electricity generation,Fuel,Wind,%,7.14
El Salvador,2021-12-01,Electricity generation,Aggregate fuel,Clean,%,77.77
El Salvador,2021-12-01,Electricity generation,Aggregate fuel,Fossil,%,22.22
El Salvador,2021-12-01,Electricity generation,Aggregate fuel,Gas and Other Fossil,%,22.22
El Salvador,2021-12-01,Electricity generation,Aggregate fuel,"Hydro, Bioenergy and Other Renewables",%,62.22
El Salvador,2021-12-01,Electricity generation,Aggregate fuel,Renewables,%,77.77
El Salvador,2021-12-01,Electricity generation,Aggregate fuel,Wind and Solar,%,15.55
El Salvador,2021-12-01,Electricity generation,Fuel,Bioenergy,%,22.22
El Salvador,2021-12-01,Electricity generation,Fuel,Gas,%,0.0
El Salvador,2021-12-01,Electricity generation,Fuel,Hydro,%,15.56
El Salvador,2021-12-01,Electricity generation,Fuel,Other Fossil,%,22.22
El Salvador,2021-12-01,Electricity generation,Fuel,Other Renewables,%,24.44
El Salvador,2021-12-01,Electricity generation,Fuel,Solar,%,11.11
El Salvador,2021-12-01,Electricity generation,Fuel,Wind,%,4.44
El Salvador,2022-01-01,Electricity generation,Aggregate fuel,Clean,%,84.9
El Salvador,2022-01-01,Electricity generation,Aggregate fuel,Fossil,%,15.09
El Salvador,2022-01-01,Electricity generation,Aggregate fuel,Gas and Other Fossil,%,15.09
El Salvador,2022-01-01,Electricity generation,Aggregate fuel,"Hydro, Bioenergy and Other Renewables",%,62.26
El Salvador,2022-01-01,Electricity generation,Aggregate fuel,Renewables,%,84.9
El Salvador,2022-01-01,Electricity generation,Aggregate fuel,Wind and Solar,%,22.64
El Salvador,2022-01-01,Electricity generation,Fuel,Bioenergy,%,20.75
El Salvador,2022-01-01,Electricity generation,Fuel,Gas,%,0.0
El Salvador,2022-01-01,Electricity generation,Fuel,Hydro,%,16.98
El Salvador,2022-01-01,Electricity generation,Fuel,Other Fossil,%,15.09
El Salvador,2022-01-01,Electricity generation,Fuel,Other Renewables,%,24.53
El Salvador,2022-01-01,Electricity generation,Fuel,Solar,%,18.87
El Salvador,2022-01-01,Electricity generation,Fuel,Wind,%,3.77
El Salvador,2022-02-01,Electricity generation,Aggregate fuel,Clean,%,82.0
El Salvador,2022-02-01,Electricity generation,Aggregate fuel,Fossil,%,18.0
El Salvador,2022-02-01,Electricity generation,Aggregate fuel,Gas and Other Fossil,%,18.0
El Salvador,2022-02-01,Electricity generation,Aggregate fuel,"Hydro, Bioenergy and Other Renewables",%,60.0
El Salvador,2022-02-01,Electricity generation,Aggregate fuel,Renewables,%,82.0
El Salvador,2022-02-01,Electricity generation,Aggregate fuel,Wind and Solar,%,22.0
El Salvador,2022-02-01,Electricity generation,Fuel,Bioenergy,%,20.0
El Salvador,2022-02-01,Electricity generation,Fuel,Gas,%,0.0
El Salvador,2022-02-01,Electricity generation,Fuel,Hydro,%,16.0
El Salvador,2022-02-01,Electricity generation,Fuel,Other Fossil,%,18.0
El Salvador,2022-02-01,Electricity generation,Fuel,Other Renewables,%,24.0
El Salvador,2022-02-01,Electricity generation,Fuel,Solar,%,18.0
El Salvador,2022-02-01,Electricity generation,Fuel,Wind,%,4.0
El Salvador,2022-03-01,Electricity generation,Aggregate fuel,Clean,%,74.2
El Salvador,2022-03-01,Electricity generation,Aggregate fuel,Fossil,%,25.8
El Salvador,2022-03-01,Electricity generation,Aggregate fuel,Gas and Other Fossil,%,25.8
El Salvador,2022-03-01,Electricity generation,Aggregate fuel,"Hydro, Bioenergy and Other Renewables",%,54.84
El Salvador,2022-03-01,Electricity generation,Aggregate fuel,Renewables,%,74.2
El Salvador,2022-03-01,Electricity generation,Aggregate fuel,Wind and Solar,%,19.36
El Salvador,2022-03-01,Electricity generation,Fuel,Bioenergy,%,17.74
El Salvador,2022-03-01,Electricity generation,Fuel,Gas,%,6.45
El Salvador,2022-03-01,Electricity generation,Fuel,Hydro,%,16.13
El Salvador,2022-03-01,Electricity generation,Fuel,Other Fossil,%,19.35
El Salvador,2022-03-01,Electricity generation,Fuel,Other Renewables,%,20.97
El Salvador,2022-03-01,Electricity generation,Fuel,Solar,%,16.13
El Salvador,2022-03-01,Electricity generation,Fuel,Wind,%,3.23
El Salvador,2022-04-01,Electricity generation,Aggregate fuel,Clean,%,67.21
El Salvador,2022-04-01,Electricity generation,Aggregate fuel,Fossil,%,32.78
El Salvador,2022-04-01,Electricity generation,Aggregate fuel,Gas and Other Fossil,%,32.78
El Salvador,2022-04-01,Electricity generation,Aggregate fuel,"Hydro, Bioenergy and Other Renewables",%,49.18
El Salvador,2022-04-01,Electricity generation,Aggregate fuel,Renewables,%,67.21
El Salvador,2022-04-01,Electricity generation,Aggregate fuel,Wind and Solar,%,18.03
El Salvador,2022-04-01,Electricity generation,Fuel,Bioenergy,%,9.84
El Salvador,2022-04-01,Electricity generation,Fuel,Gas,%,13.11
El Salvador,2022-04-01,Electricity generation,Fuel,Hydro,%,18.03
El Salvador,2022-04-01,Electricity generation,Fuel,Other Fossil,%,19.67
El Salvador,2022-04-01,Electricity generation,Fuel,Other Renewables,%,21.31
El Salvador,2022-04-01,Electricity generation,Fuel,Solar,%,16.39
El Salvador,2022-04-01,Electricity generation,Fuel,Wind,%,1.64
El Salvador,2022-05-01,Electricity generation,Aggregate fuel,Clean,%,63.24
El Salvador,2022-05-01,Electricity generation,Aggregate fuel,Fossil,%,36.76
El Salvador,2022-05-01,Electricity generation,Aggregate fuel,Gas and Other Fossil,%,36.76
El Salvador,2022-05-01,Electricity generation,Aggregate fuel,"Hydro, Bioenergy and Other Renewables",%,50.0
El Salvador,2022-05-01,Electricity generation,Aggregate fuel,Renewables,%,63.24
El Salvador,2022-05-01,Electricity generation,Aggregate fuel,Wind and Solar,%,13.24
El Salvador,2022-05-01,Electricity generation,Fuel,Bioenergy,%,4.41
El Salvador,2022-05-01,Electricity generation,Fuel,Gas,%,30.88
El Salvador,2022-05-01,Electricity generation,Fuel,Hydro,%,26.47
El Salvador,2022-05-01,Electricity generation,Fuel,Other Fossil,%,5.88
El Salvador,2022-05-01,Electricity generation,Fuel,Other Renewables,%,19.12
El Salvador,2022-05-01,Electricity generation,Fuel,Solar,%,13.24
El Salvador,2022-05-01,Electricity generation,Fuel,Wind,%,0.0
El Salvador,2022-06-01,Electricity generation,Aggregate fuel,Clean,%,77.19
El Salvador,2022-06-01,Electricity generation,Aggregate fuel,Fossil,%,22.81
El Salvador,2022-06-01,Electricity generation,Aggregate fuel,Gas and Other Fossil,%,22.81
El Salvador,2022-06-01,Electricity generation,Aggregate fuel,"Hydro, Bioenergy and Other Renewables",%,61.4
El Salvador,2022-06-01,Electricity generation,Aggregate fuel,Renewables,%,77.19
El Salvador,2022-06-01,Electricity generation,Aggregate fuel,Wind and Solar,%,15.79
El Salvador,2022-06-01,Electricity generation,Fuel,Bioenergy,%,3.51
El Salvador,2022-06-01,Electricity generation,Fuel,Gas,%,22.81
El Salvador,2022-06-01,Electricity generation,Fuel,Hydro,%,36.84
El Salvador,2022-06-01,Electricity generation,Fuel,Other Fossil,%,0.0
El Salvador,2022-06-01,Electricity generation,Fuel,Other Renewables,%,21.05
El Salvador,2022-06-01,Electricity generation,Fuel,Solar,%,14.04
El Salvador,2022-06-01,Electricity generation,Fuel,Wind,%,1.75
El Salvador,2022-07-01,Electricity generation,Aggregate fuel,Clean,%,75.41
El Salvador,2022-07-01,Electricity generation,Aggregate fuel,Fossil,%,24.59
El Salvador,2022-07-01,Electricity generation,Aggregate fuel,Gas and Other Fossil,%,24.59
El Salvador,2022-07-01,Electricity generation,Aggregate fuel,"Hydro, Bioenergy and Other Renewables",%,57.38
El Salvador,2022-07-01,Electricity generation,Aggregate fuel,Renewables,%,75.41
El Salvador,2022-07-01,Electricity generation,Aggregate fuel,Wind and Solar,%,18.03
El Salvador,2022-07-01,Electricity generation,Fuel,Bioenergy,%,0.0
El Salvador,2022-07-01,Electricity generation,Fuel,Gas,%,22.95
El Salvador,2022-07-01,Electricity generation,Fuel,Hydro,%,36.07
El Salvador,2022-07-01,Electricity generation,Fuel,Other Fossil,%,1.64
El Salvador,2022-07-01,Electricity generation,Fuel,Other Renewables,%,21.31
El Salvador,2022-07-01,Electricity generation,Fuel,Solar,%,16.39
El Salvador,2022-07-01,Electricity generation,Fuel,Wind,%,1.64
El Salvador,2022-08-01,Electricity generation,Aggregate fuel,Clean,%,84.47
El Salvador,2022-08-01,Electricity generation,Aggregate fuel,Fossil,%,15.52
El Salvador,2022-08-01,Electricity generation,Aggregate fuel,Gas and Other Fossil,%,15.52
El Salvador,2022-08-01,Electricity generation,Aggregate fuel,"Hydro, Bioenergy and Other Renewables",%,65.51
El Salvador,2022-08-01,Electricity generation,Aggregate fuel,Renewables,%,84.47
El Salvador,2022-08-01,Electricity generation,Aggregate fuel,Wind and Solar,%,18.96
El Salvador,2022-08-01,Electricity generation,Fuel,Bioenergy,%,0.0
El Salvador,2022-08-01,Electricity generation,Fuel,Gas,%,15.52
El Salvador,2022-08-01,Electricity generation,Fuel,Hydro,%,43.1
El Salvador,2022-08-01,Electricity generation,Fuel,Other Fossil,%,0.0
El Salvador,2022-08-01,Electricity generation,Fuel,Other Renewables,%,22.41
El Salvador,2022-08-01,Electricity generation,Fuel,Solar,%,17.24
El Salvador,2022-08-01,Electricity generation,Fuel,Wind,%,1.72
El Salvador,2022-09-01,Electricity generation,Aggregate fuel,Clean,%,86.67
El Salvador,2022-09-01,Electricity generation,Aggregate fuel,Fossil,%,13.33
El Salvador,2022-09-01,Electricity generation,Aggregate fuel,Gas and Other Fossil,%,13.33
El Salvador,2022-09-01,Electricity generation,Aggregate fuel,"Hydro, Bioenergy and Other Renewables",%,73.34
El Salvador,2022-09-01,Electricity generation,Aggregate fuel,Renewables,%,86.67
El Salvador,2022-09-01,Electricity generation,Aggregate fuel,Wind and Solar,%,13.33
El Salvador,2022-09-01,Electricity generation,Fuel,Bioenergy,%,0.0
El Salvador,2022-09-01,Electricity generation,Fuel,Gas,%,13.33
El Salvador,2022-09-01,Electricity generation,Fuel,Hydro,%,56.67
El Salvador,2022-09-01,Electricity generation,Fuel,Other Fossil,%,0.0
El Salvador,2022-09-01,Electricity generation,Fuel,Other Renewables,%,16.67
El Salvador,2022-09-01,Electricity generation,Fuel,Solar,%,13.33
El Salvador,2022-09-01,Electricity generation,Fuel,Wind,%,0.0
El Salvador,2022-10-01,Electricity generation,Aggregate fuel,Clean,%,84.61
El Salvador,2022-10-01,Electricity generation,Aggregate fuel,Fossil,%,15.39
El Salvador,2022-10-01,Electricity generation,Aggregate fuel,Gas and Other Fossil,%,15.39
El Salvador,2022-10-01,Electricity generation,Aggregate fuel,"Hydro, Bioenergy and Other Renewables",%,67.69
El Salvador,2022-10-01,Electricity generation,Aggregate fuel,Renewables,%,84.61
El Salvador,2022-10-01,Electricity generation,Aggregate fuel,Wind and Solar,%,16.92
El Salvador,2022-10-01,Electricity generation,Fuel,Bioenergy,%,0.0
El Salvador,2022-10-01,Electricity generation,Fuel,Gas,%,12.31
El Salvador,2022-10-01,Electricity generation,Fuel,Hydro,%,49.23
El Salvador,2022-10-01,Electricity generation,Fuel,Other Fossil,%,3.08
El Salvador,2022-10-01,Electricity generation,Fuel,Other Renewables,%,18.46
El Salvador,2022-10-01,Electricity generation,Fuel,Solar,%,15.38
El Salvador,2022-10-01,Electricity generation,Fuel,Wind,%,1.54
El Salvador,2022-11-01,Electricity generation,Aggregate fuel,Clean,%,72.42
El Salvador,2022-11-01,Electricity generation,Aggregate fuel,Fossil,%,27.59
El Salvador,2022-11-01,Electricity generation,Aggregate fuel,Gas and Other Fossil,%,27.59
El Salvador,2022-11-01,Electricity generation,Aggregate fuel,"Hydro, Bioenergy and Other Renewables",%,55.18
El Salvador,2022-11-01,Electricity generation,Aggregate fuel,Renewables,%,72.42
El Salvador,2022-11-01,Electricity generation,Aggregate fuel,Wind and Solar,%,17.24
El Salvador,2022-11-01,Electricity generation,Fuel,Bioenergy,%,3.45
El Salvador,2022-11-01,Electricity generation,Fuel,Gas,%,24.14
El Salvador,2022-11-01,Electricity generation,Fuel,Hydro,%,32.76
El Salvador,2022-11-01,Electricity generation,Fuel,Other Fossil,%,3.45
El Salvador,2022-11-01,Electricity generation,Fuel,Other Renewables,%,18.97
El Salvador,2022-11-01,Electricity generation,Fuel,Solar,%,15.52
El Salvador,2022-11-01,Electricity generation,Fuel,Wind,%,1.72
El Salvador,2022-12-01,Electricity generation,Aggregate fuel,Clean,%,88.46
El Salvador,2022-12-01,Electricity generation,Aggregate fuel,Fossil,%,11.54
El Salvador,2022-12-01,Electricity generation,Aggregate fuel,Gas and Other Fossil,%,11.54
El Salvador,2022-12-01,Electricity generation,Aggregate fuel,"Hydro, Bioenergy and Other Renewables",%,65.38
El Salvador,2022-12-01,Electricity generation,Aggregate fuel,Renewables,%,88.46
El Salvador,2022-12-01,Electricity generation,Aggregate fuel,Wind and Solar,%,23.08
El Salvador,2022-12-01,Electricity generation,Fuel,Bioenergy,%,21.15
El Salvador,2022-12-01,Electricity generation,Fuel,Gas,%,9.62
El Salvador,2022-12-01,Electricity generation,Fuel,Hydro,%,21.15
El Salvador,2022-12-01,Electricity generation,Fuel,Other Fossil,%,1.92
El Salvador,2022-12-01,Electricity generation,Fuel,Other Renewables,%,23.08
El Salvador,2022-12-01,Electricity generation,Fuel,Solar,%,19.23
El Salvador,2022-12-01,Electricity generation,Fuel,Wind,%,3.85
El Salvador,2023-01-01,Electricity generation,Aggregate fuel,Clean,%,75.4
El Salvador,2023-01-01,Electricity generation,Aggregate fuel,Fossil,%,24.59
El Salvador,2023-01-01,Electricity generation,Aggregate fuel,Gas and Other Fossil,%,24.59
El Salvador,2023-01-01,Electricity generation,Aggregate fuel,"Hydro, Bioenergy and Other Renewables",%,55.73
El Salvador,2023-01-01,Electricity generation,Aggregate fuel,Renewables,%,75.4
El Salvador,2023-01-01,Electricity generation,Aggregate fuel,Wind and Solar,%,19.67
El Salvador,2023-01-01,Electricity generation,Fuel,Bioenergy,%,19.67
El Salvador,2023-01-01,Electricity generation,Fuel,Gas,%,24.59
El Salvador,2023-01-01,Electricity generation,Fuel,Hydro,%,16.39
El Salvador,2023-01-01,Electricity generation,Fuel,Other Fossil,%,0.0
El Salvador,2023-01-01,Electricity generation,Fuel,Other Renewables,%,19.67
El Salvador,2023-01-01,Electricity generation,Fuel,Solar,%,16.39
El Salvador,2023-01-01,Electricity generation,Fuel,Wind,%,3.28
El Salvador,2023-02-01,Electricity generation,Aggregate fuel,Clean,%,72.88
El Salvador,2023-02-01,Electricity generation,Aggregate fuel,Fossil,%,27.11
El Salvador,2023-02-01,Electricity generation,Aggregate fuel,Gas and Other Fossil,%,27.11
El Salvador,2023-02-01,Electricity generation,Aggregate fuel,"Hydro, Bioenergy and Other Renewables",%,52.54
El Salvador,2023-02-01,Electricity generation,Aggregate fuel,Renewables,%,72.88
El Salvador,2023-02-01,Electricity generation,Aggregate fuel,Wind and Solar,%,20.34
El Salvador,2023-02-01,Electricity generation,Fuel,Bioenergy,%,16.95
El Salvador,2023-02-01,Electricity generation,Fuel,Gas,%,25.42
El Salvador,2023-02-01,Electricity generation,Fuel,Hydro,%,16.95
El Salvador,2023-02-01,Electricity generation,Fuel,Other Fossil,%,1.69
El Salvador,2023-02-01,Electricity generation,Fuel,Other Renewables,%,18.64
El Salvador,2023-02-01,Electricity generation,Fuel,Solar,%,16.95
El Salvador,2023-02-01,Electricity generation,Fuel,Wind,%,3.39
El Salvador,2023-03-01,Electricity generation,Aggregate fuel,Clean,%,64.0
El Salvador,2023-03-01,Electricity generation,Aggregate fuel,Fossil,%,36.0
El Salvador,2023-03-01,Electricity generation,Aggregate fuel,Gas and Other Fossil,%,36.0
El Salvador,2023-03-01,Electricity generation,Aggregate fuel,"Hydro, Bioenergy and Other Renewables",%,48.0
El Salvador,2023-03-01,Electricity generation,Aggregate fuel,Renewables,%,64.0
El Salvador,2023-03-01,Electricity generation,Aggregate fuel,Wind and Solar,%,16.0
El Salvador,2023-03-01,Electricity generation,Fuel,Bioenergy,%,14.67
El Salvador,2023-03-01,Electricity generation,Fuel,Gas,%,30.67
El Salvador,2023-03-01,Electricity generation,Fuel,Hydro,%,17.33
El Salvador,2023-03-01,Electricity generation,Fuel,Other Fossil,%,5.33
El Salvador,2023-03-01,Electricity generation,Fuel,Other Renewables,%,16.0
El Salvador,2023-03-01,Electricity generation,Fuel,Solar,%,14.67
El Salvador,2023-03-01,Electricity generation,Fuel,Wind,%,1.33
El Salvador,2023-04-01,Electricity generation,Aggregate fuel,Clean,%,55.72
El Salvador,2023-04-01,Electricity generation,Aggregate fuel,Fossil,%,44.29
El Salvador,2023-04-01,Electricity generation,Aggregate fuel,Gas and Other Fossil,%,44.29
El Salvador,2023-04-01,Electricity generation,Aggregate fuel,"Hydro, Bioenergy and Other Renewables",%,40.0
El Salvador,2023-04-01,Electricity generation,Aggregate fuel,Renewables,%,55.72
El Salvador,2023-04-01,Electricity generation,Aggregate fuel,Wind and Solar,%,15.72
El Salvador,2023-04-01,Electricity generation,Fuel,Bioenergy,%,10.0
El Salvador,2023-04-01,Electricity generation,Fuel,Gas,%,31.43
El Salvador,2023-04-01,Electricity generation,Fuel,Hydro,%,12.86
El Salvador,2023-04-01,Electricity generation,Fuel,Other Fossil,%,12.86
El Salvador,2023-04-01,Electricity generation,Fuel,Other Renewables,%,17.14
El Salvador,2023-04-01,Electricity generation,Fuel,Solar,%,14.29
El Salvador,2023-04-01,Electricity generation,Fuel,Wind,%,1.43
El Salvador,2023-05-01,Electricity generation,Aggregate fuel,Clean,%,46.84
El Salvador,2023-05-01,Electricity generation,Aggregate fuel,Fossil,%,53.16
El Salvador,2023-05-01,Electricity generation,Aggregate fuel,Gas and Other Fossil,%,53.16
El Salvador,2023-05-01,Electricity generation,Aggregate fuel,"Hydro, Bioenergy and Other Renewables",%,32.91
El Salvador,2023-05-01,Electricity generation,Aggregate fuel,Renewables,%,46.84
El Salvador,2023-05-01,Electricity generation,Aggregate fuel,Wind and Solar,%,13.93
El Salvador,2023-05-01,Electricity generation,Fuel,Bioenergy,%,5.06
El Salvador,2023-05-01,Electricity generation,Fuel,Gas,%,32.91
El Salvador,2023-05-01,Electricity generation,Fuel,Hydro,%,11.39
El Salvador,2023-05-01,Electricity generation,Fuel,Other Fossil,%,20.25
El Salvador,2023-05-01,Electricity generation,Fuel,Other Renewables,%,16.46
El Salvador,2023-05-01,Electricity generation,Fuel,Solar,%,12.66
El Salvador,2023-05-01,Electricity generation,Fuel,Wind,%,1.27
El Salvador,2023-06-01,Electricity generation,Aggregate fuel,Clean,%,43.29
El Salvador,2023-06-01,Electricity generation,Aggregate fuel,Fossil,%,56.72
El Salvador,2023-06-01,Electricity generation,Aggregate fuel,Gas and Other Fossil,%,56.72
El Salvador,2023-06-01,Electricity generation,Aggregate fuel,"Hydro, Bioenergy and Other Renewables",%,28.36
El Salvador,2023-06-01,Electricity generation,Aggregate fuel,Renewables,%,43.29
El Salvador,2023-06-01,Electricity generation,Aggregate fuel,Wind and Solar,%,14.93
El Salvador,2023-06-01,Electricity generation,Fuel,Bioenergy,%,0.0
El Salvador,2023-06-01,Electricity generation,Fuel,Gas,%,34.33
El Salvador,2023-06-01,Electricity generation,Fuel,Hydro,%,10.45
El Salvador,2023-06-01,Electricity generation,Fuel,Other Fossil,%,22.39
El Salvador,2023-06-01,Electricity generation,Fuel,Other Renewables,%,17.91
El Salvador,2023-06-01,Electricity generation,Fuel,Solar,%,14.93
El Salvador,2023-06-01,Electricity generation,Fuel,Wind,%,0.0
El Salvador,2023-07-01,Electricity generation,Aggregate fuel,Clean,%,50.0
El Salvador,2023-07-01,Electricity generation,Aggregate fuel,Fossil,%,50.0
El Salvador,2023-07-01,Electricity generation,Aggregate fuel,Gas and Other Fossil,%,50.0
El Salvador,2023-07-01,Electricity generation,Aggregate fuel,"Hydro, Bioenergy and Other Renewables",%,31.43
El Salvador,2023-07-01,Electricity generation,Aggregate fuel,Renewables,%,50.0
El Salvador,2023-07-01,Electricity generation,Aggregate fuel,Wind and Solar,%,18.57
El Salvador,2023-07-01,Electricity generation,Fuel,Bioenergy,%,0.0
El Salvador,2023-07-01,Electricity generation,Fuel,Gas,%,35.71
El Salvador,2023-07-01,Electricity generation,Fuel,Hydro,%,12.86
El Salvador,2023-07-01,Electricity generation,Fuel,Other Fossil,%,14.29
El Salvador,2023-07-01,Electricity generation,Fuel,Other Renewables,%,18.57
El Salvador,2023-07-01,Electricity generation,Fuel,Solar,%,15.71
El Salvador,2023-07-01,Electricity generation,Fuel,Wind,%,2.86
El Salvador,2023-08-01,Electricity generation,Aggregate fuel,Clean,%,50.01
El Salvador,2023-08-01,Electricity generation,Aggregate fuel,Fossil,%,50.0
El Salvador,2023-08-01,Electricity generation,Aggregate fuel,Gas and Other Fossil,%,50.0
El Salvador,2023-08-01,Electricity generation,Aggregate fuel,"Hydro, Bioenergy and Other Renewables",%,33.83
El Salvador,2023-08-01,Electricity generation,Aggregate fuel,Renewables,%,50.01
El Salvador,2023-08-01,Electricity generation,Aggregate fuel,Wind and Solar,%,16.18
El Salvador,2023-08-01,Electricity generation,Fuel,Bioenergy,%,0.0
El Salvador,2023-08-01,Electricity generation,Fuel,Gas,%,36.76
El Salvador,2023-08-01,Electricity generation,Fuel,Hydro,%,14.71
El Salvador,2023-08-01,Electricity generation,Fuel,Other Fossil,%,13.24
El Salvador,2023-08-01,Electricity generation,Fuel,Other Renewables,%,19.12
El Salvador,2023-08-01,Electricity generation,Fuel,Solar,%,14.71
El Salvador,2023-08-01,Electricity generation,Fuel,Wind,%,1.47
El Salvador,2023-09-01,Electricity generation,Aggregate fuel,Clean,%,65.67
El Salvador,2023-09-01,Electricity generation,Aggregate fuel,Fossil,%,34.33
El Salvador,2023-09-01,Electricity generation,Aggregate fuel,Gas and Other Fossil,%,34.33
El Salvador,2023-09-01,Electricity generation,Aggregate fuel,"Hydro, Bioenergy and Other Renewables",%,47.76
El Salvador,2023-09-01,Electricity generation,Aggregate fuel,Renewables,%,65.67
El Salvador,2023-09-01,Electricity generation,Aggregate fuel,Wind and Solar,%,17.91
El Salvador,2023-09-01,Electricity generation,Fuel,Bioenergy,%,0.0
El Salvador,2023-09-01,Electricity generation,Fuel,Gas,%,31.34
El Salvador,2023-09-01,Electricity generation,Fuel,Hydro,%,28.36
El Salvador,2023-09-01,Electricity generation,Fuel,Other Fossil,%,2.99
El Salvador,2023-09-01,Electricity generation,Fuel,Other Renewables,%,19.4
El Salvador,2023-09-01,Electricity generation,Fuel,Solar,%,16.42
El Salvador,2023-09-01,Electricity generation,Fuel,Wind,%,1.49
El Salvador,2023-10-01,Electricity generation,Aggregate fuel,Clean,%,71.99
El Salvador,2023-10-01,Electricity generation,Aggregate fuel,Fossil,%,28.0
El Salvador,2023-10-01,Electricity generation,Aggregate fuel,Gas and Other Fossil,%,28.0
El Salvador,2023-10-01,Electricity generation,Aggregate fuel,"Hydro, Bioenergy and Other Renewables",%,58.66
El Salvador,2023-10-01,Electricity generation,Aggregate fuel,Renewables,%,71.99
El Salvador,2023-10-01,Electricity generation,Aggregate fuel,Wind and Solar,%,13.33
El Salvador,2023-10-01,Electricity generation,Fuel,Bioenergy,%,0.0
El Salvador,2023-10-01,Electricity generation,Fuel,Gas,%,25.33
El Salvador,2023-10-01,Electricity generation,Fuel,Hydro,%,41.33
El Salvador,2023-10-01,Electricity generation,Fuel,Other Fossil,%,2.67
El Salvador,2023-10-01,Electricity generation,Fuel,Other Renewables,%,17.33
El Salvador,2023-10-01,Electricity generation,Fuel,Solar,%,12.0
El Salvador,2023-10-01,Electricity generation,Fuel,Wind,%,1.33
El Salvador,2023-11-01,Electricity generation,Aggregate fuel,Clean,%,69.37
El Salvador,2023-11-01,Electricity generation,Aggregate fuel,Fossil,%,30.64
El Salvador,2023-11-01,Electricity generation,Aggregate fuel,Gas and Other Fossil,%,30.64
El Salvador,2023-11-01,Electricity generation,Aggregate fuel,"Hydro, Bioenergy and Other Renewables",%,51.62
El Salvador,2023-11-01,Electricity generation,Aggregate fuel,Renewables,%,69.37
El Salvador,2023-11-01,Electricity generation,Aggregate fuel,Wind and Solar,%,17.75
El Salvador,2023-11-01,Electricity generation,Fuel,Bioenergy,%,0.0
El Salvador,2023-11-01,Electricity generation,Fuel,Gas,%,29.03
El Salvador,2023-11-01,Electricity generation,Fuel,Hydro,%,30.65
El Salvador,2023-11-01,Electricity generation,Fuel,Other Fossil,%,1.61
El Salvador,2023-11-01,Electricity generation,Fuel,Other Renewables,%,20.97
El Salvador,2023-11-01,Electricity generation,Fuel,Solar,%,14.52
El Salvador,2023-11-01,Electricity generation,Fuel,Wind,%,3.23
El Salvador,2023-12-01,Electricity generation,Aggregate fuel,Clean,%,73.34
El Salvador,2023-12-01,Electricity generation,Aggregate fuel,Fossil,%,26.67
El Salvador,2023-12-01,Electricity generation,Aggregate fuel,Gas and Other Fossil,%,26.67
El Salvador,2023-12-01,Electricity generation,Aggregate fuel,"Hydro, Bioenergy and Other Renewables",%,51.67
El Salvador,2023-12-01,Electricity generation,Aggregate fuel,Renewables,%,73.34
El Salvador,2023-12-01,Electricity generation,Aggregate fuel,Wind and Solar,%,21.67
El Salvador,2023-12-01,Electricity generation,Fuel,Bioenergy,%,16.67
El Salvador,2023-12-01,Electricity generation,Fuel,Gas,%,26.67
El Salvador,2023-12-01,Electricity generation,Fuel,Hydro,%,16.67
El Salvador,2023-12-01,Electricity generation,Fuel,Other Fossil,%,0.0
El Salvador,2023-12-01,Electricity generation,Fuel,Other Renewables,%,18.33
El Salvador,2023-12-01,Electricity generation,Fuel,Solar,%,16.67
El Salvador,2023-12-01,Electricity generation,Fuel,Wind,%,5.0
El Salvador,2024-01-01,Electricity generation,Aggregate fuel,Clean,%,69.56
El Salvador,2024-01-01,Electricity generation,Aggregate fuel,Fossil,%,30.44
El Salvador,2024-01-01,Electricity generation,Aggregate fuel,Gas and Other Fossil,%,30.44
El Salvador,2024-01-01,Electricity generation,Aggregate fuel,"Hydro, Bioenergy and Other Renewables",%,50.72
El Salvador,2024-01-01,Electricity generation,Aggregate fuel,Renewables,%,69.56
El Salvador,2024-01-01,Electricity generation,Aggregate fuel,Wind and Solar,%,18.84
El Salvador,2024-01-01,Electricity generation,Fuel,Bioenergy,%,17.39
El Salvador,2024-01-01,Electricity generation,Fuel,Gas,%,28.99
El Salvador,2024-01-01,Electricity generation,Fuel,Hydro,%,14.49
El Salvador,2024-01-01,Electricity generation,Fuel,Other Fossil,%,1.45
El Salvador,2024-01-01,Electricity generation,Fuel,Other Renewables,%,18.84
El Salvador,2024-01-01,Electricity generation,Fuel,Solar,%,15.94
El Salvador,2024-01-01,Electricity generation,Fuel,Wind,%,2.9
El Salvador,2024-02-01,Electricity generation,Aggregate fuel,Clean,%,64.61
El Salvador,2024-02-01,Electricity generation,Aggregate fuel,Fossil,%,35.39
El Salvador,2024-02-01,Electricity generation,Aggregate fuel,Gas and Other Fossil,%,35.39
El Salvador,2024-02-01,Electricity generation,Aggregate fuel,"Hydro, Bioenergy and Other Renewables",%,44.61
El Salvador,2024-02-01,Electricity generation,Aggregate fuel,Renewables,%,64.61
El Salvador,2024-02-01,Electricity generation,Aggregate fuel,Wind and Solar,%,20.0
El Salvador,2024-02-01,Electricity generation,Fuel,Bioenergy,%,16.92
El Salvador,2024-02-01,Electricity generation,Fuel,Gas,%,32.31
El Salvador,2024-02-01,Electricity generation,Fuel,Hydro,%,9.23
El Salvador,2024-02-01,Electricity generation,Fuel,Other Fossil,%,3.08
El Salvador,2024-02-01,Electricity generation,Fuel,Other Renewables,%,18.46
El Salvador,2024-02-01,Electricity generation,Fuel,Solar,%,16.92
El Salvador,2024-02-01,Electricity generation,Fuel,Wind,%,3.08
El Salvador,2024-03-01,Electricity generation,Aggregate fuel,Clean,%,61.65
El Salvador,2024-03-01,Electricity generation,Aggregate fuel,Fossil,%,38.36
El Salvador,2024-03-01,Electricity generation,Aggregate fuel,Gas and Other Fossil,%,38.36
El Salvador,2024-03-01,Electricity generation,Aggregate fuel,"Hydro, Bioenergy and Other Renewables",%,43.84
El Salvador,2024-03-01,Electricity generation,Aggregate fuel,Renewables,%,61.65
El Salvador,2024-03-01,Electricity generation,Aggregate fuel,Wind and Solar,%,17.81
El Salvador,2024-03-01,Electricity generation,Fuel,Bioenergy,%,15.07
El Salvador,2024-03-01,Electricity generation,Fuel,Gas,%,30.14
El Salvador,2024-03-01,Electricity generation,Fuel,Hydro,%,10.96
El Salvador,2024-03-01,Electricity generation,Fuel,Other Fossil,%,8.22
El Salvador,2024-03-01,Electricity generation,Fuel,Other Renewables,%,17.81
El Salvador,2024-03-01,Electricity generation,Fuel,Solar,%,16.44
El Salvador,2024-03-01,Electricity generation,Fuel,Wind,%,1.37
El Salvador,2024-04-01,Electricity generation,Aggregate fuel,Clean,%,59.46
El Salvador,2024-04-01,Electricity generation,Aggregate fuel,Fossil,%,40.54
El Salvador,2024-04-01,Electricity generation,Aggregate fuel,Gas and Other Fossil,%,40.54
El Salvador,2024-04-01,Electricity generation,Aggregate fuel,"Hydro, Bioenergy and Other Renewables",%,44.6
El Salvador,2024-04-01,Electricity generation,Aggregate fuel,Renewables,%,59.46
El Salvador,2024-04-01,Electricity generation,Aggregate fuel,Wind and Solar,%,14.86
El Salvador,2024-04-01,Electricity generation,Fuel,Bioenergy,%,12.16
El Salvador,2024-04-01,Electricity generation,Fuel,Gas,%,31.08
El Salvador,2024-04-01,Electricity generation,Fuel,Hydro,%,16.22
El Salvador,2024-04-01,Electricity generation,Fuel,Other Fossil,%,9.46
El Salvador,2024-04-01,Electricity generation,Fuel,Other Renewables,%,16.22
El Salvador,2024-04-01,Electricity generation,Fuel,Solar,%,13.51
El Salvador,2024-04-01,Electricity generation,Fuel,Wind,%,1.35
El Salvador,2024-05-01,Electricity generation,Aggregate fuel,Clean,%,51.32
El Salvador,2024-05-01,Electricity generation,Aggregate fuel,Fossil,%,48.68
El Salvador,2024-05-01,Electricity generation,Aggregate fuel,Gas and Other Fossil,%,48.68
El Salvador,2024-05-01,Electricity generation,Aggregate fuel,"Hydro, Bioenergy and Other Renewables",%,38.16
El Salvador,2024-05-01,Electricity generation,Aggregate fuel,Renewables,%,51.32
El Salvador,2024-05-01,Electricity generation,Aggregate fuel,Wind and Solar,%,13.16
El Salvador,2024-05-01,Electricity generation,Fuel,Bioenergy,%,3.95
El Salvador,2024-05-01,Electricity generation,Fuel,Gas,%,30.26
El Salvador,2024-05-01,Electricity generation,Fuel,Hydro,%,18.42
El Salvador,2024-05-01,Electricity generation,Fuel,Other Fossil,%,18.42
El Salvador,2024-05-01,Electricity generation,Fuel,Other Renewables,%,15.79
El Salvador,2024-05-01,Electricity generation,Fuel,Solar,%,13.16
El Salvador,2024-05-01,Electricity generation,Fuel,Wind,%,0.0
El Salvador,2024-06-01,Electricity generation,Aggregate fuel,Clean,%,65.08
El Salvador,2024-06-01,Electricity generation,Aggregate fuel,Fossil,%,34.92
El Salvador,2024-06-01,Electricity generation,Aggregate fuel,Gas and Other Fossil,%,34.92
El Salvador,2024-06-01,Electricity generation,Aggregate fuel,"Hydro, Bioenergy and Other Renewables",%,52.38
El Salvador,2024-06-01,Electricity generation,Aggregate fuel,Renewables,%,65.08
El Salvador,2024-06-01,Electricity generation,Aggregate fuel,Wind and Solar,%,12.7
El Salvador,2024-06-01,Electricity generation,Fuel,Bioenergy,%,0.0
El Salvador,2024-06-01,Electricity generation,Fuel,Gas,%,30.16
El Salvador,2024-06-01,Electricity generation,Fuel,Hydro,%,31.75
El Salvador,2024-06-01,Electricity generation,Fuel,Other Fossil,%,4.76
El Salvador,2024-06-01,Electricity generation,Fuel,Other Renewables,%,20.63
El Salvador,2024-06-01,Electricity generation,Fuel,Solar,%,12.7
El Salvador,2024-06-01,Electricity generation,Fuel,Wind,%,0.0
El Salvador,2024-07-01,Electricity generation,Aggregate fuel,Clean,%,71.06
El Salvador,2024-07-01,Electricity generation,Aggregate fuel,Fossil,%,28.95
El Salvador,2024-07-01,Electricity generation,Aggregate fuel,Gas and Other Fossil,%,28.95
El Salvador,2024-07-01,Electricity generation,Aggregate fuel,"Hydro, Bioenergy and Other Renewables",%,53.95
El Salvador,2024-07-01,Electricity generation,Aggregate fuel,Renewables,%,71.06
El Salvador,2024-07-01,Electricity generation,Aggregate fuel,Wind and Solar,%,17.11
El Salvador,2024-07-01,Electricity generation,Fuel,Bioenergy,%,0.0
El Salvador,2024-07-01,Electricity generation,Fuel,Gas,%,19.74
El Salvador,2024-07-01,Electricity generation,Fuel,Hydro,%,36.84
El Salvador,2024-07-01,Electricity generation,Fuel,Other Fossil,%,9.21
El Salvador,2024-07-01,Electricity generation,Fuel,Other Renewables,%,17.11
El Salvador,2024-07-01,Electricity generation,Fuel,Solar,%,15.79
El Salvador,2024-07-01,Electricity generation,Fuel,Wind,%,1.32
El Salvador,2024-08-01,Electricity generation,Aggregate fuel,Clean,%,78.95
El Salvador,2024-08-01,Electricity generation,Aggregate fuel,Fossil,%,21.05
El Salvador,2024-08-01,Electricity generation,Aggregate fuel,Gas and Other Fossil,%,21.05
El Salvador,2024-08-01,Electricity generation,Aggregate fuel,"Hydro, Bioenergy and Other Renewables",%,61.84
El Salvador,2024-08-01,Electricity generation,Aggregate fuel,Renewables,%,78.95
El Salvador,2024-08-01,Electricity generation,Aggregate fuel,Wind and Solar,%,17.11
El Salvador,2024-08-01,Electricity generation,Fuel,Bioenergy,%,0.0
El Salvador,2024-08-01,Electricity generation,Fuel,Gas,%,14.47
El Salvador,2024-08-01,Electricity generation,Fuel,Hydro,%,47.37
El Salvador,2024-08-01,Electricity generation,Fuel,Other Fossil,%,6.58
El Salvador,2024-08-01,Electricity generation,Fuel,Other Renewables,%,14.47
El Salvador,2024-08-01,Electricity generation,Fuel,Solar,%,15.79
El Salvador,2024-08-01,Electricity generation,Fuel,Wind,%,1.32
El Salvador,2024-09-01,Electricity generation,Aggregate fuel,Clean,%,84.29
El Salvador,2024-09-01,Electricity generation,Aggregate fuel,Fossil,%,15.72
El Salvador,2024-09-01,Electricity generation,Aggregate fuel,Gas and Other Fossil,%,15.72
El Salvador,2024-09-01,Electricity generation,Aggregate fuel,"Hydro, Bioenergy and Other Renewables",%,70.0
El Salvador,2024-09-01,Electricity generation,Aggregate fuel,Renewables,%,84.29
El Salvador,2024-09-01,Electricity generation,Aggregate fuel,Wind and Solar,%,14.29
El Salvador,2024-09-01,Electricity generation,Fuel,Bioenergy,%,0.0
El Salvador,2024-09-01,Electricity generation,Fuel,Gas,%,11.43
El Salvador,2024-09-01,Electricity generation,Fuel,Hydro,%,52.86
El Salvador,2024-09-01,Electricity generation,Fuel,Other Fossil,%,4.29
El Salvador,2024-09-01,Electricity generation,Fuel,Other Renewables,%,17.14
El Salvador,2024-09-01,Electricity generation,Fuel,Solar,%,14.29
El Salvador,2024-09-01,Electricity generation,Fuel,Wind,%,0.0
El Salvador,2024-10-01,Electricity generation,Aggregate fuel,Clean,%,67.65
El Salvador,2024-10-01,Electricity generation,Aggregate fuel,Fossil,%,32.35
El Salvador,2024-10-01,Electricity generation,Aggregate fuel,Gas and Other Fossil,%,32.35
El Salvador,2024-10-01,Electricity generation,Aggregate fuel,"Hydro, Bioenergy and Other Renewables",%,48.53
El Salvador,2024-10-01,Electricity generation,Aggregate fuel,Renewables,%,67.65
El Salvador,2024-10-01,Electricity generation,Aggregate fuel,Wind and Solar,%,19.12
El Salvador,2024-10-01,Electricity generation,Fuel,Bioenergy,%,0.0
El Salvador,2024-10-01,Electricity generation,Fuel,Gas,%,27.94
El Salvador,2024-10-01,Electricity generation,Fuel,Hydro,%,30.88
El Salvador,2024-10-01,Electricity generation,Fuel,Other Fossil,%,4.41
El Salvador,2024-10-01,Electricity generation,Fuel,Other Renewables,%,17.65
El Salvador,2024-10-01,Electricity generation,Fuel,Solar,%,16.18
El Salvador,2024-10-01,Electricity generation,Fuel,Wind,%,2.94
El Salvador,2024-11-01,Electricity generation,Aggregate fuel,Clean,%,66.67
El Salvador,2024-11-01,Electricity generation,Aggregate fuel,Fossil,%,33.33
El Salvador,2024-11-01,Electricity generation,Aggregate fuel,Gas and Other Fossil,%,33.33
El Salvador,2024-11-01,Electricity generation,Aggregate fuel,"Hydro, Bioenergy and Other Renewables",%,50.0
El Salvador,2024-11-01,Electricity generation,Aggregate fuel,Renewables,%,66.67
El Salvador,2024-11-01,Electricity generation,Aggregate fuel,Wind and Solar,%,16.67
El Salvador,2024-11-01,Electricity generation,Fuel,Bioenergy,%,1.67
El Salvador,2024-11-01,Electricity generation,Fuel,Gas,%,28.33
El Salvador,2024-11-01,Electricity generation,Fuel,Hydro,%,30.0
El Salvador,2024-11-01,Electricity generation,Fuel,Other Fossil,%,5.0
El Salvador,2024-11-01,Electricity generation,Fuel,Other Renewables,%,18.33
El Salvador,2024-11-01,Electricity generation,Fuel,Solar,%,15.0
El Salvador,2024-11-01,Electricity generation,Fuel,Wind,%,1.67
El Salvador,2024-12-01,Electricity generation,Aggregate fuel,Clean,%,74.2
El Salvador,2024-12-01,Electricity generation,Aggregate fuel,Fossil,%,25.81
El Salvador,2024-12-01,Electricity generation,Aggregate fuel,Gas and Other Fossil,%,25.81
El Salvador,2024-12-01,Electricity generation,Aggregate fuel,"Hydro, Bioenergy and Other Renewables",%,53.23
El Salvador,2024-12-01,Electricity generation,Aggregate fuel,Renewables,%,74.2
El Salvador,2024-12-01,Electricity generation,Aggregate fuel,Wind and Solar,%,20.97
El Salvador,2024-12-01,Electricity generation,Fuel,Bioenergy,%,16.13
El Salvador,2024-12-01,Electricity generation,Fuel,Gas,%,22.58
El Salvador,2024-12-01,Electricity generation,Fuel,Hydro,%,16.13
El Salvador,2024-12-01,Electricity generation,Fuel,Other Fossil,%,3.23
El Salvador,2024-12-01,Electricity generation,Fuel,Other Renewables,%,20.97
El Salvador,2024-12-01,Electricity generation,Fuel,Solar,%,16.13
El Salvador,2024-12-01,Electricity generation,Fuel,Wind,%,4.84
Mexico,2019-01-01,Electricity generation,Aggregate fuel,Clean,%,20.97
Mexico,2019-01-01,Electricity generation,Aggregate fuel,Fossil,%,79.02
Mexico,2019-01-01,Electricity generation,Aggregate fuel,Gas and Other Fossil,%,71.27
Mexico,2019-01-01,Electricity generation,Aggregate fuel,"Hydro, Bioenergy and Other Renewables",%,8.51
Mexico,2019-01-01,Electricity generation,Aggregate fuel,Renewables,%,17.28
Mexico,2019-01-01,Electricity generation,Aggregate fuel,Wind and Solar,%,8.77
Mexico,2019-01-01,Electricity generation,Fuel,Bioenergy,%,0.08
Mexico,2019-01-01,Electricity generation,Fuel,Coal,%,7.75
Mexico,2019-01-01,Electricity generation,Fuel,Gas,%,54.36
Mexico,2019-01-01,Electricity generation,Fuel,Hydro,%,6.57
Mexico,2019-01-01,Electricity generation,Fuel,Nuclear,%,3.69
Mexico,2019-01-01,Electricity generation,Fuel,Other Fossil,%,16.91
Mexico,2019-01-01,Electricity generation,Fuel,Other Renewables,%,1.86
Mexico,2019-01-01,Electricity generation,Fuel,Solar,%,1.78
Mexico,2019-01-01,Electricity generation,Fuel,Wind,%,6.99
Mexico,2019-02-01,Electricity generation,Aggregate fuel,Clean,%,18.47
Mexico,2019-02-01,Electricity generation,Aggregate fuel,Fossil,%,81.53
Mexico,2019-02-01,Electricity generation,Aggregate fuel,Gas and Other Fossil,%,71.85
Mexico,2019-02-01,Electricity generation,Aggregate fuel,"Hydro, Bioenergy and Other Renewables",%,9.55
Mexico,2019-02-01,Electricity generation,Aggregate fuel,Renewables,%,16.44
Mexico,2019-02-01,Electricity generation,Aggregate fuel,Wind and Solar,%,6.89
Mexico,2019-02-01,Electricity generation,Fuel,Bioenergy,%,0.05
Mexico,2019-02-01,Electricity generation,Fuel,Coal,%,9.68
Mexico,2019-02-01,Electricity generation,Fuel,Gas,%,54.64
Mexico,2019-02-01,Electricity generation,Fuel,Hydro,%,7.61
Mexico,2019-02-01,Electricity generation,Fuel,Nuclear,%,2.03
Mexico,2019-02-01,Electricity generation,Fuel,Other Fossil,%,17.21
Mexico,2019-02-01,Electricity generation,Fuel,Other Renewables,%,1.89
Mexico,2019-02-01,Electricity generation,Fuel,Solar,%,2.03
Mexico,2019-02-01,Electricity generation,Fuel,Wind,%,4.86
Mexico,2019-03-01,Electricity generation,Aggregate fuel,Clean,%,22.13
Mexico,2019-03-01,Electricity generation,Aggregate fuel,Fossil,%,77.88
Mexico,2019-03-01,Electricity generation,Aggregate fuel,Gas and Other Fossil,%,69.57
Mexico,2019-03-01,Electricity generation,Aggregate fuel,"Hydro, Bioenergy and Other Renewables",%,9.1
Mexico,2019-03-01,Electricity generation,Aggregate fuel,Renewables,%,18.21
Mexico,2019-03-01,Electricity generation,Aggregate fuel,Wind and Solar,%,9.11
Mexico,2019-03-01,Electricity generation,Fuel,Bioenergy,%,0.04
Mexico,2019-03-01,Electricity generation,Fuel,Coal,%,8.31
Mexico,2019-03-01,Electricity generation,Fuel,Gas,%,53.19
Mexico,2019-03-01,Electricity generation,Fuel,Hydro,%,7.28
Mexico,2019-03-01,Electricity generation,Fuel,Nuclear,%,3.92
Mexico,2019-03-01,Electricity generation,Fuel,Other Fossil,%,16.38
Mexico,2019-03-01,Electricity generation,Fuel,Other Renewables,%,1.78
Mexico,2019-03-01,Electricity generation,Fuel,Solar,%,2.3
Mexico,2019-03-01,Electricity generation,Fuel,Wind,%,6.81
Mexico,2019-04-01,Electricity generation,Aggregate fuel,Clean,%,22.46
Mexico,2019-04-01,Electricity generation,Aggregate fuel,Fossil,%,77.54
Mexico,2019-04-01,Electricity generation,Aggregate fuel,Gas and Other Fossil,%,70.92
Mexico,2019-04-01,Electricity generation,Aggregate fuel,"Hydro, Bioenergy and Other Renewables",%,10.88
Mexico,2019-04-01,Electricity generation,Aggregate fuel,Renewables,%,19.15
Mexico,2019-04-01,Electricity generation,Aggregate fuel,Wind and Solar,%,8.27
Mexico,2019-04-01,Electricity generation,Fuel,Bioenergy,%,0.04
Mexico,2019-04-01,Electricity generation,Fuel,Coal,%,6.62
Mexico,2019-04-01,Electricity generation,Fuel,Gas,%,54.29
Mexico,2019-04-01,Electricity generation,Fuel,Hydro,%,9.22
Mexico,2019-04-01,Electricity generation,Fuel,Nuclear,%,3.31
Mexico,2019-04-01,Electricity generation,Fuel,Other Fossil,%,16.63
Mexico,2019-04-01,Electricity generation,Fuel,Other Renewables,%,1.62
Mexico,2019-04-01,Electricity generation,Fuel,Solar,%,2.52
Mexico,2019-04-01,Electricity generation,Fuel,Wind,%,5.75
Mexico,2019-05-01,Electricity generation,Aggregate fuel,Clean,%,20.56
Mexico,2019-05-01,Electricity generation,Aggregate fuel,Fossil,%,79.45
Mexico,2019-05-01,Electricity generation,Aggregate fuel,Gas and Other Fossil,%,73.15
Mexico,2019-05-01,Electricity generation,Aggregate fuel,"Hydro, Bioenergy and Other Renewables",%,11.52
Mexico,2019-05-01,Electricity generation,Aggregate fuel,Renewables,%,18.56
Mexico,2019-05-01,Electricity generation,Aggregate fuel,Wind and Solar,%,7.04
Mexico,2019-05-01,Electricity generation,Fuel,Bioenergy,%,0.04
Mexico,2019-05-01,Electricity generation,Fuel,Coal,%,6.3
Mexico,2019-05-01,Electricity generation,Fuel,Gas,%,56.41
Mexico,2019-05-01,Electricity generation,Fuel,Hydro,%,9.94
Mexico,2019-05-01,Electricity generation,Fuel,Nuclear,%,2.0
Mexico,2019-05-01,Electricity generation,Fuel,Other Fossil,%,16.74
Mexico,2019-05-01,Electricity generation,Fuel,Other Renewables,%,1.54
Mexico,2019-05-01,Electricity generation,Fuel,Solar,%,2.73
Mexico,2019-05-01,Electricity generation,Fuel,Wind,%,4.31
Mexico,2019-06-01,Electricity generation,Aggregate fuel,Clean,%,20.61
Mexico,2019-06-01,Electricity generation,Aggregate fuel,Fossil,%,79.37
Mexico,2019-06-01,Electricity generation,Aggregate fuel,Gas and Other Fossil,%,72.93
Mexico,2019-06-01,Electricity generation,Aggregate fuel,"Hydro, Bioenergy and Other Renewables",%,10.55
Mexico,2019-06-01,Electricity generation,Aggregate fuel,Renewables,%,17.58
Mexico,2019-06-01,Electricity generation,Aggregate fuel,Wind and Solar,%,7.03
Mexico,2019-06-01,Electricity generation,Fuel,Bioenergy,%,0.03
Mexico,2019-06-01,Electricity generation,Fuel,Coal,%,6.44
Mexico,2019-06-01,Electricity generation,Fuel,Gas,%,56.25
Mexico,2019-06-01,Electricity generation,Fuel,Hydro,%,9.06
Mexico,2019-06-01,Electricity generation,Fuel,Nuclear,%,3.03
Mexico,2019-06-01,Electricity generation,Fuel,Other Fossil,%,16.68
Mexico,2019-06-01,Electricity generation,Fuel,Other Renewables,%,1.46
Mexico,2019-06-01,Electricity generation,Fuel,Solar,%,3.13
Mexico,2019-06-01,Electricity generation,Fuel,Wind,%,3.9
Mexico,2019-07-01,Electricity generation,Aggregate fuel,Clean,%,21.0
Mexico,2019-07-01,Electricity generation,Aggregate fuel,Fossil,%,79.0
Mexico,2019-07-01,Electricity generation,Aggregate fuel,Gas and Other Fossil,%,70.25
Mexico,2019-07-01,Electricity generation,Aggregate fuel,"Hydro, Bioenergy and Other Renewables",%,9.48
Mexico,2019-07-01,Electricity generation,Aggregate fuel,Renewables,%,17.66
Mexico,2019-07-01,Electricity generation,Aggregate fuel,Wind and Solar,%,8.18
Mexico,2019-07-01,Electricity generation,Fuel,Bioenergy,%,0.0
Mexico,2019-07-01,Electricity generation,Fuel,Coal,%,8.75
Mexico,2019-07-01,Electricity generation,Fuel,Gas,%,53.96
Mexico,2019-07-01,Electricity generation,Fuel,Hydro,%,8.01
Mexico,2019-07-01,Electricity generation,Fuel,Nuclear,%,3.34
Mexico,2019-07-01,Electricity generation,Fuel,Other Fossil,%,16.29
Mexico,2019-07-01,Electricity generation,Fuel,Other Renewables,%,1.47
Mexico,2019-07-01,Electricity generation,Fuel,Solar,%,2.84
Mexico,2019-07-01,Electricity generation,Fuel,Wind,%,5.34
Mexico,2019-08-01,Electricity generation,Aggregate fuel,Clean,%,18.83
Mexico,2019-08-01,Electricity generation,Aggregate fuel,Fossil,%,81.16
Mexico,2019-08-01,Electricity generation,Aggregate fuel,Gas and Other Fossil,%,71.66
Mexico,2019-08-01,Electricity generation,Aggregate fuel,"Hydro, Bioenergy and Other Renewables",%,8.91
Mexico,2019-08-01,Electricity generation,Aggregate fuel,Renewables,%,15.5
Mexico,2019-08-01,Electricity generation,Aggregate fuel,Wind and Solar,%,6.59
Mexico,2019-08-01,Electricity generation,Fuel,Bioenergy,%,0.0
Mexico,2019-08-01,Electricity generation,Fuel,Coal,%,9.5
Mexico,2019-08-01,Electricity generation,Fuel,Gas,%,55.14
Mexico,2019-08-01,Electricity generation,Fuel,Hydro,%,7.51
Mexico,2019-08-01,Electricity generation,Fuel,Nuclear,%,3.33
Mexico,2019-08-01,Electricity generation,Fuel,Other Fossil,%,16.52
Mexico,2019-08-01,Electricity generation,Fuel,Other Renewables,%,1.4
Mexico,2019-08-01,Electricity generation,Fuel,Solar,%,2.64
Mexico,2019-08-01,Electricity generation,Fuel,Wind,%,3.95
Mexico,2019-09-01,Electricity generation,Aggregate fuel,Clean,%,18.73
Mexico,2019-09-01,Electricity generation,Aggregate fuel,Fossil,%,81.27
Mexico,2019-09-01,Electricity generation,Aggregate fuel,Gas and Other Fossil,%,72.49
Mexico,2019-09-01,Electricity generation,Aggregate fuel,"Hydro, Bioenergy and Other Renewables",%,7.73
Mexico,2019-09-01,Electricity generation,Aggregate fuel,Renewables,%,14.81
Mexico,2019-09-01,Electricity generation,Aggregate fuel,Wind and Solar,%,7.08
Mexico,2019-09-01,Electricity generation,Fuel,Bioenergy,%,0.0
Mexico,2019-09-01,Electricity generation,Fuel,Coal,%,8.78
Mexico,2019-09-01,Electricity generation,Fuel,Gas,%,55.55
Mexico,2019-09-01,Electricity generation,Fuel,Hydro,%,6.28
Mexico,2019-09-01,Electricity generation,Fuel,Nuclear,%,3.92
Mexico,2019-09-01,Electricity generation,Fuel,Other Fossil,%,16.94
Mexico,2019-09-01,Electricity generation,Fuel,Other Renewables,%,1.45
Mexico,2019-09-01,Electricity generation,Fuel,Solar,%,2.76
Mexico,2019-09-01,Electricity generation,Fuel,Wind,%,4.32
Mexico,2019-10-01,Electricity generation,Aggregate fuel,Clean,%,18.41
Mexico,2019-10-01,Electricity generation,Aggregate fuel,Fossil,%,81.59
Mexico,2019-10-01,Electricity generation,Aggregate fuel,Gas and Other Fossil,%,75.37
Mexico,2019-10-01,Electricity generation,Aggregate fuel,"Hydro, Bioenergy and Other Renewables",%,7.23
Mexico,2019-10-01,Electricity generation,Aggregate fuel,Renewables,%,14.47
Mexico,2019-10-01,Electricity generation,Aggregate fuel,Wind and Solar,%,7.24
Mexico,2019-10-01,Electricity generation,Fuel,Bioenergy,%,0.0
Mexico,2019-10-01,Electricity generation,Fuel,Coal,%,6.22
Mexico,2019-10-01,Electricity generation,Fuel,Gas,%,57.87
Mexico,2019-10-01,Electricity generation,Fuel,Hydro,%,5.73
Mexico,2019-10-01,Electricity generation,Fuel,Nuclear,%,3.94
Mexico,2019-10-01,Electricity generation,Fuel,Other Fossil,%,17.5
Mexico,2019-10-01,Electricity generation,Fuel,Other Renewables,%,1.5
Mexico,2019-10-01,Electricity generation,Fuel,Solar,%,3.04
Mexico,2019-10-01,Electricity generation,Fuel,Wind,%,4.2
Mexico,2019-11-01,Electricity generation,Aggregate fuel,Clean,%,22.1
Mexico,2019-11-01,Electricity generation,Aggregate fuel,Fossil,%,77.9
Mexico,2019-11-01,Electricity generation,Aggregate fuel,Gas and Other Fossil,%,72.88
Mexico,2019-11-01,Electricity generation,Aggregate fuel,"Hydro, Bioenergy and Other Renewables",%,7.79
Mexico,2019-11-01,Electricity generation,Aggregate fuel,Renewables,%,17.5
Mexico,2019-11-01,Electricity generation,Aggregate fuel,Wind and Solar,%,9.71
Mexico,2019-11-01,Electricity generation,Fuel,Bioenergy,%,0.0
Mexico,2019-11-01,Electricity generation,Fuel,Coal,%,5.02
Mexico,2019-11-01,Electricity generation,Fuel,Gas,%,55.55
Mexico,2019-11-01,Electricity generation,Fuel,Hydro,%,6.24
Mexico,2019-11-01,Electricity generation,Fuel,Nuclear,%,4.6
Mexico,2019-11-01,Electricity generation,Fuel,Other Fossil,%,17.33
Mexico,2019-11-01,Electricity generation,Fuel,Other Renewables,%,1.55
Mexico,2019-11-01,Electricity generation,Fuel,Solar,%,2.72
Mexico,2019-11-01,Electricity generation,Fuel,Wind,%,6.99
Mexico,2019-12-01,Electricity generation,Aggregate fuel,Clean,%,22.17
Mexico,2019-12-01,Electricity generation,Aggregate fuel,Fossil,%,77.85
Mexico,2019-12-01,Electricity generation,Aggregate fuel,Gas and Other Fossil,%,72.4
Mexico,2019-12-01,Electricity generation,Aggregate fuel,"Hydro, Bioenergy and Other Renewables",%,7.39
Mexico,2019-12-01,Electricity generation,Aggregate fuel,Renewables,%,17.7
Mexico,2019-12-01,Electricity generation,Aggregate fuel,Wind and Solar,%,10.31
Mexico,2019-12-01,Electricity generation,Fuel,Bioenergy,%,0.09
Mexico,2019-12-01,Electricity generation,Fuel,Coal,%,5.45
Mexico,2019-12-01,Electricity generation,Fuel,Gas,%,55.05
Mexico,2019-12-01,Electricity generation,Fuel,Hydro,%,5.58
Mexico,2019-12-01,Electricity generation,Fuel,Nuclear,%,4.47
Mexico,2019-12-01,Electricity generation,Fuel,Other Fossil,%,17.35
Mexico,2019-12-01,Electricity generation,Fuel,Other Renewables,%,1.72
Mexico,2019-12-01,Electricity generation,Fuel,Solar,%,3.18
Mexico,2019-12-01,Electricity generation,Fuel,Wind,%,7.13
Mexico,2020-01-01,Electricity generation,Aggregate fuel,Clean,%,22.7
Mexico,2020-01-01,Electricity generation,Aggregate fuel,Fossil,%,77.3
Mexico,2020-01-01,Electricity generation,Aggregate fuel,Gas and Other Fossil,%,73.93
Mexico,2020-01-01,Electricity generation,Aggregate fuel,"Hydro, Bioenergy and Other Renewables",%,6.83
Mexico,2020-01-01,Electricity generation,Aggregate fuel,Renewables,%,18.16
Mexico,2020-01-01,Electricity generation,Aggregate fuel,Wind and Solar,%,11.33
Mexico,2020-01-01,Electricity generation,Fuel,Bioenergy,%,0.04
Mexico,2020-01-01,Electricity generation,Fuel,Coal,%,3.37
Mexico,2020-01-01,Electricity generation,Fuel,Gas,%,62.52
Mexico,2020-01-01,Electricity generation,Fuel,Hydro,%,5.0
Mexico,2020-01-01,Electricity generation,Fuel,Nuclear,%,4.54
Mexico,2020-01-01,Electricity generation,Fuel,Other Fossil,%,11.41
Mexico,2020-01-01,Electricity generation,Fuel,Other Renewables,%,1.79
Mexico,2020-01-01,Electricity generation,Fuel,Solar,%,3.25
Mexico,2020-01-01,Electricity generation,Fuel,Wind,%,8.08
Mexico,2020-02-01,Electricity generation,Aggregate fuel,Clean,%,22.93
Mexico,2020-02-01,Electricity generation,Aggregate fuel,Fossil,%,77.08
Mexico,2020-02-01,Electricity generation,Aggregate fuel,Gas and Other Fossil,%,73.51
Mexico,2020-02-01,Electricity generation,Aggregate fuel,"Hydro, Bioenergy and Other Renewables",%,6.48
Mexico,2020-02-01,Electricity generation,Aggregate fuel,Renewables,%,18.23
Mexico,2020-02-01,Electricity generation,Aggregate fuel,Wind and Solar,%,11.75
Mexico,2020-02-01,Electricity generation,Fuel,Bioenergy,%,0.04
Mexico,2020-02-01,Electricity generation,Fuel,Coal,%,3.57
Mexico,2020-02-01,Electricity generation,Fuel,Gas,%,62.11
Mexico,2020-02-01,Electricity generation,Fuel,Hydro,%,4.74
Mexico,2020-02-01,Electricity generation,Fuel,Nuclear,%,4.7
Mexico,2020-02-01,Electricity generation,Fuel,Other Fossil,%,11.4
Mexico,2020-02-01,Electricity generation,Fuel,Other Renewables,%,1.7
Mexico,2020-02-01,Electricity generation,Fuel,Solar,%,3.83
Mexico,2020-02-01,Electricity generation,Fuel,Wind,%,7.92
Mexico,2020-03-01,Electricity generation,Aggregate fuel,Clean,%,23.65
Mexico,2020-03-01,Electricity generation,Aggregate fuel,Fossil,%,76.36
Mexico,2020-03-01,Electricity generation,Aggregate fuel,Gas and Other Fossil,%,73.02
Mexico,2020-03-01,Electricity generation,Aggregate fuel,"Hydro, Bioenergy and Other Renewables",%,8.19
Mexico,2020-03-01,Electricity generation,Aggregate fuel,Renewables,%,19.22
Mexico,2020-03-01,Electricity generation,Aggregate fuel,Wind and Solar,%,11.03
Mexico,2020-03-01,Electricity generation,Fuel,Bioenergy,%,0.04
Mexico,2020-03-01,Electricity generation,Fuel,Coal,%,3.34
Mexico,2020-03-01,Electricity generation,Fuel,Gas,%,61.84
Mexico,2020-03-01,Electricity generation,Fuel,Hydro,%,6.56
Mexico,2020-03-01,Electricity generation,Fuel,Nuclear,%,4.43
Mexico,2020-03-01,Electricity generation,Fuel,Other Fossil,%,11.18
Mexico,2020-03-01,Electricity generation,Fuel,Other Renewables,%,1.59
Mexico,2020-03-01,Electricity generation,Fuel,Solar,%,4.31
Mexico,2020-03-01,Electricity generation,Fuel,Wind,%,6.72
Mexico,2020-04-01,Electricity generation,Aggregate fuel,Clean,%,26.94
Mexico,2020-04-01,Electricity generation,Aggregate fuel,Fossil,%,73.05
Mexico,2020-04-01,Electricity generation,Aggregate fuel,Gas and Other Fossil,%,70.33
Mexico,2020-04-01,Electricity generation,Aggregate fuel,"Hydro, Bioenergy and Other Renewables",%,11.79
Mexico,2020-04-01,Electricity generation,Aggregate fuel,Renewables,%,22.26
Mexico,2020-04-01,Electricity generation,Aggregate fuel,Wind and Solar,%,10.47
Mexico,2020-04-01,Electricity generation,Fuel,Bioenergy,%,0.04
Mexico,2020-04-01,Electricity generation,Fuel,Coal,%,2.72
Mexico,2020-04-01,Electricity generation,Fuel,Gas,%,59.39
Mexico,2020-04-01,Electricity generation,Fuel,Hydro,%,10.05
Mexico,2020-04-01,Electricity generation,Fuel,Nuclear,%,4.68
Mexico,2020-04-01,Electricity generation,Fuel,Other Fossil,%,10.94
Mexico,2020-04-01,Electricity generation,Fuel,Other Renewables,%,1.7
Mexico,2020-04-01,Electricity generation,Fuel,Solar,%,5.36
Mexico,2020-04-01,Electricity generation,Fuel,Wind,%,5.11
Mexico,2020-05-01,Electricity generation,Aggregate fuel,Clean,%,27.05
Mexico,2020-05-01,Electricity generation,Aggregate fuel,Fossil,%,72.94
Mexico,2020-05-01,Electricity generation,Aggregate fuel,Gas and Other Fossil,%,70.19
Mexico,2020-05-01,Electricity generation,Aggregate fuel,"Hydro, Bioenergy and Other Renewables",%,12.82
Mexico,2020-05-01,Electricity generation,Aggregate fuel,Renewables,%,23.08
Mexico,2020-05-01,Electricity generation,Aggregate fuel,Wind and Solar,%,10.26
Mexico,2020-05-01,Electricity generation,Fuel,Bioenergy,%,0.04
Mexico,2020-05-01,Electricity generation,Fuel,Coal,%,2.75
Mexico,2020-05-01,Electricity generation,Fuel,Gas,%,59.38
Mexico,2020-05-01,Electricity generation,Fuel,Hydro,%,11.17
Mexico,2020-05-01,Electricity generation,Fuel,Nuclear,%,3.97
Mexico,2020-05-01,Electricity generation,Fuel,Other Fossil,%,10.81
Mexico,2020-05-01,Electricity generation,Fuel,Other Renewables,%,1.61
Mexico,2020-05-01,Electricity generation,Fuel,Solar,%,4.56
Mexico,2020-05-01,Electricity generation,Fuel,Wind,%,5.7
Mexico,2020-06-01,Electricity generation,Aggregate fuel,Clean,%,24.34
Mexico,2020-06-01,Electricity generation,Aggregate fuel,Fossil,%,75.67
Mexico,2020-06-01,Electricity generation,Aggregate fuel,Gas and Other Fossil,%,72.97
Mexico,2020-06-01,Electricity generation,Aggregate fuel,"Hydro, Bioenergy and Other Renewables",%,11.11
Mexico,2020-06-01,Electricity generation,Aggregate fuel,Renewables,%,20.83
Mexico,2020-06-01,Electricity generation,Aggregate fuel,Wind and Solar,%,9.72
Mexico,2020-06-01,Electricity generation,Fuel,Bioenergy,%,0.0
Mexico,2020-06-01,Electricity generation,Fuel,Coal,%,2.7
Mexico,2020-06-01,Electricity generation,Fuel,Gas,%,61.85
Mexico,2020-06-01,Electricity generation,Fuel,Hydro,%,9.71
Mexico,2020-06-01,Electricity generation,Fuel,Nuclear,%,3.51
Mexico,2020-06-01,Electricity generation,Fuel,Other Fossil,%,11.12
Mexico,2020-06-01,Electricity generation,Fuel,Other Renewables,%,1.4
Mexico,2020-06-01,Electricity generation,Fuel,Solar,%,4.73
Mexico,2020-06-01,Electricity generation,Fuel,Wind,%,4.99
Mexico,2020-07-01,Electricity generation,Aggregate fuel,Clean,%,24.3
Mexico,2020-07-01,Electricity generation,Aggregate fuel,Fossil,%,75.7
Mexico,2020-07-01,Electricity generation,Aggregate fuel,Gas and Other Fossil,%,73.23
Mexico,2020-07-01,Electricity generation,Aggregate fuel,"Hydro, Bioenergy and Other Renewables",%,11.33
Mexico,2020-07-01,Electricity generation,Aggregate fuel,Renewables,%,20.9
Mexico,2020-07-01,Electricity generation,Aggregate fuel,Wind and Solar,%,9.57
Mexico,2020-07-01,Electricity generation,Fuel,Bioenergy,%,0.0
Mexico,2020-07-01,Electricity generation,Fuel,Coal,%,2.47
Mexico,2020-07-01,Electricity generation,Fuel,Gas,%,62.15
Mexico,2020-07-01,Electricity generation,Fuel,Hydro,%,9.99
Mexico,2020-07-01,Electricity generation,Fuel,Nuclear,%,3.4
Mexico,2020-07-01,Electricity generation,Fuel,Other Fossil,%,11.08
Mexico,2020-07-01,Electricity generation,Fuel,Other Renewables,%,1.34
Mexico,2020-07-01,Electricity generation,Fuel,Solar,%,4.22
Mexico,2020-07-01,Electricity generation,Fuel,Wind,%,5.35
Mexico,2020-08-01,Electricity generation,Aggregate fuel,Clean,%,23.37
Mexico,2020-08-01,Electricity generation,Aggregate fuel,Fossil,%,76.63
Mexico,2020-08-01,Electricity generation,Aggregate fuel,Gas and Other Fossil,%,74.98
Mexico,2020-08-01,Electricity generation,Aggregate fuel,"Hydro, Bioenergy and Other Renewables",%,11.41
Mexico,2020-08-01,Electricity generation,Aggregate fuel,Renewables,%,20.88
Mexico,2020-08-01,Electricity generation,Aggregate fuel,Wind and Solar,%,9.47
Mexico,2020-08-01,Electricity generation,Fuel,Bioenergy,%,0.0
Mexico,2020-08-01,Electricity generation,Fuel,Coal,%,1.65
Mexico,2020-08-01,Electricity generation,Fuel,Gas,%,63.67
Mexico,2020-08-01,Electricity generation,Fuel,Hydro,%,10.2
Mexico,2020-08-01,Electricity generation,Fuel,Nuclear,%,2.49
Mexico,2020-08-01,Electricity generation,Fuel,Other Fossil,%,11.31
Mexico,2020-08-01,Electricity generation,Fuel,Other Renewables,%,1.21
Mexico,2020-08-01,Electricity generation,Fuel,Solar,%,4.18
Mexico,2020-08-01,Electricity generation,Fuel,Wind,%,5.29
Mexico,2020-09-01,Electricity generation,Aggregate fuel,Clean,%,22.54
Mexico,2020-09-01,Electricity generation,Aggregate fuel,Fossil,%,77.47
Mexico,2020-09-01,Electricity generation,Aggregate fuel,Gas and Other Fossil,%,75.57
Mexico,2020-09-01,Electricity generation,Aggregate fuel,"Hydro, Bioenergy and Other Renewables",%,12.11
Mexico,2020-09-01,Electricity generation,Aggregate fuel,Renewables,%,20.71
Mexico,2020-09-01,Electricity generation,Aggregate fuel,Wind and Solar,%,8.6
Mexico,2020-09-01,Electricity generation,Fuel,Bioenergy,%,0.0
Mexico,2020-09-01,Electricity generation,Fuel,Coal,%,1.9
Mexico,2020-09-01,Electricity generation,Fuel,Gas,%,64.08
Mexico,2020-09-01,Electricity generation,Fuel,Hydro,%,10.9
Mexico,2020-09-01,Electricity generation,Fuel,Nuclear,%,1.83
Mexico,2020-09-01,Electricity generation,Fuel,Other Fossil,%,11.49
Mexico,2020-09-01,Electricity generation,Fuel,Other Renewables,%,1.21
Mexico,2020-09-01,Electricity generation,Fuel,Solar,%,4.1
Mexico,2020-09-01,Electricity generation,Fuel,Wind,%,4.5
Mexico,2020-10-01,Electricity generation,Aggregate fuel,Clean,%,24.99
Mexico,2020-10-01,Electricity generation,Aggregate fuel,Fossil,%,75.02
Mexico,2020-10-01,Electricity generation,Aggregate fuel,Gas and Other Fossil,%,73.0
Mexico,2020-10-01,Electricity generation,Aggregate fuel,"Hydro, Bioenergy and Other Renewables",%,10.29
Mexico,2020-10-01,Electricity generation,Aggregate fuel,Renewables,%,21.35
Mexico,2020-10-01,Electricity generation,Aggregate fuel,Wind and Solar,%,11.06
Mexico,2020-10-01,Electricity generation,Fuel,Bioenergy,%,0.0
Mexico,2020-10-01,Electricity generation,Fuel,Coal,%,2.02
Mexico,2020-10-01,Electricity generation,Fuel,Gas,%,61.87
Mexico,2020-10-01,Electricity generation,Fuel,Hydro,%,9.04
Mexico,2020-10-01,Electricity generation,Fuel,Nuclear,%,3.64
Mexico,2020-10-01,Electricity generation,Fuel,Other Fossil,%,11.13
Mexico,2020-10-01,Electricity generation,Fuel,Other Renewables,%,1.25
Mexico,2020-10-01,Electricity generation,Fuel,Solar,%,4.78
Mexico,2020-10-01,Electricity generation,Fuel,Wind,%,6.28
Mexico,2020-11-01,Electricity generation,Aggregate fuel,Clean,%,24.3
Mexico,2020-11-01,Electricity generation,Aggregate fuel,Fossil,%,75.7
Mexico,2020-11-01,Electricity generation,Aggregate fuel,Gas and Other Fossil,%,73.26
Mexico,2020-11-01,Electricity generation,Aggregate fuel,"Hydro, Bioenergy and Other Renewables",%,8.84
Mexico,2020-11-01,Electricity generation,Aggregate fuel,Renewables,%,21.45
Mexico,2020-11-01,Electricity generation,Aggregate fuel,Wind and Solar,%,12.61
Mexico,2020-11-01,Electricity generation,Fuel,Bioenergy,%,0.0
Mexico,2020-11-01,Electricity generation,Fuel,Coal,%,2.44
Mexico,2020-11-01,Electricity generation,Fuel,Gas,%,61.98
Mexico,2020-11-01,Electricity generation,Fuel,Hydro,%,7.48
Mexico,2020-11-01,Electricity generation,Fuel,Nuclear,%,2.85
Mexico,2020-11-01,Electricity generation,Fuel,Other Fossil,%,11.28
Mexico,2020-11-01,Electricity generation,Fuel,Other Renewables,%,1.36
Mexico,2020-11-01,Electricity generation,Fuel,Solar,%,4.59
Mexico,2020-11-01,Electricity generation,Fuel,Wind,%,8.02
Mexico,2020-12-01,Electricity generation,Aggregate fuel,Clean,%,25.44
Mexico,2020-12-01,Electricity generation,Aggregate fuel,Fossil,%,74.56
Mexico,2020-12-01,Electricity generation,Aggregate fuel,Gas and Other Fossil,%,72.25
Mexico,2020-12-01,Electricity generation,Aggregate fuel,"Hydro, Bioenergy and Other Renewables",%,9.29
Mexico,2020-12-01,Electricity generation,Aggregate fuel,Renewables,%,23.04
Mexico,2020-12-01,Electricity generation,Aggregate fuel,Wind and Solar,%,13.75
Mexico,2020-12-01,Electricity generation,Fuel,Bioenergy,%,0.08
Mexico,2020-12-01,Electricity generation,Fuel,Coal,%,2.31
Mexico,2020-12-01,Electricity generation,Fuel,Gas,%,61.06
Mexico,2020-12-01,Electricity generation,Fuel,Hydro,%,7.7
Mexico,2020-12-01,Electricity generation,Fuel,Nuclear,%,2.4
Mexico,2020-12-01,Electricity generation,Fuel,Other Fossil,%,11.19
Mexico,2020-12-01,Electricity generation,Fuel,Other Renewables,%,1.51
Mexico,2020-12-01,Electricity generation,Fuel,Solar,%,4.46
Mexico,2020-12-01,Electricity generation,Fuel,Wind,%,9.29
Mexico,2021-01-01,Electricity generation,Aggregate fuel,Clean,%,23.86
Mexico,2021-01-01,Electricity generation,Aggregate fuel,Fossil,%,76.14
Mexico,2021-01-01,Electricity generation,Aggregate fuel,Gas and Other Fossil,%,73.43
Mexico,2021-01-01,Electricity generation,Aggregate fuel,"Hydro, Bioenergy and Other Renewables",%,9.3
Mexico,2021-01-01,Electricity generation,Aggregate fuel,Renewables,%,22.32
Mexico,2021-01-01,Electricity generation,Aggregate fuel,Wind and Solar,%,13.02
Mexico,2021-01-01,Electricity generation,Fuel,Bioenergy,%,0.04
Mexico,2021-01-01,Electricity generation,Fuel,Coal,%,2.71
Mexico,2021-01-01,Electricity generation,Fuel,Gas,%,62.08
Mexico,2021-01-01,Electricity generation,Fuel,Hydro,%,7.76
Mexico,2021-01-01,Electricity generation,Fuel,Nuclear,%,1.54
Mexico,2021-01-01,Electricity generation,Fuel,Other Fossil,%,11.35
Mexico,2021-01-01,Electricity generation,Fuel,Other Renewables,%,1.5
Mexico,2021-01-01,Electricity generation,Fuel,Solar,%,4.8
Mexico,2021-01-01,Electricity generation,Fuel,Wind,%,8.22
Mexico,2021-02-01,Electricity generation,Aggregate fuel,Clean,%,26.79
Mexico,2021-02-01,Electricity generation,Aggregate fuel,Fossil,%,73.22
Mexico,2021-02-01,Electricity generation,Aggregate fuel,Gas and Other Fossil,%,70.76
Mexico,2021-02-01,Electricity generation,Aggregate fuel,"Hydro, Bioenergy and Other Renewables",%,10.41
Mexico,2021-02-01,Electricity generation,Aggregate fuel,Renewables,%,23.96
Mexico,2021-02-01,Electricity generation,Aggregate fuel,Wind and Solar,%,13.55
Mexico,2021-02-01,Electricity generation,Fuel,Bioenergy,%,0.05
Mexico,2021-02-01,Electricity generation,Fuel,Coal,%,2.46
Mexico,2021-02-01,Electricity generation,Fuel,Gas,%,59.67
Mexico,2021-02-01,Electricity generation,Fuel,Hydro,%,8.9
Mexico,2021-02-01,Electricity generation,Fuel,Nuclear,%,2.83
Mexico,2021-02-01,Electricity generation,Fuel,Other Fossil,%,11.09
Mexico,2021-02-01,Electricity generation,Fuel,Other Renewables,%,1.46
Mexico,2021-02-01,Electricity generation,Fuel,Solar,%,5.84
Mexico,2021-02-01,Electricity generation,Fuel,Wind,%,7.71
Mexico,2021-03-01,Electricity generation,Aggregate fuel,Clean,%,28.96
Mexico,2021-03-01,Electricity generation,Aggregate fuel,Fossil,%,71.04
Mexico,2021-03-01,Electricity generation,Aggregate fuel,Gas and Other Fossil,%,69.31
Mexico,2021-03-01,Electricity generation,Aggregate fuel,"Hydro, Bioenergy and Other Renewables",%,10.05
Mexico,2021-03-01,Electricity generation,Aggregate fuel,Renewables,%,24.53
Mexico,2021-03-01,Electricity generation,Aggregate fuel,Wind and Solar,%,14.48
Mexico,2021-03-01,Electricity generation,Fuel,Bioenergy,%,0.08
Mexico,2021-03-01,Electricity generation,Fuel,Coal,%,1.73
Mexico,2021-03-01,Electricity generation,Fuel,Gas,%,58.64
Mexico,2021-03-01,Electricity generation,Fuel,Hydro,%,8.51
Mexico,2021-03-01,Electricity generation,Fuel,Nuclear,%,4.43
Mexico,2021-03-01,Electricity generation,Fuel,Other Fossil,%,10.67
Mexico,2021-03-01,Electricity generation,Fuel,Other Renewables,%,1.46
Mexico,2021-03-01,Electricity generation,Fuel,Solar,%,6.2
Mexico,2021-03-01,Electricity generation,Fuel,Wind,%,8.28
Mexico,2021-04-01,Electricity generation,Aggregate fuel,Clean,%,28.8
Mexico,2021-04-01,Electricity generation,Aggregate fuel,Fossil,%,71.19
Mexico,2021-04-01,Electricity generation,Aggregate fuel,Gas and Other Fossil,%,69.31
Mexico,2021-04-01,Electricity generation,Aggregate fuel,"Hydro, Bioenergy and Other Renewables",%,11.96
Mexico,2021-04-01,Electricity generation,Aggregate fuel,Renewables,%,24.59
Mexico,2021-04-01,Electricity generation,Aggregate fuel,Wind and Solar,%,12.63
Mexico,2021-04-01,Electricity generation,Fuel,Bioenergy,%,0.04
Mexico,2021-04-01,Electricity generation,Fuel,Coal,%,1.88
Mexico,2021-04-01,Electricity generation,Fuel,Gas,%,58.67
Mexico,2021-04-01,Electricity generation,Fuel,Hydro,%,10.57
Mexico,2021-04-01,Electricity generation,Fuel,Nuclear,%,4.21
Mexico,2021-04-01,Electricity generation,Fuel,Other Fossil,%,10.64
Mexico,2021-04-01,Electricity generation,Fuel,Other Renewables,%,1.35
Mexico,2021-04-01,Electricity generation,Fuel,Solar,%,5.9
Mexico,2021-04-01,Electricity generation,Fuel,Wind,%,6.73
Mexico,2021-05-01,Electricity generation,Aggregate fuel,Clean,%,28.49
Mexico,2021-05-01,Electricity generation,Aggregate fuel,Fossil,%,71.51
Mexico,2021-05-01,Electricity generation,Aggregate fuel,Gas and Other Fossil,%,69.34
Mexico,2021-05-01,Electricity generation,Aggregate fuel,"Hydro, Bioenergy and Other Renewables",%,12.24
Mexico,2021-05-01,Electricity generation,Aggregate fuel,Renewables,%,24.76
Mexico,2021-05-01,Electricity generation,Aggregate fuel,Wind and Solar,%,12.52
Mexico,2021-05-01,Electricity generation,Fuel,Bioenergy,%,0.03
Mexico,2021-05-01,Electricity generation,Fuel,Coal,%,2.17
Mexico,2021-05-01,Electricity generation,Fuel,Gas,%,58.78
Mexico,2021-05-01,Electricity generation,Fuel,Hydro,%,10.97
Mexico,2021-05-01,Electricity generation,Fuel,Nuclear,%,3.73
Mexico,2021-05-01,Electricity generation,Fuel,Other Fossil,%,10.56
Mexico,2021-05-01,Electricity generation,Fuel,Other Renewables,%,1.24
Mexico,2021-05-01,Electricity generation,Fuel,Solar,%,6.14
Mexico,2021-05-01,Electricity generation,Fuel,Wind,%,6.38
Mexico,2021-06-01,Electricity generation,Aggregate fuel,Clean,%,23.37
Mexico,2021-06-01,Electricity generation,Aggregate fuel,Fossil,%,76.64
Mexico,2021-06-01,Electricity generation,Aggregate fuel,Gas and Other Fossil,%,74.8
Mexico,2021-06-01,Electricity generation,Aggregate fuel,"Hydro, Bioenergy and Other Renewables",%,10.66
Mexico,2021-06-01,Electricity generation,Aggregate fuel,Renewables,%,19.86
Mexico,2021-06-01,Electricity generation,Aggregate fuel,Wind and Solar,%,9.2
Mexico,2021-06-01,Electricity generation,Fuel,Bioenergy,%,0.0
Mexico,2021-06-01,Electricity generation,Fuel,Coal,%,1.84
Mexico,2021-06-01,Electricity generation,Fuel,Gas,%,63.5
Mexico,2021-06-01,Electricity generation,Fuel,Hydro,%,9.5
Mexico,2021-06-01,Electricity generation,Fuel,Nuclear,%,3.51
Mexico,2021-06-01,Electricity generation,Fuel,Other Fossil,%,11.3
Mexico,2021-06-01,Electricity generation,Fuel,Other Renewables,%,1.16
Mexico,2021-06-01,Electricity generation,Fuel,Solar,%,5.18
Mexico,2021-06-01,Electricity generation,Fuel,Wind,%,4.02
Mexico,2021-07-01,Electricity generation,Aggregate fuel,Clean,%,25.75
Mexico,2021-07-01,Electricity generation,Aggregate fuel,Fossil,%,74.26
Mexico,2021-07-01,Electricity generation,Aggregate fuel,Gas and Other Fossil,%,72.52
Mexico,2021-07-01,Electricity generation,Aggregate fuel,"Hydro, Bioenergy and Other Renewables",%,11.13
Mexico,2021-07-01,Electricity generation,Aggregate fuel,Renewables,%,22.47
Mexico,2021-07-01,Electricity generation,Aggregate fuel,Wind and Solar,%,11.34
Mexico,2021-07-01,Electricity generation,Fuel,Bioenergy,%,0.0
Mexico,2021-07-01,Electricity generation,Fuel,Coal,%,1.74
Mexico,2021-07-01,Electricity generation,Fuel,Gas,%,61.55
Mexico,2021-07-01,Electricity generation,Fuel,Hydro,%,9.96
Mexico,2021-07-01,Electricity generation,Fuel,Nuclear,%,3.28
Mexico,2021-07-01,Electricity generation,Fuel,Other Fossil,%,10.97
Mexico,2021-07-01,Electricity generation,Fuel,Other Renewables,%,1.17
Mexico,2021-07-01,Electricity generation,Fuel,Solar,%,5.05
Mexico,2021-07-01,Electricity generation,Fuel,Wind,%,6.29
Mexico,2021-08-01,Electricity generation,Aggregate fuel,Clean,%,28.57
Mexico,2021-08-01,Electricity generation,Aggregate fuel,Fossil,%,71.42
Mexico,2021-08-01,Electricity generation,Aggregate fuel,Gas and Other Fossil,%,70.46
Mexico,2021-08-01,Electricity generation,Aggregate fuel,"Hydro, Bioenergy and Other Renewables",%,14.15
Mexico,2021-08-01,Electricity generation,Aggregate fuel,Renewables,%,24.85
Mexico,2021-08-01,Electricity generation,Aggregate fuel,Wind and Solar,%,10.7
Mexico,2021-08-01,Electricity generation,Fuel,Bioenergy,%,0.0
Mexico,2021-08-01,Electricity generation,Fuel,Coal,%,0.96
Mexico,2021-08-01,Electricity generation,Fuel,Gas,%,59.79
Mexico,2021-08-01,Electricity generation,Fuel,Hydro,%,12.99
Mexico,2021-08-01,Electricity generation,Fuel,Nuclear,%,3.72
Mexico,2021-08-01,Electricity generation,Fuel,Other Fossil,%,10.67
Mexico,2021-08-01,Electricity generation,Fuel,Other Renewables,%,1.16
Mexico,2021-08-01,Electricity generation,Fuel,Solar,%,5.05
Mexico,2021-08-01,Electricity generation,Fuel,Wind,%,5.65
Mexico,2021-09-01,Electricity generation,Aggregate fuel,Clean,%,30.47
Mexico,2021-09-01,Electricity generation,Aggregate fuel,Fossil,%,69.54
Mexico,2021-09-01,Electricity generation,Aggregate fuel,Gas and Other Fossil,%,68.76
Mexico,2021-09-01,Electricity generation,Aggregate fuel,"Hydro, Bioenergy and Other Renewables",%,17.45
Mexico,2021-09-01,Electricity generation,Aggregate fuel,Renewables,%,26.57
Mexico,2021-09-01,Electricity generation,Aggregate fuel,Wind and Solar,%,9.12
Mexico,2021-09-01,Electricity generation,Fuel,Bioenergy,%,0.0
Mexico,2021-09-01,Electricity generation,Fuel,Coal,%,0.78
Mexico,2021-09-01,Electricity generation,Fuel,Gas,%,58.26
Mexico,2021-09-01,Electricity generation,Fuel,Hydro,%,16.28
Mexico,2021-09-01,Electricity generation,Fuel,Nuclear,%,3.9
Mexico,2021-09-01,Electricity generation,Fuel,Other Fossil,%,10.5
Mexico,2021-09-01,Electricity generation,Fuel,Other Renewables,%,1.17
Mexico,2021-09-01,Electricity generation,Fuel,Solar,%,4.72
Mexico,2021-09-01,Electricity generation,Fuel,Wind,%,4.4
Mexico,2021-10-01,Electricity generation,Aggregate fuel,Clean,%,31.03
Mexico,2021-10-01,Electricity generation,Aggregate fuel,Fossil,%,68.98
Mexico,2021-10-01,Electricity generation,Aggregate fuel,Gas and Other Fossil,%,67.85
Mexico,2021-10-01,Electricity generation,Aggregate fuel,"Hydro, Bioenergy and Other Renewables",%,17.04
Mexico,2021-10-01,Electricity generation,Aggregate fuel,Renewables,%,27.75
Mexico,2021-10-01,Electricity generation,Aggregate fuel,Wind and Solar,%,10.71
Mexico,2021-10-01,Electricity generation,Fuel,Bioenergy,%,0.0
Mexico,2021-10-01,Electricity generation,Fuel,Coal,%,1.13
Mexico,2021-10-01,Electricity generation,Fuel,Gas,%,57.47
Mexico,2021-10-01,Electricity generation,Fuel,Hydro,%,15.8
Mexico,2021-10-01,Electricity generation,Fuel,Nuclear,%,3.28
Mexico,2021-10-01,Electricity generation,Fuel,Other Fossil,%,10.38
Mexico,2021-10-01,Electricity generation,Fuel,Other Renewables,%,1.24
Mexico,2021-10-01,Electricity generation,Fuel,Solar,%,5.1
Mexico,2021-10-01,Electricity generation,Fuel,Wind,%,5.61
Mexico,2021-11-01,Electricity generation,Aggregate fuel,Clean,%,29.27
Mexico,2021-11-01,Electricity generation,Aggregate fuel,Fossil,%,70.73
Mexico,2021-11-01,Electricity generation,Aggregate fuel,Gas and Other Fossil,%,69.74
Mexico,2021-11-01,Electricity generation,Aggregate fuel,"Hydro, Bioenergy and Other Renewables",%,10.86
Mexico,2021-11-01,Electricity generation,Aggregate fuel,Renewables,%,25.08
Mexico,2021-11-01,Electricity generation,Aggregate fuel,Wind and Solar,%,14.22
Mexico,2021-11-01,Electricity generation,Fuel,Bioenergy,%,0.0
Mexico,2021-11-01,Electricity generation,Fuel,Coal,%,0.99
Mexico,2021-11-01,Electricity generation,Fuel,Gas,%,58.8
Mexico,2021-11-01,Electricity generation,Fuel,Hydro,%,9.42
Mexico,2021-11-01,Electricity generation,Fuel,Nuclear,%,4.19
Mexico,2021-11-01,Electricity generation,Fuel,Other Fossil,%,10.94
Mexico,2021-11-01,Electricity generation,Fuel,Other Renewables,%,1.44
Mexico,2021-11-01,Electricity generation,Fuel,Solar,%,5.3
Mexico,2021-11-01,Electricity generation,Fuel,Wind,%,8.92
Mexico,2021-12-01,Electricity generation,Aggregate fuel,Clean,%,25.86
Mexico,2021-12-01,Electricity generation,Aggregate fuel,Fossil,%,74.14
Mexico,2021-12-01,Electricity generation,Aggregate fuel,Gas and Other Fossil,%,73.0
Mexico,2021-12-01,Electricity generation,Aggregate fuel,"Hydro, Bioenergy and Other Renewables",%,8.93
Mexico,2021-12-01,Electricity generation,Aggregate fuel,Renewables,%,21.25
Mexico,2021-12-01,Electricity generation,Aggregate fuel,Wind and Solar,%,12.32
Mexico,2021-12-01,Electricity generation,Fuel,Bioenergy,%,0.08
Mexico,2021-12-01,Electricity generation,Fuel,Coal,%,1.14
Mexico,2021-12-01,Electricity generation,Fuel,Gas,%,61.46
Mexico,2021-12-01,Electricity generation,Fuel,Hydro,%,7.38
Mexico,2021-12-01,Electricity generation,Fuel,Nuclear,%,4.61
Mexico,2021-12-01,Electricity generation,Fuel,Other Fossil,%,11.54
Mexico,2021-12-01,Electricity generation,Fuel,Other Renewables,%,1.47
Mexico,2021-12-01,Electricity generation,Fuel,Solar,%,4.53
Mexico,2021-12-01,Electricity generation,Fuel,Wind,%,7.79
Mexico,2022-01-01,Electricity generation,Aggregate fuel,Clean,%,23.69
Mexico,2022-01-01,Electricity generation,Aggregate fuel,Fossil,%,76.31
Mexico,2022-01-01,Electricity generation,Aggregate fuel,Gas and Other Fossil,%,74.62
Mexico,2022-01-01,Electricity generation,Aggregate fuel,"Hydro, Bioenergy and Other Renewables",%,8.33
Mexico,2022-01-01,Electricity generation,Aggregate fuel,Renewables,%,19.79
Mexico,2022-01-01,Electricity generation,Aggregate fuel,Wind and Solar,%,11.46
Mexico,2022-01-01,Electricity generation,Fuel,Bioenergy,%,0.08
Mexico,2022-01-01,Electricity generation,Fuel,Coal,%,1.69
Mexico,2022-01-01,Electricity generation,Fuel,Gas,%,57.2
Mexico,2022-01-01,Electricity generation,Fuel,Hydro,%,6.68
Mexico,2022-01-01,Electricity generation,Fuel,Nuclear,%,3.9
Mexico,2022-01-01,Electricity generation,Fuel,Other Fossil,%,17.42
Mexico,2022-01-01,Electricity generation,Fuel,Other Renewables,%,1.57
Mexico,2022-01-01,Electricity generation,Fuel,Solar,%,4.42
Mexico,2022-01-01,Electricity generation,Fuel,Wind,%,7.04
Mexico,2022-02-01,Electricity generation,Aggregate fuel,Clean,%,25.42
Mexico,2022-02-01,Electricity generation,Aggregate fuel,Fossil,%,74.58
Mexico,2022-02-01,Electricity generation,Aggregate fuel,Gas and Other Fossil,%,72.81
Mexico,2022-02-01,Electricity generation,Aggregate fuel,"Hydro, Bioenergy and Other Renewables",%,8.66
Mexico,2022-02-01,Electricity generation,Aggregate fuel,Renewables,%,21.18
Mexico,2022-02-01,Electricity generation,Aggregate fuel,Wind and Solar,%,12.52
Mexico,2022-02-01,Electricity generation,Fuel,Bioenergy,%,0.09
Mexico,2022-02-01,Electricity generation,Fuel,Coal,%,1.77
Mexico,2022-02-01,Electricity generation,Fuel,Gas,%,55.67
Mexico,2022-02-01,Electricity generation,Fuel,Hydro,%,7.01
Mexico,2022-02-01,Electricity generation,Fuel,Nuclear,%,4.24
Mexico,2022-02-01,Electricity generation,Fuel,Other Fossil,%,17.14
Mexico,2022-02-01,Electricity generation,Fuel,Other Renewables,%,1.56
Mexico,2022-02-01,Electricity generation,Fuel,Solar,%,4.94
Mexico,2022-02-01,Electricity generation,Fuel,Wind,%,7.58
Mexico,2022-03-01,Electricity generation,Aggregate fuel,Clean,%,26.8
Mexico,2022-03-01,Electricity generation,Aggregate fuel,Fossil,%,73.2
Mexico,2022-03-01,Electricity generation,Aggregate fuel,Gas and Other Fossil,%,69.81
Mexico,2022-03-01,Electricity generation,Aggregate fuel,"Hydro, Bioenergy and Other Renewables",%,9.41
Mexico,2022-03-01,Electricity generation,Aggregate fuel,Renewables,%,23.11
Mexico,2022-03-01,Electricity generation,Aggregate fuel,Wind and Solar,%,13.7
Mexico,2022-03-01,Electricity generation,Fuel,Bioenergy,%,0.08
Mexico,2022-03-01,Electricity generation,Fuel,Coal,%,3.39
Mexico,2022-03-01,Electricity generation,Fuel,Gas,%,54.27
Mexico,2022-03-01,Electricity generation,Fuel,Hydro,%,7.79
Mexico,2022-03-01,Electricity generation,Fuel,Nuclear,%,3.69
Mexico,2022-03-01,Electricity generation,Fuel,Other Fossil,%,15.54
Mexico,2022-03-01,Electricity generation,Fuel,Other Renewables,%,1.54
Mexico,2022-03-01,Electricity generation,Fuel,Solar,%,5.95
Mexico,2022-03-01,Electricity generation,Fuel,Wind,%,7.75
Mexico,2022-04-01,Electricity generation,Aggregate fuel,Clean,%,24.13
Mexico,2022-04-01,Electricity generation,Aggregate fuel,Fossil,%,75.88
Mexico,2022-04-01,Electricity generation,Aggregate fuel,Gas and Other Fossil,%,72.86
Mexico,2022-04-01,Electricity generation,Aggregate fuel,"Hydro, Bioenergy and Other Renewables",%,10.72
Mexico,2022-04-01,Electricity generation,Aggregate fuel,Renewables,%,22.24
Mexico,2022-04-01,Electricity generation,Aggregate fuel,Wind and Solar,%,11.52
Mexico,2022-04-01,Electricity generation,Fuel,Bioenergy,%,0.04
Mexico,2022-04-01,Electricity generation,Fuel,Coal,%,3.02
Mexico,2022-04-01,Electricity generation,Fuel,Gas,%,56.29
Mexico,2022-04-01,Electricity generation,Fuel,Hydro,%,9.23
Mexico,2022-04-01,Electricity generation,Fuel,Nuclear,%,1.89
Mexico,2022-04-01,Electricity generation,Fuel,Other Fossil,%,16.57
Mexico,2022-04-01,Electricity generation,Fuel,Other Renewables,%,1.45
Mexico,2022-04-01,Electricity generation,Fuel,Solar,%,5.63
Mexico,2022-04-01,Electricity generation,Fuel,Wind,%,5.89
Mexico,2022-05-01,Electricity generation,Aggregate fuel,Clean,%,25.2
Mexico,2022-05-01,Electricity generation,Aggregate fuel,Fossil,%,74.79
Mexico,2022-05-01,Electricity generation,Aggregate fuel,Gas and Other Fossil,%,71.8
Mexico,2022-05-01,Electricity generation,Aggregate fuel,"Hydro, Bioenergy and Other Renewables",%,12.6
Mexico,2022-05-01,Electricity generation,Aggregate fuel,Renewables,%,23.21
Mexico,2022-05-01,Electricity generation,Aggregate fuel,Wind and Solar,%,10.61
Mexico,2022-05-01,Electricity generation,Fuel,Bioenergy,%,0.03
Mexico,2022-05-01,Electricity generation,Fuel,Coal,%,2.99
Mexico,2022-05-01,Electricity generation,Fuel,Gas,%,55.69
Mexico,2022-05-01,Electricity generation,Fuel,Hydro,%,11.22
Mexico,2022-05-01,Electricity generation,Fuel,Nuclear,%,1.99
Mexico,2022-05-01,Electricity generation,Fuel,Other Fossil,%,16.11
Mexico,2022-05-01,Electricity generation,Fuel,Other Renewables,%,1.35
Mexico,2022-05-01,Electricity generation,Fuel,Solar,%,5.56
Mexico,2022-05-01,Electricity generation,Fuel,Wind,%,5.05
Mexico,2022-06-01,Electricity generation,Aggregate fuel,Clean,%,26.79
Mexico,2022-06-01,Electricity generation,Aggregate fuel,Fossil,%,73.21
Mexico,2022-06-01,Electricity generation,Aggregate fuel,Gas and Other Fossil,%,68.53
Mexico,2022-06-01,Electricity generation,Aggregate fuel,"Hydro, Bioenergy and Other Renewables",%,13.04
Mexico,2022-06-01,Electricity generation,Aggregate fuel,Renewables,%,23.34
Mexico,2022-06-01,Electricity generation,Aggregate fuel,Wind and Solar,%,10.3
Mexico,2022-06-01,Electricity generation,Fuel,Bioenergy,%,0.0
Mexico,2022-06-01,Electricity generation,Fuel,Coal,%,4.68
Mexico,2022-06-01,Electricity generation,Fuel,Gas,%,54.13
Mexico,2022-06-01,Electricity generation,Fuel,Hydro,%,11.77
Mexico,2022-06-01,Electricity generation,Fuel,Nuclear,%,3.45
Mexico,2022-06-01,Electricity generation,Fuel,Other Fossil,%,14.4
Mexico,2022-06-01,Electricity generation,Fuel,Other Renewables,%,1.27
Mexico,2022-06-01,Electricity generation,Fuel,Solar,%,4.97
Mexico,2022-06-01,Electricity generation,Fuel,Wind,%,5.33
Mexico,2022-07-01,Electricity generation,Aggregate fuel,Clean,%,25.28
Mexico,2022-07-01,Electricity generation,Aggregate fuel,Fossil,%,74.71
Mexico,2022-07-01,Electricity generation,Aggregate fuel,Gas and Other Fossil,%,69.86
Mexico,2022-07-01,Electricity generation,Aggregate fuel,"Hydro, Bioenergy and Other Renewables",%,10.7
Mexico,2022-07-01,Electricity generation,Aggregate fuel,Renewables,%,21.89
Mexico,2022-07-01,Electricity generation,Aggregate fuel,Wind and Solar,%,11.19
Mexico,2022-07-01,Electricity generation,Fuel,Bioenergy,%,0.0
Mexico,2022-07-01,Electricity generation,Fuel,Coal,%,4.85
Mexico,2022-07-01,Electricity generation,Fuel,Gas,%,55.74
Mexico,2022-07-01,Electricity generation,Fuel,Hydro,%,9.58
Mexico,2022-07-01,Electricity generation,Fuel,Nuclear,%,3.39
Mexico,2022-07-01,Electricity generation,Fuel,Other Fossil,%,14.12
Mexico,2022-07-01,Electricity generation,Fuel,Other Renewables,%,1.12
Mexico,2022-07-01,Electricity generation,Fuel,Solar,%,4.6
Mexico,2022-07-01,Electricity generation,Fuel,Wind,%,6.59
Mexico,2022-08-01,Electricity generation,Aggregate fuel,Clean,%,27.57
Mexico,2022-08-01,Electricity generation,Aggregate fuel,Fossil,%,72.43
Mexico,2022-08-01,Electricity generation,Aggregate fuel,Gas and Other Fossil,%,69.07
Mexico,2022-08-01,Electricity generation,Aggregate fuel,"Hydro, Bioenergy and Other Renewables",%,14.76
Mexico,2022-08-01,Electricity generation,Aggregate fuel,Renewables,%,24.14
Mexico,2022-08-01,Electricity generation,Aggregate fuel,Wind and Solar,%,9.38
Mexico,2022-08-01,Electricity generation,Fuel,Bioenergy,%,0.0
Mexico,2022-08-01,Electricity generation,Fuel,Coal,%,3.36
Mexico,2022-08-01,Electricity generation,Fuel,Gas,%,55.49
Mexico,2022-08-01,Electricity generation,Fuel,Hydro,%,13.74
Mexico,2022-08-01,Electricity generation,Fuel,Nuclear,%,3.43
Mexico,2022-08-01,Electricity generation,Fuel,Other Fossil,%,13.58
Mexico,2022-08-01,Electricity generation,Fuel,Other Renewables,%,1.02
Mexico,2022-08-01,Electricity generation,Fuel,Solar,%,4.26
Mexico,2022-08-01,Electricity generation,Fuel,Wind,%,5.12
Mexico,2022-09-01,Electricity generation,Aggregate fuel,Clean,%,27.98
Mexico,2022-09-01,Electricity generation,Aggregate fuel,Fossil,%,72.03
Mexico,2022-09-01,Electricity generation,Aggregate fuel,Gas and Other Fossil,%,68.06
Mexico,2022-09-01,Electricity generation,Aggregate fuel,"Hydro, Bioenergy and Other Renewables",%,17.06
Mexico,2022-09-01,Electricity generation,Aggregate fuel,Renewables,%,25.45
Mexico,2022-09-01,Electricity generation,Aggregate fuel,Wind and Solar,%,8.39
Mexico,2022-09-01,Electricity generation,Fuel,Bioenergy,%,0.0
Mexico,2022-09-01,Electricity generation,Fuel,Coal,%,3.97
Mexico,2022-09-01,Electricity generation,Fuel,Gas,%,54.44
Mexico,2022-09-01,Electricity generation,Fuel,Hydro,%,15.94
Mexico,2022-09-01,Electricity generation,Fuel,Nuclear,%,2.53
Mexico,2022-09-01,Electricity generation,Fuel,Other Fossil,%,13.62
Mexico,2022-09-01,Electricity generation,Fuel,Other Renewables,%,1.12
Mexico,2022-09-01,Electricity generation,Fuel,Solar,%,4.53
Mexico,2022-09-01,Electricity generation,Fuel,Wind,%,3.86
Mexico,2022-10-01,Electricity generation,Aggregate fuel,Clean,%,27.21
Mexico,2022-10-01,Electricity generation,Aggregate fuel,Fossil,%,72.78
Mexico,2022-10-01,Electricity generation,Aggregate fuel,Gas and Other Fossil,%,68.37
Mexico,2022-10-01,Electricity generation,Aggregate fuel,"Hydro, Bioenergy and Other Renewables",%,15.27
Mexico,2022-10-01,Electricity generation,Aggregate fuel,Renewables,%,25.15
Mexico,2022-10-01,Electricity generation,Aggregate fuel,Wind and Solar,%,9.88
Mexico,2022-10-01,Electricity generation,Fuel,Bioenergy,%,0.0
Mexico,2022-10-01,Electricity generation,Fuel,Coal,%,4.41
Mexico,2022-10-01,Electricity generation,Fuel,Gas,%,54.59
Mexico,2022-10-01,Electricity generation,Fuel,Hydro,%,14.0
Mexico,2022-10-01,Electricity generation,Fuel,Nuclear,%,2.06
Mexico,2022-10-01,Electricity generation,Fuel,Other Fossil,%,13.78
Mexico,2022-10-01,Electricity generation,Fuel,Other Renewables,%,1.27
Mexico,2022-10-01,Electricity generation,Fuel,Solar,%,4.56
Mexico,2022-10-01,Electricity generation,Fuel,Wind,%,5.32
Mexico,2022-11-01,Electricity generation,Aggregate fuel,Clean,%,27.34
Mexico,2022-11-01,Electricity generation,Aggregate fuel,Fossil,%,72.65
Mexico,2022-11-01,Electricity generation,Aggregate fuel,Gas and Other Fossil,%,66.99
Mexico,2022-11-01,Electricity generation,Aggregate fuel,"Hydro, Bioenergy and Other Renewables",%,12.65
Mexico,2022-11-01,Electricity generation,Aggregate fuel,Renewables,%,24.12
Mexico,2022-11-01,Electricity generation,Aggregate fuel,Wind and Solar,%,11.47
Mexico,2022-11-01,Electricity generation,Fuel,Bioenergy,%,0.0
Mexico,2022-11-01,Electricity generation,Fuel,Coal,%,5.66
Mexico,2022-11-01,Electricity generation,Fuel,Gas,%,53.08
Mexico,2022-11-01,Electricity generation,Fuel,Hydro,%,11.39
Mexico,2022-11-01,Electricity generation,Fuel,Nuclear,%,3.22
Mexico,2022-11-01,Electricity generation,Fuel,Other Fossil,%,13.91
Mexico,2022-11-01,Electricity generation,Fuel,Other Renewables,%,1.26
Mexico,2022-11-01,Electricity generation,Fuel,Solar,%,4.79
Mexico,2022-11-01,Electricity generation,Fuel,Wind,%,6.68
Mexico,2022-12-01,Electricity generation,Aggregate fuel,Clean,%,25.68
Mexico,2022-12-01,Electricity generation,Aggregate fuel,Fossil,%,74.31
Mexico,2022-12-01,Electricity generation,Aggregate fuel,Gas and Other Fossil,%,68.51
Mexico,2022-12-01,Electricity generation,Aggregate fuel,"Hydro, Bioenergy and Other Renewables",%,8.92
Mexico,2022-12-01,Electricity generation,Aggregate fuel,Renewables,%,21.08
Mexico,2022-12-01,Electricity generation,Aggregate fuel,Wind and Solar,%,12.16
Mexico,2022-12-01,Electricity generation,Fuel,Bioenergy,%,0.04
Mexico,2022-12-01,Electricity generation,Fuel,Coal,%,5.8
Mexico,2022-12-01,Electricity generation,Fuel,Gas,%,54.14
Mexico,2022-12-01,Electricity generation,Fuel,Hydro,%,7.48
Mexico,2022-12-01,Electricity generation,Fuel,Nuclear,%,4.6
Mexico,2022-12-01,Electricity generation,Fuel,Other Fossil,%,14.37
Mexico,2022-12-01,Electricity generation,Fuel,Other Renewables,%,1.4
Mexico,2022-12-01,Electricity generation,Fuel,Solar,%,4.36
Mexico,2022-12-01,Electricity generation,Fuel,Wind,%,7.8
Mexico,2023-01-01,Electricity generation,Aggregate fuel,Clean,%,24.35
Mexico,2023-01-01,Electricity generation,Aggregate fuel,Fossil,%,75.65
Mexico,2023-01-01,Electricity generation,Aggregate fuel,Gas and Other Fossil,%,68.92
Mexico,2023-01-01,Electricity generation,Aggregate fuel,"Hydro, Bioenergy and Other Renewables",%,7.79
Mexico,2023-01-01,Electricity generation,Aggregate fuel,Renewables,%,19.89
Mexico,2023-01-01,Electricity generation,Aggregate fuel,Wind and Solar,%,12.1
Mexico,2023-01-01,Electricity generation,Fuel,Bioenergy,%,0.08
Mexico,2023-01-01,Electricity generation,Fuel,Coal,%,6.73
Mexico,2023-01-01,Electricity generation,Fuel,Gas,%,54.44
Mexico,2023-01-01,Electricity generation,Fuel,Hydro,%,6.18
Mexico,2023-01-01,Electricity generation,Fuel,Nuclear,%,4.46
Mexico,2023-01-01,Electricity generation,Fuel,Other Fossil,%,14.48
Mexico,2023-01-01,Electricity generation,Fuel,Other Renewables,%,1.53
Mexico,2023-01-01,Electricity generation,Fuel,Solar,%,4.74
Mexico,2023-01-01,Electricity generation,Fuel,Wind,%,7.36
Mexico,2023-02-01,Electricity generation,Aggregate fuel,Clean,%,24.68
Mexico,2023-02-01,Electricity generation,Aggregate fuel,Fossil,%,75.33
Mexico,2023-02-01,Electricity generation,Aggregate fuel,Gas and Other Fossil,%,60.47
Mexico,2023-02-01,Electricity generation,Aggregate fuel,"Hydro, Bioenergy and Other Renewables",%,7.18
Mexico,2023-02-01,Electricity generation,Aggregate fuel,Renewables,%,20.32
Mexico,2023-02-01,Electricity generation,Aggregate fuel,Wind and Solar,%,13.14
Mexico,2023-02-01,Electricity generation,Fuel,Bioenergy,%,0.08
Mexico,2023-02-01,Electricity generation,Fuel,Coal,%,14.86
Mexico,2023-02-01,Electricity generation,Fuel,Gas,%,49.56
Mexico,2023-02-01,Electricity generation,Fuel,Hydro,%,5.67
Mexico,2023-02-01,Electricity generation,Fuel,Nuclear,%,4.36
Mexico,2023-02-01,Electricity generation,Fuel,Other Fossil,%,10.91
Mexico,2023-02-01,Electricity generation,Fuel,Other Renewables,%,1.43
Mexico,2023-02-01,Electricity generation,Fuel,Solar,%,5.33
Mexico,2023-02-01,Electricity generation,Fuel,Wind,%,7.81
Mexico,2023-03-01,Electricity generation,Aggregate fuel,Clean,%,23.95
Mexico,2023-03-01,Electricity generation,Aggregate fuel,Fossil,%,76.06
Mexico,2023-03-01,Electricity generation,Aggregate fuel,Gas and Other Fossil,%,65.63
Mexico,2023-03-01,Electricity generation,Aggregate fuel,"Hydro, Bioenergy and Other Renewables",%,7.3
Mexico,2023-03-01,Electricity generation,Aggregate fuel,Renewables,%,19.85
Mexico,2023-03-01,Electricity generation,Aggregate fuel,Wind and Solar,%,12.55
Mexico,2023-03-01,Electricity generation,Fuel,Bioenergy,%,0.07
Mexico,2023-03-01,Electricity generation,Fuel,Coal,%,10.43
Mexico,2023-03-01,Electricity generation,Fuel,Gas,%,54.3
Mexico,2023-03-01,Electricity generation,Fuel,Hydro,%,5.83
Mexico,2023-03-01,Electricity generation,Fuel,Nuclear,%,4.1
Mexico,2023-03-01,Electricity generation,Fuel,Other Fossil,%,11.33
Mexico,2023-03-01,Electricity generation,Fuel,Other Renewables,%,1.4
Mexico,2023-03-01,Electricity generation,Fuel,Solar,%,6.01
Mexico,2023-03-01,Electricity generation,Fuel,Wind,%,6.54
Mexico,2023-04-01,Electricity generation,Aggregate fuel,Clean,%,24.45
Mexico,2023-04-01,Electricity generation,Aggregate fuel,Fossil,%,75.57
Mexico,2023-04-01,Electricity generation,Aggregate fuel,Gas and Other Fossil,%,68.42
Mexico,2023-04-01,Electricity generation,Aggregate fuel,"Hydro, Bioenergy and Other Renewables",%,8.47
Mexico,2023-04-01,Electricity generation,Aggregate fuel,Renewables,%,20.46
Mexico,2023-04-01,Electricity generation,Aggregate fuel,Wind and Solar,%,11.99
Mexico,2023-04-01,Electricity generation,Fuel,Bioenergy,%,0.04
Mexico,2023-04-01,Electricity generation,Fuel,Coal,%,7.15
Mexico,2023-04-01,Electricity generation,Fuel,Gas,%,54.64
Mexico,2023-04-01,Electricity generation,Fuel,Hydro,%,7.0
Mexico,2023-04-01,Electricity generation,Fuel,Nuclear,%,3.99
Mexico,2023-04-01,Electricity generation,Fuel,Other Fossil,%,13.78
Mexico,2023-04-01,Electricity generation,Fuel,Other Renewables,%,1.43
Mexico,2023-04-01,Electricity generation,Fuel,Solar,%,6.16
Mexico,2023-04-01,Electricity generation,Fuel,Wind,%,5.83
Mexico,2023-05-01,Electricity generation,Aggregate fuel,Clean,%,22.09
Mexico,2023-05-01,Electricity generation,Aggregate fuel,Fossil,%,77.92
Mexico,2023-05-01,Electricity generation,Aggregate fuel,Gas and Other Fossil,%,70.56
Mexico,2023-05-01,Electricity generation,Aggregate fuel,"Hydro, Bioenergy and Other Renewables",%,8.35
Mexico,2023-05-01,Electricity generation,Aggregate fuel,Renewables,%,18.67
Mexico,2023-05-01,Electricity generation,Aggregate fuel,Wind and Solar,%,10.32
Mexico,2023-05-01,Electricity generation,Fuel,Bioenergy,%,0.03
Mexico,2023-05-01,Electricity generation,Fuel,Coal,%,7.36
Mexico,2023-05-01,Electricity generation,Fuel,Gas,%,56.36
Mexico,2023-05-01,Electricity generation,Fuel,Hydro,%,7.07
Mexico,2023-05-01,Electricity generation,Fuel,Nuclear,%,3.42
Mexico,2023-05-01,Electricity generation,Fuel,Other Fossil,%,14.2
Mexico,2023-05-01,Electricity generation,Fuel,Other Renewables,%,1.25
Mexico,2023-05-01,Electricity generation,Fuel,Solar,%,5.92
Mexico,2023-05-01,Electricity generation,Fuel,Wind,%,4.4
Mexico,2023-06-01,Electricity generation,Aggregate fuel,Clean,%,21.37
Mexico,2023-06-01,Electricity generation,Aggregate fuel,Fossil,%,78.63
Mexico,2023-06-01,Electricity generation,Aggregate fuel,Gas and Other Fossil,%,71.92
Mexico,2023-06-01,Electricity generation,Aggregate fuel,"Hydro, Bioenergy and Other Renewables",%,7.84
Mexico,2023-06-01,Electricity generation,Aggregate fuel,Renewables,%,18.05
Mexico,2023-06-01,Electricity generation,Aggregate fuel,Wind and Solar,%,10.21
Mexico,2023-06-01,Electricity generation,Fuel,Bioenergy,%,0.0
Mexico,2023-06-01,Electricity generation,Fuel,Coal,%,6.71
Mexico,2023-06-01,Electricity generation,Fuel,Gas,%,57.53
Mexico,2023-06-01,Electricity generation,Fuel,Hydro,%,6.83
Mexico,2023-06-01,Electricity generation,Fuel,Nuclear,%,3.32
Mexico,2023-06-01,Electricity generation,Fuel,Other Fossil,%,14.39
Mexico,2023-06-01,Electricity generation,Fuel,Other Renewables,%,1.01
Mexico,2023-06-01,Electricity generation,Fuel,Solar,%,5.76
Mexico,2023-06-01,Electricity generation,Fuel,Wind,%,4.45
Mexico,2023-07-01,Electricity generation,Aggregate fuel,Clean,%,21.15
Mexico,2023-07-01,Electricity generation,Aggregate fuel,Fossil,%,78.86
Mexico,2023-07-01,Electricity generation,Aggregate fuel,Gas and Other Fossil,%,72.05
Mexico,2023-07-01,Electricity generation,Aggregate fuel,"Hydro, Bioenergy and Other Renewables",%,6.07
Mexico,2023-07-01,Electricity generation,Aggregate fuel,Renewables,%,17.86
Mexico,2023-07-01,Electricity generation,Aggregate fuel,Wind and Solar,%,11.79
Mexico,2023-07-01,Electricity generation,Fuel,Bioenergy,%,0.0
Mexico,2023-07-01,Electricity generation,Fuel,Coal,%,6.81
Mexico,2023-07-01,Electricity generation,Fuel,Gas,%,57.54
Mexico,2023-07-01,Electricity generation,Fuel,Hydro,%,5.12
Mexico,2023-07-01,Electricity generation,Fuel,Nuclear,%,3.29
Mexico,2023-07-01,Electricity generation,Fuel,Other Fossil,%,14.51
Mexico,2023-07-01,Electricity generation,Fuel,Other Renewables,%,0.95
Mexico,2023-07-01,Electricity generation,Fuel,Solar,%,5.3
Mexico,2023-07-01,Electricity generation,Fuel,Wind,%,6.49
Mexico,2023-08-01,Electricity generation,Aggregate fuel,Clean,%,20.33
Mexico,2023-08-01,Electricity generation,Aggregate fuel,Fossil,%,79.67
Mexico,2023-08-01,Electricity generation,Aggregate fuel,Gas and Other Fossil,%,73.42
Mexico,2023-08-01,Electricity generation,Aggregate fuel,"Hydro, Bioenergy and Other Renewables",%,6.96
Mexico,2023-08-01,Electricity generation,Aggregate fuel,Renewables,%,17.11
Mexico,2023-08-01,Electricity generation,Aggregate fuel,Wind and Solar,%,10.15
Mexico,2023-08-01,Electricity generation,Fuel,Bioenergy,%,0.0
Mexico,2023-08-01,Electricity generation,Fuel,Coal,%,6.25
Mexico,2023-08-01,Electricity generation,Fuel,Gas,%,62.85
Mexico,2023-08-01,Electricity generation,Fuel,Hydro,%,5.95
Mexico,2023-08-01,Electricity generation,Fuel,Nuclear,%,3.22
Mexico,2023-08-01,Electricity generation,Fuel,Other Fossil,%,10.57
Mexico,2023-08-01,Electricity generation,Fuel,Other Renewables,%,1.01
Mexico,2023-08-01,Electricity generation,Fuel,Solar,%,5.03
Mexico,2023-08-01,Electricity generation,Fuel,Wind,%,5.12
Mexico,2023-09-01,Electricity generation,Aggregate fuel,Clean,%,20.69
Mexico,2023-09-01,Electricity generation,Aggregate fuel,Fossil,%,79.32
Mexico,2023-09-01,Electricity generation,Aggregate fuel,Gas and Other Fossil,%,73.29
Mexico,2023-09-01,Electricity generation,Aggregate fuel,"Hydro, Bioenergy and Other Renewables",%,8.02
Mexico,2023-09-01,Electricity generation,Aggregate fuel,Renewables,%,18.27
Mexico,2023-09-01,Electricity generation,Aggregate fuel,Wind and Solar,%,10.25
Mexico,2023-09-01,Electricity generation,Fuel,Bioenergy,%,0.0
Mexico,2023-09-01,Electricity generation,Fuel,Coal,%,6.03
Mexico,2023-09-01,Electricity generation,Fuel,Gas,%,62.57
Mexico,2023-09-01,Electricity generation,Fuel,Hydro,%,6.98
Mexico,2023-09-01,Electricity generation,Fuel,Nuclear,%,2.42
Mexico,2023-09-01,Electricity generation,Fuel,Other Fossil,%,10.72
Mexico,2023-09-01,Electricity generation,Fuel,Other Renewables,%,1.04
Mexico,2023-09-01,Electricity generation,Fuel,Solar,%,5.44
Mexico,2023-09-01,Electricity generation,Fuel,Wind,%,4.81
Mexico,2023-10-01,Electricity generation,Aggregate fuel,Clean,%,19.17
Mexico,2023-10-01,Electricity generation,Aggregate fuel,Fossil,%,80.83
Mexico,2023-10-01,Electricity generation,Aggregate fuel,Gas and Other Fossil,%,73.98
Mexico,2023-10-01,Electricity generation,Aggregate fuel,"Hydro, Bioenergy and Other Renewables",%,6.74
Mexico,2023-10-01,Electricity generation,Aggregate fuel,Renewables,%,17.32
Mexico,2023-10-01,Electricity generation,Aggregate fuel,Wind and Solar,%,10.58
Mexico,2023-10-01,Electricity generation,Fuel,Bioenergy,%,0.0
Mexico,2023-10-01,Electricity generation,Fuel,Coal,%,6.85
Mexico,2023-10-01,Electricity generation,Fuel,Gas,%,62.89
Mexico,2023-10-01,Electricity generation,Fuel,Hydro,%,5.68
Mexico,2023-10-01,Electricity generation,Fuel,Nuclear,%,1.85
Mexico,2023-10-01,Electricity generation,Fuel,Other Fossil,%,11.09
Mexico,2023-10-01,Electricity generation,Fuel,Other Renewables,%,1.06
Mexico,2023-10-01,Electricity generation,Fuel,Solar,%,4.69
Mexico,2023-10-01,Electricity generation,Fuel,Wind,%,5.89
Mexico,2023-11-01,Electricity generation,Aggregate fuel,Clean,%,20.35
Mexico,2023-11-01,Electricity generation,Aggregate fuel,Fossil,%,79.66
Mexico,2023-11-01,Electricity generation,Aggregate fuel,Gas and Other Fossil,%,73.67
Mexico,2023-11-01,Electricity generation,Aggregate fuel,"Hydro, Bioenergy and Other Renewables",%,5.56
Mexico,2023-11-01,Electricity generation,Aggregate fuel,Renewables,%,17.02
Mexico,2023-11-01,Electricity generation,Aggregate fuel,Wind and Solar,%,11.46
Mexico,2023-11-01,Electricity generation,Fuel,Bioenergy,%,0.04
Mexico,2023-11-01,Electricity generation,Fuel,Coal,%,5.99
Mexico,2023-11-01,Electricity generation,Fuel,Gas,%,62.05
Mexico,2023-11-01,Electricity generation,Fuel,Hydro,%,4.42
Mexico,2023-11-01,Electricity generation,Fuel,Nuclear,%,3.33
Mexico,2023-11-01,Electricity generation,Fuel,Other Fossil,%,11.62
Mexico,2023-11-01,Electricity generation,Fuel,Other Renewables,%,1.1
Mexico,2023-11-01,Electricity generation,Fuel,Solar,%,4.34
Mexico,2023-11-01,Electricity generation,Fuel,Wind,%,7.12
Mexico,2023-12-01,Electricity generation,Aggregate fuel,Clean,%,21.47
Mexico,2023-12-01,Electricity generation,Aggregate fuel,Fossil,%,78.53
Mexico,2023-12-01,Electricity generation,Aggregate fuel,Gas and Other Fossil,%,73.66
Mexico,2023-12-01,Electricity generation,Aggregate fuel,"Hydro, Bioenergy and Other Renewables",%,5.48
Mexico,2023-12-01,Electricity generation,Aggregate fuel,Renewables,%,16.8
Mexico,2023-12-01,Electricity generation,Aggregate fuel,Wind and Solar,%,11.32
Mexico,2023-12-01,Electricity generation,Fuel,Bioenergy,%,0.04
Mexico,2023-12-01,Electricity generation,Fuel,Coal,%,4.87
Mexico,2023-12-01,Electricity generation,Fuel,Gas,%,61.89
Mexico,2023-12-01,Electricity generation,Fuel,Hydro,%,4.18
Mexico,2023-12-01,Electricity generation,Fuel,Nuclear,%,4.67
Mexico,2023-12-01,Electricity generation,Fuel,Other Fossil,%,11.77
Mexico,2023-12-01,Electricity generation,Fuel,Other Renewables,%,1.26
Mexico,2023-12-01,Electricity generation,Fuel,Solar,%,4.1
Mexico,2023-12-01,Electricity generation,Fuel,Wind,%,7.22
Mexico,2024-01-01,Electricity generation,Aggregate fuel,Clean,%,21.11
Mexico,2024-01-01,Electricity generation,Aggregate fuel,Fossil,%,78.9
Mexico,2024-01-01,Electricity generation,Aggregate fuel,Gas and Other Fossil,%,72.83
Mexico,2024-01-01,Electricity generation,Aggregate fuel,"Hydro, Bioenergy and Other Renewables",%,5.73
Mexico,2024-01-01,Electricity generation,Aggregate fuel,Renewables,%,17.36
Mexico,2024-01-01,Electricity generation,Aggregate fuel,Wind and Solar,%,11.63
Mexico,2024-01-01,Electricity generation,Fuel,Bioenergy,%,0.04
Mexico,2024-01-01,Electricity generation,Fuel,Coal,%,6.07
Mexico,2024-01-01,Electricity generation,Fuel,Gas,%,61.35
Mexico,2024-01-01,Electricity generation,Fuel,Hydro,%,4.41
Mexico,2024-01-01,Electricity generation,Fuel,Nuclear,%,3.75
Mexico,2024-01-01,Electricity generation,Fuel,Other Fossil,%,11.48
Mexico,2024-01-01,Electricity generation,Fuel,Other Renewables,%,1.28
Mexico,2024-01-01,Electricity generation,Fuel,Solar,%,4.48
Mexico,2024-01-01,Electricity generation,Fuel,Wind,%,7.15
Mexico,2024-02-01,Electricity generation,Aggregate fuel,Clean,%,22.5
Mexico,2024-02-01,Electricity generation,Aggregate fuel,Fossil,%,77.49
Mexico,2024-02-01,Electricity generation,Aggregate fuel,Gas and Other Fossil,%,72.32
Mexico,2024-02-01,Electricity generation,Aggregate fuel,"Hydro, Bioenergy and Other Renewables",%,5.17
Mexico,2024-02-01,Electricity generation,Aggregate fuel,Renewables,%,18.15
Mexico,2024-02-01,Electricity generation,Aggregate fuel,Wind and Solar,%,12.98
Mexico,2024-02-01,Electricity generation,Fuel,Bioenergy,%,0.08
Mexico,2024-02-01,Electricity generation,Fuel,Coal,%,5.17
Mexico,2024-02-01,Electricity generation,Fuel,Gas,%,60.62
Mexico,2024-02-01,Electricity generation,Fuel,Hydro,%,3.86
Mexico,2024-02-01,Electricity generation,Fuel,Nuclear,%,4.35
Mexico,2024-02-01,Electricity generation,Fuel,Other Fossil,%,11.7
Mexico,2024-02-01,Electricity generation,Fuel,Other Renewables,%,1.23
Mexico,2024-02-01,Electricity generation,Fuel,Solar,%,5.3
Mexico,2024-02-01,Electricity generation,Fuel,Wind,%,7.68
Mexico,2024-03-01,Electricity generation,Aggregate fuel,Clean,%,21.22
Mexico,2024-03-01,Electricity generation,Aggregate fuel,Fossil,%,78.77
Mexico,2024-03-01,Electricity generation,Aggregate fuel,Gas and Other Fossil,%,73.97
Mexico,2024-03-01,Electricity generation,Aggregate fuel,"Hydro, Bioenergy and Other Renewables",%,5.74
Mexico,2024-03-01,Electricity generation,Aggregate fuel,Renewables,%,17.93
Mexico,2024-03-01,Electricity generation,Aggregate fuel,Wind and Solar,%,12.19
Mexico,2024-03-01,Electricity generation,Fuel,Bioenergy,%,0.07
Mexico,2024-03-01,Electricity generation,Fuel,Coal,%,4.8
Mexico,2024-03-01,Electricity generation,Fuel,Gas,%,62.59
Mexico,2024-03-01,Electricity generation,Fuel,Hydro,%,4.54
Mexico,2024-03-01,Electricity generation,Fuel,Nuclear,%,3.29
Mexico,2024-03-01,Electricity generation,Fuel,Other Fossil,%,11.38
Mexico,2024-03-01,Electricity generation,Fuel,Other Renewables,%,1.13
Mexico,2024-03-01,Electricity generation,Fuel,Solar,%,5.82
Mexico,2024-03-01,Electricity generation,Fuel,Wind,%,6.37
Mexico,2024-04-01,Electricity generation,Aggregate fuel,Clean,%,21.47
Mexico,2024-04-01,Electricity generation,Aggregate fuel,Fossil,%,78.53
Mexico,2024-04-01,Electricity generation,Aggregate fuel,Gas and Other Fossil,%,72.89
Mexico,2024-04-01,Electricity generation,Aggregate fuel,"Hydro, Bioenergy and Other Renewables",%,6.64
Mexico,2024-04-01,Electricity generation,Aggregate fuel,Renewables,%,19.44
Mexico,2024-04-01,Electricity generation,Aggregate fuel,Wind and Solar,%,12.8
Mexico,2024-04-01,Electricity generation,Fuel,Bioenergy,%,0.03
Mexico,2024-04-01,Electricity generation,Fuel,Coal,%,5.64
Mexico,2024-04-01,Electricity generation,Fuel,Gas,%,61.84
Mexico,2024-04-01,Electricity generation,Fuel,Hydro,%,5.54
Mexico,2024-04-01,Electricity generation,Fuel,Nuclear,%,2.03
Mexico,2024-04-01,Electricity generation,Fuel,Other Fossil,%,11.05
Mexico,2024-04-01,Electricity generation,Fuel,Other Renewables,%,1.07
Mexico,2024-04-01,Electricity generation,Fuel,Solar,%,5.95
Mexico,2024-04-01,Electricity generation,Fuel,Wind,%,6.85
Mexico,2024-05-01,Electricity generation,Aggregate fuel,Clean,%,20.58
Mexico,2024-05-01,Electricity generation,Aggregate fuel,Fossil,%,79.44
Mexico,2024-05-01,Electricity generation,Aggregate fuel,Gas and Other Fossil,%,73.42
Mexico,2024-05-01,Electricity generation,Aggregate fuel,"Hydro, Bioenergy and Other Renewables",%,7.89
Mexico,2024-05-01,Electricity generation,Aggregate fuel,Renewables,%,17.94
Mexico,2024-05-01,Electricity generation,Aggregate fuel,Wind and Solar,%,10.05
Mexico,2024-05-01,Electricity generation,Fuel,Bioenergy,%,0.03
Mexico,2024-05-01,Electricity generation,Fuel,Coal,%,6.02
Mexico,2024-05-01,Electricity generation,Fuel,Gas,%,62.54
Mexico,2024-05-01,Electricity generation,Fuel,Hydro,%,6.88
Mexico,2024-05-01,Electricity generation,Fuel,Nuclear,%,2.64
Mexico,2024-05-01,Electricity generation,Fuel,Other Fossil,%,10.88
Mexico,2024-05-01,Electricity generation,Fuel,Other Renewables,%,0.98
Mexico,2024-05-01,Electricity generation,Fuel,Solar,%,5.78
Mexico,2024-05-01,Electricity generation,Fuel,Wind,%,4.27
Mexico,2024-06-01,Electricity generation,Aggregate fuel,Clean,%,19.76
Mexico,2024-06-01,Electricity generation,Aggregate fuel,Fossil,%,80.24
Mexico,2024-06-01,Electricity generation,Aggregate fuel,Gas and Other Fossil,%,73.64
Mexico,2024-06-01,Electricity generation,Aggregate fuel,"Hydro, Bioenergy and Other Renewables",%,6.99
Mexico,2024-06-01,Electricity generation,Aggregate fuel,Renewables,%,16.38
Mexico,2024-06-01,Electricity generation,Aggregate fuel,Wind and Solar,%,9.39
Mexico,2024-06-01,Electricity generation,Fuel,Bioenergy,%,0.0
Mexico,2024-06-01,Electricity generation,Fuel,Coal,%,6.6
Mexico,2024-06-01,Electricity generation,Fuel,Gas,%,62.96
Mexico,2024-06-01,Electricity generation,Fuel,Hydro,%,5.98
Mexico,2024-06-01,Electricity generation,Fuel,Nuclear,%,3.38
Mexico,2024-06-01,Electricity generation,Fuel,Other Fossil,%,10.68
Mexico,2024-06-01,Electricity generation,Fuel,Other Renewables,%,1.01
Mexico,2024-06-01,Electricity generation,Fuel,Solar,%,5.22
Mexico,2024-06-01,Electricity generation,Fuel,Wind,%,4.17
Mexico,2024-07-01,Electricity generation,Aggregate fuel,Clean,%,20.12
Mexico,2024-07-01,Electricity generation,Aggregate fuel,Fossil,%,79.89
Mexico,2024-07-01,Electricity generation,Aggregate fuel,Gas and Other Fossil,%,73.62
Mexico,2024-07-01,Electricity generation,Aggregate fuel,"Hydro, Bioenergy and Other Renewables",%,7.22
Mexico,2024-07-01,Electricity generation,Aggregate fuel,Renewables,%,17.31
Mexico,2024-07-01,Electricity generation,Aggregate fuel,Wind and Solar,%,10.09
Mexico,2024-07-01,Electricity generation,Fuel,Bioenergy,%,0.0
Mexico,2024-07-01,Electricity generation,Fuel,Coal,%,6.27
Mexico,2024-07-01,Electricity generation,Fuel,Gas,%,62.95
Mexico,2024-07-01,Electricity generation,Fuel,Hydro,%,6.3
Mexico,2024-07-01,Electricity generation,Fuel,Nuclear,%,2.81
Mexico,2024-07-01,Electricity generation,Fuel,Other Fossil,%,10.67
Mexico,2024-07-01,Electricity generation,Fuel,Other Renewables,%,0.92
Mexico,2024-07-01,Electricity generation,Fuel,Solar,%,4.98
Mexico,2024-07-01,Electricity generation,Fuel,Wind,%,5.11
Mexico,2024-08-01,Electricity generation,Aggregate fuel,Clean,%,22.92
Mexico,2024-08-01,Electricity generation,Aggregate fuel,Fossil,%,77.08
Mexico,2024-08-01,Electricity generation,Aggregate fuel,Gas and Other Fossil,%,71.89
Mexico,2024-08-01,Electricity generation,Aggregate fuel,"Hydro, Bioenergy and Other Renewables",%,9.07
Mexico,2024-08-01,Electricity generation,Aggregate fuel,Renewables,%,19.65
Mexico,2024-08-01,Electricity generation,Aggregate fuel,Wind and Solar,%,10.58
Mexico,2024-08-01,Electricity generation,Fuel,Bioenergy,%,0.0
Mexico,2024-08-01,Electricity generation,Fuel,Coal,%,5.19
Mexico,2024-08-01,Electricity generation,Fuel,Gas,%,61.84
Mexico,2024-08-01,Electricity generation,Fuel,Hydro,%,8.25
Mexico,2024-08-01,Electricity generation,Fuel,Nuclear,%,3.27
Mexico,2024-08-01,Electricity generation,Fuel,Other Fossil,%,10.05
Mexico,2024-08-01,Electricity generation,Fuel,Other Renewables,%,0.82
Mexico,2024-08-01,Electricity generation,Fuel,Solar,%,5.48
Mexico,2024-08-01,Electricity generation,Fuel,Wind,%,5.1
Mexico,2024-09-01,Electricity generation,Aggregate fuel,Clean,%,23.91
Mexico,2024-09-01,Electricity generation,Aggregate fuel,Fossil,%,76.1
Mexico,2024-09-01,Electricity generation,Aggregate fuel,Gas and Other Fossil,%,70.95
Mexico,2024-09-01,Electricity generation,Aggregate fuel,"Hydro, Bioenergy and Other Renewables",%,12.23
Mexico,2024-09-01,Electricity generation,Aggregate fuel,Renewables,%,20.47
Mexico,2024-09-01,Electricity generation,Aggregate fuel,Wind and Solar,%,8.24
Mexico,2024-09-01,Electricity generation,Fuel,Bioenergy,%,0.0
Mexico,2024-09-01,Electricity generation,Fuel,Coal,%,5.15
Mexico,2024-09-01,Electricity generation,Fuel,Gas,%,60.78
Mexico,2024-09-01,Electricity generation,Fuel,Hydro,%,11.39
Mexico,2024-09-01,Electricity generation,Fuel,Nuclear,%,3.44
Mexico,2024-09-01,Electricity generation,Fuel,Other Fossil,%,10.17
Mexico,2024-09-01,Electricity generation,Fuel,Other Renewables,%,0.84
Mexico,2024-09-01,Electricity generation,Fuel,Solar,%,5.02
Mexico,2024-09-01,Electricity generation,Fuel,Wind,%,3.22
Mexico,2024-10-01,Electricity generation,Aggregate fuel,Clean,%,24.84
Mexico,2024-10-01,Electricity generation,Aggregate fuel,Fossil,%,75.16
Mexico,2024-10-01,Electricity generation,Aggregate fuel,Gas and Other Fossil,%,70.36
Mexico,2024-10-01,Electricity generation,Aggregate fuel,"Hydro, Bioenergy and Other Renewables",%,9.84
Mexico,2024-10-01,Electricity generation,Aggregate fuel,Renewables,%,21.05
Mexico,2024-10-01,Electricity generation,Aggregate fuel,Wind and Solar,%,11.21
Mexico,2024-10-01,Electricity generation,Fuel,Bioenergy,%,0.0
Mexico,2024-10-01,Electricity generation,Fuel,Coal,%,4.8
Mexico,2024-10-01,Electricity generation,Fuel,Gas,%,59.72
Mexico,2024-10-01,Electricity generation,Fuel,Hydro,%,9.0
Mexico,2024-10-01,Electricity generation,Fuel,Nuclear,%,3.79
Mexico,2024-10-01,Electricity generation,Fuel,Other Fossil,%,10.64
Mexico,2024-10-01,Electricity generation,Fuel,Other Renewables,%,0.84
Mexico,2024-10-01,Electricity generation,Fuel,Solar,%,5.27
Mexico,2024-10-01,Electricity generation,Fuel,Wind,%,5.94
Mexico,2024-11-01,Electricity generation,Aggregate fuel,Clean,%,24.67
Mexico,2024-11-01,Electricity generation,Aggregate fuel,Fossil,%,75.34
Mexico,2024-11-01,Electricity generation,Aggregate fuel,Gas and Other Fossil,%,70.04
Mexico,2024-11-01,Electricity generation,Aggregate fuel,"Hydro, Bioenergy and Other Renewables",%,9.06
Mexico,2024-11-01,Electricity generation,Aggregate fuel,Renewables,%,20.53
Mexico,2024-11-01,Electricity generation,Aggregate fuel,Wind and Solar,%,11.47
Mexico,2024-11-01,Electricity generation,Fuel,Bioenergy,%,0.0
Mexico,2024-11-01,Electricity generation,Fuel,Coal,%,5.3
Mexico,2024-11-01,Electricity generation,Fuel,Gas,%,59.1
Mexico,2024-11-01,Electricity generation,Fuel,Hydro,%,8.16
Mexico,2024-11-01,Electricity generation,Fuel,Nuclear,%,4.14
Mexico,2024-11-01,Electricity generation,Fuel,Other Fossil,%,10.94
Mexico,2024-11-01,Electricity generation,Fuel,Other Renewables,%,0.9
Mexico,2024-11-01,Electricity generation,Fuel,Solar,%,5.0
Mexico,2024-11-01,Electricity generation,Fuel,Wind,%,6.47
Mexico,2024-12-01,Electricity generation,Aggregate fuel,Clean,%,23.63
Mexico,2024-12-01,Electricity generation,Aggregate fuel,Fossil,%,76.36
Mexico,2024-12-01,Electricity generation,Aggregate fuel,Gas and Other Fossil,%,71.98
Mexico,2024-12-01,Electricity generation,Aggregate fuel,"Hydro, Bioenergy and Other Renewables",%,6.66
Mexico,2024-12-01,Electricity generation,Aggregate fuel,Renewables,%,19.09
Mexico,2024-12-01,Electricity generation,Aggregate fuel,Wind and Solar,%,12.43
Mexico,2024-12-01,Electricity generation,Fuel,Bioenergy,%,0.08
Mexico,2024-12-01,Electricity generation,Fuel,Coal,%,4.38
Mexico,2024-12-01,Electricity generation,Fuel,Gas,%,60.54
Mexico,2024-12-01,Electricity generation,Fuel,Hydro,%,5.42
Mexico,2024-12-01,Electricity generation,Fuel,Nuclear,%,4.54
Mexico,2024-12-01,Electricity generation,Fuel,Other Fossil,%,11.44
Mexico,2024-12-01,Electricity generation,Fuel,Other Renewables,%,1.16
Mexico,2024-12-01,Electricity generation,Fuel,Solar,%,5.02
Mexico,2024-12-01,Electricity generation,Fuel,Wind,%,7.41
Mexico,2025-01-01,Electricity generation,Aggregate fuel,Clean,%,22.75
Mexico,2025-01-01,Electricity generation,Aggregate fuel,Fossil,%,77.25
Mexico,2025-01-01,Electricity generation,Aggregate fuel,Gas and Other Fossil,%,71.62
Mexico,2025-01-01,Electricity generation,Aggregate fuel,"Hydro, Bioenergy and Other Renewables",%,6.13
Mexico,2025-01-01,Electricity generation,Aggregate fuel,Renewables,%,18.53
Mexico,2025-01-01,Electricity generation,Aggregate fuel,Wind and Solar,%,12.4
Mexico,2025-01-01,Electricity generation,Fuel,Bioenergy,%,0.04
Mexico,2025-01-01,Electricity generation,Fuel,Coal,%,5.63
Mexico,2025-01-01,Electricity generation,Fuel,Gas,%,60.21
Mexico,2025-01-01,Electricity generation,Fuel,Hydro,%,4.91
Mexico,2025-01-01,Electricity generation,Fuel,Nuclear,%,4.22
Mexico,2025-01-01,Electricity generation,Fuel,Other Fossil,%,11.41
Mexico,2025-01-01,Electricity generation,Fuel,Other Renewables,%,1.18
Mexico,2025-01-01,Electricity generation,Fuel,Solar,%,4.64
Mexico,2025-01-01,Electricity generation,Fuel,Wind,%,7.76
Mexico,2025-02-01,Electricity generation,Aggregate fuel,Clean,%,24.39
Mexico,2025-02-01,Electricity generation,Aggregate fuel,Fossil,%,75.61
Mexico,2025-02-01,Electricity generation,Aggregate fuel,Gas and Other Fossil,%,70.9
Mexico,2025-02-01,Electricity generation,Aggregate fuel,"Hydro, Bioenergy and Other Renewables",%,6.89
Mexico,2025-02-01,Electricity generation,Aggregate fuel,Renewables,%,20.17
Mexico,2025-02-01,Electricity generation,Aggregate fuel,Wind and Solar,%,13.28
Mexico,2025-02-01,Electricity generation,Fuel,Bioenergy,%,0.04
Mexico,2025-02-01,Electricity generation,Fuel,Coal,%,4.71
Mexico,2025-02-01,Electricity generation,Fuel,Gas,%,59.34
Mexico,2025-02-01,Electricity generation,Fuel,Hydro,%,5.66
Mexico,2025-02-01,Electricity generation,Fuel,Nuclear,%,4.22
Mexico,2025-02-01,Electricity generation,Fuel,Other Fossil,%,11.56
Mexico,2025-02-01,Electricity generation,Fuel,Other Renewables,%,1.19
Mexico,2025-02-01,Electricity generation,Fuel,Solar,%,5.49
Mexico,2025-02-01,Electricity generation,Fuel,Wind,%,7.79
Mexico,2025-03-01,Electricity generation,Aggregate fuel,Clean,%,24.91
Mexico,2025-03-01,Electricity generation,Aggregate fuel,Fossil,%,75.09
Mexico,2025-03-01,Electricity generation,Aggregate fuel,Gas and Other Fossil,%,69.19
Mexico,2025-03-01,Electricity generation,Aggregate fuel,"Hydro, Bioenergy and Other Renewables",%,8.08
Mexico,2025-03-01,Electricity generation,Aggregate fuel,Renewables,%,21.09
Mexico,2025-03-01,Electricity generation,Aggregate fuel,Wind and Solar,%,13.01
Mexico,2025-03-01,Electricity generation,Fuel,Bioenergy,%,0.07
Mexico,2025-03-01,Electricity generation,Fuel,Coal,%,5.9
Mexico,2025-03-01,Electricity generation,Fuel,Gas,%,60.54
Mexico,2025-03-01,Electricity generation,Fuel,Hydro,%,6.9
Mexico,2025-03-01,Electricity generation,Fuel,Nuclear,%,3.82
Mexico,2025-03-01,Electricity generation,Fuel,Other Fossil,%,8.65
Mexico,2025-03-01,Electricity generation,Fuel,Other Renewables,%,1.11
Mexico,2025-03-01,Electricity generation,Fuel,Solar,%,5.97
Mexico,2025-03-01,Electricity generation,Fuel,Wind,%,7.04
Mexico,2025-04-01,Electricity generation,Aggregate fuel,Clean,%,23.56
Mexico,2025-04-01,Electricity generation,Aggregate fuel,Fossil,%,76.44
Mexico,2025-04-01,Electricity generation,Aggregate fuel,Gas and Other Fossil,%,68.53
Mexico,2025-04-01,Electricity generation,Aggregate fuel,"Hydro, Bioenergy and Other Renewables",%,7.6
Mexico,2025-04-01,Electricity generation,Aggregate fuel,Renewables,%,21.65
Mexico,2025-04-01,Electricity generation,Aggregate fuel,Wind and Solar,%,14.05
Mexico,2025-04-01,Electricity generation,Fuel,Bioenergy,%,0.03
Mexico,2025-04-01,Electricity generation,Fuel,Coal,%,7.91
Mexico,2025-04-01,Electricity generation,Fuel,Gas,%,59.99
Mexico,2025-04-01,Electricity generation,Fuel,Hydro,%,6.63
Mexico,2025-04-01,Electricity generation,Fuel,Nuclear,%,1.91
Mexico,2025-04-01,Electricity generation,Fuel,Other Fossil,%,8.54
Mexico,2025-04-01,Electricity generation,Fuel,Other Renewables,%,0.94
Mexico,2025-04-01,Electricity generation,Fuel,Solar,%,6.52
Mexico,2025-04-01,Electricity generation,Fuel,Wind,%,7.53
Mexico,2025-05-01,Electricity generation,Aggregate fuel,Clean,%,20.44
Mexico,2025-05-01,Electricity generation,Aggregate fuel,Fossil,%,79.56
Mexico,2025-05-01,Electricity generation,Aggregate fuel,Gas and Other Fossil,%,68.72
Mexico,2025-05-01,Electricity generation,Aggregate fuel,"Hydro, Bioenergy and Other Renewables",%,8.01
Mexico,2025-05-01,Electricity generation,Aggregate fuel,Renewables,%,18.73
Mexico,2025-05-01,Electricity generation,Aggregate fuel,Wind and Solar,%,10.72
Mexico,2025-05-01,Electricity generation,Fuel,Bioenergy,%,0.03
Mexico,2025-05-01,Electricity generation,Fuel,Coal,%,10.84
Mexico,2025-05-01,Electricity generation,Fuel,Gas,%,60.29
Mexico,2025-05-01,Electricity generation,Fuel,Hydro,%,7.19
Mexico,2025-05-01,Electricity generation,Fuel,Nuclear,%,1.71
Mexico,2025-05-01,Electricity generation,Fuel,Other Fossil,%,8.43
Mexico,2025-05-01,Electricity generation,Fuel,Other Renewables,%,0.79
Mexico,2025-05-01,Electricity generation,Fuel,Solar,%,5.97
Mexico,2025-05-01,Electricity generation,Fuel,Wind,%,4.75
Mexico,2025-06-01,Electricity generation,Aggregate fuel,Clean,%,21.91
Mexico,2025-06-01,Electricity generation,Aggregate fuel,Fossil,%,78.09
Mexico,2025-06-01,Electricity generation,Aggregate fuel,Gas and Other Fossil,%,68.84
Mexico,2025-06-01,Electricity generation,Aggregate fuel,"Hydro, Bioenergy and Other Renewables",%,9.75
Mexico,2025-06-01,Electricity generation,Aggregate fuel,Renewables,%,20.45
Mexico,2025-06-01,Electricity generation,Aggregate fuel,Wind and Solar,%,10.7
Mexico,2025-06-01,Electricity generation,Fuel,Bioenergy,%,0.0
Mexico,2025-06-01,Electricity generation,Fuel,Coal,%,9.25
Mexico,2025-06-01,Electricity generation,Fuel,Gas,%,60.43
Mexico,2025-06-01,Electricity generation,Fuel,Hydro,%,8.94
Mexico,2025-06-01,Electricity generation,Fuel,Nuclear,%,1.46
Mexico,2025-06-01,Electricity generation,Fuel,Other Fossil,%,8.41
Mexico,2025-06-01,Electricity generation,Fuel,Other Renewables,%,0.81
Mexico,2025-06-01,Electricity generation,Fuel,Solar,%,5.52
Mexico,2025-06-01,Electricity generation,Fuel,Wind,%,5.18
Mexico,2025-07-01,Electricity generation,Aggregate fuel,Clean,%,25.68
Mexico,2025-07-01,Electricity generation,Aggregate fuel,Fossil,%,74.32
Mexico,2025-07-01,Electricity generation,Aggregate fuel,Gas and Other Fossil,%,66.36
Mexico,2025-07-01,Electricity generation,Aggregate fuel,"Hydro, Bioenergy and Other Renewables",%,10.24
Mexico,2025-07-01,Electricity generation,Aggregate fuel,Renewables,%,22.53
Mexico,2025-07-01,Electricity generation,Aggregate fuel,Wind and Solar,%,12.29
Mexico,2025-07-01,Electricity generation,Fuel,Bioenergy,%,0.0
Mexico,2025-07-01,Electricity generation,Fuel,Coal,%,7.96
Mexico,2025-07-01,Electricity generation,Fuel,Gas,%,58.25
Mexico,2025-07-01,Electricity generation,Fuel,Hydro,%,9.51
Mexico,2025-07-01,Electricity generation,Fuel,Nuclear,%,3.15
Mexico,2025-07-01,Electricity generation,Fuel,Other Fossil,%,8.11
Mexico,2025-07-01,Electricity generation,Fuel,Other Renewables,%,0.73
Mexico,2025-07-01,Electricity generation,Fuel,Solar,%,5.69
Mexico,2025-07-01,Electricity generation,Fuel,Wind,%,6.6
Mexico,2025-08-01,Electricity generation,Aggregate fuel,Clean,%,21.32
Mexico,2025-08-01,Electricity generation,Aggregate fuel,Fossil,%,78.69
Mexico,2025-08-01,Electricity generation,Aggregate fuel,Gas and Other Fossil,%,70.65
Mexico,2025-08-01,Electricity generation,Aggregate fuel,"Hydro, Bioenergy and Other Renewables",%,8.07
Mexico,2025-08-01,Electricity generation,Aggregate fuel,Renewables,%,18.45
Mexico,2025-08-01,Electricity generation,Aggregate fuel,Wind and Solar,%,10.38
Mexico,2025-08-01,Electricity generation,Fuel,Bioenergy,%,0.0
Mexico,2025-08-01,Electricity generation,Fuel,Coal,%,8.04
Mexico,2025-08-01,Electricity generation,Fuel,Gas,%,62.02
Mexico,2025-08-01,Electricity generation,Fuel,Hydro,%,7.33
Mexico,2025-08-01,Electricity generation,Fuel,Nuclear,%,2.87
Mexico,2025-08-01,Electricity generation,Fuel,Other Fossil,%,8.63
Mexico,2025-08-01,Electricity generation,Fuel,Other Renewables,%,0.74
Mexico,2025-08-01,Electricity generation,Fuel,Solar,%,5.44
Mexico,2025-08-01,Electricity generation,Fuel,Wind,%,4.94
Mexico,2025-09-01,Electricity generation,Aggregate fuel,Clean,%,24.07
Mexico,2025-09-01,Electricity generation,Aggregate fuel,Fossil,%,75.92
Mexico,2025-09-01,Electricity generation,Aggregate fuel,Gas and Other Fossil,%,69.74
Mexico,2025-09-01,Electricity generation,Aggregate fuel,"Hydro, Bioenergy and Other Renewables",%,12.45
Mexico,2025-09-01,Electricity generation,Aggregate fuel,Renewables,%,20.85
Mexico,2025-09-01,Electricity generation,Aggregate fuel,Wind and Solar,%,8.4
Mexico,2025-09-01,Electricity generation,Fuel,Bioenergy,%,0.0
Mexico,2025-09-01,Electricity generation,Fuel,Coal,%,6.18
Mexico,2025-09-01,Electricity generation,Fuel,Gas,%,61.14
Mexico,2025-09-01,Electricity generation,Fuel,Hydro,%,11.65
Mexico,2025-09-01,Electricity generation,Fuel,Nuclear,%,3.22
Mexico,2025-09-01,Electricity generation,Fuel,Other Fossil,%,8.6
Mexico,2025-09-01,Electricity generation,Fuel,Other Renewables,%,0.8
Mexico,2025-09-01,Electricity generation,Fuel,Solar,%,4.99
Mexico,2025-09-01,Electricity generation,Fuel,Wind,%,3.41
Mexico,2025-10-01,Electricity generation,Aggregate fuel,Clean,%,25.96
Mexico,2025-10-01,Electricity generation,Aggregate fuel,Fossil,%,74.04
Mexico,2025-10-01,Electricity generation,Aggregate fuel,Gas and Other Fossil,%,67.64
Mexico,2025-10-01,Electricity generation,Aggregate fuel,"Hydro, Bioenergy and Other Renewables",%,13.66
Mexico,2025-10-01,Electricity generation,Aggregate fuel,Renewables,%,23.95
Mexico,2025-10-01,Electricity generation,Aggregate fuel,Wind and Solar,%,10.29
Mexico,2025-10-01,Electricity generation,Fuel,Bioenergy,%,0.0
Mexico,2025-10-01,Electricity generation,Fuel,Coal,%,6.4
Mexico,2025-10-01,Electricity generation,Fuel,Gas,%,59.23
Mexico,2025-10-01,Electricity generation,Fuel,Hydro,%,12.8
Mexico,2025-10-01,Electricity generation,Fuel,Nuclear,%,2.01
Mexico,2025-10-01,Electricity generation,Fuel,Other Fossil,%,8.41
Mexico,2025-10-01,Electricity generation,Fuel,Other Renewables,%,0.86
Mexico,2025-10-01,Electricity generation,Fuel,Solar,%,5.21
Mexico,2025-10-01,Electricity generation,Fuel,Wind,%,5.08
Peru,2019-01-01,Electricity generation,Aggregate fuel,Clean,%,65.77
Peru,2019-01-01,Electricity generation,Aggregate fuel,Fossil,%,34.22
Peru,2019-01-01,Electricity generation,Aggregate fuel,Gas and Other Fossil,%,34.22
Peru,2019-01-01,Electricity generation,Aggregate fuel,"Hydro, Bioenergy and Other Renewables",%,62.0
Peru,2019-01-01,Electricity generation,Aggregate fuel,Renewables,%,65.77
Peru,2019-01-01,Electricity generation,Aggregate fuel,Wind and Solar,%,3.77
Peru,2019-01-01,Electricity generation,Fuel,Bioenergy,%,0.22
Peru,2019-01-01,Electricity generation,Fuel,Coal,%,0.0
Peru,2019-01-01,Electricity generation,Fuel,Gas,%,34.0
Peru,2019-01-01,Electricity generation,Fuel,Hydro,%,61.78
Peru,2019-01-01,Electricity generation,Fuel,Other Fossil,%,0.22
Peru,2019-01-01,Electricity generation,Fuel,Solar,%,1.33
Peru,2019-01-01,Electricity generation,Fuel,Wind,%,2.44
Peru,2019-02-01,Electricity generation,Aggregate fuel,Clean,%,71.91
Peru,2019-02-01,Electricity generation,Aggregate fuel,Fossil,%,28.09
Peru,2019-02-01,Electricity generation,Aggregate fuel,Gas and Other Fossil,%,27.85
Peru,2019-02-01,Electricity generation,Aggregate fuel,"Hydro, Bioenergy and Other Renewables",%,68.52
Peru,2019-02-01,Electricity generation,Aggregate fuel,Renewables,%,71.91
Peru,2019-02-01,Electricity generation,Aggregate fuel,Wind and Solar,%,3.39
Peru,2019-02-01,Electricity generation,Fuel,Bioenergy,%,0.24
Peru,2019-02-01,Electricity generation,Fuel,Coal,%,0.24
Peru,2019-02-01,Electricity generation,Fuel,Gas,%,27.12
Peru,2019-02-01,Electricity generation,Fuel,Hydro,%,68.28
Peru,2019-02-01,Electricity generation,Fuel,Other Fossil,%,0.73
Peru,2019-02-01,Electricity generation,Fuel,Solar,%,1.21
Peru,2019-02-01,Electricity generation,Fuel,Wind,%,2.18
Peru,2019-03-01,Electricity generation,Aggregate fuel,Clean,%,71.25
Peru,2019-03-01,Electricity generation,Aggregate fuel,Fossil,%,28.76
Peru,2019-03-01,Electricity generation,Aggregate fuel,Gas and Other Fossil,%,28.76
Peru,2019-03-01,Electricity generation,Aggregate fuel,"Hydro, Bioenergy and Other Renewables",%,66.45
Peru,2019-03-01,Electricity generation,Aggregate fuel,Renewables,%,71.25
Peru,2019-03-01,Electricity generation,Aggregate fuel,Wind and Solar,%,4.8
Peru,2019-03-01,Electricity generation,Fuel,Bioenergy,%,0.44
Peru,2019-03-01,Electricity generation,Fuel,Coal,%,0.0
Peru,2019-03-01,Electricity generation,Fuel,Gas,%,27.67
Peru,2019-03-01,Electricity generation,Fuel,Hydro,%,66.01
Peru,2019-03-01,Electricity generation,Fuel,Other Fossil,%,1.09
Peru,2019-03-01,Electricity generation,Fuel,Solar,%,1.53
Peru,2019-03-01,Electricity generation,Fuel,Wind,%,3.27
Peru,2019-04-01,Electricity generation,Aggregate fuel,Clean,%,75.63
Peru,2019-04-01,Electricity generation,Aggregate fuel,Fossil,%,24.37
Peru,2019-04-01,Electricity generation,Aggregate fuel,Gas and Other Fossil,%,24.37
Peru,2019-04-01,Electricity generation,Aggregate fuel,"Hydro, Bioenergy and Other Renewables",%,70.8
Peru,2019-04-01,Electricity generation,Aggregate fuel,Renewables,%,75.63
Peru,2019-04-01,Electricity generation,Aggregate fuel,Wind and Solar,%,4.83
Peru,2019-04-01,Electricity generation,Fuel,Bioenergy,%,0.46
Peru,2019-04-01,Electricity generation,Fuel,Coal,%,0.0
Peru,2019-04-01,Electricity generation,Fuel,Gas,%,23.68
Peru,2019-04-01,Electricity generation,Fuel,Hydro,%,70.34
Peru,2019-04-01,Electricity generation,Fuel,Other Fossil,%,0.69
Peru,2019-04-01,Electricity generation,Fuel,Solar,%,1.38
Peru,2019-04-01,Electricity generation,Fuel,Wind,%,3.45
Peru,2019-05-01,Electricity generation,Aggregate fuel,Clean,%,66.97
Peru,2019-05-01,Electricity generation,Aggregate fuel,Fossil,%,33.04
Peru,2019-05-01,Electricity generation,Aggregate fuel,Gas and Other Fossil,%,33.04
Peru,2019-05-01,Electricity generation,Aggregate fuel,"Hydro, Bioenergy and Other Renewables",%,62.5
Peru,2019-05-01,Electricity generation,Aggregate fuel,Renewables,%,66.97
Peru,2019-05-01,Electricity generation,Aggregate fuel,Wind and Solar,%,4.47
Peru,2019-05-01,Electricity generation,Fuel,Bioenergy,%,0.45
Peru,2019-05-01,Electricity generation,Fuel,Coal,%,0.0
Peru,2019-05-01,Electricity generation,Fuel,Gas,%,31.7
Peru,2019-05-01,Electricity generation,Fuel,Hydro,%,62.05
Peru,2019-05-01,Electricity generation,Fuel,Other Fossil,%,1.34
Peru,2019-05-01,Electricity generation,Fuel,Solar,%,1.34
Peru,2019-05-01,Electricity generation,Fuel,Wind,%,3.13
Peru,2019-06-01,Electricity generation,Aggregate fuel,Clean,%,54.79
Peru,2019-06-01,Electricity generation,Aggregate fuel,Fossil,%,45.22
Peru,2019-06-01,Electricity generation,Aggregate fuel,Gas and Other Fossil,%,45.22
Peru,2019-06-01,Electricity generation,Aggregate fuel,"Hydro, Bioenergy and Other Renewables",%,50.12
Peru,2019-06-01,Electricity generation,Aggregate fuel,Renewables,%,54.79
Peru,2019-06-01,Electricity generation,Aggregate fuel,Wind and Solar,%,4.67
Peru,2019-06-01,Electricity generation,Fuel,Bioenergy,%,0.47
Peru,2019-06-01,Electricity generation,Fuel,Coal,%,0.0
Peru,2019-06-01,Electricity generation,Fuel,Gas,%,44.99
Peru,2019-06-01,Electricity generation,Fuel,Hydro,%,49.65
Peru,2019-06-01,Electricity generation,Fuel,Other Fossil,%,0.23
Peru,2019-06-01,Electricity generation,Fuel,Solar,%,1.17
Peru,2019-06-01,Electricity generation,Fuel,Wind,%,3.5
Peru,2019-07-01,Electricity generation,Aggregate fuel,Clean,%,52.73
Peru,2019-07-01,Electricity generation,Aggregate fuel,Fossil,%,47.27
Peru,2019-07-01,Electricity generation,Aggregate fuel,Gas and Other Fossil,%,47.27
Peru,2019-07-01,Electricity generation,Aggregate fuel,"Hydro, Bioenergy and Other Renewables",%,47.73
Peru,2019-07-01,Electricity generation,Aggregate fuel,Renewables,%,52.73
Peru,2019-07-01,Electricity generation,Aggregate fuel,Wind and Solar,%,5.0
Peru,2019-07-01,Electricity generation,Fuel,Bioenergy,%,0.68
Peru,2019-07-01,Electricity generation,Fuel,Coal,%,0.0
Peru,2019-07-01,Electricity generation,Fuel,Gas,%,47.27
Peru,2019-07-01,Electricity generation,Fuel,Hydro,%,47.05
Peru,2019-07-01,Electricity generation,Fuel,Other Fossil,%,0.0
Peru,2019-07-01,Electricity generation,Fuel,Solar,%,1.36
Peru,2019-07-01,Electricity generation,Fuel,Wind,%,3.64
Peru,2019-08-01,Electricity generation,Aggregate fuel,Clean,%,47.83
Peru,2019-08-01,Electricity generation,Aggregate fuel,Fossil,%,52.16
Peru,2019-08-01,Electricity generation,Aggregate fuel,Gas and Other Fossil,%,52.16
Peru,2019-08-01,Electricity generation,Aggregate fuel,"Hydro, Bioenergy and Other Renewables",%,43.51
Peru,2019-08-01,Electricity generation,Aggregate fuel,Renewables,%,47.83
Peru,2019-08-01,Electricity generation,Aggregate fuel,Wind and Solar,%,4.32
Peru,2019-08-01,Electricity generation,Fuel,Bioenergy,%,0.46
Peru,2019-08-01,Electricity generation,Fuel,Coal,%,0.0
Peru,2019-08-01,Electricity generation,Fuel,Gas,%,52.16
Peru,2019-08-01,Electricity generation,Fuel,Hydro,%,43.05
Peru,2019-08-01,Electricity generation,Fuel,Other Fossil,%,0.0
Peru,2019-08-01,Electricity generation,Fuel,Solar,%,1.59
Peru,2019-08-01,Electricity generation,Fuel,Wind,%,2.73
Peru,2019-09-01,Electricity generation,Aggregate fuel,Clean,%,48.13
Peru,2019-09-01,Electricity generation,Aggregate fuel,Fossil,%,51.87
Peru,2019-09-01,Electricity generation,Aggregate fuel,Gas and Other Fossil,%,51.64
Peru,2019-09-01,Electricity generation,Aggregate fuel,"Hydro, Bioenergy and Other Renewables",%,42.99
Peru,2019-09-01,Electricity generation,Aggregate fuel,Renewables,%,48.13
Peru,2019-09-01,Electricity generation,Aggregate fuel,Wind and Solar,%,5.14
Peru,2019-09-01,Electricity generation,Fuel,Bioenergy,%,0.47
Peru,2019-09-01,Electricity generation,Fuel,Coal,%,0.23
Peru,2019-09-01,Electricity generation,Fuel,Gas,%,51.64
Peru,2019-09-01,Electricity generation,Fuel,Hydro,%,42.52
Peru,2019-09-01,Electricity generation,Fuel,Other Fossil,%,0.0
Peru,2019-09-01,Electricity generation,Fuel,Solar,%,1.64
Peru,2019-09-01,Electricity generation,Fuel,Wind,%,3.5
Peru,2019-10-01,Electricity generation,Aggregate fuel,Clean,%,53.45
Peru,2019-10-01,Electricity generation,Aggregate fuel,Fossil,%,46.54
Peru,2019-10-01,Electricity generation,Aggregate fuel,Gas and Other Fossil,%,46.32
Peru,2019-10-01,Electricity generation,Aggregate fuel,"Hydro, Bioenergy and Other Renewables",%,48.11
Peru,2019-10-01,Electricity generation,Aggregate fuel,Renewables,%,53.45
Peru,2019-10-01,Electricity generation,Aggregate fuel,Wind and Solar,%,5.34
Peru,2019-10-01,Electricity generation,Fuel,Bioenergy,%,0.67
Peru,2019-10-01,Electricity generation,Fuel,Coal,%,0.22
Peru,2019-10-01,Electricity generation,Fuel,Gas,%,46.1
Peru,2019-10-01,Electricity generation,Fuel,Hydro,%,47.44
Peru,2019-10-01,Electricity generation,Fuel,Other Fossil,%,0.22
Peru,2019-10-01,Electricity generation,Fuel,Solar,%,1.78
Peru,2019-10-01,Electricity generation,Fuel,Wind,%,3.56
Peru,2019-11-01,Electricity generation,Aggregate fuel,Clean,%,62.58
Peru,2019-11-01,Electricity generation,Aggregate fuel,Fossil,%,37.41
Peru,2019-11-01,Electricity generation,Aggregate fuel,Gas and Other Fossil,%,37.41
Peru,2019-11-01,Electricity generation,Aggregate fuel,"Hydro, Bioenergy and Other Renewables",%,57.82
Peru,2019-11-01,Electricity generation,Aggregate fuel,Renewables,%,62.58
Peru,2019-11-01,Electricity generation,Aggregate fuel,Wind and Solar,%,4.76
Peru,2019-11-01,Electricity generation,Fuel,Bioenergy,%,0.68
Peru,2019-11-01,Electricity generation,Fuel,Coal,%,0.0
Peru,2019-11-01,Electricity generation,Fuel,Gas,%,37.41
Peru,2019-11-01,Electricity generation,Fuel,Hydro,%,57.14
Peru,2019-11-01,Electricity generation,Fuel,Other Fossil,%,0.0
Peru,2019-11-01,Electricity generation,Fuel,Solar,%,1.81
Peru,2019-11-01,Electricity generation,Fuel,Wind,%,2.95
Peru,2019-12-01,Electricity generation,Aggregate fuel,Clean,%,73.64
Peru,2019-12-01,Electricity generation,Aggregate fuel,Fossil,%,26.36
Peru,2019-12-01,Electricity generation,Aggregate fuel,Gas and Other Fossil,%,26.36
Peru,2019-12-01,Electricity generation,Aggregate fuel,"Hydro, Bioenergy and Other Renewables",%,69.07
Peru,2019-12-01,Electricity generation,Aggregate fuel,Renewables,%,73.64
Peru,2019-12-01,Electricity generation,Aggregate fuel,Wind and Solar,%,4.57
Peru,2019-12-01,Electricity generation,Fuel,Bioenergy,%,0.44
Peru,2019-12-01,Electricity generation,Fuel,Coal,%,0.0
Peru,2019-12-01,Electricity generation,Fuel,Gas,%,26.36
Peru,2019-12-01,Electricity generation,Fuel,Hydro,%,68.63
Peru,2019-12-01,Electricity generation,Fuel,Other Fossil,%,0.0
Peru,2019-12-01,Electricity generation,Fuel,Solar,%,1.74
Peru,2019-12-01,Electricity generation,Fuel,Wind,%,2.83
Peru,2020-01-01,Electricity generation,Aggregate fuel,Clean,%,74.3
Peru,2020-01-01,Electricity generation,Aggregate fuel,Fossil,%,25.71
Peru,2020-01-01,Electricity generation,Aggregate fuel,Gas and Other Fossil,%,25.71
Peru,2020-01-01,Electricity generation,Aggregate fuel,"Hydro, Bioenergy and Other Renewables",%,70.59
Peru,2020-01-01,Electricity generation,Aggregate fuel,Renewables,%,74.3
Peru,2020-01-01,Electricity generation,Aggregate fuel,Wind and Solar,%,3.71
Peru,2020-01-01,Electricity generation,Fuel,Bioenergy,%,0.44
Peru,2020-01-01,Electricity generation,Fuel,Coal,%,0.0
Peru,2020-01-01,Electricity generation,Fuel,Gas,%,25.71
Peru,2020-01-01,Electricity generation,Fuel,Hydro,%,70.15
Peru,2020-01-01,Electricity generation,Fuel,Other Fossil,%,0.0
Peru,2020-01-01,Electricity generation,Fuel,Solar,%,1.31
Peru,2020-01-01,Electricity generation,Fuel,Wind,%,2.4
Peru,2020-02-01,Electricity generation,Aggregate fuel,Clean,%,73.35
Peru,2020-02-01,Electricity generation,Aggregate fuel,Fossil,%,26.65
Peru,2020-02-01,Electricity generation,Aggregate fuel,Gas and Other Fossil,%,26.65
Peru,2020-02-01,Electricity generation,Aggregate fuel,"Hydro, Bioenergy and Other Renewables",%,69.48
Peru,2020-02-01,Electricity generation,Aggregate fuel,Renewables,%,73.35
Peru,2020-02-01,Electricity generation,Aggregate fuel,Wind and Solar,%,3.87
Peru,2020-02-01,Electricity generation,Fuel,Bioenergy,%,0.46
Peru,2020-02-01,Electricity generation,Fuel,Coal,%,0.0
Peru,2020-02-01,Electricity generation,Fuel,Gas,%,26.65
Peru,2020-02-01,Electricity generation,Fuel,Hydro,%,69.02
Peru,2020-02-01,Electricity generation,Fuel,Other Fossil,%,0.0
Peru,2020-02-01,Electricity generation,Fuel,Solar,%,1.14
Peru,2020-02-01,Electricity generation,Fuel,Wind,%,2.73
Peru,2020-03-01,Electricity generation,Aggregate fuel,Clean,%,83.2
Peru,2020-03-01,Electricity generation,Aggregate fuel,Fossil,%,16.79
Peru,2020-03-01,Electricity generation,Aggregate fuel,Gas and Other Fossil,%,16.79
Peru,2020-03-01,Electricity generation,Aggregate fuel,"Hydro, Bioenergy and Other Renewables",%,78.44
Peru,2020-03-01,Electricity generation,Aggregate fuel,Renewables,%,83.2
Peru,2020-03-01,Electricity generation,Aggregate fuel,Wind and Solar,%,4.76
Peru,2020-03-01,Electricity generation,Fuel,Bioenergy,%,0.5
Peru,2020-03-01,Electricity generation,Fuel,Coal,%,0.0
Peru,2020-03-01,Electricity generation,Fuel,Gas,%,16.79
Peru,2020-03-01,Electricity generation,Fuel,Hydro,%,77.94
Peru,2020-03-01,Electricity generation,Fuel,Other Fossil,%,0.0
Peru,2020-03-01,Electricity generation,Fuel,Solar,%,1.5
Peru,2020-03-01,Electricity generation,Fuel,Wind,%,3.26
Peru,2020-04-01,Electricity generation,Aggregate fuel,Clean,%,96.71
Peru,2020-04-01,Electricity generation,Aggregate fuel,Fossil,%,3.29
Peru,2020-04-01,Electricity generation,Aggregate fuel,Gas and Other Fossil,%,3.29
Peru,2020-04-01,Electricity generation,Aggregate fuel,"Hydro, Bioenergy and Other Renewables",%,90.13
Peru,2020-04-01,Electricity generation,Aggregate fuel,Renewables,%,96.71
Peru,2020-04-01,Electricity generation,Aggregate fuel,Wind and Solar,%,6.58
Peru,2020-04-01,Electricity generation,Fuel,Bioenergy,%,0.66
Peru,2020-04-01,Electricity generation,Fuel,Coal,%,0.0
Peru,2020-04-01,Electricity generation,Fuel,Gas,%,3.29
Peru,2020-04-01,Electricity generation,Fuel,Hydro,%,89.47
Peru,2020-04-01,Electricity generation,Fuel,Other Fossil,%,0.0
Peru,2020-04-01,Electricity generation,Fuel,Solar,%,1.97
Peru,2020-04-01,Electricity generation,Fuel,Wind,%,4.61
Peru,2020-05-01,Electricity generation,Aggregate fuel,Clean,%,88.03
Peru,2020-05-01,Electricity generation,Aggregate fuel,Fossil,%,11.98
Peru,2020-05-01,Electricity generation,Aggregate fuel,Gas and Other Fossil,%,11.98
Peru,2020-05-01,Electricity generation,Aggregate fuel,"Hydro, Bioenergy and Other Renewables",%,82.34
Peru,2020-05-01,Electricity generation,Aggregate fuel,Renewables,%,88.03
Peru,2020-05-01,Electricity generation,Aggregate fuel,Wind and Solar,%,5.69
Peru,2020-05-01,Electricity generation,Fuel,Bioenergy,%,0.6
Peru,2020-05-01,Electricity generation,Fuel,Coal,%,0.0
Peru,2020-05-01,Electricity generation,Fuel,Gas,%,11.98
Peru,2020-05-01,Electricity generation,Fuel,Hydro,%,81.74
Peru,2020-05-01,Electricity generation,Fuel,Other Fossil,%,0.0
Peru,2020-05-01,Electricity generation,Fuel,Solar,%,1.8
Peru,2020-05-01,Electricity generation,Fuel,Wind,%,3.89
Peru,2020-06-01,Electricity generation,Aggregate fuel,Clean,%,63.73
Peru,2020-06-01,Electricity generation,Aggregate fuel,Fossil,%,36.27
Peru,2020-06-01,Electricity generation,Aggregate fuel,Gas and Other Fossil,%,36.27
Peru,2020-06-01,Electricity generation,Aggregate fuel,"Hydro, Bioenergy and Other Renewables",%,57.86
Peru,2020-06-01,Electricity generation,Aggregate fuel,Renewables,%,63.73
Peru,2020-06-01,Electricity generation,Aggregate fuel,Wind and Solar,%,5.87
Peru,2020-06-01,Electricity generation,Fuel,Bioenergy,%,0.53
Peru,2020-06-01,Electricity generation,Fuel,Coal,%,0.0
Peru,2020-06-01,Electricity generation,Fuel,Gas,%,36.27
Peru,2020-06-01,Electricity generation,Fuel,Hydro,%,57.33
Peru,2020-06-01,Electricity generation,Fuel,Other Fossil,%,0.0
Peru,2020-06-01,Electricity generation,Fuel,Solar,%,1.6
Peru,2020-06-01,Electricity generation,Fuel,Wind,%,4.27
Peru,2020-07-01,Electricity generation,Aggregate fuel,Clean,%,55.2
Peru,2020-07-01,Electricity generation,Aggregate fuel,Fossil,%,44.79
Peru,2020-07-01,Electricity generation,Aggregate fuel,Gas and Other Fossil,%,44.79
Peru,2020-07-01,Electricity generation,Aggregate fuel,"Hydro, Bioenergy and Other Renewables",%,49.63
Peru,2020-07-01,Electricity generation,Aggregate fuel,Renewables,%,55.2
Peru,2020-07-01,Electricity generation,Aggregate fuel,Wind and Solar,%,5.57
Peru,2020-07-01,Electricity generation,Fuel,Bioenergy,%,0.24
Peru,2020-07-01,Electricity generation,Fuel,Coal,%,0.0
Peru,2020-07-01,Electricity generation,Fuel,Gas,%,44.79
Peru,2020-07-01,Electricity generation,Fuel,Hydro,%,49.39
Peru,2020-07-01,Electricity generation,Fuel,Other Fossil,%,0.0
Peru,2020-07-01,Electricity generation,Fuel,Solar,%,1.45
Peru,2020-07-01,Electricity generation,Fuel,Wind,%,4.12
Peru,2020-08-01,Electricity generation,Aggregate fuel,Clean,%,50.71
Peru,2020-08-01,Electricity generation,Aggregate fuel,Fossil,%,49.3
Peru,2020-08-01,Electricity generation,Aggregate fuel,Gas and Other Fossil,%,49.3
Peru,2020-08-01,Electricity generation,Aggregate fuel,"Hydro, Bioenergy and Other Renewables",%,45.07
Peru,2020-08-01,Electricity generation,Aggregate fuel,Renewables,%,50.71
Peru,2020-08-01,Electricity generation,Aggregate fuel,Wind and Solar,%,5.64
Peru,2020-08-01,Electricity generation,Fuel,Bioenergy,%,0.47
Peru,2020-08-01,Electricity generation,Fuel,Coal,%,0.0
Peru,2020-08-01,Electricity generation,Fuel,Gas,%,49.3
Peru,2020-08-01,Electricity generation,Fuel,Hydro,%,44.6
Peru,2020-08-01,Electricity generation,Fuel,Other Fossil,%,0.0
Peru,2020-08-01,Electricity generation,Fuel,Solar,%,1.41
Peru,2020-08-01,Electricity generation,Fuel,Wind,%,4.23
Peru,2020-09-01,Electricity generation,Aggregate fuel,Clean,%,50.24
Peru,2020-09-01,Electricity generation,Aggregate fuel,Fossil,%,49.76
Peru,2020-09-01,Electricity generation,Aggregate fuel,Gas and Other Fossil,%,49.76
Peru,2020-09-01,Electricity generation,Aggregate fuel,"Hydro, Bioenergy and Other Renewables",%,44.5
Peru,2020-09-01,Electricity generation,Aggregate fuel,Renewables,%,50.24
Peru,2020-09-01,Electricity generation,Aggregate fuel,Wind and Solar,%,5.74
Peru,2020-09-01,Electricity generation,Fuel,Bioenergy,%,0.72
Peru,2020-09-01,Electricity generation,Fuel,Coal,%,0.0
Peru,2020-09-01,Electricity generation,Fuel,Gas,%,49.76
Peru,2020-09-01,Electricity generation,Fuel,Hydro,%,43.78
Peru,2020-09-01,Electricity generation,Fuel,Other Fossil,%,0.0
Peru,2020-09-01,Electricity generation,Fuel,Solar,%,1.67
Peru,2020-09-01,Electricity generation,Fuel,Wind,%,4.07
Peru,2020-10-01,Electricity generation,Aggregate fuel,Clean,%,52.34
Peru,2020-10-01,Electricity generation,Aggregate fuel,Fossil,%,47.65
Peru,2020-10-01,Electricity generation,Aggregate fuel,Gas and Other Fossil,%,47.43
Peru,2020-10-01,Electricity generation,Aggregate fuel,"Hydro, Bioenergy and Other Renewables",%,46.75
Peru,2020-10-01,Electricity generation,Aggregate fuel,Renewables,%,52.34
Peru,2020-10-01,Electricity generation,Aggregate fuel,Wind and Solar,%,5.59
Peru,2020-10-01,Electricity generation,Fuel,Bioenergy,%,0.89
Peru,2020-10-01,Electricity generation,Fuel,Coal,%,0.22
Peru,2020-10-01,Electricity generation,Fuel,Gas,%,46.76
Peru,2020-10-01,Electricity generation,Fuel,Hydro,%,45.86
Peru,2020-10-01,Electricity generation,Fuel,Other Fossil,%,0.67
Peru,2020-10-01,Electricity generation,Fuel,Solar,%,1.79
Peru,2020-10-01,Electricity generation,Fuel,Wind,%,3.8
Peru,2020-11-01,Electricity generation,Aggregate fuel,Clean,%,46.8
Peru,2020-11-01,Electricity generation,Aggregate fuel,Fossil,%,53.2
Peru,2020-11-01,Electricity generation,Aggregate fuel,Gas and Other Fossil,%,53.2
Peru,2020-11-01,Electricity generation,Aggregate fuel,"Hydro, Bioenergy and Other Renewables",%,41.32
Peru,2020-11-01,Electricity generation,Aggregate fuel,Renewables,%,46.8
Peru,2020-11-01,Electricity generation,Aggregate fuel,Wind and Solar,%,5.48
Peru,2020-11-01,Electricity generation,Fuel,Bioenergy,%,0.91
Peru,2020-11-01,Electricity generation,Fuel,Coal,%,0.0
Peru,2020-11-01,Electricity generation,Fuel,Gas,%,53.2
Peru,2020-11-01,Electricity generation,Fuel,Hydro,%,40.41
Peru,2020-11-01,Electricity generation,Fuel,Other Fossil,%,0.0
Peru,2020-11-01,Electricity generation,Fuel,Solar,%,1.83
Peru,2020-11-01,Electricity generation,Fuel,Wind,%,3.65
Peru,2020-12-01,Electricity generation,Aggregate fuel,Clean,%,65.51
Peru,2020-12-01,Electricity generation,Aggregate fuel,Fossil,%,34.5
Peru,2020-12-01,Electricity generation,Aggregate fuel,Gas and Other Fossil,%,34.5
Peru,2020-12-01,Electricity generation,Aggregate fuel,"Hydro, Bioenergy and Other Renewables",%,60.7
Peru,2020-12-01,Electricity generation,Aggregate fuel,Renewables,%,65.51
Peru,2020-12-01,Electricity generation,Aggregate fuel,Wind and Solar,%,4.81
Peru,2020-12-01,Electricity generation,Fuel,Bioenergy,%,0.66
Peru,2020-12-01,Electricity generation,Fuel,Coal,%,0.0
Peru,2020-12-01,Electricity generation,Fuel,Gas,%,34.5
Peru,2020-12-01,Electricity generation,Fuel,Hydro,%,60.04
Peru,2020-12-01,Electricity generation,Fuel,Other Fossil,%,0.0
Peru,2020-12-01,Electricity generation,Fuel,Solar,%,1.53
Peru,2020-12-01,Electricity generation,Fuel,Wind,%,3.28
Peru,2021-01-01,Electricity generation,Aggregate fuel,Clean,%,78.74
Peru,2021-01-01,Electricity generation,Aggregate fuel,Fossil,%,21.27
Peru,2021-01-01,Electricity generation,Aggregate fuel,Gas and Other Fossil,%,21.27
Peru,2021-01-01,Electricity generation,Aggregate fuel,"Hydro, Bioenergy and Other Renewables",%,73.69
Peru,2021-01-01,Electricity generation,Aggregate fuel,Renewables,%,78.74
Peru,2021-01-01,Electricity generation,Aggregate fuel,Wind and Solar,%,5.05
Peru,2021-01-01,Electricity generation,Fuel,Bioenergy,%,0.66
Peru,2021-01-01,Electricity generation,Fuel,Coal,%,0.0
Peru,2021-01-01,Electricity generation,Fuel,Gas,%,21.27
Peru,2021-01-01,Electricity generation,Fuel,Hydro,%,73.03
Peru,2021-01-01,Electricity generation,Fuel,Other Fossil,%,0.0
Peru,2021-01-01,Electricity generation,Fuel,Solar,%,1.54
Peru,2021-01-01,Electricity generation,Fuel,Wind,%,3.51
Peru,2021-02-01,Electricity generation,Aggregate fuel,Clean,%,74.94
Peru,2021-02-01,Electricity generation,Aggregate fuel,Fossil,%,25.06
Peru,2021-02-01,Electricity generation,Aggregate fuel,Gas and Other Fossil,%,25.06
Peru,2021-02-01,Electricity generation,Aggregate fuel,"Hydro, Bioenergy and Other Renewables",%,70.84
Peru,2021-02-01,Electricity generation,Aggregate fuel,Renewables,%,74.94
Peru,2021-02-01,Electricity generation,Aggregate fuel,Wind and Solar,%,4.1
Peru,2021-02-01,Electricity generation,Fuel,Bioenergy,%,0.72
Peru,2021-02-01,Electricity generation,Fuel,Coal,%,0.0
Peru,2021-02-01,Electricity generation,Fuel,Gas,%,25.06
Peru,2021-02-01,Electricity generation,Fuel,Hydro,%,70.12
Peru,2021-02-01,Electricity generation,Fuel,Other Fossil,%,0.0
Peru,2021-02-01,Electricity generation,Fuel,Solar,%,1.45
Peru,2021-02-01,Electricity generation,Fuel,Wind,%,2.65
Peru,2021-03-01,Electricity generation,Aggregate fuel,Clean,%,72.94
Peru,2021-03-01,Electricity generation,Aggregate fuel,Fossil,%,27.06
Peru,2021-03-01,Electricity generation,Aggregate fuel,Gas and Other Fossil,%,26.84
Peru,2021-03-01,Electricity generation,Aggregate fuel,"Hydro, Bioenergy and Other Renewables",%,68.61
Peru,2021-03-01,Electricity generation,Aggregate fuel,Renewables,%,72.94
Peru,2021-03-01,Electricity generation,Aggregate fuel,Wind and Solar,%,4.33
Peru,2021-03-01,Electricity generation,Fuel,Bioenergy,%,0.43
Peru,2021-03-01,Electricity generation,Fuel,Coal,%,0.22
Peru,2021-03-01,Electricity generation,Fuel,Gas,%,26.84
Peru,2021-03-01,Electricity generation,Fuel,Hydro,%,68.18
Peru,2021-03-01,Electricity generation,Fuel,Other Fossil,%,0.0
Peru,2021-03-01,Electricity generation,Fuel,Solar,%,1.3
Peru,2021-03-01,Electricity generation,Fuel,Wind,%,3.03
Peru,2021-04-01,Electricity generation,Aggregate fuel,Clean,%,78.47
Peru,2021-04-01,Electricity generation,Aggregate fuel,Fossil,%,21.53
Peru,2021-04-01,Electricity generation,Aggregate fuel,Gas and Other Fossil,%,21.53
Peru,2021-04-01,Electricity generation,Aggregate fuel,"Hydro, Bioenergy and Other Renewables",%,73.38
Peru,2021-04-01,Electricity generation,Aggregate fuel,Renewables,%,78.47
Peru,2021-04-01,Electricity generation,Aggregate fuel,Wind and Solar,%,5.09
Peru,2021-04-01,Electricity generation,Fuel,Bioenergy,%,0.46
Peru,2021-04-01,Electricity generation,Fuel,Coal,%,0.0
Peru,2021-04-01,Electricity generation,Fuel,Gas,%,21.53
Peru,2021-04-01,Electricity generation,Fuel,Hydro,%,72.92
Peru,2021-04-01,Electricity generation,Fuel,Other Fossil,%,0.0
Peru,2021-04-01,Electricity generation,Fuel,Solar,%,1.39
Peru,2021-04-01,Electricity generation,Fuel,Wind,%,3.7
Peru,2021-05-01,Electricity generation,Aggregate fuel,Clean,%,62.69
Peru,2021-05-01,Electricity generation,Aggregate fuel,Fossil,%,37.31
Peru,2021-05-01,Electricity generation,Aggregate fuel,Gas and Other Fossil,%,37.09
Peru,2021-05-01,Electricity generation,Aggregate fuel,"Hydro, Bioenergy and Other Renewables",%,57.84
Peru,2021-05-01,Electricity generation,Aggregate fuel,Renewables,%,62.69
Peru,2021-05-01,Electricity generation,Aggregate fuel,Wind and Solar,%,4.85
Peru,2021-05-01,Electricity generation,Fuel,Bioenergy,%,0.44
Peru,2021-05-01,Electricity generation,Fuel,Coal,%,0.22
Peru,2021-05-01,Electricity generation,Fuel,Gas,%,37.09
Peru,2021-05-01,Electricity generation,Fuel,Hydro,%,57.4
Peru,2021-05-01,Electricity generation,Fuel,Other Fossil,%,0.0
Peru,2021-05-01,Electricity generation,Fuel,Solar,%,1.32
Peru,2021-05-01,Electricity generation,Fuel,Wind,%,3.53
Peru,2021-06-01,Electricity generation,Aggregate fuel,Clean,%,53.62
Peru,2021-06-01,Electricity generation,Aggregate fuel,Fossil,%,46.38
Peru,2021-06-01,Electricity generation,Aggregate fuel,Gas and Other Fossil,%,46.38
Peru,2021-06-01,Electricity generation,Aggregate fuel,"Hydro, Bioenergy and Other Renewables",%,49.55
Peru,2021-06-01,Electricity generation,Aggregate fuel,Renewables,%,53.62
Peru,2021-06-01,Electricity generation,Aggregate fuel,Wind and Solar,%,4.07
Peru,2021-06-01,Electricity generation,Fuel,Bioenergy,%,0.68
Peru,2021-06-01,Electricity generation,Fuel,Coal,%,0.0
Peru,2021-06-01,Electricity generation,Fuel,Gas,%,46.38
Peru,2021-06-01,Electricity generation,Fuel,Hydro,%,48.87
Peru,2021-06-01,Electricity generation,Fuel,Other Fossil,%,0.0
Peru,2021-06-01,Electricity generation,Fuel,Solar,%,1.13
Peru,2021-06-01,Electricity generation,Fuel,Wind,%,2.94
Peru,2021-07-01,Electricity generation,Aggregate fuel,Clean,%,50.56
Peru,2021-07-01,Electricity generation,Aggregate fuel,Fossil,%,49.44
Peru,2021-07-01,Electricity generation,Aggregate fuel,Gas and Other Fossil,%,49.44
Peru,2021-07-01,Electricity generation,Aggregate fuel,"Hydro, Bioenergy and Other Renewables",%,45.88
Peru,2021-07-01,Electricity generation,Aggregate fuel,Renewables,%,50.56
Peru,2021-07-01,Electricity generation,Aggregate fuel,Wind and Solar,%,4.68
Peru,2021-07-01,Electricity generation,Fuel,Bioenergy,%,0.89
Peru,2021-07-01,Electricity generation,Fuel,Coal,%,0.0
Peru,2021-07-01,Electricity generation,Fuel,Gas,%,49.44
Peru,2021-07-01,Electricity generation,Fuel,Hydro,%,44.99
Peru,2021-07-01,Electricity generation,Fuel,Other Fossil,%,0.0
Peru,2021-07-01,Electricity generation,Fuel,Solar,%,1.34
Peru,2021-07-01,Electricity generation,Fuel,Wind,%,3.34
Peru,2021-08-01,Electricity generation,Aggregate fuel,Clean,%,47.93
Peru,2021-08-01,Electricity generation,Aggregate fuel,Fossil,%,52.08
Peru,2021-08-01,Electricity generation,Aggregate fuel,Gas and Other Fossil,%,51.86
Peru,2021-08-01,Electricity generation,Aggregate fuel,"Hydro, Bioenergy and Other Renewables",%,42.46
Peru,2021-08-01,Electricity generation,Aggregate fuel,Renewables,%,47.93
Peru,2021-08-01,Electricity generation,Aggregate fuel,Wind and Solar,%,5.47
Peru,2021-08-01,Electricity generation,Fuel,Bioenergy,%,0.88
Peru,2021-08-01,Electricity generation,Fuel,Coal,%,0.22
Peru,2021-08-01,Electricity generation,Fuel,Gas,%,51.86
Peru,2021-08-01,Electricity generation,Fuel,Hydro,%,41.58
Peru,2021-08-01,Electricity generation,Fuel,Other Fossil,%,0.0
Peru,2021-08-01,Electricity generation,Fuel,Solar,%,1.53
Peru,2021-08-01,Electricity generation,Fuel,Wind,%,3.94
Peru,2021-09-01,Electricity generation,Aggregate fuel,Clean,%,46.76
Peru,2021-09-01,Electricity generation,Aggregate fuel,Fossil,%,53.24
Peru,2021-09-01,Electricity generation,Aggregate fuel,Gas and Other Fossil,%,53.24
Peru,2021-09-01,Electricity generation,Aggregate fuel,"Hydro, Bioenergy and Other Renewables",%,42.28
Peru,2021-09-01,Electricity generation,Aggregate fuel,Renewables,%,46.76
Peru,2021-09-01,Electricity generation,Aggregate fuel,Wind and Solar,%,4.48
Peru,2021-09-01,Electricity generation,Fuel,Bioenergy,%,0.45
Peru,2021-09-01,Electricity generation,Fuel,Coal,%,0.0
Peru,2021-09-01,Electricity generation,Fuel,Gas,%,53.24
Peru,2021-09-01,Electricity generation,Fuel,Hydro,%,41.83
Peru,2021-09-01,Electricity generation,Fuel,Other Fossil,%,0.0
Peru,2021-09-01,Electricity generation,Fuel,Solar,%,1.57
Peru,2021-09-01,Electricity generation,Fuel,Wind,%,2.91
Peru,2021-10-01,Electricity generation,Aggregate fuel,Clean,%,55.11
Peru,2021-10-01,Electricity generation,Aggregate fuel,Fossil,%,44.9
Peru,2021-10-01,Electricity generation,Aggregate fuel,Gas and Other Fossil,%,44.9
Peru,2021-10-01,Electricity generation,Aggregate fuel,"Hydro, Bioenergy and Other Renewables",%,49.68
Peru,2021-10-01,Electricity generation,Aggregate fuel,Renewables,%,55.11
Peru,2021-10-01,Electricity generation,Aggregate fuel,Wind and Solar,%,5.43
Peru,2021-10-01,Electricity generation,Fuel,Bioenergy,%,0.87
Peru,2021-10-01,Electricity generation,Fuel,Coal,%,0.0
Peru,2021-10-01,Electricity generation,Fuel,Gas,%,44.9
Peru,2021-10-01,Electricity generation,Fuel,Hydro,%,48.81
Peru,2021-10-01,Electricity generation,Fuel,Other Fossil,%,0.0
Peru,2021-10-01,Electricity generation,Fuel,Solar,%,1.74
Peru,2021-10-01,Electricity generation,Fuel,Wind,%,3.69
Peru,2021-11-01,Electricity generation,Aggregate fuel,Clean,%,58.8
Peru,2021-11-01,Electricity generation,Aggregate fuel,Fossil,%,41.19
Peru,2021-11-01,Electricity generation,Aggregate fuel,Gas and Other Fossil,%,41.19
Peru,2021-11-01,Electricity generation,Aggregate fuel,"Hydro, Bioenergy and Other Renewables",%,53.52
Peru,2021-11-01,Electricity generation,Aggregate fuel,Renewables,%,58.8
Peru,2021-11-01,Electricity generation,Aggregate fuel,Wind and Solar,%,5.28
Peru,2021-11-01,Electricity generation,Fuel,Bioenergy,%,0.66
Peru,2021-11-01,Electricity generation,Fuel,Coal,%,0.0
Peru,2021-11-01,Electricity generation,Fuel,Gas,%,41.19
Peru,2021-11-01,Electricity generation,Fuel,Hydro,%,52.86
Peru,2021-11-01,Electricity generation,Fuel,Other Fossil,%,0.0
Peru,2021-11-01,Electricity generation,Fuel,Solar,%,1.76
Peru,2021-11-01,Electricity generation,Fuel,Wind,%,3.52
Peru,2021-12-01,Electricity generation,Aggregate fuel,Clean,%,67.95
Peru,2021-12-01,Electricity generation,Aggregate fuel,Fossil,%,32.05
Peru,2021-12-01,Electricity generation,Aggregate fuel,Gas and Other Fossil,%,31.84
Peru,2021-12-01,Electricity generation,Aggregate fuel,"Hydro, Bioenergy and Other Renewables",%,63.46
Peru,2021-12-01,Electricity generation,Aggregate fuel,Renewables,%,67.95
Peru,2021-12-01,Electricity generation,Aggregate fuel,Wind and Solar,%,4.49
Peru,2021-12-01,Electricity generation,Fuel,Bioenergy,%,0.64
Peru,2021-12-01,Electricity generation,Fuel,Coal,%,0.21
Peru,2021-12-01,Electricity generation,Fuel,Gas,%,31.84
Peru,2021-12-01,Electricity generation,Fuel,Hydro,%,62.82
Peru,2021-12-01,Electricity generation,Fuel,Other Fossil,%,0.0
Peru,2021-12-01,Electricity generation,Fuel,Solar,%,1.5
Peru,2021-12-01,Electricity generation,Fuel,Wind,%,2.99
Peru,2022-01-01,Electricity generation,Aggregate fuel,Clean,%,67.16
Peru,2022-01-01,Electricity generation,Aggregate fuel,Fossil,%,32.84
Peru,2022-01-01,Electricity generation,Aggregate fuel,Gas and Other Fossil,%,32.84
Peru,2022-01-01,Electricity generation,Aggregate fuel,"Hydro, Bioenergy and Other Renewables",%,62.47
Peru,2022-01-01,Electricity generation,Aggregate fuel,Renewables,%,67.16
Peru,2022-01-01,Electricity generation,Aggregate fuel,Wind and Solar,%,4.69
Peru,2022-01-01,Electricity generation,Fuel,Bioenergy,%,0.64
Peru,2022-01-01,Electricity generation,Fuel,Coal,%,0.0
Peru,2022-01-01,Electricity generation,Fuel,Gas,%,32.84
Peru,2022-01-01,Electricity generation,Fuel,Hydro,%,61.83
Peru,2022-01-01,Electricity generation,Fuel,Other Fossil,%,0.0
Peru,2022-01-01,Electricity generation,Fuel,Solar,%,1.49
Peru,2022-01-01,Electricity generation,Fuel,Wind,%,3.2
Peru,2022-02-01,Electricity generation,Aggregate fuel,Clean,%,71.76
Peru,2022-02-01,Electricity generation,Aggregate fuel,Fossil,%,28.24
Peru,2022-02-01,Electricity generation,Aggregate fuel,Gas and Other Fossil,%,28.24
Peru,2022-02-01,Electricity generation,Aggregate fuel,"Hydro, Bioenergy and Other Renewables",%,67.36
Peru,2022-02-01,Electricity generation,Aggregate fuel,Renewables,%,71.76
Peru,2022-02-01,Electricity generation,Aggregate fuel,Wind and Solar,%,4.4
Peru,2022-02-01,Electricity generation,Fuel,Bioenergy,%,0.46
Peru,2022-02-01,Electricity generation,Fuel,Coal,%,0.0
Peru,2022-02-01,Electricity generation,Fuel,Gas,%,28.24
Peru,2022-02-01,Electricity generation,Fuel,Hydro,%,66.9
Peru,2022-02-01,Electricity generation,Fuel,Other Fossil,%,0.0
Peru,2022-02-01,Electricity generation,Fuel,Solar,%,1.39
Peru,2022-02-01,Electricity generation,Fuel,Wind,%,3.01
Peru,2022-03-01,Electricity generation,Aggregate fuel,Clean,%,72.24
Peru,2022-03-01,Electricity generation,Aggregate fuel,Fossil,%,27.75
Peru,2022-03-01,Electricity generation,Aggregate fuel,Gas and Other Fossil,%,27.54
Peru,2022-03-01,Electricity generation,Aggregate fuel,"Hydro, Bioenergy and Other Renewables",%,68.0
Peru,2022-03-01,Electricity generation,Aggregate fuel,Renewables,%,72.24
Peru,2022-03-01,Electricity generation,Aggregate fuel,Wind and Solar,%,4.24
Peru,2022-03-01,Electricity generation,Fuel,Bioenergy,%,0.42
Peru,2022-03-01,Electricity generation,Fuel,Coal,%,0.21
Peru,2022-03-01,Electricity generation,Fuel,Gas,%,27.54
Peru,2022-03-01,Electricity generation,Fuel,Hydro,%,67.58
Peru,2022-03-01,Electricity generation,Fuel,Other Fossil,%,0.0
Peru,2022-03-01,Electricity generation,Fuel,Solar,%,1.27
Peru,2022-03-01,Electricity generation,Fuel,Wind,%,2.97
Peru,2022-04-01,Electricity generation,Aggregate fuel,Clean,%,75.79
Peru,2022-04-01,Electricity generation,Aggregate fuel,Fossil,%,24.21
Peru,2022-04-01,Electricity generation,Aggregate fuel,Gas and Other Fossil,%,24.21
Peru,2022-04-01,Electricity generation,Aggregate fuel,"Hydro, Bioenergy and Other Renewables",%,70.36
Peru,2022-04-01,Electricity generation,Aggregate fuel,Renewables,%,75.79
Peru,2022-04-01,Electricity generation,Aggregate fuel,Wind and Solar,%,5.43
Peru,2022-04-01,Electricity generation,Fuel,Bioenergy,%,0.45
Peru,2022-04-01,Electricity generation,Fuel,Coal,%,0.0
Peru,2022-04-01,Electricity generation,Fuel,Gas,%,24.21
Peru,2022-04-01,Electricity generation,Fuel,Hydro,%,69.91
Peru,2022-04-01,Electricity generation,Fuel,Other Fossil,%,0.0
Peru,2022-04-01,Electricity generation,Fuel,Solar,%,1.36
Peru,2022-04-01,Electricity generation,Fuel,Wind,%,4.07
Peru,2022-05-01,Electricity generation,Aggregate fuel,Clean,%,62.53
Peru,2022-05-01,Electricity generation,Aggregate fuel,Fossil,%,37.47
Peru,2022-05-01,Electricity generation,Aggregate fuel,Gas and Other Fossil,%,37.47
Peru,2022-05-01,Electricity generation,Aggregate fuel,"Hydro, Bioenergy and Other Renewables",%,57.52
Peru,2022-05-01,Electricity generation,Aggregate fuel,Renewables,%,62.53
Peru,2022-05-01,Electricity generation,Aggregate fuel,Wind and Solar,%,5.01
Peru,2022-05-01,Electricity generation,Fuel,Bioenergy,%,0.44
Peru,2022-05-01,Electricity generation,Fuel,Coal,%,0.0
Peru,2022-05-01,Electricity generation,Fuel,Gas,%,37.47
Peru,2022-05-01,Electricity generation,Fuel,Hydro,%,57.08
Peru,2022-05-01,Electricity generation,Fuel,Other Fossil,%,0.0
Peru,2022-05-01,Electricity generation,Fuel,Solar,%,1.31
Peru,2022-05-01,Electricity generation,Fuel,Wind,%,3.7
Peru,2022-06-01,Electricity generation,Aggregate fuel,Clean,%,53.74
Peru,2022-06-01,Electricity generation,Aggregate fuel,Fossil,%,46.27
Peru,2022-06-01,Electricity generation,Aggregate fuel,Gas and Other Fossil,%,46.27
Peru,2022-06-01,Electricity generation,Aggregate fuel,"Hydro, Bioenergy and Other Renewables",%,48.91
Peru,2022-06-01,Electricity generation,Aggregate fuel,Renewables,%,53.74
Peru,2022-06-01,Electricity generation,Aggregate fuel,Wind and Solar,%,4.83
Peru,2022-06-01,Electricity generation,Fuel,Bioenergy,%,0.66
Peru,2022-06-01,Electricity generation,Fuel,Coal,%,0.0
Peru,2022-06-01,Electricity generation,Fuel,Gas,%,46.05
Peru,2022-06-01,Electricity generation,Fuel,Hydro,%,48.25
Peru,2022-06-01,Electricity generation,Fuel,Other Fossil,%,0.22
Peru,2022-06-01,Electricity generation,Fuel,Solar,%,1.32
Peru,2022-06-01,Electricity generation,Fuel,Wind,%,3.51
Peru,2022-07-01,Electricity generation,Aggregate fuel,Clean,%,47.76
Peru,2022-07-01,Electricity generation,Aggregate fuel,Fossil,%,52.24
Peru,2022-07-01,Electricity generation,Aggregate fuel,Gas and Other Fossil,%,52.03
Peru,2022-07-01,Electricity generation,Aggregate fuel,"Hydro, Bioenergy and Other Renewables",%,42.86
Peru,2022-07-01,Electricity generation,Aggregate fuel,Renewables,%,47.76
Peru,2022-07-01,Electricity generation,Aggregate fuel,Wind and Solar,%,4.9
Peru,2022-07-01,Electricity generation,Fuel,Bioenergy,%,0.64
Peru,2022-07-01,Electricity generation,Fuel,Coal,%,0.21
Peru,2022-07-01,Electricity generation,Fuel,Gas,%,52.03
Peru,2022-07-01,Electricity generation,Fuel,Hydro,%,42.22
Peru,2022-07-01,Electricity generation,Fuel,Other Fossil,%,0.0
Peru,2022-07-01,Electricity generation,Fuel,Solar,%,1.28
Peru,2022-07-01,Electricity generation,Fuel,Wind,%,3.62
Peru,2022-08-01,Electricity generation,Aggregate fuel,Clean,%,47.45
Peru,2022-08-01,Electricity generation,Aggregate fuel,Fossil,%,52.54
Peru,2022-08-01,Electricity generation,Aggregate fuel,Gas and Other Fossil,%,52.54
Peru,2022-08-01,Electricity generation,Aggregate fuel,"Hydro, Bioenergy and Other Renewables",%,42.16
Peru,2022-08-01,Electricity generation,Aggregate fuel,Renewables,%,47.45
Peru,2022-08-01,Electricity generation,Aggregate fuel,Wind and Solar,%,5.29
Peru,2022-08-01,Electricity generation,Fuel,Bioenergy,%,0.85
Peru,2022-08-01,Electricity generation,Fuel,Coal,%,0.0
Peru,2022-08-01,Electricity generation,Fuel,Gas,%,52.54
Peru,2022-08-01,Electricity generation,Fuel,Hydro,%,41.31
Peru,2022-08-01,Electricity generation,Fuel,Other Fossil,%,0.0
Peru,2022-08-01,Electricity generation,Fuel,Solar,%,1.48
Peru,2022-08-01,Electricity generation,Fuel,Wind,%,3.81
Peru,2022-09-01,Electricity generation,Aggregate fuel,Clean,%,46.48
Peru,2022-09-01,Electricity generation,Aggregate fuel,Fossil,%,53.52
Peru,2022-09-01,Electricity generation,Aggregate fuel,Gas and Other Fossil,%,53.52
Peru,2022-09-01,Electricity generation,Aggregate fuel,"Hydro, Bioenergy and Other Renewables",%,40.51
Peru,2022-09-01,Electricity generation,Aggregate fuel,Renewables,%,46.48
Peru,2022-09-01,Electricity generation,Aggregate fuel,Wind and Solar,%,5.97
Peru,2022-09-01,Electricity generation,Fuel,Bioenergy,%,0.85
Peru,2022-09-01,Electricity generation,Fuel,Coal,%,0.0
Peru,2022-09-01,Electricity generation,Fuel,Gas,%,53.52
Peru,2022-09-01,Electricity generation,Fuel,Hydro,%,39.66
Peru,2022-09-01,Electricity generation,Fuel,Other Fossil,%,0.0
Peru,2022-09-01,Electricity generation,Fuel,Solar,%,1.71
Peru,2022-09-01,Electricity generation,Fuel,Wind,%,4.26
Peru,2022-10-01,Electricity generation,Aggregate fuel,Clean,%,46.81
Peru,2022-10-01,Electricity generation,Aggregate fuel,Fossil,%,53.2
Peru,2022-10-01,Electricity generation,Aggregate fuel,Gas and Other Fossil,%,53.2
Peru,2022-10-01,Electricity generation,Aggregate fuel,"Hydro, Bioenergy and Other Renewables",%,41.03
Peru,2022-10-01,Electricity generation,Aggregate fuel,Renewables,%,46.81
Peru,2022-10-01,Electricity generation,Aggregate fuel,Wind and Solar,%,5.78
Peru,2022-10-01,Electricity generation,Fuel,Bioenergy,%,0.62
Peru,2022-10-01,Electricity generation,Fuel,Coal,%,0.0
Peru,2022-10-01,Electricity generation,Fuel,Gas,%,53.2
Peru,2022-10-01,Electricity generation,Fuel,Hydro,%,40.41
Peru,2022-10-01,Electricity generation,Fuel,Other Fossil,%,0.0
Peru,2022-10-01,Electricity generation,Fuel,Solar,%,1.86
Peru,2022-10-01,Electricity generation,Fuel,Wind,%,3.92
Peru,2022-11-01,Electricity generation,Aggregate fuel,Clean,%,42.03
Peru,2022-11-01,Electricity generation,Aggregate fuel,Fossil,%,57.97
Peru,2022-11-01,Electricity generation,Aggregate fuel,Gas and Other Fossil,%,56.73
Peru,2022-11-01,Electricity generation,Aggregate fuel,"Hydro, Bioenergy and Other Renewables",%,37.68
Peru,2022-11-01,Electricity generation,Aggregate fuel,Renewables,%,42.03
Peru,2022-11-01,Electricity generation,Aggregate fuel,Wind and Solar,%,4.35
Peru,2022-11-01,Electricity generation,Fuel,Bioenergy,%,0.83
Peru,2022-11-01,Electricity generation,Fuel,Coal,%,1.24
Peru,2022-11-01,Electricity generation,Fuel,Gas,%,54.87
Peru,2022-11-01,Electricity generation,Fuel,Hydro,%,36.85
Peru,2022-11-01,Electricity generation,Fuel,Other Fossil,%,1.86
Peru,2022-11-01,Electricity generation,Fuel,Solar,%,1.66
Peru,2022-11-01,Electricity generation,Fuel,Wind,%,2.69
Peru,2022-12-01,Electricity generation,Aggregate fuel,Clean,%,46.11
Peru,2022-12-01,Electricity generation,Aggregate fuel,Fossil,%,53.89
Peru,2022-12-01,Electricity generation,Aggregate fuel,Gas and Other Fossil,%,53.69
Peru,2022-12-01,Electricity generation,Aggregate fuel,"Hydro, Bioenergy and Other Renewables",%,41.92
Peru,2022-12-01,Electricity generation,Aggregate fuel,Renewables,%,46.11
Peru,2022-12-01,Electricity generation,Aggregate fuel,Wind and Solar,%,4.19
Peru,2022-12-01,Electricity generation,Fuel,Bioenergy,%,0.6
Peru,2022-12-01,Electricity generation,Fuel,Coal,%,0.2
Peru,2022-12-01,Electricity generation,Fuel,Gas,%,50.3
Peru,2022-12-01,Electricity generation,Fuel,Hydro,%,41.32
Peru,2022-12-01,Electricity generation,Fuel,Other Fossil,%,3.39
Peru,2022-12-01,Electricity generation,Fuel,Solar,%,1.4
Peru,2022-12-01,Electricity generation,Fuel,Wind,%,2.79
Peru,2023-01-01,Electricity generation,Aggregate fuel,Clean,%,62.37
Peru,2023-01-01,Electricity generation,Aggregate fuel,Fossil,%,37.63
Peru,2023-01-01,Electricity generation,Aggregate fuel,Gas and Other Fossil,%,37.63
Peru,2023-01-01,Electricity generation,Aggregate fuel,"Hydro, Bioenergy and Other Renewables",%,57.87
Peru,2023-01-01,Electricity generation,Aggregate fuel,Renewables,%,62.37
Peru,2023-01-01,Electricity generation,Aggregate fuel,Wind and Solar,%,4.5
Peru,2023-01-01,Electricity generation,Fuel,Bioenergy,%,0.61
Peru,2023-01-01,Electricity generation,Fuel,Coal,%,0.0
Peru,2023-01-01,Electricity generation,Fuel,Gas,%,37.63
Peru,2023-01-01,Electricity generation,Fuel,Hydro,%,57.26
Peru,2023-01-01,Electricity generation,Fuel,Other Fossil,%,0.0
Peru,2023-01-01,Electricity generation,Fuel,Solar,%,1.43
Peru,2023-01-01,Electricity generation,Fuel,Wind,%,3.07
Peru,2023-02-01,Electricity generation,Aggregate fuel,Clean,%,68.65
Peru,2023-02-01,Electricity generation,Aggregate fuel,Fossil,%,31.35
Peru,2023-02-01,Electricity generation,Aggregate fuel,Gas and Other Fossil,%,31.35
Peru,2023-02-01,Electricity generation,Aggregate fuel,"Hydro, Bioenergy and Other Renewables",%,65.12
Peru,2023-02-01,Electricity generation,Aggregate fuel,Renewables,%,68.65
Peru,2023-02-01,Electricity generation,Aggregate fuel,Wind and Solar,%,3.53
Peru,2023-02-01,Electricity generation,Fuel,Bioenergy,%,0.44
Peru,2023-02-01,Electricity generation,Fuel,Coal,%,0.0
Peru,2023-02-01,Electricity generation,Fuel,Gas,%,31.13
Peru,2023-02-01,Electricity generation,Fuel,Hydro,%,64.68
Peru,2023-02-01,Electricity generation,Fuel,Other Fossil,%,0.22
Peru,2023-02-01,Electricity generation,Fuel,Solar,%,1.1
Peru,2023-02-01,Electricity generation,Fuel,Wind,%,2.43
Peru,2023-03-01,Electricity generation,Aggregate fuel,Clean,%,59.29
Peru,2023-03-01,Electricity generation,Aggregate fuel,Fossil,%,40.71
Peru,2023-03-01,Electricity generation,Aggregate fuel,Gas and Other Fossil,%,40.71
Peru,2023-03-01,Electricity generation,Aggregate fuel,"Hydro, Bioenergy and Other Renewables",%,55.77
Peru,2023-03-01,Electricity generation,Aggregate fuel,Renewables,%,59.29
Peru,2023-03-01,Electricity generation,Aggregate fuel,Wind and Solar,%,3.52
Peru,2023-03-01,Electricity generation,Fuel,Bioenergy,%,0.39
Peru,2023-03-01,Electricity generation,Fuel,Coal,%,0.0
Peru,2023-03-01,Electricity generation,Fuel,Gas,%,40.51
Peru,2023-03-01,Electricity generation,Fuel,Hydro,%,55.38
Peru,2023-03-01,Electricity generation,Fuel,Other Fossil,%,0.2
Peru,2023-03-01,Electricity generation,Fuel,Solar,%,1.17
Peru,2023-03-01,Electricity generation,Fuel,Wind,%,2.35
Peru,2023-04-01,Electricity generation,Aggregate fuel,Clean,%,65.83
Peru,2023-04-01,Electricity generation,Aggregate fuel,Fossil,%,34.16
Peru,2023-04-01,Electricity generation,Aggregate fuel,Gas and Other Fossil,%,34.16
Peru,2023-04-01,Electricity generation,Aggregate fuel,"Hydro, Bioenergy and Other Renewables",%,60.45
Peru,2023-04-01,Electricity generation,Aggregate fuel,Renewables,%,65.83
Peru,2023-04-01,Electricity generation,Aggregate fuel,Wind and Solar,%,5.38
Peru,2023-04-01,Electricity generation,Fuel,Bioenergy,%,0.41
Peru,2023-04-01,Electricity generation,Fuel,Coal,%,0.0
Peru,2023-04-01,Electricity generation,Fuel,Gas,%,33.95
Peru,2023-04-01,Electricity generation,Fuel,Hydro,%,60.04
Peru,2023-04-01,Electricity generation,Fuel,Other Fossil,%,0.21
Peru,2023-04-01,Electricity generation,Fuel,Solar,%,1.24
Peru,2023-04-01,Electricity generation,Fuel,Wind,%,4.14
Peru,2023-05-01,Electricity generation,Aggregate fuel,Clean,%,56.04
Peru,2023-05-01,Electricity generation,Aggregate fuel,Fossil,%,43.97
Peru,2023-05-01,Electricity generation,Aggregate fuel,Gas and Other Fossil,%,43.97
Peru,2023-05-01,Electricity generation,Aggregate fuel,"Hydro, Bioenergy and Other Renewables",%,50.31
Peru,2023-05-01,Electricity generation,Aggregate fuel,Renewables,%,56.04
Peru,2023-05-01,Electricity generation,Aggregate fuel,Wind and Solar,%,5.73
Peru,2023-05-01,Electricity generation,Fuel,Bioenergy,%,0.41
Peru,2023-05-01,Electricity generation,Fuel,Coal,%,0.0
Peru,2023-05-01,Electricity generation,Fuel,Gas,%,43.56
Peru,2023-05-01,Electricity generation,Fuel,Hydro,%,49.9
Peru,2023-05-01,Electricity generation,Fuel,Other Fossil,%,0.41
Peru,2023-05-01,Electricity generation,Fuel,Solar,%,1.23
Peru,2023-05-01,Electricity generation,Fuel,Wind,%,4.5
Peru,2023-06-01,Electricity generation,Aggregate fuel,Clean,%,42.68
Peru,2023-06-01,Electricity generation,Aggregate fuel,Fossil,%,57.32
Peru,2023-06-01,Electricity generation,Aggregate fuel,Gas and Other Fossil,%,57.32
Peru,2023-06-01,Electricity generation,Aggregate fuel,"Hydro, Bioenergy and Other Renewables",%,37.24
Peru,2023-06-01,Electricity generation,Aggregate fuel,Renewables,%,42.68
Peru,2023-06-01,Electricity generation,Aggregate fuel,Wind and Solar,%,5.44
Peru,2023-06-01,Electricity generation,Fuel,Bioenergy,%,0.63
Peru,2023-06-01,Electricity generation,Fuel,Coal,%,0.0
Peru,2023-06-01,Electricity generation,Fuel,Gas,%,55.44
Peru,2023-06-01,Electricity generation,Fuel,Hydro,%,36.61
Peru,2023-06-01,Electricity generation,Fuel,Other Fossil,%,1.88
Peru,2023-06-01,Electricity generation,Fuel,Solar,%,1.26
Peru,2023-06-01,Electricity generation,Fuel,Wind,%,4.18
Peru,2023-07-01,Electricity generation,Aggregate fuel,Clean,%,40.96
Peru,2023-07-01,Electricity generation,Aggregate fuel,Fossil,%,59.05
Peru,2023-07-01,Electricity generation,Aggregate fuel,Gas and Other Fossil,%,59.05
Peru,2023-07-01,Electricity generation,Aggregate fuel,"Hydro, Bioenergy and Other Renewables",%,35.55
Peru,2023-07-01,Electricity generation,Aggregate fuel,Renewables,%,40.96
Peru,2023-07-01,Electricity generation,Aggregate fuel,Wind and Solar,%,5.41
Peru,2023-07-01,Electricity generation,Fuel,Bioenergy,%,0.62
Peru,2023-07-01,Electricity generation,Fuel,Coal,%,0.0
Peru,2023-07-01,Electricity generation,Fuel,Gas,%,51.77
Peru,2023-07-01,Electricity generation,Fuel,Hydro,%,34.93
Peru,2023-07-01,Electricity generation,Fuel,Other Fossil,%,7.28
Peru,2023-07-01,Electricity generation,Fuel,Solar,%,1.46
Peru,2023-07-01,Electricity generation,Fuel,Wind,%,3.95
Peru,2023-08-01,Electricity generation,Aggregate fuel,Clean,%,40.0
Peru,2023-08-01,Electricity generation,Aggregate fuel,Fossil,%,60.0
Peru,2023-08-01,Electricity generation,Aggregate fuel,Gas and Other Fossil,%,60.0
Peru,2023-08-01,Electricity generation,Aggregate fuel,"Hydro, Bioenergy and Other Renewables",%,34.49
Peru,2023-08-01,Electricity generation,Aggregate fuel,Renewables,%,40.0
Peru,2023-08-01,Electricity generation,Aggregate fuel,Wind and Solar,%,5.51
Peru,2023-08-01,Electricity generation,Fuel,Bioenergy,%,0.61
Peru,2023-08-01,Electricity generation,Fuel,Coal,%,0.0
Peru,2023-08-01,Electricity generation,Fuel,Gas,%,55.71
Peru,2023-08-01,Electricity generation,Fuel,Hydro,%,33.88
Peru,2023-08-01,Electricity generation,Fuel,Other Fossil,%,4.29
Peru,2023-08-01,Electricity generation,Fuel,Solar,%,1.84
Peru,2023-08-01,Electricity generation,Fuel,Wind,%,3.67
Peru,2023-09-01,Electricity generation,Aggregate fuel,Clean,%,39.42
Peru,2023-09-01,Electricity generation,Aggregate fuel,Fossil,%,60.58
Peru,2023-09-01,Electricity generation,Aggregate fuel,Gas and Other Fossil,%,60.58
Peru,2023-09-01,Electricity generation,Aggregate fuel,"Hydro, Bioenergy and Other Renewables",%,32.16
Peru,2023-09-01,Electricity generation,Aggregate fuel,Renewables,%,39.42
Peru,2023-09-01,Electricity generation,Aggregate fuel,Wind and Solar,%,7.26
Peru,2023-09-01,Electricity generation,Fuel,Bioenergy,%,0.83
Peru,2023-09-01,Electricity generation,Fuel,Coal,%,0.0
Peru,2023-09-01,Electricity generation,Fuel,Gas,%,57.26
Peru,2023-09-01,Electricity generation,Fuel,Hydro,%,31.33
Peru,2023-09-01,Electricity generation,Fuel,Other Fossil,%,3.32
Peru,2023-09-01,Electricity generation,Fuel,Solar,%,2.07
Peru,2023-09-01,Electricity generation,Fuel,Wind,%,5.19
Peru,2023-10-01,Electricity generation,Aggregate fuel,Clean,%,47.99
Peru,2023-10-01,Electricity generation,Aggregate fuel,Fossil,%,52.02
Peru,2023-10-01,Electricity generation,Aggregate fuel,Gas and Other Fossil,%,52.02
Peru,2023-10-01,Electricity generation,Aggregate fuel,"Hydro, Bioenergy and Other Renewables",%,40.93
Peru,2023-10-01,Electricity generation,Aggregate fuel,Renewables,%,47.99
Peru,2023-10-01,Electricity generation,Aggregate fuel,Wind and Solar,%,7.06
Peru,2023-10-01,Electricity generation,Fuel,Bioenergy,%,0.81
Peru,2023-10-01,Electricity generation,Fuel,Coal,%,0.0
Peru,2023-10-01,Electricity generation,Fuel,Gas,%,52.02
Peru,2023-10-01,Electricity generation,Fuel,Hydro,%,40.12
Peru,2023-10-01,Electricity generation,Fuel,Other Fossil,%,0.0
Peru,2023-10-01,Electricity generation,Fuel,Solar,%,2.22
Peru,2023-10-01,Electricity generation,Fuel,Wind,%,4.84
Peru,2023-11-01,Electricity generation,Aggregate fuel,Clean,%,53.94
Peru,2023-11-01,Electricity generation,Aggregate fuel,Fossil,%,46.06
Peru,2023-11-01,Electricity generation,Aggregate fuel,Gas and Other Fossil,%,46.06
Peru,2023-11-01,Electricity generation,Aggregate fuel,"Hydro, Bioenergy and Other Renewables",%,46.47
Peru,2023-11-01,Electricity generation,Aggregate fuel,Renewables,%,53.94
Peru,2023-11-01,Electricity generation,Aggregate fuel,Wind and Solar,%,7.47
Peru,2023-11-01,Electricity generation,Fuel,Bioenergy,%,0.62
Peru,2023-11-01,Electricity generation,Fuel,Coal,%,0.0
Peru,2023-11-01,Electricity generation,Fuel,Gas,%,46.06
Peru,2023-11-01,Electricity generation,Fuel,Hydro,%,45.85
Peru,2023-11-01,Electricity generation,Fuel,Other Fossil,%,0.0
Peru,2023-11-01,Electricity generation,Fuel,Solar,%,2.28
Peru,2023-11-01,Electricity generation,Fuel,Wind,%,5.19
Peru,2023-12-01,Electricity generation,Aggregate fuel,Clean,%,70.44
Peru,2023-12-01,Electricity generation,Aggregate fuel,Fossil,%,29.56
Peru,2023-12-01,Electricity generation,Aggregate fuel,Gas and Other Fossil,%,29.56
Peru,2023-12-01,Electricity generation,Aggregate fuel,"Hydro, Bioenergy and Other Renewables",%,63.3
Peru,2023-12-01,Electricity generation,Aggregate fuel,Renewables,%,70.44
Peru,2023-12-01,Electricity generation,Aggregate fuel,Wind and Solar,%,7.14
Peru,2023-12-01,Electricity generation,Fuel,Bioenergy,%,0.6
Peru,2023-12-01,Electricity generation,Fuel,Coal,%,0.0
Peru,2023-12-01,Electricity generation,Fuel,Gas,%,29.56
Peru,2023-12-01,Electricity generation,Fuel,Hydro,%,62.7
Peru,2023-12-01,Electricity generation,Fuel,Other Fossil,%,0.0
Peru,2023-12-01,Electricity generation,Fuel,Solar,%,2.18
Peru,2023-12-01,Electricity generation,Fuel,Wind,%,4.96
Peru,2024-01-01,Electricity generation,Aggregate fuel,Clean,%,71.91
Peru,2024-01-01,Electricity generation,Aggregate fuel,Fossil,%,28.1
Peru,2024-01-01,Electricity generation,Aggregate fuel,Gas and Other Fossil,%,28.1
Peru,2024-01-01,Electricity generation,Aggregate fuel,"Hydro, Bioenergy and Other Renewables",%,65.03
Peru,2024-01-01,Electricity generation,Aggregate fuel,Renewables,%,71.91
Peru,2024-01-01,Electricity generation,Aggregate fuel,Wind and Solar,%,6.88
Peru,2024-01-01,Electricity generation,Fuel,Bioenergy,%,0.59
Peru,2024-01-01,Electricity generation,Fuel,Coal,%,0.0
Peru,2024-01-01,Electricity generation,Fuel,Gas,%,27.9
Peru,2024-01-01,Electricity generation,Fuel,Hydro,%,64.44
Peru,2024-01-01,Electricity generation,Fuel,Other Fossil,%,0.2
Peru,2024-01-01,Electricity generation,Fuel,Solar,%,2.16
Peru,2024-01-01,Electricity generation,Fuel,Wind,%,4.72
Peru,2024-02-01,Electricity generation,Aggregate fuel,Clean,%,68.16
Peru,2024-02-01,Electricity generation,Aggregate fuel,Fossil,%,31.83
Peru,2024-02-01,Electricity generation,Aggregate fuel,Gas and Other Fossil,%,31.83
Peru,2024-02-01,Electricity generation,Aggregate fuel,"Hydro, Bioenergy and Other Renewables",%,61.84
Peru,2024-02-01,Electricity generation,Aggregate fuel,Renewables,%,68.16
Peru,2024-02-01,Electricity generation,Aggregate fuel,Wind and Solar,%,6.32
Peru,2024-02-01,Electricity generation,Fuel,Bioenergy,%,0.41
Peru,2024-02-01,Electricity generation,Fuel,Coal,%,0.0
Peru,2024-02-01,Electricity generation,Fuel,Gas,%,31.63
Peru,2024-02-01,Electricity generation,Fuel,Hydro,%,61.43
Peru,2024-02-01,Electricity generation,Fuel,Other Fossil,%,0.2
Peru,2024-02-01,Electricity generation,Fuel,Solar,%,1.63
Peru,2024-02-01,Electricity generation,Fuel,Wind,%,4.69
Peru,2024-03-01,Electricity generation,Aggregate fuel,Clean,%,69.22
Peru,2024-03-01,Electricity generation,Aggregate fuel,Fossil,%,30.77
Peru,2024-03-01,Electricity generation,Aggregate fuel,Gas and Other Fossil,%,30.77
Peru,2024-03-01,Electricity generation,Aggregate fuel,"Hydro, Bioenergy and Other Renewables",%,61.53
Peru,2024-03-01,Electricity generation,Aggregate fuel,Renewables,%,69.22
Peru,2024-03-01,Electricity generation,Aggregate fuel,Wind and Solar,%,7.69
Peru,2024-03-01,Electricity generation,Fuel,Bioenergy,%,0.39
Peru,2024-03-01,Electricity generation,Fuel,Coal,%,0.0
Peru,2024-03-01,Electricity generation,Fuel,Gas,%,30.77
Peru,2024-03-01,Electricity generation,Fuel,Hydro,%,61.14
Peru,2024-03-01,Electricity generation,Fuel,Other Fossil,%,0.0
Peru,2024-03-01,Electricity generation,Fuel,Solar,%,1.97
Peru,2024-03-01,Electricity generation,Fuel,Wind,%,5.72
Peru,2024-04-01,Electricity generation,Aggregate fuel,Clean,%,73.94
Peru,2024-04-01,Electricity generation,Aggregate fuel,Fossil,%,26.06
Peru,2024-04-01,Electricity generation,Aggregate fuel,Gas and Other Fossil,%,26.06
Peru,2024-04-01,Electricity generation,Aggregate fuel,"Hydro, Bioenergy and Other Renewables",%,66.06
Peru,2024-04-01,Electricity generation,Aggregate fuel,Renewables,%,73.94
Peru,2024-04-01,Electricity generation,Aggregate fuel,Wind and Solar,%,7.88
Peru,2024-04-01,Electricity generation,Fuel,Bioenergy,%,0.61
Peru,2024-04-01,Electricity generation,Fuel,Coal,%,0.0
Peru,2024-04-01,Electricity generation,Fuel,Gas,%,25.66
Peru,2024-04-01,Electricity generation,Fuel,Hydro,%,65.45
Peru,2024-04-01,Electricity generation,Fuel,Other Fossil,%,0.4
Peru,2024-04-01,Electricity generation,Fuel,Solar,%,1.82
Peru,2024-04-01,Electricity generation,Fuel,Wind,%,6.06
Peru,2024-05-01,Electricity generation,Aggregate fuel,Clean,%,63.46
Peru,2024-05-01,Electricity generation,Aggregate fuel,Fossil,%,36.54
Peru,2024-05-01,Electricity generation,Aggregate fuel,Gas and Other Fossil,%,36.54
Peru,2024-05-01,Electricity generation,Aggregate fuel,"Hydro, Bioenergy and Other Renewables",%,54.42
Peru,2024-05-01,Electricity generation,Aggregate fuel,Renewables,%,63.46
Peru,2024-05-01,Electricity generation,Aggregate fuel,Wind and Solar,%,9.04
Peru,2024-05-01,Electricity generation,Fuel,Bioenergy,%,0.4
Peru,2024-05-01,Electricity generation,Fuel,Coal,%,0.0
Peru,2024-05-01,Electricity generation,Fuel,Gas,%,35.74
Peru,2024-05-01,Electricity generation,Fuel,Hydro,%,54.02
Peru,2024-05-01,Electricity generation,Fuel,Other Fossil,%,0.8
Peru,2024-05-01,Electricity generation,Fuel,Solar,%,1.61
Peru,2024-05-01,Electricity generation,Fuel,Wind,%,7.43
Peru,2024-06-01,Electricity generation,Aggregate fuel,Clean,%,51.47
Peru,2024-06-01,Electricity generation,Aggregate fuel,Fossil,%,48.54
Peru,2024-06-01,Electricity generation,Aggregate fuel,Gas and Other Fossil,%,48.54
Peru,2024-06-01,Electricity generation,Aggregate fuel,"Hydro, Bioenergy and Other Renewables",%,43.94
Peru,2024-06-01,Electricity generation,Aggregate fuel,Renewables,%,51.47
Peru,2024-06-01,Electricity generation,Aggregate fuel,Wind and Solar,%,7.53
Peru,2024-06-01,Electricity generation,Fuel,Bioenergy,%,0.63
Peru,2024-06-01,Electricity generation,Fuel,Coal,%,0.0
Peru,2024-06-01,Electricity generation,Fuel,Gas,%,47.7
Peru,2024-06-01,Electricity generation,Fuel,Hydro,%,43.31
Peru,2024-06-01,Electricity generation,Fuel,Other Fossil,%,0.84
Peru,2024-06-01,Electricity generation,Fuel,Solar,%,1.67
Peru,2024-06-01,Electricity generation,Fuel,Wind,%,5.86
Peru,2024-07-01,Electricity generation,Aggregate fuel,Clean,%,48.8
Peru,2024-07-01,Electricity generation,Aggregate fuel,Fossil,%,51.2
Peru,2024-07-01,Electricity generation,Aggregate fuel,Gas and Other Fossil,%,51.2
Peru,2024-07-01,Electricity generation,Aggregate fuel,"Hydro, Bioenergy and Other Renewables",%,39.96
Peru,2024-07-01,Electricity generation,Aggregate fuel,Renewables,%,48.8
Peru,2024-07-01,Electricity generation,Aggregate fuel,Wind and Solar,%,8.84
Peru,2024-07-01,Electricity generation,Fuel,Bioenergy,%,0.6
Peru,2024-07-01,Electricity generation,Fuel,Coal,%,0.0
Peru,2024-07-01,Electricity generation,Fuel,Gas,%,50.2
Peru,2024-07-01,Electricity generation,Fuel,Hydro,%,39.36
Peru,2024-07-01,Electricity generation,Fuel,Other Fossil,%,1.0
Peru,2024-07-01,Electricity generation,Fuel,Solar,%,1.81
Peru,2024-07-01,Electricity generation,Fuel,Wind,%,7.03
Peru,2024-08-01,Electricity generation,Aggregate fuel,Clean,%,49.7
Peru,2024-08-01,Electricity generation,Aggregate fuel,Fossil,%,50.3
Peru,2024-08-01,Electricity generation,Aggregate fuel,Gas and Other Fossil,%,50.3
Peru,2024-08-01,Electricity generation,Aggregate fuel,"Hydro, Bioenergy and Other Renewables",%,39.4
Peru,2024-08-01,Electricity generation,Aggregate fuel,Renewables,%,49.7
Peru,2024-08-01,Electricity generation,Aggregate fuel,Wind and Solar,%,10.3
Peru,2024-08-01,Electricity generation,Fuel,Bioenergy,%,0.79
Peru,2024-08-01,Electricity generation,Fuel,Coal,%,0.0
Peru,2024-08-01,Electricity generation,Fuel,Gas,%,49.11
Peru,2024-08-01,Electricity generation,Fuel,Hydro,%,38.61
Peru,2024-08-01,Electricity generation,Fuel,Other Fossil,%,1.19
Peru,2024-08-01,Electricity generation,Fuel,Solar,%,2.18
Peru,2024-08-01,Electricity generation,Fuel,Wind,%,8.12
Peru,2024-09-01,Electricity generation,Aggregate fuel,Clean,%,49.07
Peru,2024-09-01,Electricity generation,Aggregate fuel,Fossil,%,50.92
Peru,2024-09-01,Electricity generation,Aggregate fuel,Gas and Other Fossil,%,50.92
Peru,2024-09-01,Electricity generation,Aggregate fuel,"Hydro, Bioenergy and Other Renewables",%,38.69
Peru,2024-09-01,Electricity generation,Aggregate fuel,Renewables,%,49.07
Peru,2024-09-01,Electricity generation,Aggregate fuel,Wind and Solar,%,10.38
Peru,2024-09-01,Electricity generation,Fuel,Bioenergy,%,0.81
Peru,2024-09-01,Electricity generation,Fuel,Coal,%,0.0
Peru,2024-09-01,Electricity generation,Fuel,Gas,%,49.9
Peru,2024-09-01,Electricity generation,Fuel,Hydro,%,37.88
Peru,2024-09-01,Electricity generation,Fuel,Other Fossil,%,1.02
Peru,2024-09-01,Electricity generation,Fuel,Solar,%,2.44
Peru,2024-09-01,Electricity generation,Fuel,Wind,%,7.94
Peru,2024-10-01,Electricity generation,Aggregate fuel,Clean,%,49.6
Peru,2024-10-01,Electricity generation,Aggregate fuel,Fossil,%,50.39
Peru,2024-10-01,Electricity generation,Aggregate fuel,Gas and Other Fossil,%,50.39
Peru,2024-10-01,Electricity generation,Aggregate fuel,"Hydro, Bioenergy and Other Renewables",%,39.6
Peru,2024-10-01,Electricity generation,Aggregate fuel,Renewables,%,49.6
Peru,2024-10-01,Electricity generation,Aggregate fuel,Wind and Solar,%,10.0
Peru,2024-10-01,Electricity generation,Fuel,Bioenergy,%,0.78
Peru,2024-10-01,Electricity generation,Fuel,Coal,%,0.0
Peru,2024-10-01,Electricity generation,Fuel,Gas,%,49.41
Peru,2024-10-01,Electricity generation,Fuel,Hydro,%,38.82
Peru,2024-10-01,Electricity generation,Fuel,Other Fossil,%,0.98
Peru,2024-10-01,Electricity generation,Fuel,Solar,%,2.75
Peru,2024-10-01,Electricity generation,Fuel,Wind,%,7.25
Peru,2024-11-01,Electricity generation,Aggregate fuel,Clean,%,57.14
Peru,2024-11-01,Electricity generation,Aggregate fuel,Fossil,%,42.86
Peru,2024-11-01,Electricity generation,Aggregate fuel,Gas and Other Fossil,%,42.86
Peru,2024-11-01,Electricity generation,Aggregate fuel,"Hydro, Bioenergy and Other Renewables",%,48.41
Peru,2024-11-01,Electricity generation,Aggregate fuel,Renewables,%,57.14
Peru,2024-11-01,Electricity generation,Aggregate fuel,Wind and Solar,%,8.73
Peru,2024-11-01,Electricity generation,Fuel,Bioenergy,%,0.79
Peru,2024-11-01,Electricity generation,Fuel,Coal,%,0.0
Peru,2024-11-01,Electricity generation,Fuel,Gas,%,42.86
Peru,2024-11-01,Electricity generation,Fuel,Hydro,%,47.62
Peru,2024-11-01,Electricity generation,Fuel,Other Fossil,%,0.0
Peru,2024-11-01,Electricity generation,Fuel,Solar,%,2.58
Peru,2024-11-01,Electricity generation,Fuel,Wind,%,6.15
Peru,2024-12-01,Electricity generation,Aggregate fuel,Clean,%,73.41
Peru,2024-12-01,Electricity generation,Aggregate fuel,Fossil,%,26.59
Peru,2024-12-01,Electricity generation,Aggregate fuel,Gas and Other Fossil,%,26.59
Peru,2024-12-01,Electricity generation,Aggregate fuel,"Hydro, Bioenergy and Other Renewables",%,63.58
Peru,2024-12-01,Electricity generation,Aggregate fuel,Renewables,%,73.41
Peru,2024-12-01,Electricity generation,Aggregate fuel,Wind and Solar,%,9.83
Peru,2024-12-01,Electricity generation,Fuel,Bioenergy,%,0.77
Peru,2024-12-01,Electricity generation,Fuel,Coal,%,0.0
Peru,2024-12-01,Electricity generation,Fuel,Gas,%,26.4
Peru,2024-12-01,Electricity generation,Fuel,Hydro,%,62.81
Peru,2024-12-01,Electricity generation,Fuel,Other Fossil,%,0.19
Peru,2024-12-01,Electricity generation,Fuel,Solar,%,2.7
Peru,2024-12-01,Electricity generation,Fuel,Wind,%,7.13
Peru,2025-01-01,Electricity generation,Aggregate fuel,Clean,%,74.85
Peru,2025-01-01,Electricity generation,Aggregate fuel,Fossil,%,25.14
Peru,2025-01-01,Electricity generation,Aggregate fuel,Gas and Other Fossil,%,25.14
Peru,2025-01-01,Electricity generation,Aggregate fuel,"Hydro, Bioenergy and Other Renewables",%,66.34
Peru,2025-01-01,Electricity generation,Aggregate fuel,Renewables,%,74.85
Peru,2025-01-01,Electricity generation,Aggregate fuel,Wind and Solar,%,8.51
Peru,2025-01-01,Electricity generation,Fuel,Bioenergy,%,0.77
Peru,2025-01-01,Electricity generation,Fuel,Coal,%,0.0
Peru,2025-01-01,Electricity generation,Fuel,Gas,%,24.95
Peru,2025-01-01,Electricity generation,Fuel,Hydro,%,65.57
Peru,2025-01-01,Electricity generation,Fuel,Other Fossil,%,0.19
Peru,2025-01-01,Electricity generation,Fuel,Solar,%,2.32
Peru,2025-01-01,Electricity generation,Fuel,Wind,%,6.19
Peru,2025-02-01,Electricity generation,Aggregate fuel,Clean,%,68.93
Peru,2025-02-01,Electricity generation,Aggregate fuel,Fossil,%,31.07
Peru,2025-02-01,Electricity generation,Aggregate fuel,Gas and Other Fossil,%,31.07
Peru,2025-02-01,Electricity generation,Aggregate fuel,"Hydro, Bioenergy and Other Renewables",%,63.17
Peru,2025-02-01,Electricity generation,Aggregate fuel,Renewables,%,68.93
Peru,2025-02-01,Electricity generation,Aggregate fuel,Wind and Solar,%,5.76
Peru,2025-02-01,Electricity generation,Fuel,Bioenergy,%,0.62
Peru,2025-02-01,Electricity generation,Fuel,Coal,%,0.0
Peru,2025-02-01,Electricity generation,Fuel,Gas,%,30.86
Peru,2025-02-01,Electricity generation,Fuel,Hydro,%,62.55
Peru,2025-02-01,Electricity generation,Fuel,Other Fossil,%,0.21
Peru,2025-02-01,Electricity generation,Fuel,Solar,%,1.85
Peru,2025-02-01,Electricity generation,Fuel,Wind,%,3.91
Peru,2025-03-01,Electricity generation,Aggregate fuel,Clean,%,67.41
Peru,2025-03-01,Electricity generation,Aggregate fuel,Fossil,%,32.59
Peru,2025-03-01,Electricity generation,Aggregate fuel,Gas and Other Fossil,%,32.59
Peru,2025-03-01,Electricity generation,Aggregate fuel,"Hydro, Bioenergy and Other Renewables",%,59.17
Peru,2025-03-01,Electricity generation,Aggregate fuel,Renewables,%,67.41
Peru,2025-03-01,Electricity generation,Aggregate fuel,Wind and Solar,%,8.24
Peru,2025-03-01,Electricity generation,Fuel,Bioenergy,%,0.37
Peru,2025-03-01,Electricity generation,Fuel,Coal,%,0.0
Peru,2025-03-01,Electricity generation,Fuel,Gas,%,32.4
Peru,2025-03-01,Electricity generation,Fuel,Hydro,%,58.8
Peru,2025-03-01,Electricity generation,Fuel,Other Fossil,%,0.19
Peru,2025-03-01,Electricity generation,Fuel,Solar,%,2.06
Peru,2025-03-01,Electricity generation,Fuel,Wind,%,6.18
Peru,2025-04-01,Electricity generation,Aggregate fuel,Clean,%,74.66
Peru,2025-04-01,Electricity generation,Aggregate fuel,Fossil,%,25.35
Peru,2025-04-01,Electricity generation,Aggregate fuel,Gas and Other Fossil,%,25.35
Peru,2025-04-01,Electricity generation,Aggregate fuel,"Hydro, Bioenergy and Other Renewables",%,64.44
Peru,2025-04-01,Electricity generation,Aggregate fuel,Renewables,%,74.66
Peru,2025-04-01,Electricity generation,Aggregate fuel,Wind and Solar,%,10.22
Peru,2025-04-01,Electricity generation,Fuel,Bioenergy,%,0.39
Peru,2025-04-01,Electricity generation,Fuel,Coal,%,0.0
Peru,2025-04-01,Electricity generation,Fuel,Gas,%,25.15
Peru,2025-04-01,Electricity generation,Fuel,Hydro,%,64.05
Peru,2025-04-01,Electricity generation,Fuel,Other Fossil,%,0.2
Peru,2025-04-01,Electricity generation,Fuel,Solar,%,2.75
Peru,2025-04-01,Electricity generation,Fuel,Wind,%,7.47
Peru,2025-05-01,Electricity generation,Aggregate fuel,Clean,%,70.41
Peru,2025-05-01,Electricity generation,Aggregate fuel,Fossil,%,29.59
Peru,2025-05-01,Electricity generation,Aggregate fuel,Gas and Other Fossil,%,29.59
Peru,2025-05-01,Electricity generation,Aggregate fuel,"Hydro, Bioenergy and Other Renewables",%,60.94
Peru,2025-05-01,Electricity generation,Aggregate fuel,Renewables,%,70.41
Peru,2025-05-01,Electricity generation,Aggregate fuel,Wind and Solar,%,9.47
Peru,2025-05-01,Electricity generation,Fuel,Bioenergy,%,0.39
Peru,2025-05-01,Electricity generation,Fuel,Coal,%,0.0
Peru,2025-05-01,Electricity generation,Fuel,Gas,%,29.39
Peru,2025-05-01,Electricity generation,Fuel,Hydro,%,60.55
Peru,2025-05-01,Electricity generation,Fuel,Other Fossil,%,0.2
Peru,2025-05-01,Electricity generation,Fuel,Solar,%,2.96
Peru,2025-05-01,Electricity generation,Fuel,Wind,%,6.51
Peru,2025-06-01,Electricity generation,Aggregate fuel,Clean,%,62.6
Peru,2025-06-01,Electricity generation,Aggregate fuel,Fossil,%,37.4
Peru,2025-06-01,Electricity generation,Aggregate fuel,Gas and Other Fossil,%,37.4
Peru,2025-06-01,Electricity generation,Aggregate fuel,"Hydro, Bioenergy and Other Renewables",%,53.25
Peru,2025-06-01,Electricity generation,Aggregate fuel,Renewables,%,62.6
Peru,2025-06-01,Electricity generation,Aggregate fuel,Wind and Solar,%,9.35
Peru,2025-06-01,Electricity generation,Fuel,Bioenergy,%,0.61
Peru,2025-06-01,Electricity generation,Fuel,Coal,%,0.0
Peru,2025-06-01,Electricity generation,Fuel,Gas,%,37.4
Peru,2025-06-01,Electricity generation,Fuel,Hydro,%,52.64
Peru,2025-06-01,Electricity generation,Fuel,Other Fossil,%,0.0
Peru,2025-06-01,Electricity generation,Fuel,Solar,%,2.85
Peru,2025-06-01,Electricity generation,Fuel,Wind,%,6.5
Peru,2025-07-01,Electricity generation,Aggregate fuel,Clean,%,53.07
Peru,2025-07-01,Electricity generation,Aggregate fuel,Fossil,%,46.93
Peru,2025-07-01,Electricity generation,Aggregate fuel,Gas and Other Fossil,%,46.93
Peru,2025-07-01,Electricity generation,Aggregate fuel,"Hydro, Bioenergy and Other Renewables",%,44.55
Peru,2025-07-01,Electricity generation,Aggregate fuel,Renewables,%,53.07
Peru,2025-07-01,Electricity generation,Aggregate fuel,Wind and Solar,%,8.52
Peru,2025-07-01,Electricity generation,Fuel,Bioenergy,%,0.59
Peru,2025-07-01,Electricity generation,Fuel,Coal,%,0.0
Peru,2025-07-01,Electricity generation,Fuel,Gas,%,46.93
Peru,2025-07-01,Electricity generation,Fuel,Hydro,%,43.96
Peru,2025-07-01,Electricity generation,Fuel,Other Fossil,%,0.0
Peru,2025-07-01,Electricity generation,Fuel,Solar,%,3.17
Peru,2025-07-01,Electricity generation,Fuel,Wind,%,5.35
Peru,2025-08-01,Electricity generation,Aggregate fuel,Clean,%,52.97
Peru,2025-08-01,Electricity generation,Aggregate fuel,Fossil,%,47.04
Peru,2025-08-01,Electricity generation,Aggregate fuel,Gas and Other Fossil,%,47.04
Peru,2025-08-01,Electricity generation,Aggregate fuel,"Hydro, Bioenergy and Other Renewables",%,42.49
Peru,2025-08-01,Electricity generation,Aggregate fuel,Renewables,%,52.97
Peru,2025-08-01,Electricity generation,Aggregate fuel,Wind and Solar,%,10.48
Peru,2025-08-01,Electricity generation,Fuel,Bioenergy,%,0.79
Peru,2025-08-01,Electricity generation,Fuel,Coal,%,0.0
Peru,2025-08-01,Electricity generation,Fuel,Gas,%,47.04
Peru,2025-08-01,Electricity generation,Fuel,Hydro,%,41.7
Peru,2025-08-01,Electricity generation,Fuel,Other Fossil,%,0.0
Peru,2025-08-01,Electricity generation,Fuel,Solar,%,3.56
Peru,2025-08-01,Electricity generation,Fuel,Wind,%,6.92
Peru,2025-09-01,Electricity generation,Aggregate fuel,Clean,%,52.79
Peru,2025-09-01,Electricity generation,Aggregate fuel,Fossil,%,47.21
Peru,2025-09-01,Electricity generation,Aggregate fuel,Gas and Other Fossil,%,47.21
Peru,2025-09-01,Electricity generation,Aggregate fuel,"Hydro, Bioenergy and Other Renewables",%,41.04
Peru,2025-09-01,Electricity generation,Aggregate fuel,Renewables,%,52.79
Peru,2025-09-01,Electricity generation,Aggregate fuel,Wind and Solar,%,11.75
Peru,2025-09-01,Electricity generation,Fuel,Bioenergy,%,1.0
Peru,2025-09-01,Electricity generation,Fuel,Coal,%,0.0
Peru,2025-09-01,Electricity generation,Fuel,Gas,%,47.21
Peru,2025-09-01,Electricity generation,Fuel,Hydro,%,40.04
Peru,2025-09-01,Electricity generation,Fuel,Other Fossil,%,0.0
Peru,2025-09-01,Electricity generation,Fuel,Solar,%,4.58
Peru,2025-09-01,Electricity generation,Fuel,Wind,%,7.17
Peru,2025-10-01,Electricity generation,Aggregate fuel,Clean,%,66.53
Peru,2025-10-01,Electricity generation,Aggregate fuel,Fossil,%,33.46
Peru,2025-10-01,Electricity generation,Aggregate fuel,Gas and Other Fossil,%,33.46
Peru,2025-10-01,Electricity generation,Aggregate fuel,"Hydro, Bioenergy and Other Renewables",%,54.18
Peru,2025-10-01,Electricity generation,Aggregate fuel,Renewables,%,66.53
Peru,2025-10-01,Electricity generation,Aggregate fuel,Wind and Solar,%,12.35
Peru,2025-10-01,Electricity generation,Fuel,Bioenergy,%,0.95
Peru,2025-10-01,Electricity generation,Fuel,Coal,%,0.0
Peru,2025-10-01,Electricity generation,Fuel,Gas,%,33.46
Peru,2025-10-01,Electricity generation,Fuel,Hydro,%,53.23
Peru,2025-10-01,Electricity generation,Fuel,Other Fossil,%,0.0
Peru,2025-10-01,Electricity generation,Fuel,Solar,%,5.32
Peru,2025-10-01,Electricity generation,Fuel,Wind,%,7.03
Uruguay,2019-01-01,Electricity generation,Aggregate fuel,Clean,%,94.28
Uruguay,2019-01-01,Electricity generation,Aggregate fuel,Fossil,%,5.71
Uruguay,2019-01-01,Electricity generation,Aggregate fuel,Gas and Other Fossil,%,5.71
Uruguay,2019-01-01,Electricity generation,Aggregate fuel,"Hydro, Bioenergy and Other Renewables",%,65.0
Uruguay,2019-01-01,Electricity generation,Aggregate fuel,Renewables,%,94.28
Uruguay,2019-01-01,Electricity generation,Aggregate fuel,Wind and Solar,%,29.28
Uruguay,2019-01-01,Electricity generation,Fuel,Bioenergy,%,5.0
Uruguay,2019-01-01,Electricity generation,Fuel,Gas,%,5.0
Uruguay,2019-01-01,Electricity generation,Fuel,Hydro,%,60.0
Uruguay,2019-01-01,Electricity generation,Fuel,Other Fossil,%,0.71
Uruguay,2019-01-01,Electricity generation,Fuel,Solar,%,2.14
Uruguay,2019-01-01,Electricity generation,Fuel,Wind,%,27.14
Uruguay,2019-02-01,Electricity generation,Aggregate fuel,Clean,%,94.54
Uruguay,2019-02-01,Electricity generation,Aggregate fuel,Fossil,%,5.45
Uruguay,2019-02-01,Electricity generation,Aggregate fuel,Gas and Other Fossil,%,5.45
Uruguay,2019-02-01,Electricity generation,Aggregate fuel,"Hydro, Bioenergy and Other Renewables",%,64.54
Uruguay,2019-02-01,Electricity generation,Aggregate fuel,Renewables,%,94.54
Uruguay,2019-02-01,Electricity generation,Aggregate fuel,Wind and Solar,%,30.0
Uruguay,2019-02-01,Electricity generation,Fuel,Bioenergy,%,6.36
Uruguay,2019-02-01,Electricity generation,Fuel,Gas,%,5.45
Uruguay,2019-02-01,Electricity generation,Fuel,Hydro,%,58.18
Uruguay,2019-02-01,Electricity generation,Fuel,Other Fossil,%,0.0
Uruguay,2019-02-01,Electricity generation,Fuel,Solar,%,3.64
Uruguay,2019-02-01,Electricity generation,Fuel,Wind,%,26.36
Uruguay,2019-03-01,Electricity generation,Aggregate fuel,Clean,%,100.0
Uruguay,2019-03-01,Electricity generation,Aggregate fuel,Fossil,%,0.0
Uruguay,2019-03-01,Electricity generation,Aggregate fuel,Gas and Other Fossil,%,0.0
Uruguay,2019-03-01,Electricity generation,Aggregate fuel,"Hydro, Bioenergy and Other Renewables",%,60.0
Uruguay,2019-03-01,Electricity generation,Aggregate fuel,Renewables,%,100.0
Uruguay,2019-03-01,Electricity generation,Aggregate fuel,Wind and Solar,%,40.0
Uruguay,2019-03-01,Electricity generation,Fuel,Bioenergy,%,6.09
Uruguay,2019-03-01,Electricity generation,Fuel,Gas,%,0.0
Uruguay,2019-03-01,Electricity generation,Fuel,Hydro,%,53.91
Uruguay,2019-03-01,Electricity generation,Fuel,Other Fossil,%,0.0
Uruguay,2019-03-01,Electricity generation,Fuel,Solar,%,3.48
Uruguay,2019-03-01,Electricity generation,Fuel,Wind,%,36.52
Uruguay,2019-04-01,Electricity generation,Aggregate fuel,Clean,%,100.0
Uruguay,2019-04-01,Electricity generation,Aggregate fuel,Fossil,%,0.0
Uruguay,2019-04-01,Electricity generation,Aggregate fuel,Gas and Other Fossil,%,0.0
Uruguay,2019-04-01,Electricity generation,Aggregate fuel,"Hydro, Bioenergy and Other Renewables",%,65.0
Uruguay,2019-04-01,Electricity generation,Aggregate fuel,Renewables,%,100.0
Uruguay,2019-04-01,Electricity generation,Aggregate fuel,Wind and Solar,%,35.0
Uruguay,2019-04-01,Electricity generation,Fuel,Bioenergy,%,8.0
Uruguay,2019-04-01,Electricity generation,Fuel,Gas,%,0.0
Uruguay,2019-04-01,Electricity generation,Fuel,Hydro,%,57.0
Uruguay,2019-04-01,Electricity generation,Fuel,Other Fossil,%,0.0
Uruguay,2019-04-01,Electricity generation,Fuel,Solar,%,3.0
Uruguay,2019-04-01,Electricity generation,Fuel,Wind,%,32.0
Uruguay,2019-05-01,Electricity generation,Aggregate fuel,Clean,%,100.0
Uruguay,2019-05-01,Electricity generation,Aggregate fuel,Fossil,%,0.0
Uruguay,2019-05-01,Electricity generation,Aggregate fuel,Gas and Other Fossil,%,0.0
Uruguay,2019-05-01,Electricity generation,Aggregate fuel,"Hydro, Bioenergy and Other Renewables",%,67.72
Uruguay,2019-05-01,Electricity generation,Aggregate fuel,Renewables,%,100.0
Uruguay,2019-05-01,Electricity generation,Aggregate fuel,Wind and Solar,%,32.28
Uruguay,2019-05-01,Electricity generation,Fuel,Bioenergy,%,6.3
Uruguay,2019-05-01,Electricity generation,Fuel,Gas,%,0.0
Uruguay,2019-05-01,Electricity generation,Fuel,Hydro,%,61.42
Uruguay,2019-05-01,Electricity generation,Fuel,Other Fossil,%,0.0
Uruguay,2019-05-01,Electricity generation,Fuel,Solar,%,1.57
Uruguay,2019-05-01,Electricity generation,Fuel,Wind,%,30.71
Uruguay,2019-06-01,Electricity generation,Aggregate fuel,Clean,%,98.97
Uruguay,2019-06-01,Electricity generation,Aggregate fuel,Fossil,%,1.03
Uruguay,2019-06-01,Electricity generation,Aggregate fuel,Gas and Other Fossil,%,1.03
Uruguay,2019-06-01,Electricity generation,Aggregate fuel,"Hydro, Bioenergy and Other Renewables",%,52.58
Uruguay,2019-06-01,Electricity generation,Aggregate fuel,Renewables,%,98.97
Uruguay,2019-06-01,Electricity generation,Aggregate fuel,Wind and Solar,%,46.39
Uruguay,2019-06-01,Electricity generation,Fuel,Bioenergy,%,7.22
Uruguay,2019-06-01,Electricity generation,Fuel,Gas,%,1.03
Uruguay,2019-06-01,Electricity generation,Fuel,Hydro,%,45.36
Uruguay,2019-06-01,Electricity generation,Fuel,Other Fossil,%,0.0
Uruguay,2019-06-01,Electricity generation,Fuel,Solar,%,2.06
Uruguay,2019-06-01,Electricity generation,Fuel,Wind,%,44.33
Uruguay,2019-07-01,Electricity generation,Aggregate fuel,Clean,%,100.0
Uruguay,2019-07-01,Electricity generation,Aggregate fuel,Fossil,%,0.0
Uruguay,2019-07-01,Electricity generation,Aggregate fuel,Gas and Other Fossil,%,0.0
Uruguay,2019-07-01,Electricity generation,Aggregate fuel,"Hydro, Bioenergy and Other Renewables",%,59.32
Uruguay,2019-07-01,Electricity generation,Aggregate fuel,Renewables,%,100.0
Uruguay,2019-07-01,Electricity generation,Aggregate fuel,Wind and Solar,%,40.68
Uruguay,2019-07-01,Electricity generation,Fuel,Bioenergy,%,6.78
Uruguay,2019-07-01,Electricity generation,Fuel,Gas,%,0.0
Uruguay,2019-07-01,Electricity generation,Fuel,Hydro,%,52.54
Uruguay,2019-07-01,Electricity generation,Fuel,Other Fossil,%,0.0
Uruguay,2019-07-01,Electricity generation,Fuel,Solar,%,2.54
Uruguay,2019-07-01,Electricity generation,Fuel,Wind,%,38.14
Uruguay,2019-08-01,Electricity generation,Aggregate fuel,Clean,%,99.29
Uruguay,2019-08-01,Electricity generation,Aggregate fuel,Fossil,%,0.72
Uruguay,2019-08-01,Electricity generation,Aggregate fuel,Gas and Other Fossil,%,0.72
Uruguay,2019-08-01,Electricity generation,Aggregate fuel,"Hydro, Bioenergy and Other Renewables",%,61.88
Uruguay,2019-08-01,Electricity generation,Aggregate fuel,Renewables,%,99.29
Uruguay,2019-08-01,Electricity generation,Aggregate fuel,Wind and Solar,%,37.41
Uruguay,2019-08-01,Electricity generation,Fuel,Bioenergy,%,5.76
Uruguay,2019-08-01,Electricity generation,Fuel,Gas,%,0.72
Uruguay,2019-08-01,Electricity generation,Fuel,Hydro,%,56.12
Uruguay,2019-08-01,Electricity generation,Fuel,Other Fossil,%,0.0
Uruguay,2019-08-01,Electricity generation,Fuel,Solar,%,2.16
Uruguay,2019-08-01,Electricity generation,Fuel,Wind,%,35.25
Uruguay,2019-09-01,Electricity generation,Aggregate fuel,Clean,%,92.72
Uruguay,2019-09-01,Electricity generation,Aggregate fuel,Fossil,%,7.29
Uruguay,2019-09-01,Electricity generation,Aggregate fuel,Gas and Other Fossil,%,7.29
Uruguay,2019-09-01,Electricity generation,Aggregate fuel,"Hydro, Bioenergy and Other Renewables",%,54.17
Uruguay,2019-09-01,Electricity generation,Aggregate fuel,Renewables,%,92.72
Uruguay,2019-09-01,Electricity generation,Aggregate fuel,Wind and Solar,%,38.55
Uruguay,2019-09-01,Electricity generation,Fuel,Bioenergy,%,7.29
Uruguay,2019-09-01,Electricity generation,Fuel,Gas,%,7.29
Uruguay,2019-09-01,Electricity generation,Fuel,Hydro,%,46.88
Uruguay,2019-09-01,Electricity generation,Fuel,Other Fossil,%,0.0
Uruguay,2019-09-01,Electricity generation,Fuel,Solar,%,3.13
Uruguay,2019-09-01,Electricity generation,Fuel,Wind,%,35.42
Uruguay,2019-10-01,Electricity generation,Aggregate fuel,Clean,%,97.43
Uruguay,2019-10-01,Electricity generation,Aggregate fuel,Fossil,%,2.56
Uruguay,2019-10-01,Electricity generation,Aggregate fuel,Gas and Other Fossil,%,2.56
Uruguay,2019-10-01,Electricity generation,Aggregate fuel,"Hydro, Bioenergy and Other Renewables",%,57.26
Uruguay,2019-10-01,Electricity generation,Aggregate fuel,Renewables,%,97.43
Uruguay,2019-10-01,Electricity generation,Aggregate fuel,Wind and Solar,%,40.17
Uruguay,2019-10-01,Electricity generation,Fuel,Bioenergy,%,5.98
Uruguay,2019-10-01,Electricity generation,Fuel,Gas,%,2.56
Uruguay,2019-10-01,Electricity generation,Fuel,Hydro,%,51.28
Uruguay,2019-10-01,Electricity generation,Fuel,Other Fossil,%,0.0
Uruguay,2019-10-01,Electricity generation,Fuel,Solar,%,2.56
Uruguay,2019-10-01,Electricity generation,Fuel,Wind,%,37.61
Uruguay,2019-11-01,Electricity generation,Aggregate fuel,Clean,%,100.0
Uruguay,2019-11-01,Electricity generation,Aggregate fuel,Fossil,%,0.0
Uruguay,2019-11-01,Electricity generation,Aggregate fuel,Gas and Other Fossil,%,0.0
Uruguay,2019-11-01,Electricity generation,Aggregate fuel,"Hydro, Bioenergy and Other Renewables",%,67.15
Uruguay,2019-11-01,Electricity generation,Aggregate fuel,Renewables,%,100.0
Uruguay,2019-11-01,Electricity generation,Aggregate fuel,Wind and Solar,%,32.85
Uruguay,2019-11-01,Electricity generation,Fuel,Bioenergy,%,2.19
Uruguay,2019-11-01,Electricity generation,Fuel,Gas,%,0.0
Uruguay,2019-11-01,Electricity generation,Fuel,Hydro,%,64.96
Uruguay,2019-11-01,Electricity generation,Fuel,Other Fossil,%,0.0
Uruguay,2019-11-01,Electricity generation,Fuel,Solar,%,2.92
Uruguay,2019-11-01,Electricity generation,Fuel,Wind,%,29.93
Uruguay,2019-12-01,Electricity generation,Aggregate fuel,Clean,%,99.99
Uruguay,2019-12-01,Electricity generation,Aggregate fuel,Fossil,%,0.0
Uruguay,2019-12-01,Electricity generation,Aggregate fuel,Gas and Other Fossil,%,0.0
Uruguay,2019-12-01,Electricity generation,Aggregate fuel,"Hydro, Bioenergy and Other Renewables",%,60.71
Uruguay,2019-12-01,Electricity generation,Aggregate fuel,Renewables,%,99.99
Uruguay,2019-12-01,Electricity generation,Aggregate fuel,Wind and Solar,%,39.28
Uruguay,2019-12-01,Electricity generation,Fuel,Bioenergy,%,7.14
Uruguay,2019-12-01,Electricity generation,Fuel,Gas,%,0.0
Uruguay,2019-12-01,Electricity generation,Fuel,Hydro,%,53.57
Uruguay,2019-12-01,Electricity generation,Fuel,Other Fossil,%,0.0
Uruguay,2019-12-01,Electricity generation,Fuel,Solar,%,4.46
Uruguay,2019-12-01,Electricity generation,Fuel,Wind,%,34.82
Uruguay,2020-01-01,Electricity generation,Aggregate fuel,Clean,%,96.91
Uruguay,2020-01-01,Electricity generation,Aggregate fuel,Fossil,%,3.09
Uruguay,2020-01-01,Electricity generation,Aggregate fuel,Gas and Other Fossil,%,3.09
Uruguay,2020-01-01,Electricity generation,Aggregate fuel,"Hydro, Bioenergy and Other Renewables",%,51.55
Uruguay,2020-01-01,Electricity generation,Aggregate fuel,Renewables,%,96.91
Uruguay,2020-01-01,Electricity generation,Aggregate fuel,Wind and Solar,%,45.36
Uruguay,2020-01-01,Electricity generation,Fuel,Bioenergy,%,8.25
Uruguay,2020-01-01,Electricity generation,Fuel,Gas,%,2.06
Uruguay,2020-01-01,Electricity generation,Fuel,Hydro,%,43.3
Uruguay,2020-01-01,Electricity generation,Fuel,Other Fossil,%,1.03
Uruguay,2020-01-01,Electricity generation,Fuel,Solar,%,4.12
Uruguay,2020-01-01,Electricity generation,Fuel,Wind,%,41.24
Uruguay,2020-02-01,Electricity generation,Aggregate fuel,Clean,%,93.41
Uruguay,2020-02-01,Electricity generation,Aggregate fuel,Fossil,%,6.59
Uruguay,2020-02-01,Electricity generation,Aggregate fuel,Gas and Other Fossil,%,6.59
Uruguay,2020-02-01,Electricity generation,Aggregate fuel,"Hydro, Bioenergy and Other Renewables",%,46.15
Uruguay,2020-02-01,Electricity generation,Aggregate fuel,Renewables,%,93.41
Uruguay,2020-02-01,Electricity generation,Aggregate fuel,Wind and Solar,%,47.26
Uruguay,2020-02-01,Electricity generation,Fuel,Bioenergy,%,8.79
Uruguay,2020-02-01,Electricity generation,Fuel,Gas,%,5.49
Uruguay,2020-02-01,Electricity generation,Fuel,Hydro,%,37.36
Uruguay,2020-02-01,Electricity generation,Fuel,Other Fossil,%,1.1
Uruguay,2020-02-01,Electricity generation,Fuel,Solar,%,4.4
Uruguay,2020-02-01,Electricity generation,Fuel,Wind,%,42.86
Uruguay,2020-03-01,Electricity generation,Aggregate fuel,Clean,%,87.81
Uruguay,2020-03-01,Electricity generation,Aggregate fuel,Fossil,%,12.2
Uruguay,2020-03-01,Electricity generation,Aggregate fuel,Gas and Other Fossil,%,12.2
Uruguay,2020-03-01,Electricity generation,Aggregate fuel,"Hydro, Bioenergy and Other Renewables",%,36.59
Uruguay,2020-03-01,Electricity generation,Aggregate fuel,Renewables,%,87.81
Uruguay,2020-03-01,Electricity generation,Aggregate fuel,Wind and Solar,%,51.22
Uruguay,2020-03-01,Electricity generation,Fuel,Bioenergy,%,10.98
Uruguay,2020-03-01,Electricity generation,Fuel,Gas,%,10.98
Uruguay,2020-03-01,Electricity generation,Fuel,Hydro,%,25.61
Uruguay,2020-03-01,Electricity generation,Fuel,Other Fossil,%,1.22
Uruguay,2020-03-01,Electricity generation,Fuel,Solar,%,4.88
Uruguay,2020-03-01,Electricity generation,Fuel,Wind,%,46.34
Uruguay,2020-04-01,Electricity generation,Aggregate fuel,Clean,%,100.0
Uruguay,2020-04-01,Electricity generation,Aggregate fuel,Fossil,%,0.0
Uruguay,2020-04-01,Electricity generation,Aggregate fuel,Gas and Other Fossil,%,0.0
Uruguay,2020-04-01,Electricity generation,Aggregate fuel,"Hydro, Bioenergy and Other Renewables",%,25.0
Uruguay,2020-04-01,Electricity generation,Aggregate fuel,Renewables,%,100.0
Uruguay,2020-04-01,Electricity generation,Aggregate fuel,Wind and Solar,%,75.0
Uruguay,2020-04-01,Electricity generation,Fuel,Bioenergy,%,13.24
Uruguay,2020-04-01,Electricity generation,Fuel,Gas,%,0.0
Uruguay,2020-04-01,Electricity generation,Fuel,Hydro,%,11.76
Uruguay,2020-04-01,Electricity generation,Fuel,Other Fossil,%,0.0
Uruguay,2020-04-01,Electricity generation,Fuel,Solar,%,4.41
Uruguay,2020-04-01,Electricity generation,Fuel,Wind,%,70.59
Uruguay,2020-05-01,Electricity generation,Aggregate fuel,Clean,%,99.99
Uruguay,2020-05-01,Electricity generation,Aggregate fuel,Fossil,%,0.0
Uruguay,2020-05-01,Electricity generation,Aggregate fuel,Gas and Other Fossil,%,0.0
Uruguay,2020-05-01,Electricity generation,Aggregate fuel,"Hydro, Bioenergy and Other Renewables",%,33.73
Uruguay,2020-05-01,Electricity generation,Aggregate fuel,Renewables,%,99.99
Uruguay,2020-05-01,Electricity generation,Aggregate fuel,Wind and Solar,%,66.26
Uruguay,2020-05-01,Electricity generation,Fuel,Bioenergy,%,10.84
Uruguay,2020-05-01,Electricity generation,Fuel,Gas,%,0.0
Uruguay,2020-05-01,Electricity generation,Fuel,Hydro,%,22.89
Uruguay,2020-05-01,Electricity generation,Fuel,Other Fossil,%,0.0
Uruguay,2020-05-01,Electricity generation,Fuel,Solar,%,3.61
Uruguay,2020-05-01,Electricity generation,Fuel,Wind,%,62.65
Uruguay,2020-06-01,Electricity generation,Aggregate fuel,Clean,%,99.06
Uruguay,2020-06-01,Electricity generation,Aggregate fuel,Fossil,%,0.93
Uruguay,2020-06-01,Electricity generation,Aggregate fuel,Gas and Other Fossil,%,0.93
Uruguay,2020-06-01,Electricity generation,Aggregate fuel,"Hydro, Bioenergy and Other Renewables",%,57.94
Uruguay,2020-06-01,Electricity generation,Aggregate fuel,Renewables,%,99.06
Uruguay,2020-06-01,Electricity generation,Aggregate fuel,Wind and Solar,%,41.12
Uruguay,2020-06-01,Electricity generation,Fuel,Bioenergy,%,8.41
Uruguay,2020-06-01,Electricity generation,Fuel,Gas,%,0.93
Uruguay,2020-06-01,Electricity generation,Fuel,Hydro,%,49.53
Uruguay,2020-06-01,Electricity generation,Fuel,Other Fossil,%,0.0
Uruguay,2020-06-01,Electricity generation,Fuel,Solar,%,1.87
Uruguay,2020-06-01,Electricity generation,Fuel,Wind,%,39.25
Uruguay,2020-07-01,Electricity generation,Aggregate fuel,Clean,%,94.66
Uruguay,2020-07-01,Electricity generation,Aggregate fuel,Fossil,%,5.34
Uruguay,2020-07-01,Electricity generation,Aggregate fuel,Gas and Other Fossil,%,5.34
Uruguay,2020-07-01,Electricity generation,Aggregate fuel,"Hydro, Bioenergy and Other Renewables",%,54.96
Uruguay,2020-07-01,Electricity generation,Aggregate fuel,Renewables,%,94.66
Uruguay,2020-07-01,Electricity generation,Aggregate fuel,Wind and Solar,%,39.7
Uruguay,2020-07-01,Electricity generation,Fuel,Bioenergy,%,6.87
Uruguay,2020-07-01,Electricity generation,Fuel,Gas,%,4.58
Uruguay,2020-07-01,Electricity generation,Fuel,Hydro,%,48.09
Uruguay,2020-07-01,Electricity generation,Fuel,Other Fossil,%,0.76
Uruguay,2020-07-01,Electricity generation,Fuel,Solar,%,1.53
Uruguay,2020-07-01,Electricity generation,Fuel,Wind,%,38.17
Uruguay,2020-08-01,Electricity generation,Aggregate fuel,Clean,%,99.99
Uruguay,2020-08-01,Electricity generation,Aggregate fuel,Fossil,%,0.0
Uruguay,2020-08-01,Electricity generation,Aggregate fuel,Gas and Other Fossil,%,0.0
Uruguay,2020-08-01,Electricity generation,Aggregate fuel,"Hydro, Bioenergy and Other Renewables",%,47.57
Uruguay,2020-08-01,Electricity generation,Aggregate fuel,Renewables,%,99.99
Uruguay,2020-08-01,Electricity generation,Aggregate fuel,Wind and Solar,%,52.42
Uruguay,2020-08-01,Electricity generation,Fuel,Bioenergy,%,8.74
Uruguay,2020-08-01,Electricity generation,Fuel,Gas,%,0.0
Uruguay,2020-08-01,Electricity generation,Fuel,Hydro,%,38.83
Uruguay,2020-08-01,Electricity generation,Fuel,Other Fossil,%,0.0
Uruguay,2020-08-01,Electricity generation,Fuel,Solar,%,2.91
Uruguay,2020-08-01,Electricity generation,Fuel,Wind,%,49.51
Uruguay,2020-09-01,Electricity generation,Aggregate fuel,Clean,%,100.01
Uruguay,2020-09-01,Electricity generation,Aggregate fuel,Fossil,%,0.0
Uruguay,2020-09-01,Electricity generation,Aggregate fuel,Gas and Other Fossil,%,0.0
Uruguay,2020-09-01,Electricity generation,Aggregate fuel,"Hydro, Bioenergy and Other Renewables",%,48.96
Uruguay,2020-09-01,Electricity generation,Aggregate fuel,Renewables,%,100.01
Uruguay,2020-09-01,Electricity generation,Aggregate fuel,Wind and Solar,%,51.05
Uruguay,2020-09-01,Electricity generation,Fuel,Bioenergy,%,8.33
Uruguay,2020-09-01,Electricity generation,Fuel,Gas,%,0.0
Uruguay,2020-09-01,Electricity generation,Fuel,Hydro,%,40.63
Uruguay,2020-09-01,Electricity generation,Fuel,Other Fossil,%,0.0
Uruguay,2020-09-01,Electricity generation,Fuel,Solar,%,3.13
Uruguay,2020-09-01,Electricity generation,Fuel,Wind,%,47.92
Uruguay,2020-10-01,Electricity generation,Aggregate fuel,Clean,%,92.38
Uruguay,2020-10-01,Electricity generation,Aggregate fuel,Fossil,%,7.62
Uruguay,2020-10-01,Electricity generation,Aggregate fuel,Gas and Other Fossil,%,7.62
Uruguay,2020-10-01,Electricity generation,Aggregate fuel,"Hydro, Bioenergy and Other Renewables",%,41.9
Uruguay,2020-10-01,Electricity generation,Aggregate fuel,Renewables,%,92.38
Uruguay,2020-10-01,Electricity generation,Aggregate fuel,Wind and Solar,%,50.48
Uruguay,2020-10-01,Electricity generation,Fuel,Bioenergy,%,8.57
Uruguay,2020-10-01,Electricity generation,Fuel,Gas,%,6.67
Uruguay,2020-10-01,Electricity generation,Fuel,Hydro,%,33.33
Uruguay,2020-10-01,Electricity generation,Fuel,Other Fossil,%,0.95
Uruguay,2020-10-01,Electricity generation,Fuel,Solar,%,3.81
Uruguay,2020-10-01,Electricity generation,Fuel,Wind,%,46.67
Uruguay,2020-11-01,Electricity generation,Aggregate fuel,Clean,%,76.0
Uruguay,2020-11-01,Electricity generation,Aggregate fuel,Fossil,%,24.0
Uruguay,2020-11-01,Electricity generation,Aggregate fuel,Gas and Other Fossil,%,24.0
Uruguay,2020-11-01,Electricity generation,Aggregate fuel,"Hydro, Bioenergy and Other Renewables",%,28.0
Uruguay,2020-11-01,Electricity generation,Aggregate fuel,Renewables,%,76.0
Uruguay,2020-11-01,Electricity generation,Aggregate fuel,Wind and Solar,%,48.0
Uruguay,2020-11-01,Electricity generation,Fuel,Bioenergy,%,5.0
Uruguay,2020-11-01,Electricity generation,Fuel,Gas,%,21.0
Uruguay,2020-11-01,Electricity generation,Fuel,Hydro,%,23.0
Uruguay,2020-11-01,Electricity generation,Fuel,Other Fossil,%,3.0
Uruguay,2020-11-01,Electricity generation,Fuel,Solar,%,4.0
Uruguay,2020-11-01,Electricity generation,Fuel,Wind,%,44.0
Uruguay,2020-12-01,Electricity generation,Aggregate fuel,Clean,%,80.0
Uruguay,2020-12-01,Electricity generation,Aggregate fuel,Fossil,%,20.0
Uruguay,2020-12-01,Electricity generation,Aggregate fuel,Gas and Other Fossil,%,20.0
Uruguay,2020-12-01,Electricity generation,Aggregate fuel,"Hydro, Bioenergy and Other Renewables",%,28.0
Uruguay,2020-12-01,Electricity generation,Aggregate fuel,Renewables,%,80.0
Uruguay,2020-12-01,Electricity generation,Aggregate fuel,Wind and Solar,%,52.0
Uruguay,2020-12-01,Electricity generation,Fuel,Bioenergy,%,9.0
Uruguay,2020-12-01,Electricity generation,Fuel,Gas,%,17.0
Uruguay,2020-12-01,Electricity generation,Fuel,Hydro,%,19.0
Uruguay,2020-12-01,Electricity generation,Fuel,Other Fossil,%,3.0
Uruguay,2020-12-01,Electricity generation,Fuel,Solar,%,5.0
Uruguay,2020-12-01,Electricity generation,Fuel,Wind,%,47.0
Uruguay,2021-01-01,Electricity generation,Aggregate fuel,Clean,%,74.55
Uruguay,2021-01-01,Electricity generation,Aggregate fuel,Fossil,%,25.46
Uruguay,2021-01-01,Electricity generation,Aggregate fuel,Gas and Other Fossil,%,25.46
Uruguay,2021-01-01,Electricity generation,Aggregate fuel,"Hydro, Bioenergy and Other Renewables",%,30.91
Uruguay,2021-01-01,Electricity generation,Aggregate fuel,Renewables,%,74.55
Uruguay,2021-01-01,Electricity generation,Aggregate fuel,Wind and Solar,%,43.64
Uruguay,2021-01-01,Electricity generation,Fuel,Bioenergy,%,8.18
Uruguay,2021-01-01,Electricity generation,Fuel,Gas,%,22.73
Uruguay,2021-01-01,Electricity generation,Fuel,Hydro,%,22.73
Uruguay,2021-01-01,Electricity generation,Fuel,Other Fossil,%,2.73
Uruguay,2021-01-01,Electricity generation,Fuel,Solar,%,3.64
Uruguay,2021-01-01,Electricity generation,Fuel,Wind,%,40.0
Uruguay,2021-02-01,Electricity generation,Aggregate fuel,Clean,%,91.75
Uruguay,2021-02-01,Electricity generation,Aggregate fuel,Fossil,%,8.25
Uruguay,2021-02-01,Electricity generation,Aggregate fuel,Gas and Other Fossil,%,8.25
Uruguay,2021-02-01,Electricity generation,Aggregate fuel,"Hydro, Bioenergy and Other Renewables",%,55.67
Uruguay,2021-02-01,Electricity generation,Aggregate fuel,Renewables,%,91.75
Uruguay,2021-02-01,Electricity generation,Aggregate fuel,Wind and Solar,%,36.08
Uruguay,2021-02-01,Electricity generation,Fuel,Bioenergy,%,7.22
Uruguay,2021-02-01,Electricity generation,Fuel,Gas,%,7.22
Uruguay,2021-02-01,Electricity generation,Fuel,Hydro,%,48.45
Uruguay,2021-02-01,Electricity generation,Fuel,Other Fossil,%,1.03
Uruguay,2021-02-01,Electricity generation,Fuel,Solar,%,4.12
Uruguay,2021-02-01,Electricity generation,Fuel,Wind,%,31.96
Uruguay,2021-03-01,Electricity generation,Aggregate fuel,Clean,%,68.89
Uruguay,2021-03-01,Electricity generation,Aggregate fuel,Fossil,%,31.11
Uruguay,2021-03-01,Electricity generation,Aggregate fuel,Gas and Other Fossil,%,31.11
Uruguay,2021-03-01,Electricity generation,Aggregate fuel,"Hydro, Bioenergy and Other Renewables",%,28.89
Uruguay,2021-03-01,Electricity generation,Aggregate fuel,Renewables,%,68.89
Uruguay,2021-03-01,Electricity generation,Aggregate fuel,Wind and Solar,%,40.0
Uruguay,2021-03-01,Electricity generation,Fuel,Bioenergy,%,8.89
Uruguay,2021-03-01,Electricity generation,Fuel,Gas,%,27.78
Uruguay,2021-03-01,Electricity generation,Fuel,Hydro,%,20.0
Uruguay,2021-03-01,Electricity generation,Fuel,Other Fossil,%,3.33
Uruguay,2021-03-01,Electricity generation,Fuel,Solar,%,3.33
Uruguay,2021-03-01,Electricity generation,Fuel,Wind,%,36.67
Uruguay,2021-04-01,Electricity generation,Aggregate fuel,Clean,%,92.05
Uruguay,2021-04-01,Electricity generation,Aggregate fuel,Fossil,%,7.95
Uruguay,2021-04-01,Electricity generation,Aggregate fuel,Gas and Other Fossil,%,7.95
Uruguay,2021-04-01,Electricity generation,Aggregate fuel,"Hydro, Bioenergy and Other Renewables",%,44.32
Uruguay,2021-04-01,Electricity generation,Aggregate fuel,Renewables,%,92.05
Uruguay,2021-04-01,Electricity generation,Aggregate fuel,Wind and Solar,%,47.73
Uruguay,2021-04-01,Electricity generation,Fuel,Bioenergy,%,9.09
Uruguay,2021-04-01,Electricity generation,Fuel,Gas,%,5.68
Uruguay,2021-04-01,Electricity generation,Fuel,Hydro,%,35.23
Uruguay,2021-04-01,Electricity generation,Fuel,Other Fossil,%,2.27
Uruguay,2021-04-01,Electricity generation,Fuel,Solar,%,3.41
Uruguay,2021-04-01,Electricity generation,Fuel,Wind,%,44.32
Uruguay,2021-05-01,Electricity generation,Aggregate fuel,Clean,%,83.17
Uruguay,2021-05-01,Electricity generation,Aggregate fuel,Fossil,%,16.82
Uruguay,2021-05-01,Electricity generation,Aggregate fuel,Gas and Other Fossil,%,16.82
Uruguay,2021-05-01,Electricity generation,Aggregate fuel,"Hydro, Bioenergy and Other Renewables",%,39.25
Uruguay,2021-05-01,Electricity generation,Aggregate fuel,Renewables,%,83.17
Uruguay,2021-05-01,Electricity generation,Aggregate fuel,Wind and Solar,%,43.92
Uruguay,2021-05-01,Electricity generation,Fuel,Bioenergy,%,8.41
Uruguay,2021-05-01,Electricity generation,Fuel,Gas,%,14.95
Uruguay,2021-05-01,Electricity generation,Fuel,Hydro,%,30.84
Uruguay,2021-05-01,Electricity generation,Fuel,Other Fossil,%,1.87
Uruguay,2021-05-01,Electricity generation,Fuel,Solar,%,2.8
Uruguay,2021-05-01,Electricity generation,Fuel,Wind,%,41.12
Uruguay,2021-06-01,Electricity generation,Aggregate fuel,Clean,%,94.44
Uruguay,2021-06-01,Electricity generation,Aggregate fuel,Fossil,%,5.55
Uruguay,2021-06-01,Electricity generation,Aggregate fuel,Gas and Other Fossil,%,5.55
Uruguay,2021-06-01,Electricity generation,Aggregate fuel,"Hydro, Bioenergy and Other Renewables",%,55.55
Uruguay,2021-06-01,Electricity generation,Aggregate fuel,Renewables,%,94.44
Uruguay,2021-06-01,Electricity generation,Aggregate fuel,Wind and Solar,%,38.89
Uruguay,2021-06-01,Electricity generation,Fuel,Bioenergy,%,7.14
Uruguay,2021-06-01,Electricity generation,Fuel,Gas,%,4.76
Uruguay,2021-06-01,Electricity generation,Fuel,Hydro,%,48.41
Uruguay,2021-06-01,Electricity generation,Fuel,Other Fossil,%,0.79
Uruguay,2021-06-01,Electricity generation,Fuel,Solar,%,1.59
Uruguay,2021-06-01,Electricity generation,Fuel,Wind,%,37.3
Uruguay,2021-07-01,Electricity generation,Aggregate fuel,Clean,%,87.41
Uruguay,2021-07-01,Electricity generation,Aggregate fuel,Fossil,%,12.59
Uruguay,2021-07-01,Electricity generation,Aggregate fuel,Gas and Other Fossil,%,12.59
Uruguay,2021-07-01,Electricity generation,Aggregate fuel,"Hydro, Bioenergy and Other Renewables",%,49.65
Uruguay,2021-07-01,Electricity generation,Aggregate fuel,Renewables,%,87.41
Uruguay,2021-07-01,Electricity generation,Aggregate fuel,Wind and Solar,%,37.76
Uruguay,2021-07-01,Electricity generation,Fuel,Bioenergy,%,6.29
Uruguay,2021-07-01,Electricity generation,Fuel,Gas,%,11.19
Uruguay,2021-07-01,Electricity generation,Fuel,Hydro,%,43.36
Uruguay,2021-07-01,Electricity generation,Fuel,Other Fossil,%,1.4
Uruguay,2021-07-01,Electricity generation,Fuel,Solar,%,2.1
Uruguay,2021-07-01,Electricity generation,Fuel,Wind,%,35.66
Uruguay,2021-08-01,Electricity generation,Aggregate fuel,Clean,%,72.27
Uruguay,2021-08-01,Electricity generation,Aggregate fuel,Fossil,%,27.74
Uruguay,2021-08-01,Electricity generation,Aggregate fuel,Gas and Other Fossil,%,27.74
Uruguay,2021-08-01,Electricity generation,Aggregate fuel,"Hydro, Bioenergy and Other Renewables",%,42.34
Uruguay,2021-08-01,Electricity generation,Aggregate fuel,Renewables,%,72.27
Uruguay,2021-08-01,Electricity generation,Aggregate fuel,Wind and Solar,%,29.93
Uruguay,2021-08-01,Electricity generation,Fuel,Bioenergy,%,6.57
Uruguay,2021-08-01,Electricity generation,Fuel,Gas,%,24.82
Uruguay,2021-08-01,Electricity generation,Fuel,Hydro,%,35.77
Uruguay,2021-08-01,Electricity generation,Fuel,Other Fossil,%,2.92
Uruguay,2021-08-01,Electricity generation,Fuel,Solar,%,2.19
Uruguay,2021-08-01,Electricity generation,Fuel,Wind,%,27.74
Uruguay,2021-09-01,Electricity generation,Aggregate fuel,Clean,%,80.37
Uruguay,2021-09-01,Electricity generation,Aggregate fuel,Fossil,%,19.62
Uruguay,2021-09-01,Electricity generation,Aggregate fuel,Gas and Other Fossil,%,19.62
Uruguay,2021-09-01,Electricity generation,Aggregate fuel,"Hydro, Bioenergy and Other Renewables",%,49.36
Uruguay,2021-09-01,Electricity generation,Aggregate fuel,Renewables,%,80.37
Uruguay,2021-09-01,Electricity generation,Aggregate fuel,Wind and Solar,%,31.01
Uruguay,2021-09-01,Electricity generation,Fuel,Bioenergy,%,5.06
Uruguay,2021-09-01,Electricity generation,Fuel,Gas,%,17.72
Uruguay,2021-09-01,Electricity generation,Fuel,Hydro,%,44.3
Uruguay,2021-09-01,Electricity generation,Fuel,Other Fossil,%,1.9
Uruguay,2021-09-01,Electricity generation,Fuel,Solar,%,1.9
Uruguay,2021-09-01,Electricity generation,Fuel,Wind,%,29.11
Uruguay,2021-10-01,Electricity generation,Aggregate fuel,Clean,%,87.32
Uruguay,2021-10-01,Electricity generation,Aggregate fuel,Fossil,%,12.69
Uruguay,2021-10-01,Electricity generation,Aggregate fuel,Gas and Other Fossil,%,12.69
Uruguay,2021-10-01,Electricity generation,Aggregate fuel,"Hydro, Bioenergy and Other Renewables",%,52.99
Uruguay,2021-10-01,Electricity generation,Aggregate fuel,Renewables,%,87.32
Uruguay,2021-10-01,Electricity generation,Aggregate fuel,Wind and Solar,%,34.33
Uruguay,2021-10-01,Electricity generation,Fuel,Bioenergy,%,6.72
Uruguay,2021-10-01,Electricity generation,Fuel,Gas,%,10.45
Uruguay,2021-10-01,Electricity generation,Fuel,Hydro,%,46.27
Uruguay,2021-10-01,Electricity generation,Fuel,Other Fossil,%,2.24
Uruguay,2021-10-01,Electricity generation,Fuel,Solar,%,3.73
Uruguay,2021-10-01,Electricity generation,Fuel,Wind,%,30.6
Uruguay,2021-11-01,Electricity generation,Aggregate fuel,Clean,%,81.48
Uruguay,2021-11-01,Electricity generation,Aggregate fuel,Fossil,%,18.52
Uruguay,2021-11-01,Electricity generation,Aggregate fuel,Gas and Other Fossil,%,18.52
Uruguay,2021-11-01,Electricity generation,Aggregate fuel,"Hydro, Bioenergy and Other Renewables",%,37.04
Uruguay,2021-11-01,Electricity generation,Aggregate fuel,Renewables,%,81.48
Uruguay,2021-11-01,Electricity generation,Aggregate fuel,Wind and Solar,%,44.44
Uruguay,2021-11-01,Electricity generation,Fuel,Bioenergy,%,7.41
Uruguay,2021-11-01,Electricity generation,Fuel,Gas,%,15.74
Uruguay,2021-11-01,Electricity generation,Fuel,Hydro,%,29.63
Uruguay,2021-11-01,Electricity generation,Fuel,Other Fossil,%,2.78
Uruguay,2021-11-01,Electricity generation,Fuel,Solar,%,4.63
Uruguay,2021-11-01,Electricity generation,Fuel,Wind,%,39.81
Uruguay,2021-12-01,Electricity generation,Aggregate fuel,Clean,%,75.96
Uruguay,2021-12-01,Electricity generation,Aggregate fuel,Fossil,%,24.03
Uruguay,2021-12-01,Electricity generation,Aggregate fuel,Gas and Other Fossil,%,24.03
Uruguay,2021-12-01,Electricity generation,Aggregate fuel,"Hydro, Bioenergy and Other Renewables",%,33.65
Uruguay,2021-12-01,Electricity generation,Aggregate fuel,Renewables,%,75.96
Uruguay,2021-12-01,Electricity generation,Aggregate fuel,Wind and Solar,%,42.31
Uruguay,2021-12-01,Electricity generation,Fuel,Bioenergy,%,7.69
Uruguay,2021-12-01,Electricity generation,Fuel,Gas,%,21.15
Uruguay,2021-12-01,Electricity generation,Fuel,Hydro,%,25.96
Uruguay,2021-12-01,Electricity generation,Fuel,Other Fossil,%,2.88
Uruguay,2021-12-01,Electricity generation,Fuel,Solar,%,4.81
Uruguay,2021-12-01,Electricity generation,Fuel,Wind,%,37.5
Uruguay,2022-01-01,Electricity generation,Aggregate fuel,Clean,%,65.17
Uruguay,2022-01-01,Electricity generation,Aggregate fuel,Fossil,%,34.82
Uruguay,2022-01-01,Electricity generation,Aggregate fuel,Gas and Other Fossil,%,34.82
Uruguay,2022-01-01,Electricity generation,Aggregate fuel,"Hydro, Bioenergy and Other Renewables",%,24.1
Uruguay,2022-01-01,Electricity generation,Aggregate fuel,Renewables,%,65.17
Uruguay,2022-01-01,Electricity generation,Aggregate fuel,Wind and Solar,%,41.07
Uruguay,2022-01-01,Electricity generation,Fuel,Bioenergy,%,7.14
Uruguay,2022-01-01,Electricity generation,Fuel,Gas,%,32.14
Uruguay,2022-01-01,Electricity generation,Fuel,Hydro,%,16.96
Uruguay,2022-01-01,Electricity generation,Fuel,Other Fossil,%,2.68
Uruguay,2022-01-01,Electricity generation,Fuel,Solar,%,3.57
Uruguay,2022-01-01,Electricity generation,Fuel,Wind,%,37.5
Uruguay,2022-02-01,Electricity generation,Aggregate fuel,Clean,%,64.21
Uruguay,2022-02-01,Electricity generation,Aggregate fuel,Fossil,%,35.79
Uruguay,2022-02-01,Electricity generation,Aggregate fuel,Gas and Other Fossil,%,35.79
Uruguay,2022-02-01,Electricity generation,Aggregate fuel,"Hydro, Bioenergy and Other Renewables",%,24.21
Uruguay,2022-02-01,Electricity generation,Aggregate fuel,Renewables,%,64.21
Uruguay,2022-02-01,Electricity generation,Aggregate fuel,Wind and Solar,%,40.0
Uruguay,2022-02-01,Electricity generation,Fuel,Bioenergy,%,7.37
Uruguay,2022-02-01,Electricity generation,Fuel,Gas,%,33.68
Uruguay,2022-02-01,Electricity generation,Fuel,Hydro,%,16.84
Uruguay,2022-02-01,Electricity generation,Fuel,Other Fossil,%,2.11
Uruguay,2022-02-01,Electricity generation,Fuel,Solar,%,4.21
Uruguay,2022-02-01,Electricity generation,Fuel,Wind,%,35.79
Uruguay,2022-03-01,Electricity generation,Aggregate fuel,Clean,%,85.71
Uruguay,2022-03-01,Electricity generation,Aggregate fuel,Fossil,%,14.29
Uruguay,2022-03-01,Electricity generation,Aggregate fuel,Gas and Other Fossil,%,14.29
Uruguay,2022-03-01,Electricity generation,Aggregate fuel,"Hydro, Bioenergy and Other Renewables",%,36.26
Uruguay,2022-03-01,Electricity generation,Aggregate fuel,Renewables,%,85.71
Uruguay,2022-03-01,Electricity generation,Aggregate fuel,Wind and Solar,%,49.45
Uruguay,2022-03-01,Electricity generation,Fuel,Bioenergy,%,5.49
Uruguay,2022-03-01,Electricity generation,Fuel,Gas,%,12.09
Uruguay,2022-03-01,Electricity generation,Fuel,Hydro,%,30.77
Uruguay,2022-03-01,Electricity generation,Fuel,Other Fossil,%,2.2
Uruguay,2022-03-01,Electricity generation,Fuel,Solar,%,4.4
Uruguay,2022-03-01,Electricity generation,Fuel,Wind,%,45.05
Uruguay,2022-04-01,Electricity generation,Aggregate fuel,Clean,%,98.91
Uruguay,2022-04-01,Electricity generation,Aggregate fuel,Fossil,%,1.1
Uruguay,2022-04-01,Electricity generation,Aggregate fuel,Gas and Other Fossil,%,1.1
Uruguay,2022-04-01,Electricity generation,Aggregate fuel,"Hydro, Bioenergy and Other Renewables",%,63.74
Uruguay,2022-04-01,Electricity generation,Aggregate fuel,Renewables,%,98.91
Uruguay,2022-04-01,Electricity generation,Aggregate fuel,Wind and Solar,%,35.17
Uruguay,2022-04-01,Electricity generation,Fuel,Bioenergy,%,8.79
Uruguay,2022-04-01,Electricity generation,Fuel,Gas,%,0.0
Uruguay,2022-04-01,Electricity generation,Fuel,Hydro,%,54.95
Uruguay,2022-04-01,Electricity generation,Fuel,Other Fossil,%,1.1
Uruguay,2022-04-01,Electricity generation,Fuel,Solar,%,3.3
Uruguay,2022-04-01,Electricity generation,Fuel,Wind,%,31.87
Uruguay,2022-05-01,Electricity generation,Aggregate fuel,Clean,%,99.03
Uruguay,2022-05-01,Electricity generation,Aggregate fuel,Fossil,%,0.97
Uruguay,2022-05-01,Electricity generation,Aggregate fuel,Gas and Other Fossil,%,0.97
Uruguay,2022-05-01,Electricity generation,Aggregate fuel,"Hydro, Bioenergy and Other Renewables",%,64.08
Uruguay,2022-05-01,Electricity generation,Aggregate fuel,Renewables,%,99.03
Uruguay,2022-05-01,Electricity generation,Aggregate fuel,Wind and Solar,%,34.95
Uruguay,2022-05-01,Electricity generation,Fuel,Bioenergy,%,8.74
Uruguay,2022-05-01,Electricity generation,Fuel,Gas,%,0.97
Uruguay,2022-05-01,Electricity generation,Fuel,Hydro,%,55.34
Uruguay,2022-05-01,Electricity generation,Fuel,Other Fossil,%,0.0
Uruguay,2022-05-01,Electricity generation,Fuel,Solar,%,2.91
Uruguay,2022-05-01,Electricity generation,Fuel,Wind,%,32.04
Uruguay,2022-06-01,Electricity generation,Aggregate fuel,Clean,%,95.09
Uruguay,2022-06-01,Electricity generation,Aggregate fuel,Fossil,%,4.92
Uruguay,2022-06-01,Electricity generation,Aggregate fuel,Gas and Other Fossil,%,4.92
Uruguay,2022-06-01,Electricity generation,Aggregate fuel,"Hydro, Bioenergy and Other Renewables",%,64.76
Uruguay,2022-06-01,Electricity generation,Aggregate fuel,Renewables,%,95.09
Uruguay,2022-06-01,Electricity generation,Aggregate fuel,Wind and Solar,%,30.33
Uruguay,2022-06-01,Electricity generation,Fuel,Bioenergy,%,7.38
Uruguay,2022-06-01,Electricity generation,Fuel,Gas,%,4.1
Uruguay,2022-06-01,Electricity generation,Fuel,Hydro,%,57.38
Uruguay,2022-06-01,Electricity generation,Fuel,Other Fossil,%,0.82
Uruguay,2022-06-01,Electricity generation,Fuel,Solar,%,1.64
Uruguay,2022-06-01,Electricity generation,Fuel,Wind,%,28.69
Uruguay,2022-07-01,Electricity generation,Aggregate fuel,Clean,%,94.67
Uruguay,2022-07-01,Electricity generation,Aggregate fuel,Fossil,%,5.34
Uruguay,2022-07-01,Electricity generation,Aggregate fuel,Gas and Other Fossil,%,5.34
Uruguay,2022-07-01,Electricity generation,Aggregate fuel,"Hydro, Bioenergy and Other Renewables",%,61.34
Uruguay,2022-07-01,Electricity generation,Aggregate fuel,Renewables,%,94.67
Uruguay,2022-07-01,Electricity generation,Aggregate fuel,Wind and Solar,%,33.33
Uruguay,2022-07-01,Electricity generation,Fuel,Bioenergy,%,6.67
Uruguay,2022-07-01,Electricity generation,Fuel,Gas,%,4.67
Uruguay,2022-07-01,Electricity generation,Fuel,Hydro,%,54.67
Uruguay,2022-07-01,Electricity generation,Fuel,Other Fossil,%,0.67
Uruguay,2022-07-01,Electricity generation,Fuel,Solar,%,1.33
Uruguay,2022-07-01,Electricity generation,Fuel,Wind,%,32.0
Uruguay,2022-08-01,Electricity generation,Aggregate fuel,Clean,%,100.0
Uruguay,2022-08-01,Electricity generation,Aggregate fuel,Fossil,%,0.0
Uruguay,2022-08-01,Electricity generation,Aggregate fuel,Gas and Other Fossil,%,0.0
Uruguay,2022-08-01,Electricity generation,Aggregate fuel,"Hydro, Bioenergy and Other Renewables",%,67.37
Uruguay,2022-08-01,Electricity generation,Aggregate fuel,Renewables,%,100.0
Uruguay,2022-08-01,Electricity generation,Aggregate fuel,Wind and Solar,%,32.63
Uruguay,2022-08-01,Electricity generation,Fuel,Bioenergy,%,6.38
Uruguay,2022-08-01,Electricity generation,Fuel,Gas,%,0.0
Uruguay,2022-08-01,Electricity generation,Fuel,Hydro,%,60.99
Uruguay,2022-08-01,Electricity generation,Fuel,Other Fossil,%,0.0
Uruguay,2022-08-01,Electricity generation,Fuel,Solar,%,2.13
Uruguay,2022-08-01,Electricity generation,Fuel,Wind,%,30.5
Uruguay,2022-09-01,Electricity generation,Aggregate fuel,Clean,%,100.0
Uruguay,2022-09-01,Electricity generation,Aggregate fuel,Fossil,%,0.0
Uruguay,2022-09-01,Electricity generation,Aggregate fuel,Gas and Other Fossil,%,0.0
Uruguay,2022-09-01,Electricity generation,Aggregate fuel,"Hydro, Bioenergy and Other Renewables",%,57.0
Uruguay,2022-09-01,Electricity generation,Aggregate fuel,Renewables,%,100.0
Uruguay,2022-09-01,Electricity generation,Aggregate fuel,Wind and Solar,%,43.0
Uruguay,2022-09-01,Electricity generation,Fuel,Bioenergy,%,7.0
Uruguay,2022-09-01,Electricity generation,Fuel,Gas,%,0.0
Uruguay,2022-09-01,Electricity generation,Fuel,Hydro,%,50.0
Uruguay,2022-09-01,Electricity generation,Fuel,Other Fossil,%,0.0
Uruguay,2022-09-01,Electricity generation,Fuel,Solar,%,4.0
Uruguay,2022-09-01,Electricity generation,Fuel,Wind,%,39.0
Uruguay,2022-10-01,Electricity generation,Aggregate fuel,Clean,%,100.0
Uruguay,2022-10-01,Electricity generation,Aggregate fuel,Fossil,%,0.0
Uruguay,2022-10-01,Electricity generation,Aggregate fuel,Gas and Other Fossil,%,0.0
Uruguay,2022-10-01,Electricity generation,Aggregate fuel,"Hydro, Bioenergy and Other Renewables",%,41.58
Uruguay,2022-10-01,Electricity generation,Aggregate fuel,Renewables,%,100.0
Uruguay,2022-10-01,Electricity generation,Aggregate fuel,Wind and Solar,%,58.42
Uruguay,2022-10-01,Electricity generation,Fuel,Bioenergy,%,7.87
Uruguay,2022-10-01,Electricity generation,Fuel,Gas,%,0.0
Uruguay,2022-10-01,Electricity generation,Fuel,Hydro,%,33.71
Uruguay,2022-10-01,Electricity generation,Fuel,Other Fossil,%,0.0
Uruguay,2022-10-01,Electricity generation,Fuel,Solar,%,4.49
Uruguay,2022-10-01,Electricity generation,Fuel,Wind,%,53.93
Uruguay,2022-11-01,Electricity generation,Aggregate fuel,Clean,%,98.93
Uruguay,2022-11-01,Electricity generation,Aggregate fuel,Fossil,%,1.08
Uruguay,2022-11-01,Electricity generation,Aggregate fuel,Gas and Other Fossil,%,1.08
Uruguay,2022-11-01,Electricity generation,Aggregate fuel,"Hydro, Bioenergy and Other Renewables",%,47.31
Uruguay,2022-11-01,Electricity generation,Aggregate fuel,Renewables,%,98.93
Uruguay,2022-11-01,Electricity generation,Aggregate fuel,Wind and Solar,%,51.62
Uruguay,2022-11-01,Electricity generation,Fuel,Bioenergy,%,7.53
Uruguay,2022-11-01,Electricity generation,Fuel,Gas,%,0.0
Uruguay,2022-11-01,Electricity generation,Fuel,Hydro,%,39.78
Uruguay,2022-11-01,Electricity generation,Fuel,Other Fossil,%,1.08
Uruguay,2022-11-01,Electricity generation,Fuel,Solar,%,5.38
Uruguay,2022-11-01,Electricity generation,Fuel,Wind,%,46.24
Uruguay,2022-12-01,Electricity generation,Aggregate fuel,Clean,%,77.14
Uruguay,2022-12-01,Electricity generation,Aggregate fuel,Fossil,%,22.85
Uruguay,2022-12-01,Electricity generation,Aggregate fuel,Gas and Other Fossil,%,22.85
Uruguay,2022-12-01,Electricity generation,Aggregate fuel,"Hydro, Bioenergy and Other Renewables",%,32.38
Uruguay,2022-12-01,Electricity generation,Aggregate fuel,Renewables,%,77.14
Uruguay,2022-12-01,Electricity generation,Aggregate fuel,Wind and Solar,%,44.76
Uruguay,2022-12-01,Electricity generation,Fuel,Bioenergy,%,7.62
Uruguay,2022-12-01,Electricity generation,Fuel,Gas,%,20.95
Uruguay,2022-12-01,Electricity generation,Fuel,Hydro,%,24.76
Uruguay,2022-12-01,Electricity generation,Fuel,Other Fossil,%,1.9
Uruguay,2022-12-01,Electricity generation,Fuel,Solar,%,4.76
Uruguay,2022-12-01,Electricity generation,Fuel,Wind,%,40.0
Uruguay,2023-01-01,Electricity generation,Aggregate fuel,Clean,%,71.3
Uruguay,2023-01-01,Electricity generation,Aggregate fuel,Fossil,%,28.71
Uruguay,2023-01-01,Electricity generation,Aggregate fuel,Gas and Other Fossil,%,28.71
Uruguay,2023-01-01,Electricity generation,Aggregate fuel,"Hydro, Bioenergy and Other Renewables",%,29.63
Uruguay,2023-01-01,Electricity generation,Aggregate fuel,Renewables,%,71.3
Uruguay,2023-01-01,Electricity generation,Aggregate fuel,Wind and Solar,%,41.67
Uruguay,2023-01-01,Electricity generation,Fuel,Bioenergy,%,7.41
Uruguay,2023-01-01,Electricity generation,Fuel,Gas,%,25.93
Uruguay,2023-01-01,Electricity generation,Fuel,Hydro,%,22.22
Uruguay,2023-01-01,Electricity generation,Fuel,Other Fossil,%,2.78
Uruguay,2023-01-01,Electricity generation,Fuel,Solar,%,2.78
Uruguay,2023-01-01,Electricity generation,Fuel,Wind,%,38.89
Uruguay,2023-02-01,Electricity generation,Aggregate fuel,Clean,%,78.09
Uruguay,2023-02-01,Electricity generation,Aggregate fuel,Fossil,%,21.92
Uruguay,2023-02-01,Electricity generation,Aggregate fuel,Gas and Other Fossil,%,21.92
Uruguay,2023-02-01,Electricity generation,Aggregate fuel,"Hydro, Bioenergy and Other Renewables",%,23.29
Uruguay,2023-02-01,Electricity generation,Aggregate fuel,Renewables,%,78.09
Uruguay,2023-02-01,Electricity generation,Aggregate fuel,Wind and Solar,%,54.8
Uruguay,2023-02-01,Electricity generation,Fuel,Bioenergy,%,8.22
Uruguay,2023-02-01,Electricity generation,Fuel,Gas,%,20.55
Uruguay,2023-02-01,Electricity generation,Fuel,Hydro,%,15.07
Uruguay,2023-02-01,Electricity generation,Fuel,Other Fossil,%,1.37
Uruguay,2023-02-01,Electricity generation,Fuel,Solar,%,5.48
Uruguay,2023-02-01,Electricity generation,Fuel,Wind,%,49.32
Uruguay,2023-03-01,Electricity generation,Aggregate fuel,Clean,%,75.31
Uruguay,2023-03-01,Electricity generation,Aggregate fuel,Fossil,%,24.69
Uruguay,2023-03-01,Electricity generation,Aggregate fuel,Gas and Other Fossil,%,24.69
Uruguay,2023-03-01,Electricity generation,Aggregate fuel,"Hydro, Bioenergy and Other Renewables",%,25.93
Uruguay,2023-03-01,Electricity generation,Aggregate fuel,Renewables,%,75.31
Uruguay,2023-03-01,Electricity generation,Aggregate fuel,Wind and Solar,%,49.38
Uruguay,2023-03-01,Electricity generation,Fuel,Bioenergy,%,9.88
Uruguay,2023-03-01,Electricity generation,Fuel,Gas,%,22.22
Uruguay,2023-03-01,Electricity generation,Fuel,Hydro,%,16.05
Uruguay,2023-03-01,Electricity generation,Fuel,Other Fossil,%,2.47
Uruguay,2023-03-01,Electricity generation,Fuel,Solar,%,4.94
Uruguay,2023-03-01,Electricity generation,Fuel,Wind,%,44.44
Uruguay,2023-04-01,Electricity generation,Aggregate fuel,Clean,%,83.87
Uruguay,2023-04-01,Electricity generation,Aggregate fuel,Fossil,%,16.13
Uruguay,2023-04-01,Electricity generation,Aggregate fuel,Gas and Other Fossil,%,16.13
Uruguay,2023-04-01,Electricity generation,Aggregate fuel,"Hydro, Bioenergy and Other Renewables",%,27.42
Uruguay,2023-04-01,Electricity generation,Aggregate fuel,Renewables,%,83.87
Uruguay,2023-04-01,Electricity generation,Aggregate fuel,Wind and Solar,%,56.45
Uruguay,2023-04-01,Electricity generation,Fuel,Bioenergy,%,6.45
Uruguay,2023-04-01,Electricity generation,Fuel,Gas,%,12.9
Uruguay,2023-04-01,Electricity generation,Fuel,Hydro,%,20.97
Uruguay,2023-04-01,Electricity generation,Fuel,Other Fossil,%,3.23
Uruguay,2023-04-01,Electricity generation,Fuel,Solar,%,4.84
Uruguay,2023-04-01,Electricity generation,Fuel,Wind,%,51.61
Uruguay,2023-05-01,Electricity generation,Aggregate fuel,Clean,%,95.58
Uruguay,2023-05-01,Electricity generation,Aggregate fuel,Fossil,%,4.41
Uruguay,2023-05-01,Electricity generation,Aggregate fuel,Gas and Other Fossil,%,4.41
Uruguay,2023-05-01,Electricity generation,Aggregate fuel,"Hydro, Bioenergy and Other Renewables",%,39.7
Uruguay,2023-05-01,Electricity generation,Aggregate fuel,Renewables,%,95.58
Uruguay,2023-05-01,Electricity generation,Aggregate fuel,Wind and Solar,%,55.88
Uruguay,2023-05-01,Electricity generation,Fuel,Bioenergy,%,5.88
Uruguay,2023-05-01,Electricity generation,Fuel,Gas,%,2.94
Uruguay,2023-05-01,Electricity generation,Fuel,Hydro,%,33.82
Uruguay,2023-05-01,Electricity generation,Fuel,Other Fossil,%,1.47
Uruguay,2023-05-01,Electricity generation,Fuel,Solar,%,4.41
Uruguay,2023-05-01,Electricity generation,Fuel,Wind,%,51.47
Uruguay,2023-06-01,Electricity generation,Aggregate fuel,Clean,%,88.45
Uruguay,2023-06-01,Electricity generation,Aggregate fuel,Fossil,%,11.53
Uruguay,2023-06-01,Electricity generation,Aggregate fuel,Gas and Other Fossil,%,11.53
Uruguay,2023-06-01,Electricity generation,Aggregate fuel,"Hydro, Bioenergy and Other Renewables",%,48.71
Uruguay,2023-06-01,Electricity generation,Aggregate fuel,Renewables,%,88.45
Uruguay,2023-06-01,Electricity generation,Aggregate fuel,Wind and Solar,%,39.74
Uruguay,2023-06-01,Electricity generation,Fuel,Bioenergy,%,15.38
Uruguay,2023-06-01,Electricity generation,Fuel,Gas,%,8.97
Uruguay,2023-06-01,Electricity generation,Fuel,Hydro,%,33.33
Uruguay,2023-06-01,Electricity generation,Fuel,Other Fossil,%,2.56
Uruguay,2023-06-01,Electricity generation,Fuel,Solar,%,2.56
Uruguay,2023-06-01,Electricity generation,Fuel,Wind,%,37.18
Uruguay,2023-07-01,Electricity generation,Aggregate fuel,Clean,%,100.0
Uruguay,2023-07-01,Electricity generation,Aggregate fuel,Fossil,%,0.0
Uruguay,2023-07-01,Electricity generation,Aggregate fuel,Gas and Other Fossil,%,0.0
Uruguay,2023-07-01,Electricity generation,Aggregate fuel,"Hydro, Bioenergy and Other Renewables",%,53.4
Uruguay,2023-07-01,Electricity generation,Aggregate fuel,Renewables,%,100.0
Uruguay,2023-07-01,Electricity generation,Aggregate fuel,Wind and Solar,%,46.6
Uruguay,2023-07-01,Electricity generation,Fuel,Bioenergy,%,11.65
Uruguay,2023-07-01,Electricity generation,Fuel,Gas,%,0.0
Uruguay,2023-07-01,Electricity generation,Fuel,Hydro,%,41.75
Uruguay,2023-07-01,Electricity generation,Fuel,Other Fossil,%,0.0
Uruguay,2023-07-01,Electricity generation,Fuel,Solar,%,1.94
Uruguay,2023-07-01,Electricity generation,Fuel,Wind,%,44.66
Uruguay,2023-08-01,Electricity generation,Aggregate fuel,Clean,%,100.0
Uruguay,2023-08-01,Electricity generation,Aggregate fuel,Fossil,%,0.0
Uruguay,2023-08-01,Electricity generation,Aggregate fuel,Gas and Other Fossil,%,0.0
Uruguay,2023-08-01,Electricity generation,Aggregate fuel,"Hydro, Bioenergy and Other Renewables",%,51.4
Uruguay,2023-08-01,Electricity generation,Aggregate fuel,Renewables,%,100.0
Uruguay,2023-08-01,Electricity generation,Aggregate fuel,Wind and Solar,%,48.6
Uruguay,2023-08-01,Electricity generation,Fuel,Bioenergy,%,11.21
Uruguay,2023-08-01,Electricity generation,Fuel,Gas,%,0.0
Uruguay,2023-08-01,Electricity generation,Fuel,Hydro,%,40.19
Uruguay,2023-08-01,Electricity generation,Fuel,Other Fossil,%,0.0
Uruguay,2023-08-01,Electricity generation,Fuel,Solar,%,3.74
Uruguay,2023-08-01,Electricity generation,Fuel,Wind,%,44.86
Uruguay,2023-09-01,Electricity generation,Aggregate fuel,Clean,%,99.99
Uruguay,2023-09-01,Electricity generation,Aggregate fuel,Fossil,%,0.0
Uruguay,2023-09-01,Electricity generation,Aggregate fuel,Gas and Other Fossil,%,0.0
Uruguay,2023-09-01,Electricity generation,Aggregate fuel,"Hydro, Bioenergy and Other Renewables",%,49.5
Uruguay,2023-09-01,Electricity generation,Aggregate fuel,Renewables,%,99.99
Uruguay,2023-09-01,Electricity generation,Aggregate fuel,Wind and Solar,%,50.49
Uruguay,2023-09-01,Electricity generation,Fuel,Bioenergy,%,10.89
Uruguay,2023-09-01,Electricity generation,Fuel,Gas,%,0.0
Uruguay,2023-09-01,Electricity generation,Fuel,Hydro,%,38.61
Uruguay,2023-09-01,Electricity generation,Fuel,Other Fossil,%,0.0
Uruguay,2023-09-01,Electricity generation,Fuel,Solar,%,2.97
Uruguay,2023-09-01,Electricity generation,Fuel,Wind,%,47.52
Uruguay,2023-10-01,Electricity generation,Aggregate fuel,Clean,%,99.99
Uruguay,2023-10-01,Electricity generation,Aggregate fuel,Fossil,%,0.0
Uruguay,2023-10-01,Electricity generation,Aggregate fuel,Gas and Other Fossil,%,0.0
Uruguay,2023-10-01,Electricity generation,Aggregate fuel,"Hydro, Bioenergy and Other Renewables",%,47.19
Uruguay,2023-10-01,Electricity generation,Aggregate fuel,Renewables,%,99.99
Uruguay,2023-10-01,Electricity generation,Aggregate fuel,Wind and Solar,%,52.8
Uruguay,2023-10-01,Electricity generation,Fuel,Bioenergy,%,13.48
Uruguay,2023-10-01,Electricity generation,Fuel,Gas,%,0.0
Uruguay,2023-10-01,Electricity generation,Fuel,Hydro,%,33.71
Uruguay,2023-10-01,Electricity generation,Fuel,Other Fossil,%,0.0
Uruguay,2023-10-01,Electricity generation,Fuel,Solar,%,4.49
Uruguay,2023-10-01,Electricity generation,Fuel,Wind,%,48.31
Uruguay,2023-11-01,Electricity generation,Aggregate fuel,Clean,%,99.99
Uruguay,2023-11-01,Electricity generation,Aggregate fuel,Fossil,%,0.0
Uruguay,2023-11-01,Electricity generation,Aggregate fuel,Gas and Other Fossil,%,0.0
Uruguay,2023-11-01,Electricity generation,Aggregate fuel,"Hydro, Bioenergy and Other Renewables",%,51.11
Uruguay,2023-11-01,Electricity generation,Aggregate fuel,Renewables,%,99.99
Uruguay,2023-11-01,Electricity generation,Aggregate fuel,Wind and Solar,%,48.88
Uruguay,2023-11-01,Electricity generation,Fuel,Bioenergy,%,12.22
Uruguay,2023-11-01,Electricity generation,Fuel,Gas,%,0.0
Uruguay,2023-11-01,Electricity generation,Fuel,Hydro,%,38.89
Uruguay,2023-11-01,Electricity generation,Fuel,Other Fossil,%,0.0
Uruguay,2023-11-01,Electricity generation,Fuel,Solar,%,4.44
Uruguay,2023-11-01,Electricity generation,Fuel,Wind,%,44.44
Uruguay,2023-12-01,Electricity generation,Aggregate fuel,Clean,%,100.01
Uruguay,2023-12-01,Electricity generation,Aggregate fuel,Fossil,%,0.0
Uruguay,2023-12-01,Electricity generation,Aggregate fuel,Gas and Other Fossil,%,0.0
Uruguay,2023-12-01,Electricity generation,Aggregate fuel,"Hydro, Bioenergy and Other Renewables",%,58.17
Uruguay,2023-12-01,Electricity generation,Aggregate fuel,Renewables,%,100.01
Uruguay,2023-12-01,Electricity generation,Aggregate fuel,Wind and Solar,%,41.84
Uruguay,2023-12-01,Electricity generation,Fuel,Bioenergy,%,13.27
Uruguay,2023-12-01,Electricity generation,Fuel,Gas,%,0.0
Uruguay,2023-12-01,Electricity generation,Fuel,Hydro,%,44.9
Uruguay,2023-12-01,Electricity generation,Fuel,Other Fossil,%,0.0
Uruguay,2023-12-01,Electricity generation,Fuel,Solar,%,3.06
Uruguay,2023-12-01,Electricity generation,Fuel,Wind,%,38.78
Uruguay,2024-01-01,Electricity generation,Aggregate fuel,Clean,%,99.99
Uruguay,2024-01-01,Electricity generation,Aggregate fuel,Fossil,%,0.0
Uruguay,2024-01-01,Electricity generation,Aggregate fuel,Gas and Other Fossil,%,0.0
Uruguay,2024-01-01,Electricity generation,Aggregate fuel,"Hydro, Bioenergy and Other Renewables",%,59.04
Uruguay,2024-01-01,Electricity generation,Aggregate fuel,Renewables,%,99.99
Uruguay,2024-01-01,Electricity generation,Aggregate fuel,Wind and Solar,%,40.95
Uruguay,2024-01-01,Electricity generation,Fuel,Bioenergy,%,13.33
Uruguay,2024-01-01,Electricity generation,Fuel,Gas,%,0.0
Uruguay,2024-01-01,Electricity generation,Fuel,Hydro,%,45.71
Uruguay,2024-01-01,Electricity generation,Fuel,Other Fossil,%,0.0
Uruguay,2024-01-01,Electricity generation,Fuel,Solar,%,4.76
Uruguay,2024-01-01,Electricity generation,Fuel,Wind,%,36.19
Uruguay,2024-02-01,Electricity generation,Aggregate fuel,Clean,%,100.0
Uruguay,2024-02-01,Electricity generation,Aggregate fuel,Fossil,%,0.0
Uruguay,2024-02-01,Electricity generation,Aggregate fuel,Gas and Other Fossil,%,0.0
Uruguay,2024-02-01,Electricity generation,Aggregate fuel,"Hydro, Bioenergy and Other Renewables",%,64.29
Uruguay,2024-02-01,Electricity generation,Aggregate fuel,Renewables,%,100.0
Uruguay,2024-02-01,Electricity generation,Aggregate fuel,Wind and Solar,%,35.71
Uruguay,2024-02-01,Electricity generation,Fuel,Bioenergy,%,14.29
Uruguay,2024-02-01,Electricity generation,Fuel,Gas,%,0.0
Uruguay,2024-02-01,Electricity generation,Fuel,Hydro,%,50.0
Uruguay,2024-02-01,Electricity generation,Fuel,Other Fossil,%,0.0
Uruguay,2024-02-01,Electricity generation,Fuel,Solar,%,3.57
Uruguay,2024-02-01,Electricity generation,Fuel,Wind,%,32.14
Uruguay,2024-03-01,Electricity generation,Aggregate fuel,Clean,%,100.0
Uruguay,2024-03-01,Electricity generation,Aggregate fuel,Fossil,%,0.0
Uruguay,2024-03-01,Electricity generation,Aggregate fuel,Gas and Other Fossil,%,0.0
Uruguay,2024-03-01,Electricity generation,Aggregate fuel,"Hydro, Bioenergy and Other Renewables",%,63.73
Uruguay,2024-03-01,Electricity generation,Aggregate fuel,Renewables,%,100.0
Uruguay,2024-03-01,Electricity generation,Aggregate fuel,Wind and Solar,%,36.27
Uruguay,2024-03-01,Electricity generation,Fuel,Bioenergy,%,13.73
Uruguay,2024-03-01,Electricity generation,Fuel,Gas,%,0.0
Uruguay,2024-03-01,Electricity generation,Fuel,Hydro,%,50.0
Uruguay,2024-03-01,Electricity generation,Fuel,Other Fossil,%,0.0
Uruguay,2024-03-01,Electricity generation,Fuel,Solar,%,3.92
Uruguay,2024-03-01,Electricity generation,Fuel,Wind,%,32.35
Uruguay,2024-04-01,Electricity generation,Aggregate fuel,Clean,%,100.0
Uruguay,2024-04-01,Electricity generation,Aggregate fuel,Fossil,%,0.0
Uruguay,2024-04-01,Electricity generation,Aggregate fuel,Gas and Other Fossil,%,0.0
Uruguay,2024-04-01,Electricity generation,Aggregate fuel,"Hydro, Bioenergy and Other Renewables",%,58.89
Uruguay,2024-04-01,Electricity generation,Aggregate fuel,Renewables,%,100.0
Uruguay,2024-04-01,Electricity generation,Aggregate fuel,Wind and Solar,%,41.11
Uruguay,2024-04-01,Electricity generation,Fuel,Bioenergy,%,15.56
Uruguay,2024-04-01,Electricity generation,Fuel,Gas,%,0.0
Uruguay,2024-04-01,Electricity generation,Fuel,Hydro,%,43.33
Uruguay,2024-04-01,Electricity generation,Fuel,Other Fossil,%,0.0
Uruguay,2024-04-01,Electricity generation,Fuel,Solar,%,2.22
Uruguay,2024-04-01,Electricity generation,Fuel,Wind,%,38.89
Uruguay,2024-05-01,Electricity generation,Aggregate fuel,Clean,%,93.53
Uruguay,2024-05-01,Electricity generation,Aggregate fuel,Fossil,%,6.48
Uruguay,2024-05-01,Electricity generation,Aggregate fuel,Gas and Other Fossil,%,6.48
Uruguay,2024-05-01,Electricity generation,Aggregate fuel,"Hydro, Bioenergy and Other Renewables",%,66.19
Uruguay,2024-05-01,Electricity generation,Aggregate fuel,Renewables,%,93.53
Uruguay,2024-05-01,Electricity generation,Aggregate fuel,Wind and Solar,%,27.34
Uruguay,2024-05-01,Electricity generation,Fuel,Bioenergy,%,10.07
Uruguay,2024-05-01,Electricity generation,Fuel,Gas,%,5.76
Uruguay,2024-05-01,Electricity generation,Fuel,Hydro,%,56.12
Uruguay,2024-05-01,Electricity generation,Fuel,Other Fossil,%,0.72
Uruguay,2024-05-01,Electricity generation,Fuel,Solar,%,1.44
Uruguay,2024-05-01,Electricity generation,Fuel,Wind,%,25.9
Uruguay,2024-06-01,Electricity generation,Aggregate fuel,Clean,%,100.0
Uruguay,2024-06-01,Electricity generation,Aggregate fuel,Fossil,%,0.0
Uruguay,2024-06-01,Electricity generation,Aggregate fuel,Gas and Other Fossil,%,0.0
Uruguay,2024-06-01,Electricity generation,Aggregate fuel,"Hydro, Bioenergy and Other Renewables",%,63.49
Uruguay,2024-06-01,Electricity generation,Aggregate fuel,Renewables,%,100.0
Uruguay,2024-06-01,Electricity generation,Aggregate fuel,Wind and Solar,%,36.51
Uruguay,2024-06-01,Electricity generation,Fuel,Bioenergy,%,8.73
Uruguay,2024-06-01,Electricity generation,Fuel,Gas,%,0.0
Uruguay,2024-06-01,Electricity generation,Fuel,Hydro,%,54.76
Uruguay,2024-06-01,Electricity generation,Fuel,Other Fossil,%,0.0
Uruguay,2024-06-01,Electricity generation,Fuel,Solar,%,1.59
Uruguay,2024-06-01,Electricity generation,Fuel,Wind,%,34.92
Uruguay,2024-07-01,Electricity generation,Aggregate fuel,Clean,%,99.25
Uruguay,2024-07-01,Electricity generation,Aggregate fuel,Fossil,%,0.76
Uruguay,2024-07-01,Electricity generation,Aggregate fuel,Gas and Other Fossil,%,0.76
Uruguay,2024-07-01,Electricity generation,Aggregate fuel,"Hydro, Bioenergy and Other Renewables",%,70.46
Uruguay,2024-07-01,Electricity generation,Aggregate fuel,Renewables,%,99.25
Uruguay,2024-07-01,Electricity generation,Aggregate fuel,Wind and Solar,%,28.79
Uruguay,2024-07-01,Electricity generation,Fuel,Bioenergy,%,13.64
Uruguay,2024-07-01,Electricity generation,Fuel,Gas,%,0.76
Uruguay,2024-07-01,Electricity generation,Fuel,Hydro,%,56.82
Uruguay,2024-07-01,Electricity generation,Fuel,Other Fossil,%,0.0
Uruguay,2024-07-01,Electricity generation,Fuel,Solar,%,2.27
Uruguay,2024-07-01,Electricity generation,Fuel,Wind,%,26.52
Uruguay,2024-08-01,Electricity generation,Aggregate fuel,Clean,%,100.0
Uruguay,2024-08-01,Electricity generation,Aggregate fuel,Fossil,%,0.0
Uruguay,2024-08-01,Electricity generation,Aggregate fuel,Gas and Other Fossil,%,0.0
Uruguay,2024-08-01,Electricity generation,Aggregate fuel,"Hydro, Bioenergy and Other Renewables",%,62.25
Uruguay,2024-08-01,Electricity generation,Aggregate fuel,Renewables,%,100.0
Uruguay,2024-08-01,Electricity generation,Aggregate fuel,Wind and Solar,%,37.75
Uruguay,2024-08-01,Electricity generation,Fuel,Bioenergy,%,12.58
Uruguay,2024-08-01,Electricity generation,Fuel,Gas,%,0.0
Uruguay,2024-08-01,Electricity generation,Fuel,Hydro,%,49.67
Uruguay,2024-08-01,Electricity generation,Fuel,Other Fossil,%,0.0
Uruguay,2024-08-01,Electricity generation,Fuel,Solar,%,1.99
Uruguay,2024-08-01,Electricity generation,Fuel,Wind,%,35.76
Uruguay,2024-09-01,Electricity generation,Aggregate fuel,Clean,%,100.0
Uruguay,2024-09-01,Electricity generation,Aggregate fuel,Fossil,%,0.0
Uruguay,2024-09-01,Electricity generation,Aggregate fuel,Gas and Other Fossil,%,0.0
Uruguay,2024-09-01,Electricity generation,Aggregate fuel,"Hydro, Bioenergy and Other Renewables",%,62.07
Uruguay,2024-09-01,Electricity generation,Aggregate fuel,Renewables,%,100.0
Uruguay,2024-09-01,Electricity generation,Aggregate fuel,Wind and Solar,%,37.93
Uruguay,2024-09-01,Electricity generation,Fuel,Bioenergy,%,16.38
Uruguay,2024-09-01,Electricity generation,Fuel,Gas,%,0.0
Uruguay,2024-09-01,Electricity generation,Fuel,Hydro,%,45.69
Uruguay,2024-09-01,Electricity generation,Fuel,Other Fossil,%,0.0
Uruguay,2024-09-01,Electricity generation,Fuel,Solar,%,3.45
Uruguay,2024-09-01,Electricity generation,Fuel,Wind,%,34.48
Uruguay,2024-10-01,Electricity generation,Aggregate fuel,Clean,%,100.0
Uruguay,2024-10-01,Electricity generation,Aggregate fuel,Fossil,%,0.0
Uruguay,2024-10-01,Electricity generation,Aggregate fuel,Gas and Other Fossil,%,0.0
Uruguay,2024-10-01,Electricity generation,Aggregate fuel,"Hydro, Bioenergy and Other Renewables",%,67.67
Uruguay,2024-10-01,Electricity generation,Aggregate fuel,Renewables,%,100.0
Uruguay,2024-10-01,Electricity generation,Aggregate fuel,Wind and Solar,%,32.33
Uruguay,2024-10-01,Electricity generation,Fuel,Bioenergy,%,13.53
Uruguay,2024-10-01,Electricity generation,Fuel,Gas,%,0.0
Uruguay,2024-10-01,Electricity generation,Fuel,Hydro,%,54.14
Uruguay,2024-10-01,Electricity generation,Fuel,Other Fossil,%,0.0
Uruguay,2024-10-01,Electricity generation,Fuel,Solar,%,3.76
Uruguay,2024-10-01,Electricity generation,Fuel,Wind,%,28.57
Uruguay,2024-11-01,Electricity generation,Aggregate fuel,Clean,%,100.0
Uruguay,2024-11-01,Electricity generation,Aggregate fuel,Fossil,%,0.0
Uruguay,2024-11-01,Electricity generation,Aggregate fuel,Gas and Other Fossil,%,0.0
Uruguay,2024-11-01,Electricity generation,Aggregate fuel,"Hydro, Bioenergy and Other Renewables",%,60.0
Uruguay,2024-11-01,Electricity generation,Aggregate fuel,Renewables,%,100.0
Uruguay,2024-11-01,Electricity generation,Aggregate fuel,Wind and Solar,%,40.0
Uruguay,2024-11-01,Electricity generation,Fuel,Bioenergy,%,12.5
Uruguay,2024-11-01,Electricity generation,Fuel,Gas,%,0.0
Uruguay,2024-11-01,Electricity generation,Fuel,Hydro,%,47.5
Uruguay,2024-11-01,Electricity generation,Fuel,Other Fossil,%,0.0
Uruguay,2024-11-01,Electricity generation,Fuel,Solar,%,3.33
Uruguay,2024-11-01,Electricity generation,Fuel,Wind,%,36.67
Uruguay,2024-12-01,Electricity generation,Aggregate fuel,Clean,%,100.0
Uruguay,2024-12-01,Electricity generation,Aggregate fuel,Fossil,%,0.0
Uruguay,2024-12-01,Electricity generation,Aggregate fuel,Gas and Other Fossil,%,0.0
Uruguay,2024-12-01,Electricity generation,Aggregate fuel,"Hydro, Bioenergy and Other Renewables",%,56.86
Uruguay,2024-12-01,Electricity generation,Aggregate fuel,Renewables,%,100.0
Uruguay,2024-12-01,Electricity generation,Aggregate fuel,Wind and Solar,%,43.14
Uruguay,2024-12-01,Electricity generation,Fuel,Bioenergy,%,10.78
Uruguay,2024-12-01,Electricity generation,Fuel,Gas,%,0.0
Uruguay,2024-12-01,Electricity generation,Fuel,Hydro,%,46.08
Uruguay,2024-12-01,Electricity generation,Fuel,Other Fossil,%,0.0
Uruguay,2024-12-01,Electricity generation,Fuel,Solar,%,4.9
Uruguay,2024-12-01,Electricity generation,Fuel,Wind,%,38.24
Uruguay,2025-01-01,Electricity generation,Aggregate fuel,Clean,%,96.08
Uruguay,2025-01-01,Electricity generation,Aggregate fuel,Fossil,%,3.92
Uruguay,2025-01-01,Electricity generation,Aggregate fuel,Gas and Other Fossil,%,3.92
Uruguay,2025-01-01,Electricity generation,Aggregate fuel,"Hydro, Bioenergy and Other Renewables",%,55.89
Uruguay,2025-01-01,Electricity generation,Aggregate fuel,Renewables,%,96.08
Uruguay,2025-01-01,Electricity generation,Aggregate fuel,Wind and Solar,%,40.19
Uruguay,2025-01-01,Electricity generation,Fuel,Bioenergy,%,16.67
Uruguay,2025-01-01,Electricity generation,Fuel,Gas,%,2.94
Uruguay,2025-01-01,Electricity generation,Fuel,Hydro,%,39.22
Uruguay,2025-01-01,Electricity generation,Fuel,Other Fossil,%,0.98
Uruguay,2025-01-01,Electricity generation,Fuel,Solar,%,4.9
Uruguay,2025-01-01,Electricity generation,Fuel,Wind,%,35.29
Uruguay,2025-02-01,Electricity generation,Aggregate fuel,Clean,%,91.39
Uruguay,2025-02-01,Electricity generation,Aggregate fuel,Fossil,%,8.61
Uruguay,2025-02-01,Electricity generation,Aggregate fuel,Gas and Other Fossil,%,8.61
Uruguay,2025-02-01,Electricity generation,Aggregate fuel,"Hydro, Bioenergy and Other Renewables",%,53.76
Uruguay,2025-02-01,Electricity generation,Aggregate fuel,Renewables,%,91.39
Uruguay,2025-02-01,Electricity generation,Aggregate fuel,Wind and Solar,%,37.63
Uruguay,2025-02-01,Electricity generation,Fuel,Bioenergy,%,13.98
Uruguay,2025-02-01,Electricity generation,Fuel,Gas,%,5.38
Uruguay,2025-02-01,Electricity generation,Fuel,Hydro,%,39.78
Uruguay,2025-02-01,Electricity generation,Fuel,Other Fossil,%,3.23
Uruguay,2025-02-01,Electricity generation,Fuel,Solar,%,4.3
Uruguay,2025-02-01,Electricity generation,Fuel,Wind,%,33.33
Uruguay,2025-03-01,Electricity generation,Aggregate fuel,Clean,%,97.82
Uruguay,2025-03-01,Electricity generation,Aggregate fuel,Fossil,%,2.18
Uruguay,2025-03-01,Electricity generation,Aggregate fuel,Gas and Other Fossil,%,2.18
Uruguay,2025-03-01,Electricity generation,Aggregate fuel,"Hydro, Bioenergy and Other Renewables",%,57.6
Uruguay,2025-03-01,Electricity generation,Aggregate fuel,Renewables,%,97.82
Uruguay,2025-03-01,Electricity generation,Aggregate fuel,Wind and Solar,%,40.22
Uruguay,2025-03-01,Electricity generation,Fuel,Bioenergy,%,16.3
Uruguay,2025-03-01,Electricity generation,Fuel,Gas,%,1.09
Uruguay,2025-03-01,Electricity generation,Fuel,Hydro,%,41.3
Uruguay,2025-03-01,Electricity generation,Fuel,Other Fossil,%,1.09
Uruguay,2025-03-01,Electricity generation,Fuel,Solar,%,4.35
Uruguay,2025-03-01,Electricity generation,Fuel,Wind,%,35.87
Uruguay,2025-04-01,Electricity generation,Aggregate fuel,Clean,%,100.0
Uruguay,2025-04-01,Electricity generation,Aggregate fuel,Fossil,%,0.0
Uruguay,2025-04-01,Electricity generation,Aggregate fuel,Gas and Other Fossil,%,0.0
Uruguay,2025-04-01,Electricity generation,Aggregate fuel,"Hydro, Bioenergy and Other Renewables",%,53.75
Uruguay,2025-04-01,Electricity generation,Aggregate fuel,Renewables,%,100.0
Uruguay,2025-04-01,Electricity generation,Aggregate fuel,Wind and Solar,%,46.25
Uruguay,2025-04-01,Electricity generation,Fuel,Bioenergy,%,20.0
Uruguay,2025-04-01,Electricity generation,Fuel,Gas,%,0.0
Uruguay,2025-04-01,Electricity generation,Fuel,Hydro,%,33.75
Uruguay,2025-04-01,Electricity generation,Fuel,Other Fossil,%,0.0
Uruguay,2025-04-01,Electricity generation,Fuel,Solar,%,5.0
Uruguay,2025-04-01,Electricity generation,Fuel,Wind,%,41.25
Uruguay,2025-05-01,Electricity generation,Aggregate fuel,Clean,%,100.0
Uruguay,2025-05-01,Electricity generation,Aggregate fuel,Fossil,%,0.0
Uruguay,2025-05-01,Electricity generation,Aggregate fuel,Gas and Other Fossil,%,0.0
Uruguay,2025-05-01,Electricity generation,Aggregate fuel,"Hydro, Bioenergy and Other Renewables",%,61.0
Uruguay,2025-05-01,Electricity generation,Aggregate fuel,Renewables,%,100.0
Uruguay,2025-05-01,Electricity generation,Aggregate fuel,Wind and Solar,%,39.0
Uruguay,2025-05-01,Electricity generation,Fuel,Bioenergy,%,13.0
Uruguay,2025-05-01,Electricity generation,Fuel,Gas,%,0.0
Uruguay,2025-05-01,Electricity generation,Fuel,Hydro,%,48.0
Uruguay,2025-05-01,Electricity generation,Fuel,Other Fossil,%,0.0
Uruguay,2025-05-01,Electricity generation,Fuel,Solar,%,3.0
Uruguay,2025-05-01,Electricity generation,Fuel,Wind,%,36.0
Uruguay,2025-06-01,Electricity generation,Aggregate fuel,Clean,%,97.67
Uruguay,2025-06-01,Electricity generation,Aggregate fuel,Fossil,%,2.33
Uruguay,2025-06-01,Electricity generation,Aggregate fuel,Gas and Other Fossil,%,2.33
Uruguay,2025-06-01,Electricity generation,Aggregate fuel,"Hydro, Bioenergy and Other Renewables",%,66.66
Uruguay,2025-06-01,Electricity generation,Aggregate fuel,Renewables,%,97.67
Uruguay,2025-06-01,Electricity generation,Aggregate fuel,Wind and Solar,%,31.01
Uruguay,2025-06-01,Electricity generation,Fuel,Bioenergy,%,10.85
Uruguay,2025-06-01,Electricity generation,Fuel,Gas,%,1.55
Uruguay,2025-06-01,Electricity generation,Fuel,Hydro,%,55.81
Uruguay,2025-06-01,Electricity generation,Fuel,Other Fossil,%,0.78
Uruguay,2025-06-01,Electricity generation,Fuel,Solar,%,2.33
Uruguay,2025-06-01,Electricity generation,Fuel,Wind,%,28.68
Uruguay,2025-07-01,Electricity generation,Aggregate fuel,Clean,%,96.95
Uruguay,2025-07-01,Electricity generation,Aggregate fuel,Fossil,%,3.05
Uruguay,2025-07-01,Electricity generation,Aggregate fuel,Gas and Other Fossil,%,3.05
Uruguay,2025-07-01,Electricity generation,Aggregate fuel,"Hydro, Bioenergy and Other Renewables",%,64.89
Uruguay,2025-07-01,Electricity generation,Aggregate fuel,Renewables,%,96.95
Uruguay,2025-07-01,Electricity generation,Aggregate fuel,Wind and Solar,%,32.06
Uruguay,2025-07-01,Electricity generation,Fuel,Bioenergy,%,13.74
Uruguay,2025-07-01,Electricity generation,Fuel,Gas,%,2.29
Uruguay,2025-07-01,Electricity generation,Fuel,Hydro,%,51.15
Uruguay,2025-07-01,Electricity generation,Fuel,Other Fossil,%,0.76
Uruguay,2025-07-01,Electricity generation,Fuel,Solar,%,2.29
Uruguay,2025-07-01,Electricity generation,Fuel,Wind,%,29.77
Uruguay,2025-08-01,Electricity generation,Aggregate fuel,Clean,%,100.0
Uruguay,2025-08-01,Electricity generation,Aggregate fuel,Fossil,%,0.0
Uruguay,2025-08-01,Electricity generation,Aggregate fuel,Gas and Other Fossil,%,0.0
Uruguay,2025-08-01,Electricity generation,Aggregate fuel,"Hydro, Bioenergy and Other Renewables",%,61.65
Uruguay,2025-08-01,Electricity generation,Aggregate fuel,Renewables,%,100.0
Uruguay,2025-08-01,Electricity generation,Aggregate fuel,Wind and Solar,%,38.35
Uruguay,2025-08-01,Electricity generation,Fuel,Bioenergy,%,13.53
Uruguay,2025-08-01,Electricity generation,Fuel,Gas,%,0.0
Uruguay,2025-08-01,Electricity generation,Fuel,Hydro,%,48.12
Uruguay,2025-08-01,Electricity generation,Fuel,Other Fossil,%,0.0
Uruguay,2025-08-01,Electricity generation,Fuel,Solar,%,3.01
Uruguay,2025-08-01,Electricity generation,Fuel,Wind,%,35.34
Uruguay,2025-09-01,Electricity generation,Aggregate fuel,Clean,%,100.01
Uruguay,2025-09-01,Electricity generation,Aggregate fuel,Fossil,%,0.0
Uruguay,2025-09-01,Electricity generation,Aggregate fuel,Gas and Other Fossil,%,0.0
Uruguay,2025-09-01,Electricity generation,Aggregate fuel,"Hydro, Bioenergy and Other Renewables",%,65.33
Uruguay,2025-09-01,Electricity generation,Aggregate fuel,Renewables,%,100.01
Uruguay,2025-09-01,Electricity generation,Aggregate fuel,Wind and Solar,%,34.68
Uruguay,2025-09-01,Electricity generation,Fuel,Bioenergy,%,12.1
Uruguay,2025-09-01,Electricity generation,Fuel,Gas,%,0.0
Uruguay,2025-09-01,Electricity generation,Fuel,Hydro,%,53.23
Uruguay,2025-09-01,Electricity generation,Fuel,Other Fossil,%,0.0
Uruguay,2025-09-01,Electricity generation,Fuel,Solar,%,3.23
Uruguay,2025-09-01,Electricity generation,Fuel,Wind,%,31.45
Uruguay,2025-10-01,Electricity generation,Aggregate fuel,Clean,%,100.0
Uruguay,2025-10-01,Electricity generation,Aggregate fuel,Fossil,%,0.0
Uruguay,2025-10-01,Electricity generation,Aggregate fuel,Gas and Other Fossil,%,0.0
Uruguay,2025-10-01,Electricity generation,Aggregate fuel,"Hydro, Bioenergy and Other Renewables",%,56.31
Uruguay,2025-10-01,Electricity generation,Aggregate fuel,Renewables,%,100.0
Uruguay,2025-10-01,Electricity generation,Aggregate fuel,Wind and Solar,%,43.69
Uruguay,2025-10-01,Electricity generation,Fuel,Bioenergy,%,11.65
Uruguay,2025-10-01,Electricity generation,Fuel,Gas,%,0.0
Uruguay,2025-10-01,Electricity generation,Fuel,Hydro,%,44.66
Uruguay,2025-10-01,Electricity generation,Fuel,Other Fossil,%,0.0
Uruguay,2025-10-01,Electricity generation,Fuel,Solar,%,3.88
Uruguay,2025-10-01,Electricity generation,Fuel,Wind,%,39.81
