Date,Country,VRE,Thermal,Hydro,Other,sum_check_pct,VRE_12MA,Hydro_12MA,Thermal_12MA,Other_12MA,HydroSwing
2018-01-01,Argentina,0.47,65.44,28.92,5.18,100.00999999999999,,,,,
2018-02-01,Argentina,0.43,66.84,27.72,5.02,100.01,,,,,
2018-03-01,Argentina,0.43,66.44,28.57,4.56,100.0,,,,,
2018-04-01,Argentina,0.55,65.01,28.91,5.52,99.99,,,,,
2018-05-01,Argentina,0.55,64.97,27.39,7.09,100.0,,,,,
2018-06-01,Argentina,0.73,65.88,26.97,6.42,100.0,,,,,
2018-07-01,Argentina,0.69,65.11,28.37,5.82,99.99000000000001,,,,,
2018-08-01,Argentina,1.24,63.86,29.03,5.87,100.0,,,,,
2018-09-01,Argentina,1.57,66.76,28.25,3.42,100.00000000000001,,,,,
2018-10-01,Argentina,1.9300000000000002,59.17,34.65,4.25,100.0,,,,,
2018-11-01,Argentina,2.31,54.82,38.82,4.05,100.0,,,,,
2018-12-01,Argentina,2.71,59.65,35.47,2.17,100.0,1.1341666666666665,30.25583333333333,63.6625,4.9475,
2019-01-01,Argentina,2.81,64.51,30.8,1.88,100.0,1.3291666666666666,30.412499999999998,63.585,4.6725,
2019-02-01,Argentina,2.46,69.73,24.79,3.0,99.98,1.4983333333333333,30.168333333333337,63.82583333333334,4.504166666666666,
2019-03-01,Argentina,3.5199999999999996,60.9,30.01,5.569999999999999,100.0,1.7558333333333334,30.288333333333338,63.36416666666667,4.588333333333334,
2019-04-01,Argentina,3.9000000000000004,59.86,29.36,6.88,100.0,2.0349999999999997,30.325833333333332,62.935,4.701666666666666,
2019-05-01,Argentina,3.54,58.09,29.95,8.42,100.00000000000001,2.2841666666666667,30.53916666666667,62.36166666666666,4.8125,
2019-06-01,Argentina,4.1499999999999995,61.11,27.37,7.37,100.0,2.569166666666667,30.5725,61.964166666666664,4.891666666666667,
2019-07-01,Argentina,3.8200000000000003,63.88,25.81,6.5,100.01,2.83,30.359166666666667,61.86166666666667,4.948333333333333,
2019-08-01,Argentina,4.4799999999999995,58.79,28.71,8.02,99.99999999999999,3.0999999999999996,30.3325,61.43916666666667,5.1275,
2019-09-01,Argentina,5.84,56.87,28.53,8.75,99.99000000000001,3.455833333333333,30.355833333333333,60.615,5.571666666666666,
2019-10-01,Argentina,5.85,59.81,27.08,7.2700000000000005,100.01,3.7825,29.725000000000005,60.66833333333333,5.823333333333333,
2019-11-01,Argentina,6.38,57.84,28.17,7.609999999999999,100.00000000000001,4.121666666666666,28.837499999999995,60.92000000000001,6.12,
2019-12-01,Argentina,6.25,60.46,26.5,6.77,99.98,4.416666666666667,28.09,60.987500000000004,6.503333333333334,
2020-01-01,Argentina,6.35,61.62,25.34,6.680000000000001,99.99000000000001,4.711666666666667,27.635,60.74666666666667,6.903333333333333,
2020-02-01,Argentina,6.52,62.38,23.68,7.42,100.0,5.05,27.5425,60.134166666666665,7.271666666666667,
2020-03-01,Argentina,6.489999999999999,65.47,19.74,8.290000000000001,99.99,5.2975,26.686666666666667,60.51499999999999,7.498333333333334,
2020-04-01,Argentina,7.68,61.29,19.69,11.34,100.0,5.6125,25.88083333333333,60.634166666666665,7.87,
2020-05-01,Argentina,7.95,59.99,21.55,10.53,100.02000000000001,5.9799999999999995,25.18083333333333,60.7925,8.045833333333333,
2020-06-01,Argentina,7.1,59.17,24.73,8.99,99.99,6.225833333333333,24.96083333333333,60.630833333333335,8.180833333333334,
2020-07-01,Argentina,6.79,57.04,29.54,6.63,100.0,6.473333333333333,25.271666666666665,60.060833333333335,8.191666666666666,
2020-08-01,Argentina,9.290000000000001,57.83,24.04,8.84,100.0,6.8741666666666665,24.882499999999997,59.98083333333333,8.26,
2020-09-01,Argentina,9.47,56.81,24.44,9.27,99.99,7.176666666666667,24.541666666666668,59.97583333333333,8.303333333333333,
2020-10-01,Argentina,9.9,60.84,22.06,7.2,100.00000000000001,7.514166666666667,24.12333333333333,60.06166666666667,8.297500000000001,
2020-11-01,Argentina,9.06,66.41,18.03,6.489999999999999,99.99,7.737500000000001,23.278333333333336,60.77583333333333,8.204166666666667,
2020-12-01,Argentina,9.74,66.17,18.05,6.05,100.01,8.028333333333334,22.574166666666667,61.251666666666665,8.144166666666665,
2021-01-01,Argentina,9.690000000000001,66.95,17.53,5.82,99.99000000000001,8.306666666666667,21.923333333333332,61.69583333333333,8.0725,-9.443333333333332
2021-02-01,Argentina,9.14,61.06,24.31,5.4799999999999995,99.99000000000001,8.525,21.97583333333333,61.58583333333333,7.910833333333334,-2.34694444444445
2021-03-01,Argentina,9.65,65.13,18.43,6.78,99.99,8.788333333333334,21.866666666666664,61.557500000000005,7.784999999999999,-8.132222222222222
2021-04-01,Argentina,10.950000000000001,67.35,15.78,5.92,100.0,9.060833333333333,21.540833333333335,62.0625,7.333333333333333,-10.500555555555552
2021-05-01,Argentina,10.24,63.67,18.97,7.12,100.0,9.251666666666667,21.325833333333332,62.369166666666665,7.049166666666667,-6.945833333333336
2021-06-01,Argentina,9.840000000000002,66.08,14.72,9.360000000000001,100.0,9.48,20.491666666666667,62.94499999999999,7.079999999999999,-10.961944444444443
2021-07-01,Argentina,11.040000000000001,65.09,14.52,9.34,99.99000000000001,9.834166666666668,19.240000000000002,63.615833333333335,7.305833333333333,-10.821666666666665
2021-08-01,Argentina,10.81,66.78,13.17,9.25,100.01,9.960833333333333,18.334166666666665,64.36166666666666,7.34,-11.786944444444442
2021-09-01,Argentina,10.94,60.58,20.63,7.85,100.0,10.083333333333334,18.016666666666666,64.67583333333333,7.221666666666667,-3.8863888888888916
2021-10-01,Argentina,13.38,54.95,22.57,9.1,100.0,10.373333333333333,18.059166666666666,64.185,7.38,-1.7347222222222243
2021-11-01,Argentina,12.2,58.51,19.12,10.180000000000001,100.01,10.635,18.15,63.52666666666667,7.6875,-4.849166666666665
2021-12-01,Argentina,10.52,64.87,15.94,8.67,100.00000000000001,10.700000000000001,17.974166666666665,63.41833333333333,7.905833333333334,-7.4819444444444425
2022-01-01,Argentina,10.7,65.98,15.42,7.890000000000001,99.99,10.784166666666666,17.798333333333336,63.337500000000006,8.078333333333333,-7.459444444444445
2022-02-01,Argentina,11.91,65.75,13.37,8.97,100.0,11.015,16.886666666666667,63.72833333333333,8.369166666666667,-9.082222222222223
2022-03-01,Argentina,13.59,63.68,15.28,7.46,100.00999999999999,11.343333333333334,16.624166666666667,63.607499999999995,8.425833333333335,-6.855000000000002
2022-04-01,Argentina,13.870000000000001,57.32,21.63,7.180000000000001,100.0,11.586666666666666,17.111666666666668,62.771666666666675,8.530833333333334,-0.09583333333333499
2022-05-01,Argentina,11.64,61.56,20.49,6.31,100.0,11.703333333333333,17.238333333333333,62.59583333333333,8.463333333333333,-1.0211111111111109
2022-06-01,Argentina,9.91,59.39,24.5,6.18,99.97999999999999,11.709166666666668,18.05333333333333,62.03833333333333,8.198333333333334,3.2516666666666687
2022-07-01,Argentina,11.57,60.58,20.83,7.03,100.00999999999999,11.753333333333332,18.579166666666666,61.6625,8.005833333333333,-0.33861111111110986
2022-08-01,Argentina,12.44,54.19,24.01,9.350000000000001,99.99000000000001,11.889166666666666,19.482499999999998,60.61333333333334,8.014166666666666,2.9797222222222217
2022-09-01,Argentina,13.84,54.48,23.71,7.97,100.0,12.130833333333333,19.739166666666666,60.105,8.024166666666668,2.8102777777777774
2022-10-01,Argentina,15.13,47.25,36.04,1.58,100.0,12.276666666666666,20.861666666666668,59.46333333333333,7.3975,15.274166666666666
2022-11-01,Argentina,12.4,53.66,32.82,1.12,100.0,12.293333333333335,22.003333333333334,59.05916666666666,6.642500000000001,11.805277777777778
2022-12-01,Argentina,11.98,60.76,23.41,3.83,99.98,12.415,22.625833333333333,58.71666666666666,6.239166666666667,2.2661111111111083
2023-01-01,Argentina,10.93,63.25,20.43,5.39,100.0,12.434166666666668,23.043333333333333,58.489166666666655,6.030833333333334,-0.6280555555555551
2023-02-01,Argentina,11.540000000000001,59.06,23.42,5.9799999999999995,100.00000000000001,12.403333333333336,23.88083333333333,57.931666666666665,5.781666666666667,2.498333333333335
2023-03-01,Argentina,10.1,59.44,25.22,5.24,99.99999999999999,12.112500000000002,24.709166666666665,57.57833333333334,5.596666666666667,4.305555555555554
2023-04-01,Argentina,13.709999999999999,53.4,24.92,7.959999999999999,99.99,12.099166666666667,24.983333333333334,57.251666666666665,5.661666666666666,3.8533333333333353
2023-05-01,Argentina,12.51,60.6,19.7,7.1899999999999995,100.0,12.171666666666667,24.9175,57.17166666666666,5.734999999999999,-1.5119444444444454
2023-06-01,Argentina,12.139999999999999,61.8,19.52,6.529999999999999,99.99,12.3575,24.5025,57.3725,5.764166666666667,-1.6405555555555544
2023-07-01,Argentina,10.419999999999998,52.28,30.7,6.6000000000000005,100.0,12.261666666666665,25.325000000000003,56.68083333333333,5.728333333333333,9.684166666666666
2023-08-01,Argentina,13.86,44.46,34.78,6.890000000000001,99.99,12.38,26.222499999999997,55.870000000000005,5.523333333333333,13.731944444444444
2023-09-01,Argentina,12.66,41.39,37.87,8.09,100.01,12.281666666666666,27.4025,54.77916666666667,5.533333333333334,16.523611111111112
2023-10-01,Argentina,15.12,36.98,39.16,8.74,99.99999999999999,12.280833333333334,27.662499999999998,53.92333333333334,6.13,17.44055555555555
2023-11-01,Argentina,15.62,42.19,33.82,8.37,100.0,12.549166666666666,27.745833333333334,52.9675,6.734166666666667,11.625555555555557
2023-12-01,Argentina,13.03,42.35,35.02,9.6,100.0,12.636666666666668,28.713333333333335,51.43333333333333,7.215,12.386944444444449
2024-01-01,Argentina,12.32,50.54,28.22,8.930000000000001,100.01,12.7525,29.3625,50.37416666666667,7.510000000000001,5.115555555555556
2024-02-01,Argentina,11.23,57.27,23.21,8.3,100.01,12.726666666666667,29.345,50.225,7.703333333333333,-0.19138888888888772
2024-03-01,Argentina,13.72,55.61,20.98,9.690000000000001,100.0,13.02833333333333,28.99166666666667,49.90583333333333,8.074166666666667,-2.390833333333333
2024-04-01,Argentina,15.81,49.9,23.05,11.24,99.99999999999999,13.203333333333333,28.835833333333337,49.61416666666667,8.3475,-0.39166666666666927
2024-05-01,Argentina,10.940000000000001,51.5,27.59,9.950000000000001,99.98,13.072499999999998,29.493333333333336,48.85583333333333,8.577499999999999,3.9463888888888903
2024-06-01,Argentina,13.030000000000001,54.94,20.81,11.23,100.01,13.146666666666667,29.60083333333333,48.284166666666664,8.969166666666668,-3.073055555555559
2024-07-01,Argentina,12.57,50.91,26.39,10.129999999999999,100.0,13.325833333333334,29.241666666666664,48.169999999999995,9.263333333333334,2.3377777777777773
2024-08-01,Argentina,13.37,54.45,24.85,7.33,100.0,13.285000000000002,28.41416666666667,49.0025,9.299999999999999,0.46805555555555856
2024-09-01,Argentina,18.009999999999998,56.69,19.62,5.6899999999999995,100.00999999999999,13.730833333333335,26.893333333333334,50.277499999999996,9.1,-5.086388888888887
2024-10-01,Argentina,16.740000000000002,53.34,25.25,4.67,100.00000000000001,13.865833333333333,25.734166666666667,51.640833333333326,8.760833333333332,0.571666666666669
2024-11-01,Argentina,17.64,53.02,25.0,4.35,100.00999999999999,14.034166666666666,24.999166666666667,52.54333333333333,8.425833333333333,0.24722222222222
2024-12-01,Argentina,16.15,48.79,28.54,6.53,100.00999999999999,14.294166666666667,24.459166666666665,53.080000000000005,8.17,3.6238888888888887
2025-01-01,Argentina,13.76,60.47,18.61,7.17,100.01,14.414166666666667,23.65833333333333,53.907500000000006,8.023333333333335,-6.656111111111109
2025-02-01,Argentina,13.75,61.72,17.62,6.91,100.0,14.624166666666667,23.1925,54.27833333333333,7.9075,-7.734722222222221
2025-03-01,Argentina,15.09,58.38,18.08,8.459999999999999,100.01,14.738333333333335,22.950833333333332,54.509166666666665,7.805,-7.392777777777781
2025-04-01,Argentina,17.44,52.51,20.16,9.88,99.99,14.874166666666667,22.709999999999997,54.72666666666666,7.691666666666667,-5.390555555555558
2025-05-01,Argentina,16.77,52.25,21.54,9.450000000000001,100.01,15.360000000000001,22.205833333333334,54.78916666666666,7.650000000000001,-3.9697222222222237
2025-06-01,Argentina,14.77,50.4,26.97,7.86,99.99999999999999,15.505,22.719166666666666,54.410833333333336,7.3691666666666675,1.4311111111111074
2025-07-01,Argentina,15.26,53.71,22.44,8.58,99.99,15.729166666666666,22.39,54.64416666666667,7.240000000000001,-3.1675000000000004
2025-08-01,Argentina,16.52,52.85,21.19,9.430000000000001,99.99000000000001,15.991666666666665,22.084999999999997,54.51083333333333,7.415,-4.46222222222222
2025-09-01,Argentina,19.810000000000002,44.14,26.2,9.85,100.0,16.141666666666666,22.63333333333333,53.465,7.761666666666667,0.6261111111111113
2025-10-01,Argentina,22.25,40.02,27.93,9.799999999999999,100.0,16.60083333333333,22.856666666666666,52.355,8.189166666666667,2.286944444444444
2019-01-01,Bolivia,2.5,57.5,38.75,1.25,100.0,,,,,
2019-02-01,Bolivia,1.35,60.81,37.84,0.0,100.0,,,,,
2019-03-01,Bolivia,1.27,59.49,39.24,0.0,100.0,,,,,
2019-04-01,Bolivia,1.28,58.97,39.74,0.0,99.99000000000001,,,,,
2019-05-01,Bolivia,2.54,64.56,32.91,0.0,100.00999999999999,,,,,
2019-06-01,Bolivia,2.64,65.79,30.26,1.32,100.00999999999999,,,,,
2019-07-01,Bolivia,2.56,66.67,28.21,2.56,100.0,,,,,
2019-08-01,Bolivia,2.5,67.5,26.25,3.75,100.0,,,,,
2019-09-01,Bolivia,3.66,67.07,25.61,3.66,99.99999999999999,,,,,
2019-10-01,Bolivia,3.57,59.52,33.33,3.57,99.99,,,,,
2019-11-01,Bolivia,2.6,58.44,36.36,2.6,100.0,,,,,
2019-12-01,Bolivia,2.38,57.14,40.48,0.0,100.0,2.404166666666667,34.08166666666667,61.955000000000005,1.5591666666666668,
2020-01-01,Bolivia,2.3,56.32,41.38,0.0,100.0,2.3874999999999997,34.30083333333334,61.85666666666666,1.455,
2020-02-01,Bolivia,2.6,53.25,44.16,0.0,100.00999999999999,2.4916666666666667,34.82749999999999,61.22666666666667,1.455,
2020-03-01,Bolivia,2.41,57.83,39.76,0.0,100.0,2.5866666666666664,34.87083333333333,61.08833333333334,1.455,
2020-04-01,Bolivia,3.28,55.74,40.98,0.0,100.0,2.7533333333333334,34.97416666666667,60.81916666666667,1.455,
2020-05-01,Bolivia,3.17,65.08,31.75,0.0,100.0,2.8058333333333336,34.8775,60.86249999999999,1.455,
2020-06-01,Bolivia,4.35,62.32,31.88,1.45,100.0,2.948333333333333,35.012499999999996,60.57333333333333,1.4658333333333333,
2020-07-01,Bolivia,4.2299999999999995,63.38,30.99,1.41,100.00999999999999,3.0875,35.244166666666665,60.29916666666667,1.37,
2020-08-01,Bolivia,4.11,63.01,28.77,4.11,100.0,3.2216666666666662,35.454166666666666,59.92499999999999,1.4000000000000001,
2020-09-01,Bolivia,3.84,65.38,26.92,3.85,99.99,3.2366666666666664,35.56333333333333,59.784166666666664,1.4158333333333335,
2020-10-01,Bolivia,3.37,69.66,24.72,2.25,100.0,3.22,34.84583333333333,60.62916666666666,1.3058333333333334,
2020-11-01,Bolivia,3.49,77.91,16.28,2.33,100.01,3.294166666666667,33.1725,62.251666666666665,1.2833333333333334,
2020-12-01,Bolivia,2.35,67.06,29.41,1.18,100.00000000000001,3.2916666666666665,32.25,63.078333333333326,1.3816666666666666,
2021-01-01,Bolivia,2.53,51.9,45.57,0.0,100.0,3.310833333333333,32.59916666666667,62.71,1.3816666666666666,
2021-02-01,Bolivia,4.0,52.0,44.0,0.0,100.0,3.4274999999999998,32.58583333333333,62.60583333333333,1.3816666666666666,
2021-03-01,Bolivia,3.53,55.29,41.18,0.0,100.0,3.5208333333333335,32.70416666666667,62.39416666666667,1.3816666666666666,
2021-04-01,Bolivia,3.7,53.09,43.21,0.0,100.0,3.5558333333333336,32.89,62.173333333333325,1.3816666666666666,
2021-05-01,Bolivia,4.93,67.9,27.16,0.0,99.99000000000001,3.7024999999999992,32.5075,62.40833333333334,1.3816666666666666,
2021-06-01,Bolivia,5.13,62.82,29.49,2.56,100.0,3.7675,32.30833333333333,62.449999999999996,1.4741666666666664,
2021-07-01,Bolivia,4.88,63.41,26.83,4.88,99.99999999999999,3.8216666666666668,31.961666666666662,62.45250000000001,1.7633333333333334,
2021-08-01,Bolivia,4.81,63.86,26.51,4.82,100.0,3.8799999999999994,31.773333333333337,62.52333333333333,1.8225,
2021-09-01,Bolivia,5.82,65.12,24.42,4.65,100.01000000000002,4.045,31.564999999999998,62.501666666666665,1.8891666666666664,
2021-10-01,Bolivia,4.44,67.78,24.44,3.33,99.99,4.134166666666666,31.541666666666668,62.345,1.9791666666666667,
2021-11-01,Bolivia,5.82,72.09,20.93,1.16,100.0,4.328333333333334,31.929166666666664,61.85999999999999,1.8816666666666668,
2021-12-01,Bolivia,4.44,57.78,37.78,0.0,100.0,4.5025,32.62666666666667,61.08666666666667,1.7833333333333334,
2022-01-01,Bolivia,7.7,56.04,36.26,0.0,100.0,4.933333333333334,31.85083333333333,61.43166666666667,1.7833333333333334,3.2738888888888837
2022-02-01,Bolivia,7.14,59.52,33.33,0.0,99.99000000000001,5.195,30.961666666666662,62.05833333333334,1.7833333333333334,0.41305555555555173
2022-03-01,Bolivia,7.86,55.06,37.08,0.0,100.0,5.555833333333333,30.620000000000005,62.03916666666667,1.7833333333333334,4.288333333333334
2022-04-01,Bolivia,8.14,55.81,36.05,0.0,100.0,5.925833333333333,30.02333333333333,62.26583333333334,1.7833333333333334,3.318333333333328
2022-05-01,Bolivia,8.24,58.82,31.76,1.18,100.0,6.201666666666667,30.406666666666666,61.509166666666665,1.8816666666666668,-0.8691666666666684
2022-06-01,Bolivia,8.54,58.54,30.49,2.44,100.00999999999999,6.485833333333333,30.49,61.1525,1.8716666666666668,-2.107222222222223
2022-07-01,Bolivia,10.11,61.8,25.84,2.25,100.0,6.921666666666667,30.4075,61.01833333333334,1.6524999999999999,-6.763611111111114
2022-08-01,Bolivia,9.09,63.64,23.86,3.41,100.0,7.278333333333333,30.186666666666664,61.00000000000001,1.535,-8.677777777777777
2022-09-01,Bolivia,7.96,65.91,22.73,3.41,100.00999999999999,7.456666666666667,30.045833333333334,61.06583333333334,1.4316666666666666,-9.741388888888888
2022-10-01,Bolivia,6.46,76.34,15.05,2.15,100.00000000000001,7.625,29.263333333333335,61.77916666666667,1.3333333333333333,-17.34138888888889
2022-11-01,Bolivia,5.43,79.35,15.22,0.0,100.0,7.5925,28.787499999999998,62.38416666666666,1.2366666666666666,-16.66361111111111
2022-12-01,Bolivia,6.18,75.26,18.56,0.0,100.0,7.7375,27.18583333333333,63.84083333333333,1.2366666666666666,-12.736388888888893
2023-01-01,Bolivia,6.38,70.21,23.4,0.0,99.99,7.6275,26.114166666666666,65.02166666666666,1.2366666666666666,-7.287500000000001
2023-02-01,Bolivia,7.22,65.06,27.71,0.0,99.99000000000001,7.634166666666666,25.645833333333332,65.48333333333333,1.2366666666666666,-2.478055555555553
2023-03-01,Bolivia,6.12,70.41,23.47,0.0,100.0,7.489166666666666,24.511666666666667,66.7625,1.2366666666666666,-6.261111111111109
2023-04-01,Bolivia,6.74,69.66,23.6,0.0,100.0,7.3725,23.474166666666665,67.91666666666667,1.2366666666666666,-5.67861111111111
2023-05-01,Bolivia,6.74,74.16,19.1,0.0,100.0,7.2475,22.419166666666666,69.195,1.1383333333333334,-9.695833333333333
2023-06-01,Bolivia,8.14,75.58,16.28,0.0,100.0,7.214166666666666,21.235,70.615,0.9349999999999999,-12.164444444444442
2023-07-01,Bolivia,7.7700000000000005,73.33,16.67,2.22,99.99,7.019166666666667,20.470833333333335,71.57583333333334,0.9325,-11.341111111111108
2023-08-01,Bolivia,8.51,74.47,13.83,3.19,100.0,6.970833333333334,19.635,72.47833333333332,0.9141666666666666,-13.783333333333333
2023-09-01,Bolivia,9.280000000000001,74.23,13.4,3.09,100.0,7.0808333333333335,18.8575,73.17166666666667,0.8874999999999998,-13.798333333333334
2023-10-01,Bolivia,7.84,73.53,16.67,1.96,100.0,7.195833333333334,18.9925,72.9375,0.8716666666666667,-10.152777777777775
2023-11-01,Bolivia,7.84,69.61,21.57,0.98,100.0,7.396666666666667,19.521666666666665,72.12583333333333,0.9533333333333335,-5.029166666666669
2023-12-01,Bolivia,7.6899999999999995,60.58,31.73,0.0,100.0,7.522500000000001,20.61916666666667,70.9025,0.9533333333333335,4.983888888888888
2024-01-01,Bolivia,5.82,71.84,22.33,0.0,99.99000000000001,7.475833333333333,20.53,71.03833333333334,0.9533333333333335,-4.480555555555554
2024-02-01,Bolivia,5.38,67.74,26.88,0.0,100.0,7.322500000000001,20.460833333333333,71.26166666666667,0.9533333333333335,0.7149999999999963
2024-03-01,Bolivia,7.76,56.31,35.92,0.0,99.99000000000001,7.459166666666667,21.498333333333335,70.08666666666666,0.9533333333333335,10.230555555555554
2024-04-01,Bolivia,7.21,61.86,30.93,0.0,100.0,7.498333333333334,22.109166666666667,69.43666666666667,0.9533333333333335,5.386666666666667
2024-05-01,Bolivia,8.51,64.89,25.53,1.06,99.99000000000001,7.645833333333333,22.645,68.66416666666667,1.0416666666666667,0.3277777777777757
2024-06-01,Bolivia,8.89,65.56,23.33,2.22,100.0,7.708333333333333,23.2325,67.82916666666667,1.2266666666666668,-1.8269444444444467
2024-07-01,Bolivia,8.79,65.93,23.08,2.2,100.00000000000001,7.793333333333333,23.766666666666666,67.21249999999999,1.225,-1.9058333333333337
2024-08-01,Bolivia,8.61,69.89,19.35,2.15,100.0,7.801666666666667,24.22666666666667,66.83083333333333,1.1383333333333334,-5.531666666666666
2024-09-01,Bolivia,8.24,71.13,18.56,2.06,99.99,7.715,24.656666666666666,66.5725,1.0525,-6.122777777777781
2024-10-01,Bolivia,6.6,75.47,16.98,0.94,99.99,7.611666666666667,24.6825,66.73416666666667,0.9674999999999999,-7.539999999999996
2024-11-01,Bolivia,5.94,72.28,21.78,0.0,100.0,7.453333333333333,24.700000000000003,66.95666666666666,0.8858333333333333,-2.5327777777777776
2024-12-01,Bolivia,4.95,66.34,28.71,0.0,100.0,7.2250000000000005,24.448333333333334,67.43666666666667,0.8858333333333333,4.37361111111111
2025-01-01,Bolivia,3.0,65.0,32.0,0.0,100.0,6.990000000000001,25.254166666666666,66.86666666666666,0.8858333333333333,7.915555555555557
2025-02-01,Bolivia,4.17,66.67,29.17,0.0,100.01,6.889166666666665,25.445000000000004,66.77749999999999,0.8858333333333333,5.203888888888891
2025-03-01,Bolivia,5.05,56.57,38.38,0.0,100.0,6.663333333333334,25.650000000000002,66.79916666666666,0.8858333333333333,14.529444444444447
2025-04-01,Bolivia,5.27,55.79,38.95,0.0,100.00999999999999,6.501666666666666,26.31833333333333,66.29333333333334,0.8858333333333333,15.063333333333333
2025-05-01,Bolivia,6.12,61.22,32.65,0.0,99.99,6.302500000000001,26.911666666666672,65.9875,0.7975,8.68277777777778
2025-06-01,Bolivia,6.66,63.33,27.78,2.22,99.99,6.116666666666667,27.2825,65.80166666666666,0.7975,3.7880555555555553
2025-07-01,Bolivia,6.18,65.98,25.77,2.06,99.99000000000001,5.899166666666666,27.506666666666664,65.80583333333334,0.7858333333333333,1.8533333333333317
2025-08-01,Bolivia,6.32,66.32,25.26,2.11,100.00999999999999,5.708333333333333,27.999166666666667,65.50833333333334,0.7825000000000001,1.3452777777777776
2025-09-01,Bolivia,5.76,70.19,21.15,2.88,99.97999999999999,5.501666666666668,28.215000000000003,65.43,0.8508333333333332,-2.8036111111111133
2025-10-01,Bolivia,5.88,66.67,25.49,1.96,99.99999999999999,5.441666666666666,28.924166666666668,64.69666666666667,0.9358333333333334,1.580277777777777
2018-01-01,Brazil,7.03,12.25,77.33,3.38,99.99,,,,,
2018-02-01,Brazil,5.01,11.65,80.9,2.45,100.01000000000002,,,,,
2018-03-01,Brazil,4.75,11.65,81.05,2.55,100.0,,,,,
2018-04-01,Brazil,6.140000000000001,9.89,79.21,4.75,99.99,,,,,
2018-05-01,Brazil,8.620000000000001,11.17,74.94,5.27,100.0,,,,,
2018-06-01,Brazil,10.35,15.88,68.03,5.73,99.99,,,,,
2018-07-01,Brazil,11.64,17.66,64.86,5.84,100.0,,,,,
2018-08-01,Brazil,11.75,18.24,64.44,5.57,100.0,,,,,
2018-09-01,Brazil,12.7,19.24,62.72,5.33,99.99,,,,,
2018-10-01,Brazil,10.280000000000001,14.05,70.99,4.6899999999999995,100.00999999999999,,,,,
2018-11-01,Brazil,11.309999999999999,7.84,77.17,3.67,99.99000000000001,,,,,
2018-12-01,Brazil,8.120000000000001,7.18,80.81,3.8899999999999997,100.00000000000001,8.975,73.53750000000001,13.058333333333332,4.426666666666667,
2019-01-01,Brazil,8.84,7.69,80.32,3.16,100.00999999999999,9.125833333333334,73.78666666666666,12.678333333333333,4.408333333333333,
2019-02-01,Brazil,5.59,12.58,78.4,3.44,100.01,9.174166666666666,73.57833333333333,12.755833333333333,4.490833333333334,
2019-03-01,Brazil,6.1,10.48,79.84,3.58,100.0,9.286666666666667,73.4775,12.658333333333331,4.576666666666666,
2019-04-01,Brazil,6.430000000000001,9.33,80.36,3.88,100.0,9.310833333333333,73.57333333333334,12.611666666666666,4.504166666666666,
2019-05-01,Brazil,9.180000000000001,8.64,78.37,3.8,99.99000000000001,9.3575,73.85916666666667,12.400833333333331,4.381666666666667,
2019-06-01,Brazil,12.77,8.54,73.03,5.67,100.01,9.559166666666666,74.27583333333332,11.789166666666667,4.376666666666666,
2019-07-01,Brazil,12.57,13.99,67.67,5.77,100.0,9.636666666666667,74.51,11.483333333333333,4.370833333333334,
2019-08-01,Brazil,15.3,16.88,62.08,5.75,100.00999999999999,9.9325,74.31333333333333,11.37,4.385833333333333,
2019-09-01,Brazil,14.14,16.43,64.07,5.35,99.98999999999998,10.0525,74.42583333333333,11.135833333333332,4.3875,
2019-10-01,Brazil,13.42,16.75,64.83,5.0,100.0,10.314166666666667,73.9125,11.360833333333332,4.413333333333333,
2019-11-01,Brazil,12.040000000000001,17.21,65.83,4.93,100.01000000000002,10.375,72.9675,12.141666666666666,4.5183333333333335,
2019-12-01,Brazil,11.6,14.69,69.63,4.09,100.00999999999999,10.665000000000001,72.03583333333333,12.7675,4.535,
2020-01-01,Brazil,6.7,16.37,73.99,2.94,100.0,10.486666666666666,71.50833333333334,13.490833333333335,4.516666666666667,
2020-02-01,Brazil,7.09,10.97,79.3,2.63,99.99,10.611666666666666,71.58333333333333,13.356666666666667,4.449166666666667,
2020-03-01,Brazil,6.15,8.61,81.69,3.55,100.0,10.615833333333333,71.7375,13.200833333333335,4.446666666666666,
2020-04-01,Brazil,9.399999999999999,7.82,77.52,5.27,100.00999999999998,10.863333333333335,71.50083333333333,13.075000000000001,4.5625,
2020-05-01,Brazil,11.03,8.1,74.79,6.09,100.01,11.0175,71.2025,13.030000000000001,4.753333333333333,
2020-06-01,Brazil,13.66,9.29,71.91,5.13,99.98999999999998,11.091666666666667,71.10916666666667,13.0925,4.708333333333333,
2020-07-01,Brazil,14.919999999999998,8.19,73.19,3.6900000000000004,99.99,11.2875,71.56916666666666,12.609166666666667,4.535,
2020-08-01,Brazil,16.69,8.44,70.56,4.3,99.99,11.403333333333334,72.27583333333332,11.905833333333334,4.414166666666667,
2020-09-01,Brazil,15.78,7.42,71.66,5.13,99.99,11.54,72.90833333333333,11.155000000000001,4.395833333333333,
2020-10-01,Brazil,13.03,16.06,66.02,4.88,99.99,11.5075,73.00750000000001,11.097500000000002,4.385833333333333,
2020-11-01,Brazil,12.520000000000001,19.84,62.83,4.8,99.99,11.5475,72.7575,11.316666666666668,4.375,
2020-12-01,Brazil,12.64,18.54,65.03,3.78,99.99000000000001,11.634166666666665,72.37416666666667,11.637500000000001,4.349166666666666,
2021-01-01,Brazil,12.2,18.24,66.33,3.23,100.0,12.092500000000001,71.73583333333333,11.793333333333331,4.373333333333333,-6.319166666666661
2021-02-01,Brazil,9.0,13.51,74.33,3.1500000000000004,99.99000000000001,12.251666666666667,71.32166666666667,12.005,4.416666666666667,1.9863888888888965
2021-03-01,Brazil,9.629999999999999,12.07,75.33,2.96,99.99,12.541666666666666,70.79166666666667,12.293333333333331,4.3675,3.168888888888901
2021-04-01,Brazil,11.559999999999999,13.54,71.3,3.5900000000000003,99.99000000000001,12.721666666666666,70.27333333333333,12.769999999999998,4.2275,-0.7022222222222183
2021-05-01,Brazil,13.18,15.83,66.95,4.04,100.0,12.900833333333331,69.62,13.414166666666667,4.056666666666667,-4.832499999999996
2021-06-01,Brazil,15.08,23.4,58.14,3.38,100.0,13.019166666666665,68.47250000000001,14.590000000000002,3.910833333333333,-13.420555555555566
2021-07-01,Brazil,17.810000000000002,25.44,52.67,4.08,100.0,13.26,66.7625,16.0275,3.9433333333333334,-18.615833333333327
2021-08-01,Brazil,19.53,26.19,48.94,5.34,100.0,13.496666666666668,64.96083333333333,17.506666666666668,4.03,-22.007222222222225
2021-09-01,Brazil,19.41,24.85,50.63,5.12,100.01000000000002,13.799166666666666,63.208333333333336,18.959166666666665,4.029166666666667,-19.886666666666663
2021-10-01,Brazil,18.099999999999998,26.63,51.72,3.55,99.99999999999999,14.221666666666666,62.01666666666666,19.84,3.918333333333333,-18.460833333333326
2021-11-01,Brazil,14.91,22.9,58.4,3.8,100.01,14.420833333333333,61.6475,20.095,3.8349999999999995,-11.245555555555562
2021-12-01,Brazil,14.47,16.78,65.45,3.3,100.0,14.573333333333332,61.6825,19.948333333333334,3.795,-3.6741666666666646
2022-01-01,Brazil,12.18,13.01,71.75,3.06,100.00000000000001,14.571666666666665,62.134166666666665,19.5125,3.7808333333333337,3.052499999999995
2022-02-01,Brazil,12.77,9.16,75.21,2.85,99.98999999999998,14.885833333333332,62.2075,19.15,3.755833333333333,6.75055555555555
2022-03-01,Brazil,13.43,7.38,76.2,2.98,99.99,15.2025,62.28,18.75916666666667,3.7575000000000003,7.829166666666666
2022-04-01,Brazil,14.040000000000001,5.32,76.85,3.8,100.01,15.409166666666666,62.7425,18.074166666666667,3.775,8.580277777777766
2022-05-01,Brazil,15.59,7.48,72.32,4.62,100.01,15.610000000000001,63.190000000000005,17.378333333333334,3.823333333333333,4.147777777777762
2022-06-01,Brazil,16.12,10.11,70.27,3.5,100.0,15.696666666666667,64.20083333333334,16.270833333333332,3.8333333333333335,2.265833333333333
2022-07-01,Brazil,20.82,9.47,66.21,3.49,99.99,15.9475,65.32916666666667,14.94,3.7841666666666662,-1.7175000000000011
2022-08-01,Brazil,23.12,9.6,62.97,4.31,100.0,16.246666666666666,66.49833333333333,13.5575,3.6983333333333337,-4.9169444444444395
2022-09-01,Brazil,23.78,9.69,62.48,4.05,99.99999999999999,16.610833333333336,67.48583333333333,12.294166666666667,3.6091666666666664,-5.431666666666679
2022-10-01,Brazil,24.169999999999998,9.01,62.48,4.35,100.00999999999999,17.116666666666667,68.38250000000001,10.825833333333334,3.6758333333333333,-5.387499999999996
2022-11-01,Brazil,17.36,8.63,71.08,2.92,99.99,17.320833333333336,69.43916666666667,9.636666666666667,3.6025000000000005,3.2777777777777857
2022-12-01,Brazil,17.58,7.01,72.08,3.3200000000000003,99.99000000000001,17.580000000000002,69.99166666666666,8.8225,3.6041666666666665,4.131944444444443
2023-01-01,Brazil,17.34,5.77,73.77,3.11,99.99,18.01,70.16,8.219166666666666,3.608333333333333,5.753888888888881
2023-02-01,Brazil,18.71,4.77,73.97,2.55,100.0,18.505,70.05666666666666,7.853333333333333,3.5833333333333335,5.959999999999994
2023-03-01,Brazil,16.1,5.03,76.29,2.59,100.01000000000002,18.7275,70.06416666666667,7.6575,3.5508333333333333,8.428055555555574
2023-04-01,Brazil,15.419999999999998,6.78,74.1,3.7,100.0,18.842499999999998,69.835,7.779166666666666,3.5425,6.388055555555553
2023-05-01,Brazil,19.8,7.27,68.37,4.5600000000000005,100.0,19.19333333333333,69.50583333333333,7.761666666666667,3.5375,0.7530555555555623
2023-06-01,Brazil,23.900000000000002,9.82,61.52,4.77,100.01,19.841666666666665,68.77666666666666,7.737500000000001,3.643333333333333,-5.918611111111112
2023-07-01,Brazil,26.93,8.91,59.3,4.859999999999999,99.99999999999999,20.350833333333334,68.20083333333334,7.690833333333333,3.7575000000000003,-7.8500000000000085
2023-08-01,Brazil,25.4,8.65,61.17,4.8,100.02,20.54083333333333,68.05083333333333,7.611666666666667,3.7983333333333333,-5.594166666666652
2023-09-01,Brazil,26.049999999999997,7.95,61.84,4.17,100.01,20.73,67.9975,7.466666666666668,3.8083333333333336,-4.663333333333327
2023-10-01,Brazil,26.2,7.86,63.52,2.42,100.0,20.899166666666666,68.08416666666666,7.370833333333334,3.6474999999999995,-2.710555555555551
2023-11-01,Brazil,24.08,9.82,63.79,2.3,99.99,21.459166666666665,67.47666666666667,7.47,3.595833333333333,-2.3711111111111123
2023-12-01,Brazil,23.86,8.86,64.22,3.06,100.0,21.9825,66.82166666666667,7.6241666666666665,3.5741666666666663,-1.9677777777777692
2024-01-01,Brazil,19.08,7.26,70.71,2.96,100.00999999999999,22.127499999999998,66.56666666666668,7.748333333333334,3.561666666666666,4.544722222222219
2024-02-01,Brazil,20.369999999999997,5.69,71.03,2.91,100.0,22.265833333333333,66.32166666666667,7.825,3.591666666666667,4.743055555555557
2024-03-01,Brazil,18.14,5.09,73.74,3.03,100.0,22.435833333333335,66.10916666666667,7.830000000000001,3.6283333333333334,7.544722222222205
2024-04-01,Brazil,20.03,5.12,71.14,3.72,100.01,22.820000000000004,65.8625,7.691666666666666,3.6300000000000003,4.988888888888894
2024-05-01,Brazil,24.67,6.56,64.77,4.0,100.0,23.22583333333333,65.5625,7.6325,3.5833333333333335,-1.3766666666666794
2024-06-01,Brazil,27.380000000000003,7.73,60.21,4.6899999999999995,100.01,23.515833333333333,65.45333333333333,7.458333333333333,3.5766666666666667,-5.876111111111108
2024-07-01,Brazil,29.36,9.74,56.32,4.57,99.99000000000001,23.718333333333334,65.205,7.5275,3.5525,-9.823611111111113
2024-08-01,Brazil,31.93,10.94,52.67,4.45,99.99,24.2625,64.49666666666667,7.718333333333333,3.5233333333333334,-13.574999999999989
2024-09-01,Brazil,32.129999999999995,13.76,49.62,4.49,100.0,24.769166666666667,63.47833333333333,8.202499999999999,3.5499999999999994,-16.7286111111111
2024-10-01,Brazil,30.65,15.33,49.95,4.07,100.0,25.14,62.3475,8.825,3.6875,-16.370555555555555
2024-11-01,Brazil,29.85,10.44,57.17,2.5300000000000002,99.99000000000001,25.620833333333337,61.79583333333334,8.876666666666667,3.7066666666666666,-9.101388888888891
2024-12-01,Brazil,28.990000000000002,8.59,60.42,2.01,100.01,26.048333333333332,61.479166666666664,8.854166666666666,3.619166666666667,-5.817222222222213
2025-01-01,Brazil,21.759999999999998,5.59,70.09,2.5500000000000003,99.99,26.271666666666665,61.4275,8.715,3.5850000000000004,3.992500000000007
2025-02-01,Brazil,24.22,4.88,68.22,2.67,99.99,26.5925,61.19333333333333,8.647499999999999,3.565,2.168611111111119
2025-03-01,Brazil,26.25,4.7,66.24,2.8000000000000003,99.99,27.268333333333334,60.56833333333333,8.615,3.545833333333333,0.38277777777777544
2025-04-01,Brazil,25.549999999999997,6.52,65.18,2.76,100.01,27.728333333333335,60.071666666666665,8.731666666666667,3.465833333333333,-0.400555555555556
2025-05-01,Brazil,30.42,7.58,58.69,3.31,100.0,28.2075,59.565,8.816666666666666,3.408333333333333,-6.566388888888881
2025-06-01,Brazil,31.0,9.83,55.67,3.51,100.01,28.50916666666667,59.18666666666667,8.991666666666665,3.31,-9.207777777777778
2025-07-01,Brazil,32.120000000000005,13.14,50.86,3.87,99.99000000000001,28.739166666666666,58.731666666666676,9.275,3.251666666666667,-13.612222222222229
2025-08-01,Brazil,33.93,14.15,47.58,4.34,100.0,28.905833333333334,58.3075,9.5425,3.2424999999999997,-16.465833333333336
2025-09-01,Brazil,35.96,12.27,48.13,3.64,100.0,29.225000000000005,58.18333333333333,9.418333333333333,3.171666666666667,-15.488333333333323
2025-10-01,Brazil,34.68,14.36,47.98,2.98,100.0,29.560833333333335,58.01916666666667,9.3375,3.080833333333334,-15.239722222222234
2018-01-01,Chile,12.01,51.37,32.83,3.8,100.00999999999999,,,,,
2018-02-01,Chile,10.94,56.39,28.86,3.81,100.0,,,,,
2018-03-01,Chile,12.370000000000001,58.93,25.5,3.1999999999999997,100.00000000000001,,,,,
2018-04-01,Chile,10.440000000000001,61.01,24.47,4.08,99.99999999999999,,,,,
2018-05-01,Chile,9.379999999999999,64.15,22.31,4.16,100.0,,,,,
2018-06-01,Chile,10.38,62.13,23.97,3.52,100.0,,,,,
2018-07-01,Chile,10.6,55.81,30.3,3.28,99.99000000000001,,,,,
2018-08-01,Chile,11.45,61.83,23.21,3.52,100.00999999999999,,,,,
2018-09-01,Chile,14.34,56.35,25.7,3.62,100.01,,,,,
2018-10-01,Chile,15.54,38.46,43.01,2.98,99.99,,,,,
2018-11-01,Chile,16.009999999999998,35.66,46.12,2.2199999999999998,100.00999999999999,,,,,
2018-12-01,Chile,15.64,44.63,37.12,2.61,100.0,12.424999999999999,30.28333333333333,53.89333333333334,3.4,
2019-01-01,Chile,14.0,50.68,32.88,2.4299999999999997,99.99000000000001,12.590833333333334,30.287499999999998,53.83583333333333,3.285833333333333,
2019-02-01,Chile,12.790000000000001,57.47,27.08,2.66,100.0,12.745,30.139166666666668,53.92583333333334,3.19,
2019-03-01,Chile,13.13,61.54,22.47,2.86,100.0,12.808333333333335,29.886666666666667,54.14333333333334,3.1616666666666666,
2019-04-01,Chile,11.47,64.14,21.0,3.3899999999999997,100.0,12.894166666666669,29.597499999999997,54.40416666666666,3.1041666666666665,
2019-05-01,Chile,10.77,64.03,22.0,3.1799999999999997,99.97999999999999,13.01,29.57166666666667,54.39416666666667,3.0225000000000004,
2019-06-01,Chile,12.29,59.91,24.88,2.92,100.0,13.169166666666667,29.647499999999997,54.20916666666667,2.9725,
2019-07-01,Chile,12.76,61.44,23.31,2.49,99.99999999999999,13.349166666666667,29.064999999999998,54.678333333333335,2.9066666666666663,
2019-08-01,Chile,15.31,52.43,29.7,2.57,100.00999999999999,13.670833333333334,29.605833333333333,53.895,2.8275,
2019-09-01,Chile,15.25,53.28,29.02,2.46,100.00999999999999,13.746666666666668,29.882500000000004,53.63916666666666,2.7308333333333334,
2019-10-01,Chile,18.72,47.36,31.68,2.24,99.99999999999999,14.011666666666668,28.938333333333333,54.380833333333335,2.669166666666667,
2019-11-01,Chile,18.55,47.71,31.7,2.06,100.02000000000001,14.223333333333331,27.736666666666668,55.385,2.6558333333333333,
2019-12-01,Chile,18.41,51.7,27.54,2.35,100.0,14.454166666666666,26.938333333333333,55.97416666666666,2.6341666666666668,
2020-01-01,Chile,15.86,52.42,29.22,2.49,99.99,14.609166666666667,26.633333333333336,56.11916666666667,2.6391666666666667,
2020-02-01,Chile,15.86,56.51,24.65,2.98,100.0,14.865,26.43083333333333,56.03916666666667,2.665833333333333,
2020-03-01,Chile,14.65,63.32,18.93,3.11,100.01,14.991666666666665,26.135833333333334,56.1875,2.686666666666667,
2020-04-01,Chile,14.370000000000001,67.85,14.54,3.23,99.99,15.233333333333333,25.5975,56.49666666666667,2.6733333333333333,
2020-05-01,Chile,12.75,66.72,17.42,3.1100000000000003,100.0,15.398333333333333,25.215833333333332,56.72083333333333,2.6675,
2020-06-01,Chile,13.09,65.73,18.38,2.8000000000000003,100.0,15.464999999999998,24.674166666666668,57.20583333333334,2.6575,
2020-07-01,Chile,13.91,54.56,29.06,2.4699999999999998,100.0,15.560833333333333,25.153333333333332,56.6325,2.6558333333333333,
2020-08-01,Chile,18.11,52.79,26.78,2.32,100.0,15.794166666666667,24.91,56.662499999999994,2.6350000000000002,
2020-09-01,Chile,18.48,50.89,28.04,2.59,100.0,16.063333333333333,24.828333333333333,56.46333333333334,2.6458333333333335,
2020-10-01,Chile,22.79,38.61,36.12,2.48,100.0,16.4025,25.198333333333334,55.73416666666666,2.665833333333333,
2020-11-01,Chile,21.85,35.22,40.25,2.67,99.99,16.677500000000002,25.91083333333333,54.69333333333333,2.716666666666667,
2020-12-01,Chile,21.65,41.14,34.45,2.77,100.01,16.9475,26.486666666666668,53.81333333333333,2.7516666666666665,
2021-01-01,Chile,21.68,48.08,27.58,2.65,99.99000000000001,17.4325,26.349999999999998,53.45166666666666,2.765,-0.3227777777777803
2021-02-01,Chile,20.1,56.56,20.75,2.59,100.0,17.785833333333333,26.025000000000002,53.455833333333324,2.7325,-7.006944444444443
2021-03-01,Chile,18.91,60.74,17.19,3.1500000000000004,99.99000000000001,18.140833333333333,25.88,53.240833333333335,2.7358333333333333,-10.341666666666669
2021-04-01,Chile,18.22,64.78,13.63,3.37,100.0,18.46166666666667,25.804166666666664,52.98500000000001,2.7475,-13.670833333333333
2021-05-01,Chile,16.43,63.22,17.01,3.35,100.00999999999999,18.768333333333334,25.77,52.69333333333333,2.7675,-9.98972222222222
2021-06-01,Chile,16.52,56.04,24.63,2.8,99.99,19.054166666666667,26.290833333333335,51.88583333333333,2.7675,-2.2225
2021-07-01,Chile,17.53,64.09,15.57,2.8,99.99,19.355833333333333,25.16666666666667,52.68000000000001,2.795,-11.300833333333333
2021-08-01,Chile,20.82,60.05,16.29,2.83,99.99,19.581666666666667,24.2925,53.285000000000004,2.8375,-10.171666666666667
2021-09-01,Chile,26.57,49.92,20.76,2.75,100.0,20.25583333333333,23.68583333333333,53.20416666666666,2.8508333333333336,-5.509444444444441
2021-10-01,Chile,29.330000000000002,45.89,22.14,2.64,100.0,20.800833333333333,22.520833333333332,53.810833333333335,2.8641666666666663,-3.992222222222221
2021-11-01,Chile,30.759999999999998,42.49,23.92,2.83,100.0,21.543333333333333,21.16,54.416666666666664,2.8775,-1.6324999999999967
2021-12-01,Chile,28.53,45.03,23.5,2.94,100.0,22.11666666666667,20.247500000000002,54.74083333333334,2.891666666666667,-1.4358333333333348
2022-01-01,Chile,30.82,44.23,21.83,3.14,100.02,22.878333333333334,19.768333333333334,54.419999999999995,2.9324999999999997,-2.7275000000000027
2022-02-01,Chile,30.06,47.51,19.16,3.27,99.99999999999999,23.708333333333332,19.635833333333334,53.66583333333333,2.9891666666666663,-5.090555555555554
2022-03-01,Chile,28.189999999999998,53.15,15.71,2.94,99.99,24.481666666666666,19.5125,53.03333333333334,2.9716666666666662,-8.320555555555554
2022-04-01,Chile,26.549999999999997,56.27,13.88,3.31,100.01,25.175833333333333,19.533333333333335,52.32416666666666,2.966666666666667,-9.962777777777776
2022-05-01,Chile,24.9,55.25,16.78,3.08,100.01,25.881666666666664,19.514166666666664,51.660000000000004,2.9441666666666664,-6.864999999999995
2022-06-01,Chile,20.740000000000002,56.0,20.59,2.6799999999999997,100.00999999999999,26.233333333333334,19.1775,51.656666666666666,2.9341666666666666,-2.91
2022-07-01,Chile,23.24,48.54,25.45,2.76,99.99,26.709166666666665,20.000833333333333,50.360833333333325,2.9308333333333336,2.0691666666666677
2022-08-01,Chile,26.42,41.62,29.12,2.84,100.0,27.175833333333333,21.07,48.824999999999996,2.9316666666666666,5.679722222222221
2022-09-01,Chile,30.549999999999997,36.77,29.64,3.04,100.00000000000001,27.507500000000004,21.81,47.729166666666664,2.955833333333333,6.215833333333336
2022-10-01,Chile,32.35,30.0,35.29,2.35,99.99,27.759166666666662,22.905833333333334,46.405,2.9316666666666666,11.848611111111111
2022-11-01,Chile,30.400000000000002,30.55,36.71,2.35,100.00999999999999,27.729166666666668,23.971666666666664,45.410000000000004,2.891666666666667,13.168333333333333
2022-12-01,Chile,33.65,34.89,28.71,2.75,100.0,28.155833333333334,24.405833333333334,44.565,2.875833333333333,5.029166666666669
2023-01-01,Chile,36.160000000000004,38.56,22.6,2.6799999999999997,100.0,28.600833333333338,24.47,44.0925,2.8375,-1.1133333333333333
2023-02-01,Chile,34.25,41.74,21.25,2.75,99.99000000000001,28.950000000000003,24.644166666666663,43.61166666666667,2.794166666666667,-2.2794444444444437
2023-03-01,Chile,32.0,48.0,17.24,2.75,99.99,29.267500000000002,24.771666666666665,43.182500000000005,2.778333333333333,-6.195
2023-04-01,Chile,30.18,52.85,13.81,3.1500000000000004,99.99000000000001,29.570000000000004,24.765833333333333,42.8975,2.765,-9.578055555555553
2023-05-01,Chile,29.65,51.91,15.32,3.1300000000000003,100.00999999999999,29.965833333333336,24.644166666666663,42.619166666666665,2.769166666666667,-8.047777777777778
2023-06-01,Chile,28.799999999999997,44.97,23.26,2.98,100.01,30.637500000000003,24.866666666666664,41.699999999999996,2.794166666666667,-0.04944444444444329
2023-07-01,Chile,26.05,34.12,36.91,2.9299999999999997,100.00999999999999,30.871666666666666,25.82166666666667,40.498333333333335,2.8083333333333336,13.464999999999996
2023-08-01,Chile,27.57,32.22,37.41,2.81,100.00999999999999,30.9675,26.5125,39.714999999999996,2.8058333333333336,13.746944444444441
2023-09-01,Chile,30.75,26.79,39.53,2.9299999999999997,100.0,30.98416666666667,27.33666666666667,38.88333333333333,2.796666666666667,15.571666666666669
2023-10-01,Chile,35.32,24.56,37.21,2.91,100.0,31.23166666666667,27.496666666666666,38.43,2.8433333333333333,12.932500000000001
2023-11-01,Chile,35.01,21.87,40.62,2.51,100.01,31.61583333333333,27.8225,37.70666666666667,2.856666666666667,16.312222222222218
2023-12-01,Chile,35.97,23.48,37.78,2.7800000000000002,100.01,31.809166666666666,28.578333333333333,36.755833333333335,2.8591666666666664,13.461944444444445
2024-01-01,Chile,37.88,25.61,33.51,2.99,99.99,31.952499999999997,29.4875,35.67666666666666,2.885,9.099444444444444
2024-02-01,Chile,33.57,35.57,27.57,3.29,100.00000000000001,31.895833333333332,30.014166666666668,35.1625,2.9299999999999997,2.9947222222222223
2024-03-01,Chile,35.989999999999995,37.5,23.49,3.02,99.99999999999999,32.22833333333333,30.535,34.2875,2.9525,-1.274722222222227
2024-04-01,Chile,32.4,45.07,19.59,2.94,100.0,32.413333333333334,31.016666666666666,33.63916666666667,2.935,-5.349722222222223
2024-05-01,Chile,28.47,44.92,23.8,2.81,100.0,32.315,31.723333333333333,33.056666666666665,2.908333333333333,-1.3052777777777749
2024-06-01,Chile,29.049999999999997,33.25,35.34,2.38,100.02,32.33583333333333,32.73,32.08,2.858333333333333,10.046111111111113
2024-07-01,Chile,31.700000000000003,31.57,34.42,2.31,100.0,32.806666666666665,32.5225,31.867499999999996,2.8066666666666666,8.828611111111115
2024-08-01,Chile,33.1,30.59,33.8,2.51,100.00000000000001,33.2675,32.22166666666667,31.73166666666667,2.7816666666666663,7.684999999999999
2024-09-01,Chile,39.58,25.63,32.08,2.6999999999999997,99.99,34.00333333333333,31.60083333333333,31.635,2.7624999999999997,5.47861111111111
2024-10-01,Chile,35.269999999999996,21.14,41.11,2.48,100.0,33.99916666666666,31.925833333333333,31.349999999999998,2.7266666666666666,14.194166666666664
2024-11-01,Chile,37.71,18.12,42.12,2.06,100.01,34.22416666666667,32.05083333333334,31.037499999999998,2.689166666666667,14.67722222222222
2024-12-01,Chile,42.0,21.61,34.47,1.92,100.0,34.72666666666667,31.774999999999995,30.881666666666664,2.6175,6.521666666666665
2025-01-01,Chile,42.93,26.21,28.4,2.47,100.00999999999999,35.1475,31.349166666666665,30.93166666666667,2.5741666666666667,0.146944444444447
2025-02-01,Chile,40.239999999999995,32.63,24.54,2.59,100.0,35.703333333333326,31.096666666666664,30.686666666666667,2.515833333333333,-3.895555555555557
2025-03-01,Chile,37.1,38.92,21.62,2.37,100.01,35.795833333333334,30.94083333333333,30.805000000000003,2.4616666666666664,-6.964999999999996
2025-04-01,Chile,33.97,40.91,22.16,2.96,99.99999999999999,35.92666666666667,31.155,30.458333333333332,2.4633333333333334,-6.589166666666667
2025-05-01,Chile,31.240000000000002,39.18,26.64,2.93,99.99000000000001,36.1575,31.391666666666666,29.980000000000004,2.473333333333333,-2.3391666666666673
2025-06-01,Chile,29.369999999999997,42.24,25.73,2.66,100.0,36.18416666666666,30.590833333333336,30.729166666666668,2.4966666666666666,-3.5230555555555583
2025-07-01,Chile,33.7,45.24,18.61,2.45,100.00000000000001,36.350833333333334,29.273333333333337,31.86833333333333,2.5083333333333333,-10.785833333333333
2025-08-01,Chile,34.95,37.22,25.14,2.7,100.01,36.505,28.551666666666666,32.420833333333334,2.5241666666666664,-4.065833333333334
2025-09-01,Chile,40.83,30.91,25.59,2.6599999999999997,99.99,36.60916666666667,28.010833333333334,32.86083333333333,2.5208333333333335,-3.5052777777777813
2025-10-01,Chile,44.03,25.85,27.98,2.13,99.99000000000001,37.33916666666667,26.916666666666668,33.25333333333334,2.4916666666666667,-1.0027777777777729
2018-01-01,Colombia,0.0,16.35,83.64,0.0,99.99000000000001,,,,,
2018-02-01,Colombia,0.0,25.09,74.9,0.0,99.99000000000001,,,,,
2018-03-01,Colombia,0.0,23.1,76.9,0.0,100.0,,,,,
2018-04-01,Colombia,0.0,12.15,87.85,0.0,100.0,,,,,
2018-05-01,Colombia,0.0,13.56,86.44,0.0,100.0,,,,,
2018-06-01,Colombia,0.0,12.95,86.87,0.18,100.00000000000001,,,,,
2018-07-01,Colombia,0.17,12.57,87.26,0.0,100.0,,,,,
2018-08-01,Colombia,0.17,13.77,85.88,0.17,99.99,,,,,
2018-09-01,Colombia,0.0,15.47,84.53,0.0,100.0,,,,,
2018-10-01,Colombia,0.0,14.52,85.47,0.0,99.99,,,,,
2018-11-01,Colombia,0.0,12.36,87.63,0.0,99.99,,,,,
2018-12-01,Colombia,0.18,20.88,78.95,0.0,100.01,0.043333333333333335,83.86,16.06416666666667,0.029166666666666664,
2019-01-01,Colombia,0.18,27.26,72.38,0.18,100.00000000000001,0.05833333333333333,82.92166666666667,16.973333333333333,0.04416666666666667,
2019-02-01,Colombia,0.4,26.49,73.12,0.0,100.01,0.09166666666666667,82.77333333333334,17.09,0.04416666666666667,
2019-03-01,Colombia,0.36,24.38,75.27,0.0,100.00999999999999,0.12166666666666666,82.6375,17.19666666666667,0.04416666666666667,
2019-04-01,Colombia,0.36,16.82,82.82,0.0,100.0,0.15166666666666667,82.21833333333333,17.585833333333333,0.04416666666666667,
2019-05-01,Colombia,0.34,14.53,85.12,0.0,99.99000000000001,0.18000000000000002,82.10833333333333,17.666666666666668,0.04416666666666667,
2019-06-01,Colombia,0.36,11.13,88.52,0.0,100.00999999999999,0.21,82.24583333333332,17.515,0.029166666666666664,
2019-07-01,Colombia,0.34,11.17,88.16,0.34,100.01,0.22416666666666665,82.32083333333334,17.398333333333333,0.0575,
2019-08-01,Colombia,0.17,14.28,84.72,0.83,100.0,0.2241666666666667,82.22416666666666,17.440833333333334,0.1125,
2019-09-01,Colombia,0.17,20.14,79.69,0.0,100.0,0.23833333333333337,81.82083333333334,17.830000000000002,0.1125,
2019-10-01,Colombia,0.17,24.45,75.38,0.0,100.0,0.2525,80.98,18.6575,0.1125,
2019-11-01,Colombia,0.18,21.42,78.23,0.18,100.01000000000002,0.2675,80.19666666666667,19.412499999999998,0.1275,
2019-12-01,Colombia,0.34,26.6,73.04,0.0,99.98000000000002,0.2808333333333333,79.70416666666667,19.889166666666664,0.1275,
2020-01-01,Colombia,0.35,29.64,69.84,0.17,100.0,0.295,79.49249999999999,20.087500000000002,0.12666666666666668,
2020-02-01,Colombia,0.42,24.15,75.42,0.0,99.99000000000001,0.2966666666666667,79.68416666666666,19.8925,0.12666666666666668,
2020-03-01,Colombia,0.4,24.11,75.5,0.0,100.01,0.3,79.70333333333333,19.87,0.12666666666666668,
2020-04-01,Colombia,0.21,28.01,71.78,0.0,100.0,0.28750000000000003,78.78333333333335,20.8025,0.12666666666666668,
2020-05-01,Colombia,0.41,29.54,70.04,0.0,99.99000000000001,0.29333333333333333,77.52666666666667,22.05333333333333,0.12666666666666668,
2020-06-01,Colombia,0.21,27.06,72.73,0.0,100.0,0.2808333333333333,76.21083333333334,23.38083333333333,0.12666666666666668,
2020-07-01,Colombia,0.18,16.28,83.54,0.0,100.00000000000001,0.2675,75.82583333333334,23.80666666666667,0.09833333333333333,
2020-08-01,Colombia,0.18,16.9,82.75,0.18,100.01000000000002,0.2683333333333333,75.66166666666668,24.025000000000002,0.04416666666666667,
2020-09-01,Colombia,0.35,20.84,78.28,0.53,100.0,0.2833333333333333,75.54416666666667,24.083333333333332,0.08833333333333333,
2020-10-01,Colombia,0.34,20.07,78.75,0.84,100.0,0.2975,75.825,23.718333333333334,0.15833333333333333,
2020-11-01,Colombia,0.34,16.83,82.31,0.51,99.99000000000001,0.3108333333333333,76.165,23.335833333333337,0.18583333333333332,
2020-12-01,Colombia,0.34,17.96,81.53,0.17,100.00000000000001,0.31083333333333335,76.8725,22.61583333333333,0.19999999999999998,
2021-01-01,Colombia,0.53,19.09,80.39,0.0,100.01,0.32583333333333336,77.75166666666667,21.736666666666665,0.18583333333333332,0.24444444444444002
2021-02-01,Colombia,0.61,18.05,81.34,0.0,100.0,0.3416666666666666,78.245,21.228333333333335,0.18583333333333332,1.2847222222222143
2021-03-01,Colombia,0.71,14.38,84.91,0.0,99.99999999999999,0.3675,79.02916666666667,20.4175,0.18583333333333332,4.6758333333333155
2021-04-01,Colombia,0.53,15.17,84.3,0.0,100.0,0.3941666666666667,80.0725,19.3475,0.18583333333333332,3.8433333333333337
2021-05-01,Colombia,0.51,12.5,86.99,0.0,100.0,0.4025,81.485,17.9275,0.18583333333333332,6.631944444444443
2021-06-01,Colombia,0.52,11.23,88.26,0.0,100.01,0.4283333333333333,82.77916666666667,16.60833333333333,0.18583333333333332,7.88666666666667
2021-07-01,Colombia,0.65,12.22,87.13,0.0,100.0,0.4675,83.07833333333333,16.27,0.18583333333333332,6.7180555555555515
2021-08-01,Colombia,0.48,12.76,86.75,0.0,99.99000000000001,0.4925,83.41166666666668,15.925000000000002,0.1708333333333333,6.341666666666669
2021-09-01,Colombia,0.47,12.17,87.34,0.0,99.98,0.5025000000000001,84.16666666666667,15.2025,0.12666666666666668,6.907500000000013
2021-10-01,Colombia,0.47,12.17,87.36,0.0,100.0,0.5133333333333333,84.88416666666667,14.544166666666667,0.05666666666666667,6.849444444444444
2021-11-01,Colombia,0.5,10.34,89.17,0.0,100.01,0.5266666666666667,85.45583333333333,14.003333333333332,0.014166666666666668,8.606944444444451
2021-12-01,Colombia,0.66,19.48,79.87,0.0,100.01,0.5533333333333333,85.31750000000001,14.13,0.0,-0.735833333333332
2022-01-01,Colombia,0.69,16.59,82.73,0.0,100.01,0.5666666666666667,85.5125,13.921666666666667,0.0,2.0986111111111114
2022-02-01,Colombia,0.53,22.63,76.84,0.0,100.0,0.5599999999999999,85.1375,14.303333333333335,0.0,-4.078888888888898
2022-03-01,Colombia,0.64,13.38,85.99,0.0,100.00999999999999,0.5541666666666667,85.2275,14.22,0.0,4.967777777777783
2022-04-01,Colombia,0.5,12.22,87.29,0.0,100.01,0.5516666666666666,85.47666666666667,13.974166666666667,0.0,5.970000000000013
2022-05-01,Colombia,0.47,12.04,87.5,0.0,100.00999999999999,0.5483333333333333,85.51916666666666,13.935833333333333,0.0,6.055833333333325
2022-06-01,Colombia,0.5,11.79,87.71,0.0,100.0,0.5466666666666667,85.47333333333334,13.9825,0.0,6.199722222222221
2022-07-01,Colombia,0.79,12.42,86.79,0.0,100.00000000000001,0.5583333333333333,85.445,13.999166666666667,0.0,5.302222222222227
2022-08-01,Colombia,0.9400000000000001,10.19,88.87,0.0,100.0,0.5966666666666667,85.62166666666667,13.785000000000002,0.0,7.420277777777784
2022-09-01,Colombia,0.81,10.69,88.51,0.0,100.01,0.625,85.71916666666668,13.661666666666667,0.0,6.945000000000007
2022-10-01,Colombia,0.92,9.68,89.4,0.0,100.0,0.6625,85.88916666666667,13.454166666666667,0.0,7.590000000000003
2022-11-01,Colombia,0.9600000000000001,8.52,90.51,0.0,99.99,0.7008333333333333,86.00083333333333,13.3025,0.0,8.310555555555567
2022-12-01,Colombia,1.3800000000000001,14.97,83.66,0.0,100.00999999999999,0.7608333333333334,86.31666666666666,12.926666666666664,0.0,1.11944444444444
2023-01-01,Colombia,1.36,13.79,84.85,0.0,100.0,0.8166666666666668,86.49333333333334,12.693333333333333,0.0,2.014444444444436
2023-02-01,Colombia,1.49,18.98,79.54,0.0,100.01,0.8966666666666666,86.71833333333335,12.389166666666666,0.0,-3.7124999999999915
2023-03-01,Colombia,1.3900000000000001,12.28,86.33,0.0,100.0,0.9591666666666668,86.74666666666667,12.2975,0.0,2.963055555555556
2023-04-01,Colombia,1.4300000000000002,10.67,87.9,0.0,100.00000000000001,1.0366666666666668,86.79750000000001,12.168333333333331,0.0,4.232222222222234
2023-05-01,Colombia,1.4100000000000001,18.18,80.41,0.0,100.0,1.115,86.20666666666666,12.68,0.0,-3.705555555555563
2023-06-01,Colombia,1.61,17.52,80.87,0.0,100.0,1.2075,85.63666666666667,13.1575,0.0,-3.5336111111111137
2023-07-01,Colombia,1.86,22.41,75.73,0.0,100.0,1.2966666666666669,84.715,13.99,0.0,-8.899722222222223
2023-08-01,Colombia,1.94,20.83,77.23,0.0,100.0,1.3800000000000001,83.745,14.876666666666665,0.0,-7.182777777777773
2023-09-01,Colombia,2.2199999999999998,26.51,71.27,0.0,100.0,1.4975000000000003,82.30833333333332,16.195,0.0,-12.989444444444459
2023-10-01,Colombia,2.37,25.77,71.86,0.0,100.0,1.6183333333333334,80.84666666666666,17.535833333333333,0.0,-12.204722222222216
2023-11-01,Colombia,2.29,20.64,77.06,0.0,99.99000000000001,1.7291666666666667,79.72583333333334,18.545833333333334,0.0,-6.813333333333333
2023-12-01,Colombia,3.33,25.67,71.0,0.0,100.0,1.8916666666666666,78.67083333333333,19.4375,0.0,-12.727500000000006
2024-01-01,Colombia,3.75,28.22,68.02,0.0,99.99,2.0908333333333333,77.26833333333333,20.639999999999997,0.0,-15.415000000000006
2024-02-01,Colombia,3.64,27.61,68.76,0.0,100.01,2.27,76.37,21.359166666666667,0.0,-14.331388888888881
2024-03-01,Colombia,4.58,30.55,64.87,0.0,100.0,2.535833333333333,74.58166666666666,22.881666666666664,0.0,-17.871944444444438
2024-04-01,Colombia,6.029999999999999,22.63,71.34,0.0,100.0,2.919166666666667,73.20166666666667,23.87833333333333,0.0,-10.845277777777781
2024-05-01,Colombia,4.16,13.22,82.62,0.0,100.0,3.1483333333333334,73.38583333333334,23.465,0.0,0.7947222222222194
2024-06-01,Colombia,4.25,15.59,80.16,0.0,100.0,3.3683333333333336,73.32666666666667,23.304166666666664,0.0,-1.543888888888901
2024-07-01,Colombia,4.739999999999999,11.6,83.66,0.0,99.99999999999999,3.608333333333333,73.9875,22.403333333333336,0.0,2.1811111111111074
2024-08-01,Colombia,4.86,15.5,79.64,0.0,100.0,3.8516666666666666,74.18833333333333,21.959166666666665,0.0,-1.7424999999999926
2024-09-01,Colombia,5.13,21.32,73.55,0.0,100.0,4.094166666666667,74.37833333333334,21.526666666666667,0.0,-7.635000000000005
2024-10-01,Colombia,6.220000000000001,19.84,73.93,0.0,99.99000000000001,4.415,74.55083333333333,21.032500000000002,0.0,-6.871944444444438
2024-11-01,Colombia,4.65,20.76,74.58,0.0,99.99000000000001,4.611666666666666,74.34416666666667,21.0425,0.0,-5.848888888888894
2024-12-01,Colombia,5.18,23.34,71.47,0.0,99.99000000000001,4.765833333333333,74.38333333333334,20.848333333333333,0.0,-8.553611111111124
2025-01-01,Colombia,5.62,19.5,74.89,0.0,100.01,4.921666666666667,74.95583333333333,20.121666666666666,0.0,-4.900277777777774
2025-02-01,Colombia,5.41,15.08,79.51,0.0,100.0,5.069166666666667,75.85166666666667,19.0775,0.0,-0.06249999999998579
2025-03-01,Colombia,5.5600000000000005,11.11,83.33,0.0,100.0,5.150833333333334,77.39,17.4575,0.0,3.683333333333323
2025-04-01,Colombia,5.090000000000001,11.08,83.83,0.0,100.0,5.072500000000001,78.43083333333333,16.495,0.0,4.257222222222225
2025-05-01,Colombia,4.83,9.8,85.37,0.0,100.0,5.128333333333334,78.66,16.209999999999997,0.0,5.893333333333345
2025-06-01,Colombia,5.1899999999999995,11.11,83.7,0.0,100.0,5.206666666666667,78.955,15.836666666666666,0.0,4.282499999999999
2025-07-01,Colombia,5.44,10.05,84.52,0.0,100.00999999999999,5.265000000000001,79.02666666666667,15.707500000000001,0.0,5.213888888888889
2019-01-01,Costa Rica,23.66,0.0,61.29,15.05,100.0,,,,,
2019-02-01,Costa Rica,23.46,4.94,55.56,16.05,100.01,,,,,
2019-03-01,Costa Rica,25.27,1.1,57.14,16.49,99.99999999999999,,,,,
2019-04-01,Costa Rica,20.24,4.76,59.52,15.48,100.00000000000001,,,,,
2019-05-01,Costa Rica,7.07,0.0,79.8,13.13,100.0,,,,,
2019-06-01,Costa Rica,13.54,0.0,77.08,9.38,100.0,,,,,
2019-07-01,Costa Rica,18.18,0.0,68.69,13.13,100.0,,,,,
2019-08-01,Costa Rica,12.87,0.0,72.28,14.85,100.0,,,,,
2019-09-01,Costa Rica,7.29,0.0,77.08,15.63,100.0,,,,,
2019-10-01,Costa Rica,3.16,0.0,82.11,14.74,100.00999999999999,,,,,
2019-11-01,Costa Rica,16.84,0.0,70.53,12.63,100.0,,,,,
2019-12-01,Costa Rica,20.79,0.0,66.34,12.870000000000001,100.0,16.030833333333334,68.95166666666667,0.9,14.119166666666667,
2020-01-01,Costa Rica,18.63,0.0,64.71,16.67,100.00999999999999,15.611666666666666,69.23666666666666,0.9,14.254166666666668,
2020-02-01,Costa Rica,21.51,0.0,61.29,17.21,100.00999999999999,15.449166666666665,69.71416666666666,0.48833333333333334,14.350833333333334,
2020-03-01,Costa Rica,25.27,1.1,53.85,19.779999999999998,100.0,15.449166666666668,69.44,0.4883333333333333,14.625,
2020-04-01,Costa Rica,18.07,1.2,61.45,19.28,100.00000000000001,15.268333333333333,69.60083333333334,0.19166666666666665,14.941666666666668,
2020-05-01,Costa Rica,10.34,0.0,74.71,14.94,99.99,15.540833333333333,69.17666666666666,0.19166666666666665,15.092500000000001,
2020-06-01,Costa Rica,8.51,0.0,76.6,14.89,100.0,15.121666666666664,69.13666666666667,0.19166666666666665,15.551666666666668,
2020-07-01,Costa Rica,12.12,0.0,72.73,15.15,100.00000000000001,14.616666666666667,69.47333333333333,0.19166666666666665,15.719999999999999,
2020-08-01,Costa Rica,8.16,0.0,79.59,12.24,99.99,14.224166666666667,70.0825,0.19166666666666665,15.5025,
2020-09-01,Costa Rica,3.13,0.0,84.38,12.5,100.00999999999999,13.8775,70.69083333333334,0.19166666666666665,15.241666666666667,
2020-10-01,Costa Rica,3.96,0.0,83.17,12.87,100.0,13.944166666666666,70.77916666666667,0.19166666666666665,15.085833333333333,
2020-11-01,Costa Rica,7.07,0.0,81.82,11.11,99.99999999999999,13.13,71.72,0.19166666666666665,14.959166666666667,
2020-12-01,Costa Rica,17.82,0.0,71.29,10.89,100.00000000000001,12.8825,72.13250000000001,0.19166666666666665,14.794166666666667,
2021-01-01,Costa Rica,20.0,0.0,64.0,16.0,100.0,12.996666666666668,72.07333333333334,0.19166666666666665,14.738333333333335,
2021-02-01,Costa Rica,18.48,0.0,64.13,17.39,100.0,12.744166666666667,72.31,0.19166666666666665,14.753333333333336,
2021-03-01,Costa Rica,20.79,0.0,60.4,18.81,100.0,12.370833333333332,72.85583333333334,0.09999999999999999,14.6725,
2021-04-01,Costa Rica,13.73,0.0,69.61,16.669999999999998,100.01,12.009166666666667,73.53583333333333,0.0,14.455,
2021-05-01,Costa Rica,13.64,0.0,71.82,14.55,100.00999999999999,12.284166666666666,73.295,0.0,14.4225,
2021-06-01,Costa Rica,6.73,0.0,78.85,14.42,100.0,12.135833333333332,73.4825,0.0,14.383333333333333,
2021-07-01,Costa Rica,12.26,0.0,75.47,12.26,99.99000000000001,12.1475,73.71083333333333,0.0,14.142499999999998,
2021-08-01,Costa Rica,5.61,0.0,84.11,10.28,100.0,11.935,74.08749999999999,0.0,13.979166666666666,
2021-09-01,Costa Rica,5.94,0.0,81.19,12.87,100.0,12.169166666666667,73.82166666666666,0.0,14.01,
2021-10-01,Costa Rica,4.76,0.0,82.86,12.38,100.0,12.235833333333334,73.79583333333333,0.0,13.969166666666666,
2021-11-01,Costa Rica,14.42,0.0,76.92,8.65,99.99000000000001,12.848333333333334,73.3875,0.0,13.764166666666666,
2021-12-01,Costa Rica,16.67,0.0,75.0,8.34,100.01,12.7525,73.69666666666667,0.0,13.551666666666668,
2022-01-01,Costa Rica,20.0,0.0,65.0,15.0,100.0,12.7525,73.78,0.0,13.468333333333334,-6.593611111111102
2022-02-01,Costa Rica,20.88,2.2,58.24,18.68,100.0,12.9525,73.28916666666667,0.18333333333333335,13.575833333333335,-13.456666666666656
2022-03-01,Costa Rica,19.8,5.94,56.44,17.82,100.0,12.87,72.95916666666666,0.6783333333333333,13.493333333333334,-15.331111111111113
2022-04-01,Costa Rica,14.29,1.02,68.37,16.33,100.00999999999999,12.916666666666666,72.85583333333334,0.7633333333333333,13.464999999999998,-3.381666666666675
2022-05-01,Costa Rica,5.5,0.0,80.73,13.76,99.99000000000001,12.238333333333335,73.59833333333334,0.7633333333333333,13.399166666666668,8.732500000000002
2022-06-01,Costa Rica,4.76,0.0,82.86,12.38,100.0,12.074166666666665,73.9325,0.7633333333333333,13.229166666666666,10.836666666666659
2022-07-01,Costa Rica,10.48,0.0,78.1,11.43,100.00999999999999,11.925833333333332,74.15166666666666,0.7633333333333333,13.160000000000002,5.916111111111107
2022-08-01,Costa Rica,6.42,0.0,81.65,11.93,100.0,11.993333333333334,73.94666666666667,0.7633333333333333,13.2975,9.204722222222216
2022-09-01,Costa Rica,1.96,0.0,85.29,12.75,100.0,11.661666666666669,74.28833333333334,0.7633333333333333,13.2875,12.584444444444458
2022-10-01,Costa Rica,5.66,0.0,81.13,13.21,100.0,11.736666666666666,74.14416666666666,0.7633333333333333,13.356666666666667,8.196388888888876
2022-11-01,Costa Rica,6.93,0.0,80.2,12.87,100.0,11.112499999999999,74.4175,0.7633333333333333,13.708333333333334,7.293611111111119
2022-12-01,Costa Rica,18.1,0.0,71.43,10.469999999999999,100.0,11.231666666666667,74.11999999999999,0.7633333333333333,13.885833333333332,-1.7450000000000045
2023-01-01,Costa Rica,18.81,0.0,68.32,12.870000000000001,100.0,11.1325,74.39666666666666,0.7633333333333333,13.708333333333334,-4.996388888888887
2023-02-01,Costa Rica,20.0,0.0,64.44,15.549999999999999,99.99,11.059166666666668,74.91333333333333,0.5800000000000001,13.447499999999998,-8.976666666666674
2023-03-01,Costa Rica,15.96,1.06,65.96,17.02,99.99999999999999,10.739166666666668,75.70666666666666,0.17333333333333334,13.380833333333333,-7.544166666666669
2023-04-01,Costa Rica,14.89,5.32,64.89,14.89,99.99,10.789166666666667,75.41666666666667,0.5316666666666667,13.260833333333332,-8.950555555555553
2023-05-01,Costa Rica,11.76,15.69,57.84,14.71,100.0,11.310833333333335,73.50916666666667,1.8391666666666666,13.339999999999998,-16.096111111111114
2023-06-01,Costa Rica,6.06,6.06,73.74,14.14,100.0,11.419166666666667,72.74916666666667,2.3441666666666667,13.486666666666666,0.27249999999999375
2023-07-01,Costa Rica,12.87,3.96,70.3,12.87,100.0,11.618333333333332,72.09916666666668,2.674166666666667,13.606666666666667,-3.088055555555556
2023-08-01,Costa Rica,10.0,13.0,65.0,12.0,100.0,11.916666666666666,70.71166666666666,3.7575000000000003,13.612499999999999,-8.320555555555558
2023-09-01,Costa Rica,10.53,5.26,72.63,11.58,100.0,12.630833333333333,69.65666666666667,4.195833333333334,13.515,-0.28527777777777885
2023-10-01,Costa Rica,2.94,3.92,81.37,11.76,99.99000000000001,12.404166666666667,69.67666666666666,4.5225,13.394166666666665,8.781111111111116
2023-11-01,Costa Rica,7.69,0.96,83.65,7.69,99.99,12.467500000000001,69.96416666666666,4.6025,12.962499999999999,11.111111111111128
2023-12-01,Costa Rica,17.65,4.9,67.65,9.8,100.00000000000001,12.43,69.64916666666666,5.010833333333333,12.906666666666666,-4.9397222222222155
2024-01-01,Costa Rica,18.63,16.67,51.96,12.74,100.0,12.415,68.28583333333333,6.3999999999999995,12.895833333333334,-20.528611111111097
2024-02-01,Costa Rica,17.53,16.49,52.58,13.399999999999999,100.0,12.209166666666667,67.2975,7.774166666666666,12.716666666666667,-19.57416666666667
2024-03-01,Costa Rica,14.02,20.56,52.34,13.08,100.0,12.0475,66.16250000000001,9.399166666666666,12.388333333333334,-19.493333333333325
2024-04-01,Costa Rica,14.56,25.24,47.57,12.620000000000001,99.99000000000001,12.020000000000001,64.71916666666667,11.059166666666668,12.199166666666668,-24.03944444444445
2024-05-01,Costa Rica,6.36,26.36,54.55,12.73,100.0,11.569999999999999,64.445,11.948333333333332,12.034166666666666,-16.447222222222223
2024-06-01,Costa Rica,1.94,5.83,80.58,11.65,100.0,11.226666666666667,65.015,11.929166666666667,11.826666666666666,10.0625
2024-07-01,Costa Rica,9.35,2.8,74.77,13.08,99.99999999999999,10.933333333333332,65.3875,11.832499999999998,11.844166666666668,4.204444444444448
2024-08-01,Costa Rica,7.84,5.88,72.55,13.73,100.0,10.753333333333332,66.01666666666667,11.239166666666668,11.988333333333335,2.003888888888895
2024-09-01,Costa Rica,3.13,7.29,76.04,13.54,100.0,10.136666666666667,66.30083333333333,11.408333333333333,12.151666666666666,5.815000000000012
2024-10-01,Costa Rica,5.56,0.93,82.41,11.11,100.01,10.354999999999999,66.3875,11.159166666666666,12.097500000000002,12.32805555555555
2024-11-01,Costa Rica,4.81,0.0,85.58,9.62,100.01,10.115,66.54833333333333,11.079166666666667,12.258333333333335,15.510555555555555
2024-12-01,Costa Rica,14.29,0.0,74.11,11.600000000000001,100.0,9.834999999999999,67.08666666666667,10.670833333333334,12.408333333333333,3.799999999999997
2025-01-01,Costa Rica,14.88,0.0,75.21,9.92,100.00999999999999,9.522499999999999,69.02416666666666,9.281666666666666,12.173333333333332,4.924722222222215
2025-02-01,Costa Rica,16.67,0.0,71.57,11.76,100.0,9.450833333333334,70.60666666666667,7.907499999999999,12.036666666666669,1.0011111111111006
2025-03-01,Costa Rica,17.31,8.65,59.62,14.420000000000002,100.0,9.725,71.21333333333332,6.915,12.148333333333333,-11.319166666666668
2025-04-01,Costa Rica,17.59,3.7,64.81,13.89,99.99000000000001,9.9775,72.64999999999999,5.12,12.254166666666668,-6.217499999999987
2025-05-01,Costa Rica,9.24,0.0,78.99,11.76,99.99,10.2175,74.68666666666667,2.9233333333333333,12.173333333333334,8.061388888888885
2025-06-01,Costa Rica,7.14,0.0,82.14,10.71,99.99000000000001,10.650833333333333,74.81666666666666,2.4375000000000004,12.095,11.259722222222223
2025-07-01,Costa Rica,12.5,0.0,80.0,7.5,100.0,10.913333333333334,75.2525,2.204166666666667,11.63,9.139722222222218
2025-08-01,Costa Rica,9.09,0.0,80.91,10.0,100.0,11.0175,75.94916666666666,1.7141666666666666,11.319166666666668,9.996944444444438
2025-09-01,Costa Rica,4.95,1.98,80.2,12.87,100.00000000000001,11.169166666666667,76.29583333333333,1.2716666666666667,11.263333333333334,9.307500000000005
2025-10-01,Costa Rica,2.8,0.0,85.05,12.15,100.0,10.939166666666667,76.51583333333333,1.1941666666666666,11.35,14.298888888888882
2022-10-01,Dominican Republic,6.95,86.1,6.95,0.0,100.0,,,,,
2022-11-01,Dominican Republic,8.33,83.33,7.74,0.6,100.0,,,,,
2022-12-01,Dominican Republic,8.469999999999999,83.61,6.78,1.13,99.99,,,,,
2023-01-01,Dominican Republic,10.719999999999999,82.15,5.95,1.19,100.01,,,,,
2023-02-01,Dominican Republic,12.96,80.24,5.56,1.23,99.99,,,,,
2023-03-01,Dominican Republic,10.69,83.96,4.28,1.07,99.99999999999999,,,,,
2023-04-01,Dominican Republic,9.18,85.4,4.32,1.08,99.98,,,,,
2023-05-01,Dominican Republic,6.9,89.17,2.96,0.99,100.02,,,,,
2023-06-01,Dominican Republic,8.54,86.73,3.79,0.95,100.01,,,,,
2023-07-01,Dominican Republic,11.82,83.64,3.64,0.91,100.00999999999999,,,,,
2023-08-01,Dominican Republic,9.719999999999999,85.64,3.7,0.93,99.99000000000001,,,,,
2023-09-01,Dominican Republic,7.73,87.27,4.09,0.91,100.0,9.334166666666667,4.98,84.77,0.9158333333333334,
2023-10-01,Dominican Republic,6.58,88.16,5.26,0.0,100.0,9.303333333333333,4.839166666666666,84.94166666666666,0.9158333333333334,
2023-11-01,Dominican Republic,10.1,82.82,6.57,0.51,100.0,9.450833333333334,4.741666666666667,84.89916666666667,0.9083333333333333,
2023-12-01,Dominican Republic,10.7,79.68,8.56,1.07,100.00999999999999,9.636666666666667,4.890000000000001,84.57166666666667,0.9033333333333333,
2024-01-01,Dominican Republic,12.11,80.52,6.32,1.05,99.99999999999999,9.7525,4.920833333333333,84.43583333333333,0.8916666666666667,
2024-02-01,Dominican Republic,10.29,82.86,5.71,1.14,100.0,9.53,4.933333333333333,84.65416666666667,0.8841666666666667,
2024-03-01,Dominican Republic,11.5,83.0,4.5,1.0,100.0,9.597499999999998,4.951666666666667,84.57416666666667,0.8783333333333333,
2024-04-01,Dominican Republic,10.66,83.25,5.08,1.02,100.00999999999999,9.720833333333333,5.015000000000001,84.395,0.8733333333333334,
2024-05-01,Dominican Republic,8.8,82.87,7.41,0.93,100.01000000000002,9.879166666666666,5.385833333333334,83.86999999999999,0.8683333333333335,
2024-06-01,Dominican Republic,9.42,82.96,6.73,0.9,100.00999999999999,9.9525,5.630833333333334,83.55583333333334,0.8641666666666667,
2024-07-01,Dominican Republic,11.350000000000001,81.66,6.11,0.87,99.99000000000001,9.913333333333332,5.836666666666667,83.39083333333333,0.8608333333333333,
2024-08-01,Dominican Republic,10.46,83.26,5.44,0.84,100.00000000000001,9.975,5.9816666666666665,83.1925,0.8533333333333334,
2024-09-01,Dominican Republic,9.75,84.33,5.08,0.85,100.00999999999999,10.143333333333333,6.064166666666666,82.9475,0.8483333333333333,
2024-10-01,Dominican Republic,6.629999999999999,87.14,5.81,0.41,99.99,10.147499999999999,6.11,82.8625,0.8825,
2024-11-01,Dominican Republic,7.6499999999999995,86.73,5.1,0.51,99.99000000000001,9.943333333333333,5.9875,83.18833333333333,0.8825,
2024-12-01,Dominican Republic,11.05,80.67,7.18,1.1,100.0,9.972499999999998,5.8725,83.27083333333333,0.8850000000000001,
2025-01-01,Dominican Republic,9.3,83.14,6.4,1.16,100.0,9.738333333333333,5.879166666666667,83.48916666666666,0.8941666666666666,
2025-02-01,Dominican Republic,11.8,79.51,7.45,1.24,100.0,9.864166666666668,6.024166666666666,83.21,0.9025,
2025-03-01,Dominican Republic,9.9,78.65,10.42,1.04,100.01,9.730833333333335,6.517499999999999,82.84750000000001,0.9058333333333334,
2025-04-01,Dominican Republic,14.84,78.02,6.04,1.1,99.99999999999999,10.079166666666667,6.5975,82.41166666666668,0.9125000000000001,
2025-05-01,Dominican Republic,15.68,75.48,7.84,0.98,99.98,10.6525,6.633333333333334,81.79583333333333,0.9166666666666666,
2025-06-01,Dominican Republic,17.15,74.99,6.86,0.98,99.98,11.296666666666667,6.644166666666667,81.13166666666666,0.9233333333333335,
2025-07-01,Dominican Republic,17.78,76.0,5.33,0.89,100.0,11.832500000000001,6.579166666666667,80.66000000000001,0.9249999999999999,
2025-08-01,Dominican Republic,15.52,78.87,4.74,0.86,99.99,12.254166666666665,6.520833333333333,80.29416666666667,0.9266666666666667,
2025-09-01,Dominican Republic,12.67,81.9,4.98,0.45,100.00000000000001,12.4975,6.5125,80.09166666666667,0.8933333333333334,
2019-01-01,Ecuador,0.37,23.14,76.12,0.37,100.00000000000001,,,,,
2019-02-01,Ecuador,0.0,21.49,78.52,0.0,100.00999999999999,,,,,
2019-03-01,Ecuador,0.35,21.63,78.01,0.0,99.99,,,,,
2019-04-01,Ecuador,0.37,20.88,78.75,0.0,100.0,,,,,
2019-05-01,Ecuador,0.36,20.79,78.85,0.0,100.0,,,,,
2019-06-01,Ecuador,0.38,23.4,75.47,0.75,100.0,,,,,
2019-07-01,Ecuador,0.37,24.34,72.66,2.62,99.99000000000001,,,,,
2019-08-01,Ecuador,0.37,23.42,73.23,2.97,99.99000000000001,,,,,
2019-09-01,Ecuador,0.38,24.05,72.52,3.05,99.99999999999999,,,,,
2019-10-01,Ecuador,0.39,22.57,74.32,2.72,100.0,,,,,
2019-11-01,Ecuador,0.0,18.65,78.73,2.61,99.99,,,,,
2019-12-01,Ecuador,0.0,18.64,79.21,2.15,100.0,0.2783333333333333,76.36583333333333,21.916666666666668,1.4366666666666668,
2020-01-01,Ecuador,0.34,20.0,78.97,0.69,100.0,0.2758333333333333,76.60333333333334,21.655,1.4633333333333332,
2020-02-01,Ecuador,0.37,21.48,78.15,0.0,100.00000000000001,0.30666666666666664,76.5725,21.65416666666667,1.4633333333333332,
2020-03-01,Ecuador,0.0,21.29,78.71,0.0,100.0,0.2775,76.63083333333334,21.625833333333333,1.4633333333333332,
2020-04-01,Ecuador,0.44,14.41,85.15,0.0,100.0,0.2833333333333334,77.16416666666667,21.08666666666667,1.4633333333333332,
2020-05-01,Ecuador,0.4,15.14,84.46,0.0,100.0,0.2866666666666667,77.63166666666666,20.61583333333333,1.4633333333333332,
2020-06-01,Ecuador,0.38,18.32,80.53,0.76,99.99,0.2866666666666667,78.05333333333333,20.1925,1.4641666666666666,
2020-07-01,Ecuador,0.37,19.56,77.49,2.58,100.0,0.2866666666666667,78.45583333333333,19.794166666666666,1.4608333333333334,
2020-08-01,Ecuador,0.38,20.0,76.6,3.02,99.99999999999999,0.28750000000000003,78.73666666666666,19.509166666666665,1.4649999999999999,
2020-09-01,Ecuador,0.4,18.98,77.87,2.77,100.02000000000001,0.2891666666666667,79.18249999999999,19.08666666666667,1.4416666666666667,
2020-10-01,Ecuador,0.38,21.51,75.47,2.64,100.0,0.28833333333333333,79.27833333333332,18.99833333333333,1.4349999999999998,
2020-11-01,Ecuador,0.0,30.21,66.81,2.98,100.00000000000001,0.28833333333333333,78.28500000000001,19.96166666666667,1.4658333333333333,
2020-12-01,Ecuador,0.0,22.56,75.19,2.26,100.01,0.28833333333333333,77.95,20.288333333333334,1.4749999999999999,
2021-01-01,Ecuador,0.0,19.62,80.38,0.0,100.0,0.26,78.0675,20.256666666666664,1.4174999999999998,
2021-02-01,Ecuador,0.0,19.35,80.65,0.0,100.0,0.22916666666666666,78.27583333333332,20.07916666666667,1.4174999999999998,
2021-03-01,Ecuador,0.0,17.06,82.94,0.0,100.0,0.22916666666666666,78.62833333333333,19.72666666666667,1.4174999999999998,
2021-04-01,Ecuador,0.35,16.72,82.93,0.0,100.0,0.22166666666666665,78.44333333333333,19.919166666666666,1.4174999999999998,
2021-05-01,Ecuador,0.37,18.88,80.74,0.0,99.99,0.21916666666666665,78.13333333333333,20.230833333333333,1.4174999999999998,
2021-06-01,Ecuador,0.39,19.3,79.54,0.77,100.0,0.22,78.05083333333333,20.3125,1.4183333333333332,
2021-07-01,Ecuador,0.38,19.18,78.2,2.26,100.02,0.22083333333333333,78.11,20.280833333333334,1.3916666666666666,
2021-08-01,Ecuador,0.37,19.03,77.99,2.61,100.0,0.22,78.22583333333334,20.2,1.3575,
2021-09-01,Ecuador,0.4,21.77,75.4,2.42,99.99000000000001,0.22,78.02,20.4325,1.3283333333333334,
2021-10-01,Ecuador,0.0,24.06,73.31,2.63,100.0,0.18833333333333332,77.84,20.645,1.3275,
2021-11-01,Ecuador,0.0,19.03,78.36,2.61,100.0,0.18833333333333332,78.8025,19.713333333333335,1.2966666666666666,
2021-12-01,Ecuador,0.0,14.86,83.33,1.81,100.0,0.18833333333333332,79.48083333333334,19.071666666666665,1.2591666666666665,
2022-01-01,Ecuador,0.0,26.18,73.45,0.36,99.99,0.18833333333333332,78.90333333333334,19.618333333333336,1.2891666666666668,-4.482222222222219
2022-02-01,Ecuador,0.0,28.07,71.94,0.0,100.00999999999999,0.18833333333333332,78.17750000000001,20.345,1.2891666666666666,-5.9180555555555685
2022-03-01,Ecuador,0.0,20.68,79.32,0.0,100.0,0.18833333333333332,77.87583333333333,20.646666666666665,1.2891666666666666,1.6447222222222138
2022-04-01,Ecuador,0.0,21.18,78.82,0.0,100.0,0.15916666666666668,77.53333333333335,21.018333333333334,1.2891666666666666,1.1083333333333343
2022-05-01,Ecuador,0.35,19.1,80.56,0.0,100.00999999999999,0.1575,77.51833333333333,21.036666666666665,1.2891666666666666,2.846388888888896
2022-06-01,Ecuador,0.39,18.14,80.69,0.77,99.99,0.1575,77.61416666666666,20.94,1.2891666666666666,2.9288888888888778
2022-07-01,Ecuador,0.36,17.82,79.27,2.55,99.99999999999999,0.15583333333333335,77.70333333333333,20.826666666666668,1.3133333333333332,1.36388888888888
2022-08-01,Ecuador,0.36,19.22,77.94,2.49,100.00999999999999,0.155,77.69916666666667,20.8425,1.3033333333333335,-0.14972222222222342
2022-09-01,Ecuador,0.36,22.82,74.28,2.54,100.00000000000001,0.15166666666666664,77.60583333333334,20.93,1.3133333333333332,-3.9405555555555623
2022-10-01,Ecuador,0.0,28.31,69.49,2.21,100.00999999999999,0.15166666666666664,77.2875,21.284166666666668,1.2783333333333333,-8.77944444444445
2022-11-01,Ecuador,0.0,29.61,68.08,2.31,100.0,0.15166666666666664,76.43083333333333,22.165833333333335,1.2533333333333332,-10.055277777777789
2022-12-01,Ecuador,0.37,36.29,62.59,0.74,99.99,0.1825,74.7025,23.951666666666668,1.1641666666666668,-15.24944444444445
2023-01-01,Ecuador,0.37,39.18,60.45,0.0,100.0,0.21333333333333335,73.61916666666666,25.035,1.1341666666666665,-16.927777777777777
2023-02-01,Ecuador,0.4,35.2,64.4,0.0,100.00000000000001,0.24666666666666667,72.99083333333334,25.629166666666666,1.1341666666666665,-12.463333333333324
2023-03-01,Ecuador,0.33,20.46,79.21,0.0,100.0,0.27416666666666667,72.98166666666667,25.610833333333332,1.1341666666666665,2.7286111111110927
2023-04-01,Ecuador,0.34,18.3,81.36,0.0,100.0,0.3025,73.19333333333334,25.370833333333334,1.1341666666666665,4.864722222222213
2023-05-01,Ecuador,0.61,17.43,81.96,0.0,100.0,0.32416666666666666,73.31,25.23166666666667,1.1341666666666665,5.569999999999993
2023-06-01,Ecuador,0.65,16.45,82.58,0.32,100.0,0.3458333333333334,73.46749999999999,25.090833333333332,1.0966666666666667,6.259444444444441
2023-07-01,Ecuador,0.93,16.1,82.35,0.62,100.0,0.3933333333333333,73.72416666666666,24.9475,0.9358333333333332,5.972499999999997
2023-08-01,Ecuador,0.65,20.19,77.2,1.95,99.99000000000001,0.4175,73.66250000000001,25.028333333333336,0.8908333333333333,0.6875000000000142
2023-09-01,Ecuador,0.73,30.4,66.3,2.56,99.99000000000001,0.4483333333333333,72.9975,25.66,0.8925000000000001,-10.229166666666671
2023-10-01,Ecuador,0.69,34.95,61.94,2.42,100.0,0.5058333333333334,72.36833333333334,26.21333333333334,0.9099999999999998,-14.267777777777766
2023-11-01,Ecuador,0.73,39.05,57.66,2.55,99.99,0.5666666666666667,71.5,27.0,0.93,-18.17194444444445
2023-12-01,Ecuador,0.35,33.56,64.36,1.73,100.0,0.5650000000000001,71.6475,26.772499999999997,1.0125,-11.217777777777783
2024-01-01,Ecuador,0.34,24.83,74.49,0.34,100.0,0.5625,72.8175,25.576666666666664,1.0408333333333333,-0.786944444444444
2024-02-01,Ecuador,0.34,25.67,73.99,0.0,100.0,0.5575,73.61666666666666,24.7825,1.0408333333333333,-1.1233333333333348
2024-03-01,Ecuador,0.64,28.35,71.02,0.0,100.00999999999999,0.5833333333333334,72.93416666666667,25.44,1.0408333333333333,-3.9083333333333314
2024-04-01,Ecuador,0.33,31.13,68.54,0.0,100.0,0.5824999999999999,71.86583333333333,26.50916666666667,1.0408333333333333,-6.057222222222222
2024-05-01,Ecuador,0.63,27.59,71.79,0.0,100.01,0.5841666666666666,71.01833333333333,27.355833333333333,1.0408333333333333,-2.4074999999999847
2024-06-01,Ecuador,0.67,18.79,78.52,2.01,99.99,0.5858333333333333,70.67999999999999,27.550833333333333,1.1816666666666666,4.571111111111094
2024-07-01,Ecuador,1.32,23.76,72.28,2.64,100.0,0.6183333333333333,69.84083333333334,28.189166666666665,1.3499999999999999,-1.640555555555565
2024-08-01,Ecuador,1.09,31.16,64.86,2.9,100.01,0.655,68.8125,29.103333333333335,1.4291666666666665,-8.89611111111111
2024-09-01,Ecuador,0.78,36.72,59.77,2.73,100.00000000000001,0.6591666666666667,68.26833333333333,29.63,1.4433333333333334,-13.621388888888895
2024-10-01,Ecuador,0.81,43.95,52.42,2.82,100.0,0.6691666666666668,67.475,30.380000000000006,1.4766666666666666,-20.537222222222226
2024-11-01,Ecuador,0.45,51.12,45.29,3.14,100.0,0.6458333333333334,66.44416666666666,31.385833333333334,1.5258333333333332,-27.08694444444445
2024-12-01,Ecuador,0.38,41.67,56.44,1.52,100.01,0.6483333333333333,65.78416666666666,32.06166666666667,1.508333333333333,-15.01833333333333
2025-01-01,Ecuador,0.33,36.3,63.37,0.0,100.0,0.6475000000000001,64.8575,33.0175,1.4799999999999998,-7.341388888888893
2025-02-01,Ecuador,0.34,26.53,73.13,0.0,100.0,0.6475000000000001,64.78583333333334,33.089166666666664,1.4799999999999998,2.69861111111112
2025-03-01,Ecuador,0.3,23.08,76.63,0.0,100.00999999999999,0.6191666666666668,65.25333333333334,32.65,1.4799999999999998,6.165555555555542
2025-04-01,Ecuador,0.31,21.8,77.88,0.0,99.99,0.6175,66.03166666666667,31.8725,1.4799999999999998,7.490277777777777
2025-05-01,Ecuador,0.6,22.52,76.88,0.0,99.99999999999999,0.6150000000000001,66.45583333333333,31.450000000000003,1.4799999999999998,6.516388888888898
2025-06-01,Ecuador,0.65,20.78,78.57,0.0,100.0,0.6133333333333334,66.46,31.61583333333333,1.3125,8.308611111111105
2025-07-01,Ecuador,1.01,17.79,78.86,2.35,100.00999999999999,0.5875,67.00833333333333,31.118333333333336,1.2883333333333333,8.657499999999999
2025-08-01,Ecuador,0.64,21.86,74.92,2.57,99.99,0.5499999999999999,67.84666666666668,30.343333333333334,1.2608333333333335,4.728888888888903
2025-09-01,Ecuador,0.63,21.52,75.63,2.22,99.99999999999999,0.5375000000000001,69.16833333333334,29.076666666666668,1.2183333333333335,5.522777777777776
2019-01-01,El Salvador,2.5,22.5,20.0,55.0,100.0,,,,,
2019-02-01,El Salvador,4.35,36.96,19.57,39.14,100.02000000000001,,,,,
2019-03-01,El Salvador,4.35,30.43,21.74,43.48,100.0,,,,,
2019-04-01,El Salvador,4.44,35.56,24.44,35.56,100.0,,,,,
2019-05-01,El Salvador,4.55,31.82,31.82,31.82,100.00999999999999,,,,,
2019-06-01,El Salvador,5.13,33.33,28.21,33.33,100.0,,,,,
2019-07-01,El Salvador,4.65,46.51,18.6,30.23,99.99,,,,,
2019-08-01,El Salvador,4.65,46.51,18.6,30.23,99.99,,,,,
2019-09-01,El Salvador,4.44,31.11,37.78,26.67,100.0,,,,,
2019-10-01,El Salvador,4.35,13.04,54.35,28.26,100.00000000000001,,,,,
2019-11-01,El Salvador,4.65,23.26,37.21,34.89,100.01,,,,,
2019-12-01,El Salvador,7.32,17.07,19.51,56.1,100.0,4.615,27.6525,30.675,37.05916666666666,
2020-01-01,El Salvador,9.76,19.51,17.07,53.66,100.0,5.22,27.408333333333335,30.425833333333333,36.9475,
2020-02-01,El Salvador,9.3,23.26,16.28,51.17,100.01,5.6325,27.13416666666667,29.284166666666668,37.95,
2020-03-01,El Salvador,10.64,23.4,14.89,51.06,99.99000000000001,6.156666666666667,26.563333333333333,28.698333333333334,38.58166666666667,
2020-04-01,El Salvador,8.89,26.67,17.78,46.67,100.01,6.527500000000001,26.008333333333336,27.9575,39.5075,
2020-05-01,El Salvador,8.51,21.28,36.17,34.04,100.0,6.857499999999999,26.370833333333337,27.07916666666667,39.6925,
2020-06-01,El Salvador,9.3,11.63,51.16,27.91,99.99999999999999,7.205000000000001,28.28333333333333,25.270833333333332,39.240833333333335,
2020-07-01,El Salvador,11.11,17.78,44.44,26.67,100.0,7.743333333333333,30.436666666666667,22.876666666666665,38.94416666666667,
2020-08-01,El Salvador,9.09,13.64,50.0,27.27,100.0,8.113333333333333,33.053333333333335,20.1375,38.6975,
2020-09-01,El Salvador,8.33,10.42,56.25,25.0,100.0,8.4375,34.5925,18.413333333333334,38.55833333333334,
2020-10-01,El Salvador,8.33,14.58,50.0,27.08,99.99,8.769166666666667,34.23,18.541666666666668,38.46,
2020-11-01,El Salvador,6.67,8.89,57.78,26.67,100.01,8.9375,35.94416666666667,17.344166666666666,37.775,
2020-12-01,El Salvador,13.96,4.65,30.23,51.17,100.00999999999999,9.490833333333333,36.8375,16.309166666666666,37.36416666666667,
2021-01-01,El Salvador,15.91,4.55,27.27,52.269999999999996,100.0,10.003333333333332,37.6875,15.0625,37.248333333333335,
2021-02-01,El Salvador,13.96,6.98,27.91,51.17,100.02000000000001,10.391666666666667,38.656666666666666,13.705833333333333,37.24833333333333,
2021-03-01,El Salvador,12.5,10.42,29.17,47.92,100.01,10.546666666666667,39.84666666666667,12.624166666666667,36.986666666666665,
2021-04-01,El Salvador,13.33,22.22,22.22,42.22,99.99,10.916666666666666,40.21666666666666,12.253333333333336,36.615833333333335,
2021-05-01,El Salvador,13.96,27.91,23.26,34.89,100.02,11.370833333333335,39.140833333333326,12.805833333333334,36.68666666666667,
2021-06-01,El Salvador,9.76,21.95,34.15,34.15,100.00999999999999,11.409166666666666,37.723333333333336,13.665833333333333,37.20666666666666,
2021-07-01,El Salvador,13.33,15.56,40.0,31.11,100.0,11.594166666666666,37.35333333333333,13.480833333333335,37.57666666666667,
2021-08-01,El Salvador,10.87,8.7,52.17,28.26,100.0,11.7425,37.53416666666667,13.069166666666666,37.659166666666664,
2021-09-01,El Salvador,8.33,10.42,54.17,27.08,100.0,11.7425,37.36083333333333,13.069166666666668,37.832499999999996,
2021-10-01,El Salvador,11.110000000000001,22.22,37.78,28.89,100.0,11.974166666666667,36.3425,13.705833333333333,37.983333333333334,
2021-11-01,El Salvador,19.04,19.05,21.43,40.47,99.99,13.005,33.31333333333334,14.5525,39.13333333333333,
2021-12-01,El Salvador,15.55,22.22,15.56,46.66,99.99,13.137500000000001,32.090833333333336,16.016666666666666,38.7575,
2022-01-01,El Salvador,22.64,15.09,16.98,45.28,99.99000000000001,13.698333333333332,31.233333333333334,16.895,38.175,-15.21361111111111
2022-02-01,El Salvador,22.0,18.0,16.0,44.0,100.0,14.368333333333332,30.24083333333333,17.813333333333333,37.5775,-16.109722222222224
2022-03-01,El Salvador,19.36,25.8,16.13,38.709999999999994,99.99999999999999,14.94,29.154166666666665,19.095,36.81,-15.880555555555556
2022-04-01,El Salvador,18.03,32.78,18.03,31.15,99.99000000000001,15.331666666666669,28.805000000000003,19.975,35.887499999999996,-13.82472222222222
2022-05-01,El Salvador,13.24,36.76,26.47,23.53,100.0,15.271666666666668,29.072499999999994,20.7125,34.94083333333333,-5.2066666666666634
2022-06-01,El Salvador,15.79,22.81,36.84,24.560000000000002,100.0,15.774166666666666,29.296666666666667,20.784166666666668,34.141666666666666,5.31194444444445
2022-07-01,El Salvador,18.03,24.59,36.07,21.31,100.0,16.165833333333335,28.969166666666666,21.536666666666665,33.324999999999996,4.30222222222222
2022-08-01,El Salvador,18.959999999999997,15.52,43.1,22.41,99.99,16.84,28.213333333333335,22.105,32.8375,10.846944444444446
2022-09-01,El Salvador,13.33,13.33,56.67,16.67,100.0,17.256666666666668,28.42166666666667,22.3475,31.970000000000002,23.736388888888897
2022-10-01,El Salvador,16.92,15.39,49.23,18.46,100.0,17.74083333333333,29.375833333333333,21.778333333333332,31.10083333333333,15.771666666666661
2022-11-01,El Salvador,17.24,27.59,32.76,22.419999999999998,100.01,17.590833333333332,30.319999999999997,22.49,29.596666666666668,-0.5561111111111146
2022-12-01,El Salvador,23.080000000000002,11.54,21.15,44.23,100.0,18.218333333333334,30.785833333333333,21.599999999999998,29.394166666666663,-12.042500000000004
2023-01-01,El Salvador,19.67,24.59,16.39,39.34,99.99000000000001,17.970833333333335,30.736666666666668,22.391666666666666,28.89916666666667,-16.84805555555556
2023-02-01,El Salvador,20.34,27.11,16.95,35.59,99.99000000000001,17.8325,30.815833333333334,23.150833333333335,28.198333333333334,-16.269166666666667
2023-03-01,El Salvador,16.0,36.0,17.33,30.67,100.0,17.5525,30.915833333333335,24.000833333333333,27.528333333333332,-15.907777777777781
2023-04-01,El Salvador,15.719999999999999,44.29,12.86,27.14,100.01,17.36,30.485,24.959999999999997,27.194166666666664,-20.445555555555558
2023-05-01,El Salvador,13.93,53.16,11.39,21.52,99.99999999999999,17.4175,29.228333333333335,26.326666666666668,27.02666666666667,-21.778888888888893
2023-06-01,El Salvador,14.93,56.72,10.45,17.91,100.00999999999999,17.345833333333335,27.02916666666667,29.1525,26.4725,-22.030555555555555
2023-07-01,El Salvador,18.57,50.0,12.86,18.57,100.0,17.390833333333333,25.095,31.27,26.24416666666667,-18.48972222222222
2023-08-01,El Salvador,16.18,50.0,14.71,19.12,100.01,17.159166666666668,22.729166666666668,34.14333333333333,25.97,-15.762500000000006
2023-09-01,El Salvador,17.91,34.33,28.36,19.4,100.0,17.540833333333335,20.37,35.89333333333333,26.1975,-1.1322222222222251
2023-10-01,El Salvador,13.33,28.0,41.33,17.33,99.99,17.241666666666664,19.711666666666666,36.94416666666667,26.103333333333335,12.6125
2023-11-01,El Salvador,17.75,30.64,30.65,20.97,100.00999999999999,17.284166666666668,19.535833333333333,37.19833333333333,25.982499999999998,2.1733333333333285
2023-12-01,El Salvador,21.67,26.67,16.67,35.0,100.01,17.166666666666668,19.162499999999998,38.45916666666667,25.213333333333335,-11.053055555555552
2024-01-01,El Salvador,18.84,30.44,14.49,36.230000000000004,100.0,17.0975,19.004166666666666,38.946666666666665,24.954166666666666,-12.856388888888889
2024-02-01,El Salvador,20.0,35.39,9.23,35.38,100.0,17.069166666666668,18.360833333333336,39.63666666666666,24.936666666666667,-17.76138888888889
2024-03-01,El Salvador,17.810000000000002,38.36,10.96,32.879999999999995,100.00999999999999,17.220000000000002,17.83,39.833333333333336,25.120833333333334,-15.5125
2024-04-01,El Salvador,14.86,40.54,16.22,28.38,100.0,17.148333333333333,18.11,39.520833333333336,25.224166666666665,-9.746666666666666
2024-05-01,El Salvador,13.16,48.68,18.42,19.74,100.0,17.084166666666665,18.695833333333333,39.1475,25.075833333333332,-7.3799999999999955
2024-06-01,El Salvador,12.7,34.92,31.75,20.63,100.0,16.898333333333333,20.470833333333335,37.33083333333334,25.3025,6.084444444444447
2024-07-01,El Salvador,17.11,28.95,36.84,17.11,100.01,16.776666666666667,22.469166666666666,35.57666666666667,25.180833333333336,11.241111111111117
2024-08-01,El Salvador,17.11,21.05,47.37,14.47,99.99999999999999,16.854166666666668,25.190833333333334,33.16416666666667,24.793333333333333,21.858888888888888
2024-09-01,El Salvador,14.29,15.72,52.86,17.14,100.01,16.5525,27.232499999999998,31.613333333333333,24.605,27.48222222222222
2024-10-01,El Salvador,19.12,32.35,30.88,17.65,100.0,17.035,26.361666666666668,31.975833333333338,24.631666666666664,5.538611111111113
2024-11-01,El Salvador,16.67,33.33,30.0,20.0,100.0,16.945,26.307500000000005,32.199999999999996,24.550833333333333,4.850277777777777
2024-12-01,El Salvador,20.97,25.81,16.13,37.099999999999994,100.00999999999999,16.886666666666667,26.262500000000003,32.12833333333334,24.725833333333338,-9.257777777777779
2019-01-01,Mexico,8.77,79.02,6.57,5.63,99.99,,,,,
2019-02-01,Mexico,6.890000000000001,81.53,7.61,3.9699999999999998,100.0,,,,,
2019-03-01,Mexico,9.11,77.88,7.28,5.74,100.00999999999999,,,,,
2019-04-01,Mexico,8.27,77.54,9.22,4.970000000000001,100.0,,,,,
2019-05-01,Mexico,7.039999999999999,79.45,9.94,3.58,100.01,,,,,
2019-06-01,Mexico,7.029999999999999,79.37,9.06,4.52,99.98,,,,,
2019-07-01,Mexico,8.18,79.0,8.01,4.81,100.0,,,,,
2019-08-01,Mexico,6.59,81.16,7.51,4.73,99.99,,,,,
2019-09-01,Mexico,7.08,81.27,6.28,5.37,100.0,,,,,
2019-10-01,Mexico,7.24,81.59,5.73,5.4399999999999995,100.0,,,,,
2019-11-01,Mexico,9.71,77.9,6.24,6.1499999999999995,100.00000000000001,,,,,
2019-12-01,Mexico,10.31,77.85,5.58,6.279999999999999,100.02,8.018333333333333,7.4191666666666665,79.46333333333332,5.099166666666666,
2020-01-01,Mexico,11.33,77.3,5.0,6.37,100.0,8.231666666666667,7.288333333333334,79.32000000000001,5.160833333333333,
2020-02-01,Mexico,11.75,77.08,4.74,6.44,100.00999999999999,8.636666666666667,7.0491666666666655,78.94916666666667,5.366666666666666,
2020-03-01,Mexico,11.03,76.36,6.56,6.06,100.01,8.796666666666667,6.989166666666667,78.8225,5.3933333333333335,
2020-04-01,Mexico,10.47,73.05,10.05,6.42,99.99,8.979999999999999,7.058333333333333,78.44833333333334,5.514166666666667,
2020-05-01,Mexico,10.26,72.94,11.17,5.62,99.99000000000001,9.248333333333333,7.160833333333333,77.90583333333333,5.684166666666666,
2020-06-01,Mexico,9.72,75.67,9.71,4.91,100.00999999999999,9.4725,7.215,77.59750000000001,5.716666666666668,
2020-07-01,Mexico,9.57,75.7,9.99,4.74,100.0,9.588333333333333,7.38,77.3225,5.710833333333333,
2020-08-01,Mexico,9.469999999999999,76.63,10.2,3.7,100.0,9.828333333333333,7.604166666666667,76.945,5.625,
2020-09-01,Mexico,8.6,77.47,10.9,3.04,100.01,9.955,7.989166666666667,76.62833333333333,5.430833333333333,
2020-10-01,Mexico,11.06,75.02,9.04,4.890000000000001,100.01,10.273333333333333,8.264999999999999,76.08083333333333,5.385000000000001,
2020-11-01,Mexico,12.61,75.7,7.48,4.21,100.0,10.515,8.368333333333334,75.8975,5.223333333333334,
2020-12-01,Mexico,13.75,74.56,7.7,3.99,100.0,10.801666666666668,8.545,75.62333333333333,5.0325,
2021-01-01,Mexico,13.02,76.14,7.76,3.08,100.0,10.9425,8.775,75.52666666666666,4.758333333333333,
2021-02-01,Mexico,13.55,73.22,8.9,4.34,100.01,11.092500000000001,9.121666666666668,75.205,4.583333333333333,
2021-03-01,Mexico,14.48,71.04,8.51,5.97,100.0,11.38,9.284166666666668,74.76166666666667,4.575833333333333,
2021-04-01,Mexico,12.63,71.19,10.57,5.6,99.99,11.56,9.3275,74.60666666666667,4.5075,
2021-05-01,Mexico,12.52,71.51,10.97,5.0,100.0,11.748333333333335,9.310833333333333,74.4875,4.4558333333333335,
2021-06-01,Mexico,9.2,76.64,9.5,4.67,100.01,11.705,9.293333333333333,74.56833333333333,4.435833333333334,
2021-07-01,Mexico,11.34,74.26,9.96,4.449999999999999,100.01,11.8525,9.290833333333333,74.44833333333334,4.411666666666666,
2021-08-01,Mexico,10.7,71.42,12.99,4.88,99.99,11.954999999999998,9.523333333333333,74.01416666666667,4.51,
2021-09-01,Mexico,9.120000000000001,69.54,16.28,5.07,100.01000000000002,11.998333333333333,9.971666666666666,73.35333333333334,4.679166666666666,
2021-10-01,Mexico,10.71,68.98,15.8,4.52,100.01,11.969166666666666,10.535,72.85000000000001,4.6483333333333325,
2021-11-01,Mexico,14.219999999999999,70.73,9.42,5.630000000000001,100.0,12.103333333333333,10.696666666666667,72.43583333333333,4.766666666666667,
2021-12-01,Mexico,12.32,74.14,7.38,6.16,100.0,11.984166666666667,10.67,72.40083333333334,4.947500000000001,
2022-01-01,Mexico,11.46,76.31,6.68,5.55,100.0,11.854166666666666,10.58,72.415,5.153333333333333,-2.1980555555555554
2022-02-01,Mexico,12.52,74.58,7.01,5.890000000000001,100.0,11.768333333333333,10.422500000000001,72.52833333333334,5.2825,-1.8711111111111123
2022-03-01,Mexico,13.7,73.2,7.79,5.3100000000000005,100.0,11.703333333333333,10.362499999999999,72.70833333333333,5.2275,-1.0744444444444445
2022-04-01,Mexico,11.52,75.88,9.23,3.38,100.00999999999999,11.610833333333334,10.250833333333334,73.09916666666668,5.0424999999999995,0.35138888888888786
2022-05-01,Mexico,10.61,74.79,11.22,3.37,99.99000000000001,11.451666666666666,10.271666666666667,73.3725,4.906666666666667,2.341111111111113
2022-06-01,Mexico,10.3,73.21,11.77,4.720000000000001,100.0,11.543333333333335,10.460833333333333,73.08666666666667,4.910833333333334,2.8555555555555543
2022-07-01,Mexico,11.19,74.71,9.58,4.51,99.99,11.530833333333334,10.429166666666665,73.12416666666667,4.9158333333333335,0.5902777777777786
2022-08-01,Mexico,9.379999999999999,72.43,13.74,4.45,100.00000000000001,11.420833333333333,10.491666666666667,73.20833333333333,4.88,4.706666666666667
2022-09-01,Mexico,8.39,72.03,15.94,3.65,100.01,11.36,10.463333333333333,73.41583333333334,4.761666666666667,6.733611111111111
2022-10-01,Mexico,9.879999999999999,72.78,14.0,3.33,99.99,11.290833333333333,10.313333333333334,73.7325,4.6625000000000005,4.525277777777779
2022-11-01,Mexico,11.469999999999999,72.65,11.39,4.48,99.99000000000001,11.061666666666667,10.477500000000001,73.8925,4.566666666666667,1.6855555555555561
2022-12-01,Mexico,12.16,74.31,7.48,6.039999999999999,99.99000000000001,11.048333333333334,10.485833333333334,73.90666666666667,4.556666666666667,-2.3674999999999997
2023-01-01,Mexico,12.100000000000001,75.65,6.18,6.07,100.0,11.101666666666667,10.444166666666666,73.85166666666666,4.6000000000000005,-3.7202777777777776
2023-02-01,Mexico,13.14,75.33,5.67,5.87,100.01,11.153333333333334,10.3325,73.91416666666667,4.598333333333334,-4.263055555555555
2023-03-01,Mexico,12.55,76.06,5.83,5.569999999999999,100.00999999999999,11.0575,10.169166666666667,74.15249999999999,4.62,-4.1288888888888895
2023-04-01,Mexico,11.99,75.57,7.0,5.46,100.02,11.096666666666666,9.983333333333333,74.12666666666667,4.793333333333334,-2.9386111111111113
2023-05-01,Mexico,10.32,77.92,7.07,4.7,100.01,11.0725,9.637500000000001,74.3875,4.904166666666666,-2.783888888888889
2023-06-01,Mexico,10.21,78.63,6.83,4.33,99.99999999999999,11.065,9.225833333333334,74.83916666666666,4.871666666666667,-2.91
2023-07-01,Mexico,11.79,78.86,5.12,4.24,100.00999999999999,11.115,8.854166666666666,75.185,4.849166666666666,-4.54
2023-08-01,Mexico,10.15,79.67,5.95,4.23,100.00000000000001,11.179166666666667,8.205,75.78833333333334,4.8308333333333335,-3.5747222222222215
2023-09-01,Mexico,10.25,79.32,6.98,3.46,100.00999999999999,11.334166666666667,7.458333333333333,76.39583333333333,4.815,-2.4266666666666676
2023-10-01,Mexico,10.58,80.83,5.68,2.91,100.0,11.3925,6.765000000000001,77.06666666666668,4.78,-3.6177777777777766
2023-11-01,Mexico,11.46,79.66,4.42,4.470000000000001,100.00999999999999,11.391666666666667,6.184166666666666,77.65083333333332,4.779166666666667,-4.7844444444444445
2023-12-01,Mexico,11.32,78.53,4.18,5.97,100.0,11.321666666666667,5.909166666666667,78.0025,4.773333333333333,-4.939444444444446
2024-01-01,Mexico,11.63,78.9,4.41,5.07,100.00999999999999,11.2825,5.761666666666667,78.27333333333333,4.69,-4.611666666666668
2024-02-01,Mexico,12.98,77.49,3.86,5.66,99.99,11.269166666666665,5.610833333333333,78.45333333333333,4.6725,-5.068611111111112
2024-03-01,Mexico,12.190000000000001,78.77,4.54,4.49,99.99,11.239166666666668,5.503333333333334,78.67916666666666,4.5825000000000005,-4.248611111111111
2024-04-01,Mexico,12.8,78.53,5.54,3.13,100.0,11.306666666666667,5.381666666666667,78.92583333333333,4.388333333333334,-3.1383333333333345
2024-05-01,Mexico,10.05,79.44,6.88,3.6500000000000004,100.02000000000001,11.284166666666666,5.365833333333334,79.0525,4.300833333333334,-1.658611111111111
2024-06-01,Mexico,9.39,80.24,5.98,4.39,100.0,11.215833333333334,5.295000000000001,79.18666666666667,4.305833333333333,-2.4449999999999985
2024-07-01,Mexico,10.09,79.89,6.3,3.73,100.01,11.074166666666668,5.3933333333333335,79.2725,4.263333333333334,-2.027222222222222
2024-08-01,Mexico,10.58,77.08,8.25,4.09,100.0,11.11,5.585,79.05666666666666,4.251666666666667,0.024444444444444713
2024-09-01,Mexico,8.24,76.1,11.39,4.28,100.00999999999999,10.9425,5.952500000000001,78.78833333333334,4.32,3.296111111111111
2024-10-01,Mexico,11.21,75.16,9.0,4.63,100.0,10.995,6.229166666666667,78.31583333333333,4.463333333333334,1.041944444444444
2024-11-01,Mexico,11.469999999999999,75.34,8.16,5.04,100.01,10.995833333333335,6.540833333333334,77.95583333333333,4.510833333333333,0.39083333333333314
2024-12-01,Mexico,12.43,76.36,5.42,5.78,99.99000000000001,11.088333333333333,6.644166666666667,77.77499999999999,4.495,-2.314166666666667
2025-01-01,Mexico,12.399999999999999,77.25,4.91,5.4399999999999995,100.0,11.152500000000002,6.685833333333334,77.63749999999999,4.525833333333334,-2.769722222222221
2025-02-01,Mexico,13.280000000000001,75.61,5.66,5.449999999999999,100.0,11.1775,6.835833333333333,77.48083333333334,4.508333333333334,-1.9705555555555554
2025-03-01,Mexico,13.01,75.09,6.9,5.0,100.0,11.245833333333332,7.0325,77.17416666666666,4.550833333333333,-0.6930555555555555
2025-04-01,Mexico,14.05,76.44,6.63,2.88,100.0,11.350000000000001,7.123333333333334,77.0,4.53,-0.9383333333333326
2025-05-01,Mexico,10.719999999999999,79.56,7.19,2.5300000000000002,100.0,11.405833333333334,7.149166666666666,77.01,4.4366666666666665,-0.306111111111111
2025-06-01,Mexico,10.7,78.09,8.94,2.27,100.0,11.515,7.395833333333333,76.83083333333333,4.26,1.5558333333333332
2025-07-01,Mexico,12.29,74.32,9.51,3.88,99.99999999999999,11.698333333333332,7.663333333333333,76.36666666666666,4.2725,2.2044444444444444
2025-08-01,Mexico,10.38,78.69,7.33,3.6100000000000003,100.01,11.681666666666667,7.586666666666667,76.50083333333333,4.2325,0.026388888888888573
2025-09-01,Mexico,8.4,75.92,11.65,4.0200000000000005,99.99,11.695,7.608333333333334,76.48583333333333,4.210833333333333,4.524444444444444
2025-10-01,Mexico,10.29,74.04,12.8,2.8699999999999997,100.00000000000001,11.618333333333332,7.925000000000001,76.3925,4.064166666666667,5.793611111111112
2019-01-01,Peru,3.77,34.22,61.78,0.22,99.99,,,,,
2019-02-01,Peru,3.39,28.09,68.28,0.24,100.0,,,,,
2019-03-01,Peru,4.8,28.76,66.01,0.44,100.01,,,,,
2019-04-01,Peru,4.83,24.37,70.34,0.46,100.0,,,,,
2019-05-01,Peru,4.47,33.04,62.05,0.45,100.01,,,,,
2019-06-01,Peru,4.67,45.22,49.65,0.47,100.00999999999999,,,,,
2019-07-01,Peru,5.0,47.27,47.05,0.68,100.0,,,,,
2019-08-01,Peru,4.32,52.16,43.05,0.46,99.99,,,,,
2019-09-01,Peru,5.14,51.87,42.52,0.47,100.0,,,,,
2019-10-01,Peru,5.34,46.54,47.44,0.67,99.99,,,,,
2019-11-01,Peru,4.76,37.41,57.14,0.68,99.99000000000001,,,,,
2019-12-01,Peru,4.57,26.36,68.63,0.44,99.99999999999999,4.588333333333334,56.995000000000005,37.9425,0.47333333333333333,
2020-01-01,Peru,3.71,25.71,70.15,0.44,100.00999999999999,4.583333333333333,57.6925,37.233333333333334,0.4916666666666667,
2020-02-01,Peru,3.87,26.65,69.02,0.46,99.99999999999999,4.623333333333333,57.75416666666666,37.11333333333334,0.51,
2020-03-01,Peru,4.76,16.79,77.94,0.5,99.99000000000001,4.62,58.74833333333333,36.115833333333335,0.515,
2020-04-01,Peru,6.58,3.29,89.47,0.66,100.0,4.765833333333333,60.3425,34.35916666666667,0.5316666666666666,
2020-05-01,Peru,5.69,11.98,81.74,0.6,100.00999999999999,4.867500000000001,61.98333333333333,32.604166666666664,0.5441666666666666,
2020-06-01,Peru,5.869999999999999,36.27,57.33,0.53,100.0,4.9675,62.623333333333335,31.858333333333334,0.5491666666666667,
2020-07-01,Peru,5.57,44.79,49.39,0.24,99.99,5.015,62.818333333333335,31.651666666666667,0.5125000000000001,
2020-08-01,Peru,5.640000000000001,49.3,44.6,0.47,100.00999999999999,5.125,62.9475,31.41333333333333,0.5133333333333333,
2020-09-01,Peru,5.74,49.76,43.78,0.72,100.0,5.175,63.0525,31.2375,0.5341666666666667,
2020-10-01,Peru,5.59,47.65,45.86,0.89,99.99,5.195833333333334,62.92083333333334,31.33,0.5525000000000001,
2020-11-01,Peru,5.48,53.2,40.41,0.91,100.0,5.255833333333333,61.52666666666667,32.645833333333336,0.5716666666666667,
2020-12-01,Peru,4.81,34.5,60.04,0.66,100.00999999999999,5.275833333333333,60.810833333333335,33.32416666666666,0.59,
2021-01-01,Peru,5.05,21.27,73.03,0.66,100.00999999999999,5.387499999999999,61.05083333333332,32.954166666666666,0.6083333333333333,
2021-02-01,Peru,4.1,25.06,70.12,0.72,100.0,5.406666666666666,61.142500000000005,32.821666666666665,0.63,
2021-03-01,Peru,4.33,27.06,68.18,0.43,100.00000000000001,5.370833333333334,60.32916666666667,33.6775,0.6241666666666666,
2021-04-01,Peru,5.09,21.53,72.92,0.46,100.0,5.246666666666667,58.949999999999996,35.1975,0.6075,
2021-05-01,Peru,4.85,37.31,57.4,0.44,100.0,5.176666666666667,56.921666666666674,37.30833333333333,0.5941666666666666,
2021-06-01,Peru,4.07,46.38,48.87,0.68,100.0,5.026666666666666,56.21666666666666,38.15083333333333,0.6066666666666667,
2021-07-01,Peru,4.68,49.44,44.99,0.89,100.0,4.9525,55.849999999999994,38.538333333333334,0.6608333333333333,
2021-08-01,Peru,5.47,52.08,41.58,0.88,100.00999999999999,4.9383333333333335,55.59833333333333,38.77,0.695,
2021-09-01,Peru,4.48,53.24,41.83,0.45,100.00000000000001,4.833333333333333,55.435833333333335,39.06,0.6725,
2021-10-01,Peru,5.43,44.9,48.81,0.87,100.01,4.82,55.681666666666665,38.83083333333333,0.6708333333333334,
2021-11-01,Peru,5.28,41.19,52.86,0.66,99.99,4.803333333333334,56.719166666666666,37.83,0.65,
2021-12-01,Peru,4.49,32.05,62.82,0.64,100.0,4.776666666666666,56.95083333333334,37.62583333333333,0.6483333333333333,
2022-01-01,Peru,4.69,32.84,61.83,0.64,100.0,4.746666666666667,56.017500000000005,38.59,0.6466666666666667,3.5777777777777757
2022-02-01,Peru,4.3999999999999995,28.24,66.9,0.46,100.0,4.7716666666666665,55.74916666666667,38.855,0.6250000000000001,8.646388888888893
2022-03-01,Peru,4.24,27.75,67.58,0.42,99.99,4.764166666666667,55.69916666666666,38.9125,0.6241666666666666,9.36472222222222
2022-04-01,Peru,5.430000000000001,24.21,69.91,0.45,100.00000000000001,4.7925,55.44833333333333,39.13583333333333,0.6233333333333334,11.651111111111106
2022-05-01,Peru,5.01,37.47,57.08,0.44,100.0,4.805833333333333,55.42166666666666,39.149166666666666,0.6233333333333334,-1.1669444444444395
2022-06-01,Peru,4.83,46.27,48.25,0.66,100.00999999999999,4.869166666666667,55.370000000000005,39.14,0.6216666666666667,-9.858888888888892
2022-07-01,Peru,4.9,52.24,42.22,0.64,100.0,4.8875,55.139166666666675,39.373333333333335,0.6008333333333333,-15.850000000000001
2022-08-01,Peru,5.29,52.54,41.31,0.85,99.99,4.8725,55.11666666666667,39.41166666666667,0.5983333333333334,-16.625833333333333
2022-09-01,Peru,5.97,53.52,39.66,0.85,100.0,4.996666666666667,54.935833333333335,39.435,0.6316666666666667,-18.2275
2022-10-01,Peru,5.78,53.2,40.41,0.62,100.01,5.025833333333334,54.23583333333334,40.12666666666667,0.6108333333333333,-17.398055555555565
2022-11-01,Peru,4.35,57.97,36.85,0.83,100.0,4.948333333333333,52.90166666666667,41.525,0.625,-20.762777777777778
2022-12-01,Peru,4.1899999999999995,53.89,41.32,0.6,100.0,4.923333333333333,51.10999999999999,43.345,0.6216666666666667,-15.729166666666664
2023-01-01,Peru,4.5,37.63,57.26,0.61,100.0,4.9075,50.729166666666664,43.744166666666665,0.6191666666666666,0.9694444444444414
2023-02-01,Peru,3.5300000000000002,31.35,64.68,0.44,100.0,4.835,50.54416666666666,44.00333333333334,0.6174999999999999,8.747500000000002
2023-03-01,Peru,3.52,40.71,55.38,0.39,100.00000000000001,4.775,49.5275,45.083333333333336,0.615,-0.43194444444444
2023-04-01,Peru,5.38,34.16,60.04,0.41,99.99,4.770833333333333,48.705000000000005,45.9125,0.6116666666666667,4.854722222222222
2023-05-01,Peru,5.73,43.97,49.9,0.41,100.00999999999999,4.8308333333333335,48.10666666666666,46.45416666666666,0.6091666666666666,-4.467777777777776
2023-06-01,Peru,5.4399999999999995,57.32,36.61,0.63,100.0,4.881666666666667,47.13666666666666,47.375,0.6066666666666666,-16.873333333333335
2023-07-01,Peru,5.41,59.05,34.93,0.62,100.01,4.924166666666667,46.52916666666667,47.942499999999995,0.605,-17.97777777777778
2023-08-01,Peru,5.51,60.0,33.88,0.61,100.0,4.9425,45.910000000000004,48.564166666666665,0.585,-18.626111111111108
2023-09-01,Peru,7.26,60.58,31.33,0.83,99.99999999999999,5.05,45.215833333333336,49.1525,0.5833333333333334,-20.878333333333337
2023-10-01,Peru,7.0600000000000005,52.02,40.12,0.81,100.01,5.156666666666666,45.19166666666667,49.05416666666667,0.5991666666666666,-11.742500000000007
2023-11-01,Peru,7.470000000000001,46.06,45.85,0.62,100.0,5.416666666666667,45.94166666666667,48.06166666666667,0.5816666666666667,-5.8530555555555495
2023-12-01,Peru,7.140000000000001,29.56,62.7,0.6,100.0,5.6625000000000005,47.723333333333336,46.034166666666664,0.5816666666666667,10.845833333333331
2024-01-01,Peru,6.88,28.1,64.44,0.59,100.00999999999999,5.860833333333333,48.321666666666665,45.24,0.58,12.511944444444445
2024-02-01,Peru,6.32,31.83,61.43,0.41,99.99,6.093333333333334,48.05083333333334,45.28,0.5775,9.74055555555556
2024-03-01,Peru,7.6899999999999995,30.77,61.14,0.39,99.99,6.440833333333334,48.530833333333334,44.45166666666666,0.5775,9.691944444444445
2024-04-01,Peru,7.88,26.06,65.45,0.61,100.0,6.649166666666666,48.98166666666666,43.77666666666667,0.5941666666666666,14.197500000000005
2024-05-01,Peru,9.04,36.54,54.02,0.4,100.0,6.925000000000001,49.32500000000001,43.1575,0.5933333333333334,2.9750000000000085
2024-06-01,Peru,7.53,48.54,43.31,0.63,100.00999999999999,7.099166666666666,49.88333333333333,42.42583333333333,0.5933333333333334,-7.641111111111108
2024-07-01,Peru,8.84,51.2,39.36,0.6,100.0,7.385000000000001,50.2525,41.77166666666667,0.5916666666666667,-11.436666666666667
2024-08-01,Peru,10.299999999999999,50.3,38.61,0.79,100.0,7.784166666666668,50.64666666666667,40.96333333333333,0.6066666666666667,-12.030277777777776
2024-09-01,Peru,10.38,50.92,37.88,0.81,99.99000000000001,8.044166666666667,51.1925,40.15833333333333,0.605,-12.67777777777777
2024-10-01,Peru,10.0,50.39,38.82,0.78,99.99000000000001,8.289166666666667,51.084166666666675,40.0225,0.6025,-11.628055555555555
2024-11-01,Peru,8.73,42.86,47.62,0.79,100.0,8.394166666666667,51.23166666666666,39.755833333333335,0.6166666666666667,-2.5505555555555546
2024-12-01,Peru,9.83,26.59,62.81,0.77,100.0,8.618333333333334,51.240833333333335,39.50833333333333,0.6308333333333332,12.784999999999997
2025-01-01,Peru,8.51,25.14,65.57,0.77,99.99,8.754166666666668,51.335,39.26166666666666,0.6458333333333334,15.54527777777777
2025-02-01,Peru,5.76,31.07,62.55,0.62,100.0,8.7075,51.428333333333335,39.19833333333333,0.6633333333333333,12.421388888888892
2025-03-01,Peru,8.24,32.59,58.8,0.37,100.0,8.753333333333332,51.23333333333333,39.35,0.6616666666666667,8.792222222222222
2025-04-01,Peru,10.219999999999999,25.35,64.05,0.39,100.01,8.948333333333332,51.11666666666667,39.29083333333333,0.6433333333333333,14.286111111111111
2025-05-01,Peru,9.469999999999999,29.59,60.55,0.39,100.0,8.984166666666667,51.66083333333333,38.711666666666666,0.6425,10.948888888888881
2025-06-01,Peru,9.35,37.4,52.64,0.61,100.0,9.135833333333332,52.43833333333333,37.78333333333334,0.6408333333333334,2.9425000000000026
2025-07-01,Peru,8.52,46.93,43.96,0.59,100.0,9.109166666666665,52.821666666666665,37.4275,0.64,-5.859444444444449
2025-08-01,Peru,10.48,47.04,41.7,0.79,100.01,9.124166666666666,53.07916666666666,37.155833333333334,0.64,-8.167777777777772
2025-09-01,Peru,11.75,47.21,40.04,1.0,100.0,9.238333333333333,53.259166666666665,36.84666666666667,0.6558333333333334,-9.838611111111106
2025-10-01,Peru,12.350000000000001,33.46,53.23,0.95,99.99,9.434166666666666,54.46,35.435833333333335,0.6699999999999999,3.340833333333329
2019-01-01,Uruguay,29.28,5.71,60.0,5.0,99.99,,,,,
2019-02-01,Uruguay,30.0,5.45,58.18,6.36,99.99000000000001,,,,,
2019-03-01,Uruguay,40.0,0.0,53.91,6.09,100.0,,,,,
2019-04-01,Uruguay,35.0,0.0,57.0,8.0,100.0,,,,,
2019-05-01,Uruguay,32.28,0.0,61.42,6.3,100.0,,,,,
2019-06-01,Uruguay,46.39,1.03,45.36,7.22,100.0,,,,,
2019-07-01,Uruguay,40.68,0.0,52.54,6.78,100.0,,,,,
2019-08-01,Uruguay,37.41,0.72,56.12,5.76,100.01,,,,,
2019-09-01,Uruguay,38.550000000000004,7.29,46.88,7.29,100.01000000000002,,,,,
2019-10-01,Uruguay,40.17,2.56,51.28,5.98,99.99000000000001,,,,,
2019-11-01,Uruguay,32.85,0.0,64.96,2.19,100.0,,,,,
2019-12-01,Uruguay,39.28,0.0,53.57,7.14,99.99,36.82416666666666,55.10166666666667,1.8966666666666667,6.175833333333333,
2020-01-01,Uruguay,45.36,3.09,43.3,8.25,100.0,38.16416666666667,53.71,1.6783333333333335,6.446666666666666,
2020-02-01,Uruguay,47.26,6.59,37.36,8.79,100.0,39.6025,51.975,1.7733333333333334,6.649166666666666,
2020-03-01,Uruguay,51.220000000000006,12.2,25.61,10.98,100.01000000000002,40.5375,49.61666666666667,2.7899999999999996,7.056666666666666,
2020-04-01,Uruguay,75.0,0.0,11.76,13.24,100.0,43.87083333333334,45.846666666666664,2.7899999999999996,7.493333333333333,
2020-05-01,Uruguay,66.26,0.0,22.89,10.84,99.99000000000001,46.70250000000001,42.63583333333333,2.7899999999999996,7.871666666666666,
2020-06-01,Uruguay,41.12,0.93,49.53,8.41,99.99000000000001,46.26333333333334,42.98333333333333,2.7816666666666663,7.970833333333334,
2020-07-01,Uruguay,39.7,5.34,48.09,6.87,100.00000000000001,46.181666666666665,42.612500000000004,3.2266666666666666,7.978333333333333,
2020-08-01,Uruguay,52.42,0.0,38.83,8.74,99.99,47.432500000000005,41.17166666666667,3.1666666666666665,8.226666666666667,
2020-09-01,Uruguay,51.050000000000004,0.0,40.63,8.33,100.01,48.47416666666667,40.65083333333333,2.5591666666666666,8.313333333333334,
2020-10-01,Uruguay,50.480000000000004,7.62,33.33,8.57,100.0,49.333333333333336,39.155,2.980833333333333,8.529166666666667,
2020-11-01,Uruguay,48.0,24.0,23.0,5.0,100.0,50.59583333333334,35.65833333333334,4.980833333333333,8.763333333333334,
2020-12-01,Uruguay,52.0,20.0,19.0,9.0,100.0,51.655833333333334,32.7775,6.6475,8.918333333333333,
2021-01-01,Uruguay,43.64,25.46,22.73,8.18,100.01000000000002,51.512499999999996,31.063333333333333,8.511666666666665,8.9125,
2021-02-01,Uruguay,36.08,8.25,48.45,7.22,100.0,50.58083333333334,31.9875,8.65,8.781666666666666,
2021-03-01,Uruguay,40.0,31.11,20.0,8.89,100.0,49.64583333333334,31.52,10.225833333333334,8.6075,
2021-04-01,Uruguay,47.730000000000004,7.95,35.23,9.09,100.00000000000001,47.373333333333335,33.475833333333334,10.888333333333334,8.261666666666667,
2021-05-01,Uruguay,43.919999999999995,16.82,30.84,8.41,99.98999999999998,45.51166666666666,34.138333333333335,12.29,8.059166666666668,
2021-06-01,Uruguay,38.89,5.55,48.41,7.14,99.99,45.32583333333333,34.044999999999995,12.674999999999999,7.953333333333333,
2021-07-01,Uruguay,37.76,12.59,43.36,6.29,100.00000000000001,45.16416666666667,33.65083333333333,13.279166666666667,7.905000000000001,
2021-08-01,Uruguay,29.93,27.74,35.77,6.57,100.00999999999999,43.29,33.395833333333336,15.59083333333333,7.724166666666666,
2021-09-01,Uruguay,31.009999999999998,19.62,44.3,5.06,99.99000000000001,41.62,33.70166666666667,17.22583333333333,7.451666666666667,
2021-10-01,Uruguay,34.33,12.69,46.27,6.72,100.00999999999999,40.274166666666666,34.779999999999994,17.64833333333333,7.2975,
2021-11-01,Uruguay,44.440000000000005,18.52,29.63,7.41,100.0,39.9775,35.332499999999996,17.191666666666666,7.498333333333334,
2021-12-01,Uruguay,42.31,24.03,25.96,7.69,99.99000000000001,39.169999999999995,35.9125,17.5275,7.389166666666667,
2022-01-01,Uruguay,41.07,34.82,16.96,7.14,99.99,38.95583333333334,35.431666666666665,18.3075,7.302499999999999,-24.303888888888885
2022-02-01,Uruguay,40.0,35.79,16.84,7.37,100.0,39.2825,32.79750000000001,20.602500000000003,7.315,-23.228333333333335
2022-03-01,Uruguay,49.449999999999996,14.29,30.77,5.49,99.99999999999999,40.07,33.695,19.200833333333332,7.031666666666666,-8.149999999999995
2022-04-01,Uruguay,35.17,1.1,54.95,8.79,100.00999999999999,39.02333333333333,35.33833333333333,18.63,7.006666666666667,16.67277777777778
2022-05-01,Uruguay,34.95,0.97,55.34,8.74,100.0,38.27583333333333,37.379999999999995,17.309166666666666,7.034166666666667,17.119722222222222
2022-06-01,Uruguay,30.330000000000002,4.92,57.38,7.38,100.01,37.5625,38.127500000000005,17.256666666666664,7.054166666666666,19.328611111111115
2022-07-01,Uruguay,33.33,5.34,54.67,6.67,100.01,37.193333333333335,39.07,16.6525,7.0858333333333325,16.28472222222222
2022-08-01,Uruguay,32.63,0.0,60.99,6.38,100.0,37.41833333333333,41.17166666666667,14.34083333333333,7.07,22.54555555555556
2022-09-01,Uruguay,43.0,0.0,50.0,7.0,100.0,38.4175,41.64666666666667,12.705833333333333,7.2316666666666665,11.420277777777777
2022-10-01,Uruguay,58.42,0.0,33.71,7.87,100.0,40.425000000000004,40.6,11.648333333333333,7.3275,-4.956388888888888
2022-11-01,Uruguay,51.620000000000005,1.08,39.78,7.53,100.01,41.02333333333333,41.44583333333333,10.195,7.3374999999999995,1.6016666666666737
2022-12-01,Uruguay,44.76,22.85,24.76,7.62,99.99000000000001,41.2275,41.34583333333333,10.096666666666666,7.331666666666667,-12.718888888888888
2023-01-01,Uruguay,41.67,28.71,22.22,7.41,100.00999999999999,41.277499999999996,41.78416666666667,9.5875,7.354166666666667,-14.45861111111111
2023-02-01,Uruguay,54.8,21.92,15.07,8.22,100.01,42.51083333333334,41.63666666666667,8.431666666666667,7.425,-21.02305555555555
2023-03-01,Uruguay,49.379999999999995,24.69,16.05,9.88,99.99999999999999,42.505,40.410000000000004,9.298333333333334,7.790833333333334,-19.423888888888893
2023-04-01,Uruguay,56.45,16.13,20.97,6.45,100.0,44.278333333333336,37.57833333333333,10.550833333333333,7.595833333333332,-14.238333333333337
2023-05-01,Uruguay,55.879999999999995,4.41,33.82,5.88,99.98999999999998,46.0225,35.785000000000004,10.8375,7.357500000000001,-1.6441666666666706
2023-06-01,Uruguay,39.74,11.53,33.33,15.38,99.97999999999999,46.80666666666667,33.780833333333334,11.388333333333334,8.024166666666668,-2.4377777777777823
2023-07-01,Uruguay,46.599999999999994,0.0,41.75,11.65,100.0,47.9125,32.70416666666667,10.943333333333333,8.439166666666667,6.432222222222229
2023-08-01,Uruguay,48.6,0.0,40.19,11.21,100.0,49.24333333333334,30.970833333333335,10.943333333333333,8.841666666666667,5.048333333333332
2023-09-01,Uruguay,50.49,0.0,38.61,10.89,99.99,49.8675,30.021666666666665,10.943333333333333,9.165833333333333,3.430555555555557
2023-10-01,Uruguay,52.800000000000004,0.0,33.71,13.48,99.99000000000001,49.399166666666666,30.021666666666665,10.943333333333333,9.633333333333335,-1.413333333333334
2023-11-01,Uruguay,48.879999999999995,0.0,38.89,12.22,99.99,49.17083333333333,29.9475,10.853333333333333,10.024166666666668,3.7561111111111103
2023-12-01,Uruguay,41.84,0.0,44.9,13.27,100.01,48.9275,31.625833333333333,8.949166666666667,10.495,9.32472222222222
2024-01-01,Uruguay,40.949999999999996,0.0,45.71,13.33,99.99,48.8675,33.583333333333336,6.556666666666666,10.988333333333335,9.415277777777774
2024-02-01,Uruguay,35.71,0.0,50.0,14.29,100.0,47.27666666666667,36.494166666666665,4.7299999999999995,11.494166666666667,13.066944444444445
2024-03-01,Uruguay,36.27,0.0,50.0,13.73,100.00000000000001,46.18416666666667,39.32333333333333,2.6725,11.815,13.02388888888889
2024-04-01,Uruguay,41.11,0.0,43.33,15.56,100.0,44.905833333333334,41.18666666666667,1.3283333333333334,12.574166666666665,5.5205555555555605
2024-05-01,Uruguay,27.34,6.48,56.12,10.07,100.00999999999999,42.527499999999996,43.044999999999995,1.5008333333333332,12.923333333333334,18.08555555555555
2024-06-01,Uruguay,36.510000000000005,0.0,54.76,8.73,100.00000000000001,42.25833333333333,44.83083333333334,0.54,12.369166666666667,16.023333333333333
2024-07-01,Uruguay,28.79,0.76,56.82,13.64,100.01,40.774166666666666,46.086666666666666,0.6033333333333334,12.534999999999998,17.90694444444445
2024-08-01,Uruguay,37.75,0.0,49.67,12.58,100.0,39.87,46.876666666666665,0.6033333333333334,12.649166666666666,10.38305555555555
2024-09-01,Uruguay,37.93,0.0,45.69,16.38,100.0,38.82333333333333,47.46666666666667,0.6033333333333334,13.106666666666667,6.016944444444441
2024-10-01,Uruguay,32.33,0.0,54.14,13.53,100.0,37.1175,49.16916666666666,0.6033333333333334,13.110833333333334,14.428333333333327
2024-11-01,Uruguay,40.0,0.0,47.5,12.5,100.0,36.3775,49.88666666666666,0.6033333333333334,13.134166666666665,7.569722222222225
2024-12-01,Uruguay,43.14,0.0,46.08,10.78,100.0,36.48583333333334,49.98500000000001,0.6033333333333334,12.926666666666668,5.653333333333329
2025-01-01,Uruguay,40.19,3.92,39.22,16.67,100.0,36.42250000000001,49.44416666666666,0.93,13.204999999999998,-1.765555555555558
2025-02-01,Uruguay,37.629999999999995,8.61,39.78,13.98,100.0,36.5825,48.5925,1.6475,13.179166666666667,-1.823888888888888
2025-03-01,Uruguay,40.22,2.18,41.3,16.3,100.0,36.91166666666667,47.8675,1.8291666666666666,13.393333333333336,-0.9411111111111126
2025-04-01,Uruguay,46.25,0.0,33.75,20.0,100.0,37.339999999999996,47.06916666666666,1.8291666666666666,13.763333333333335,-8.783611111111114
2025-05-01,Uruguay,39.0,0.0,48.0,13.0,100.0,38.31166666666667,46.392500000000005,1.2891666666666666,14.007499999999999,6.055277777777775
2025-06-01,Uruguay,31.009999999999998,2.33,55.81,10.85,99.99999999999999,37.85333333333333,46.48,1.4833333333333334,14.184166666666668,14.069166666666668
2025-07-01,Uruguay,32.06,3.05,51.15,13.74,100.0,38.12583333333333,46.0075,1.6741666666666664,14.1925,9.452777777777776
2025-08-01,Uruguay,38.35,0.0,48.12,13.53,100.0,38.17583333333334,45.87833333333333,1.6741666666666664,14.271666666666667,6.520555555555553
2025-09-01,Uruguay,34.68,0.0,53.23,12.1,100.00999999999999,37.905,46.50666666666666,1.6741666666666664,13.915000000000001,11.988055555555555
2025-10-01,Uruguay,43.690000000000005,0.0,44.66,11.65,100.0,38.85166666666667,45.71666666666667,1.6741666666666664,13.758333333333333,3.328333333333333
