Auction program and round,Status,Market,Region,Sector,Bid type,Auction category,Auction type,Contract type ,Contract duration (years),Contract duration (months),Payment currency,Indexation,Notes,Average price (local currency per megawatt-hour),Average price (US dollars per megawatt-hour),Average price (local currency per megawatt),Target capacity min (megawatts),Target capacity max (megawatts),Target energy sold (megawatt-hour),Subsector of awarded capacity,Technology groups in auction round,Procured energy (megawatt-hour),Allocated capacity (megawatts),Bid capacity (megawatts),Participation - bids vs. allocated capacity (%),Participation - allocated capacity vs. target (%),Auction year,Announce-ment year,Auction open date,Project commissioning deadline,Price
Australia Powering Queensland Plan - Renewables,Completed,Australia,Australia,Solar,Standalone,Auction,Pay_As_Bid,Unknown,10.00,0.00,AUD,Fixed,Price per MWh not disclosed,,,,0.00,400.00,,PV,Unknown,0.00,400.00,400.00,100%,100%,2012,2012,,9/1/2024,
ACT Solar Round 1 Fast-track,Completed,Australia,Australia,Solar,Standalone,Auction,Pay_As_Bid,Unknown,20.00,0.00,AUD,Fixed,,186.00,179.43,,,,,PV,Unknown,0.00,20.00,20.00,100%,#N/A,2013,2013,,,179.4327609
ACT Solar Round 1 Regular Stream,Completed,Australia,Australia,Solar,Standalone,Auction,Pay_As_Bid,Unknown,20.00,0.00,AUD,Fixed,,181.70,136.42,,,,,PV,Unknown,0.00,20.00,20.00,100%,#N/A,2015,2015,,,136.4208459
ACT Wind Round 1,Completed,Australia,Australia,Wind,Standalone,Auction,Pay_As_Bid,Unknown,20.00,0.00,AUD,Fixed,,89.09,66.23,,,,,Onshore wind,Unknown,0.00,200.00,200.00,100%,#N/A,2016,2016,,,66.23494424
ACT Wind Round 2,Completed,Australia,Australia,Wind,Standalone,Auction,Pay_As_Bid,Unknown,20.00,0.00,AUD,Fixed,,83.05,61.75,,,,,Onshore wind,Unknown,0.00,200.00,200.00,100%,#N/A,2016,2016,,,61.7472119
South Australian Grid-connected battery storage,Completed,Australia,Australia,Energy_Storage,Standalone,Project_Tender,Unknown,Unknown,15.00,0.00,AUD,Fixed,Price per MWh not disclosed,,,,0.00,100.00,,Battery storage,Unknown,80.00,200.00,200.00,100%,200%,2017,2017,,12/31/2017,
Victorian Government Storage Initiative,Completed,Australia,Australia,Energy_Storage,Standalone,Project_Tender,Unknown,Capex_Support,15.00,0.00,AUD,Fixed,Price per MWh not disclosed,,,,0.00,40.00,,Battery storage,Unknown,,55.00,55.00,100%,138%,2017,2017,,1/1/2018,
South Australian 150MW Solar Thermal Tender,Completed,Australia,Australia,Solar,Standalone,Project_Tender,Unknown,Unknown,15.00,0.00,AUD,Fixed,,78.00,59.78,,0.00,150.00,,Solar thermal,Unknown,0.00,150.00,150.00,100%,100%,2017,2017,,,59.77927652
ACT Wind Round 3,Completed,Australia,Australia,Wind,Standalone,Auction,Pay_As_Bid,Unknown,20.00,0.00,AUD,Fixed,,79.18,60.68,,0.00,200.00,,Onshore wind,Unknown,0.00,202.00,202.00,100%,101%,2017,2017,,,60.68362968
ACT Wind 2020 Fixed,Completed,Australia,Australia,Wind,Standalone,Auction,Pay_As_Bid,Unknown,14.00,0.00,AUD,Fixed,,44.97,30.96,,0.00,100.00,,Onshore wind,Unknown,0.00,100.00,100.00,100%,100%,2020,2020,,,30.96041308
Australia Victorian Renewable Energy Auction Scheme,Completed,Australia,Australia,Renewables_Other,Standalone,Auction,Pay_As_Bid,Unknown,15.00,0.00,AUD,Fixed,,56.00,38.55,,0.00,650.00,,Unknown technology,Unknown,0.00,650.00,650.00,100%,100%,2020,2017,,9/30/2020,38.55421687
ACT Wind 2020 Linked,Completed,Australia,Australia,Wind,Standalone,Auction,Pay_As_Bid,Unknown,10.00,0.00,AUD,Indexed,,54.73,37.68,,0.00,100.00,,Onshore wind,Unknown,0.00,100.00,100.00,100%,100%,2020,2020,,,37.67986231
Victorian Renewable Energy Target Auction 2 (VRET2),Completed,Australia,Australia,Renewables_Other,Standalone,Auction,Pay_As_Bid,Unknown,10.00,0.00,AUD,Unknown,Price per MWh not disclosed,,,,600.00,600.00,,Unknown technology,Unknown,,623.00,623.00,100%,104%,2021,2021,8/31/2021,12/31/2024,
ACT Canberra Big Battery ,Completed,Australia,Australia,Energy_Storage,Standalone,Project_Tender,Unknown,Unknown,10.00,0.00,AUD,Unknown,Price per MWh not disclosed,,,,250.00,250.00,,Battery storage,Unknown,,250.00,,#N/A,100%,2022,2021,12/23/2021,,
New South Wales Renewables and Storage Tender Round 1,Completed,Australia,Australia,Co_Located,Standalone,Project_Tender,Pay_As_Bid,Hybrid,20.00,0.00,AUD,Unknown,1000MW generation 600MW storage. Price per MWh not disclosed,,,,1600.00,1600.00,,Solar and wind and storage,Group of technologies,,1395.00,,#N/A,87%,2022,2022,10/4/2022,1/1/2025,
New South Wales Renewables and Storage Tender Round 2,Completed,Australia,Australia,Energy_Storage,Standalone,Project_Tender,Pay_As_Bid,Hybrid,20.00,0.00,AUD,Unknown,380MW tender for firming assets,,,,380.00,380.00,,Battery storage,Group of technologies,,550.00,,#N/A,145%,2023,2023,4/3/2023,12/31/2025,
New South Wales Renewables and Storage Tender Round 3,Completed,Australia,Australia,Co_Located,Standalone,Project_Tender,Pay_As_Bid,Hybrid,20.00,0.00,AUD,Unknown,The tender is seeking an indicative amount of 2500GWh (around 950MW) of generation and 550MW of Long Duration Storage,,,,1500.00,1500.00,,Solar and wind and storage,Group of technologies,,1274.00,,#N/A,85%,2023,2023,5/22/2023,12/31/2025,
New South Wales Renewables and Storage Tender Round 4,Completed,Australia,Australia,Co_Located,Standalone,Project_Tender,Pay_As_Bid,Contract_For_Difference_One_Way,20.00,0.00,AUD,Unknown,"Two projects representing 312 MW (980 GWh) of renewable energy generation, including one with 372 MWh of storage were successful under this round",,,,1150.00,1150.00,,Solar and wind and storage,Group of technologies,980000.00,312.00,,#N/A,27%,2023,2024,10/31/2023,12/31/2027,
"Capacity Investment Scheme, South Australia-Victoria",Completed,Australia,Australia,Energy_Storage,Standalone,Project_Tender,Pay_As_Bid,Capacity_Payment,15.00,0.00,AUD,Unknown,"6 projects awarded, which will provide 3,626 MWh (995 MW) of dispatchable capacity to South Australia and Victoria.",,,,600.00,,,Battery storage,Group of technologies,3626.00,995.00,,#N/A,#N/A,2024,2024,10/31/2023,12/31/2027,
New South Wales Renewables and Storage Tender Round 5,Completed,Australia,Australia,Energy_Storage,Standalone,Project_Tender,Pay_As_Bid,Capacity_Payment,20.00,0.00,AUD,Unknown,Three projects representing 1.03GW (13.79 GWh) of long duration storage have received Long-Term Energy Service Agreements ,,,,1000.00,1000.00,,Other storage,Group of technologies,13790.00,1030.00,,#N/A,103%,2024,2025,5/22/2024,,
"Capacity Investment Scheme, NEM Generation, Tender 1",Completed,Australia,Australia,Renewables_Other,Standalone,Project_Tender,Pay_As_Bid,Contract_For_Difference_Two_Way,15.00,0.00,AUD,Unknown,The Tender is seeking an indicative 6GW of renewable electricity generation across the National Electricity Market,,,,6000.00,6000.00,,Solar and wind,Group of technologies,,6400.00,27000.00,422%,107%,2024,2024,5/31/2024,12/31/2028,
"Capacity Investment Scheme, WEM Clean Dispatchable, Tender 2",Completed,Australia,Australia,Co_Located,Standalone,Project_Tender,Pay_As_Bid,Hybrid,15.00,0.00,AUD,Unknown,"2,595 MWh of clean dispatchable capacity across the WEM",,,,,500.00,2000,Solar and wind and storage,Group of technologies,2595.00,654.00,,#N/A,131%,2024,2024,6/28/2024,,
"Capacity Investment Scheme NEM Dispatchable, Tender 3",Announced,Australia,Australia,Co_Located,Standalone,Project_Tender,Pay_As_Bid,Hybrid,15.00,0.00,AUD,Unknown,"The Tender is seeking an indicative target of 4 GW of four-hour equivalent dispatchable capacity, or 16 GWh of dispatchable capacity",,,,,4000.00,16000,Solar and wind and storage,Group of technologies,,,,,,2025,2024,11/13/2024,12/31/2029,
"Capacity Investment Scheme NEM Generation, Tender 4",Announced,Australia,Australia,Renewables_Other,Standalone,Project_Tender,Pay_As_Bid,Contract_For_Difference_Two_Way,15.00,0.00,AUD,Unknown,Tender 4 is a competitive process to secure an indicative target of 6 GW of renewable generation projects in the NEM.,,,,,6000.00,,Solar and wind,Group of technologies,,,,,,2025,2024,11/28/2024,,
Canada LRP I Renewables Auction - Small Hydro,Completed,Canada,Canada,Hydro,Unknown,Auction,Pay_As_Bid,Unknown,,,CAD,Unknown,,175.92,135.51,,,,,Run of river,Unknown,0.00,15.50,15.50,100%,#N/A,2017,,,,135.5107071
Canada LRP I Renewables Auction - Solar,Completed,Canada,Canada,Solar,Unknown,Auction,Pay_As_Bid,Unknown,,,CAD,Unknown,,156.67,120.68,,,,,PV,Unknown,0.00,139.89,139.89,100%,#N/A,2017,,,,120.6824834
SaskPower Renewable Energy RFP,Completed,Canada,Canada,Wind,Unknown,Auction,Pay_As_Bid,Unknown,25.00,0.00,CAD,Indexed,,42.00,32.35,,0.00,200.00,,Onshore wind,Unknown,0.00,200.00,200.00,100%,100%,2017,,,12/31/2021,32.35248806
AESO Renewable Electricity Program: Round 1,Completed,Canada,Canada,Renewables_Other,Standalone,Auction,Pay_As_Bid,Unknown,20.00,0.00,CAD,Indexed,,37.00,28.55,,0.00,400.00,,Unknown technology,Unknown,0.00,596.00,596.00,100%,149%,2018,,,12/31/2019,28.54718
Canada LRP I Renewables Auction - Wind,Completed,Canada,Canada,Wind,Standalone,Auction,Pay_As_Bid,Unknown,,,USD,Unknown,,85.94,85.94,,,,,Onshore wind,Unknown,0.00,299.50,299.50,100%,#N/A,2018,,,,85.94
AESO Renewable Electricity Program: Round 3,Completed,Canada,Canada,Wind,Standalone,Auction,Pay_As_Bid,Unknown,20.00,0.00,CAD,Indexed,,40.14,30.97,,0.00,400.00,,Onshore wind,Unknown,0.00,400.80,400.80,100%,100%,2018,,,6/30/2021,30.96983257
AESO Renewable Electricity Program: Round 2,Completed,Canada,Canada,Wind,Standalone,Auction,Pay_As_Bid,Unknown,20.00,0.00,CAD,Indexed,,38.69,29.16,,0.00,300.00,,Onshore wind,Unknown,0.00,363.00,363.00,100%,121%,2019,,,6/30/2021,29.16038589
Canada Nova Scotia 2022 Rate Base Procurement Auction,Completed,Canada,Canada,Wind,Standalone,Auction,Pay_As_Bid,Unknown,25.00,0.00,CAD,Unknown,,53.00,40.71,,,,,Onshore wind,Unknown,,372.00,372.00,100%,#N/A,2022,2022,,12/31/2025,40.70973193
Canada Hydro-Quebec A/O 2021-01 Renewables Sources - 480MW,Completed,Canada,Canada,Wind,Mixed,Auction,Pay_As_Bid,Unknown,30.00,0.00,CAD,Indexed,,61.00,45.20,,,480.00,,Onshore wind,Technology neutral,,1001.40,1001.00,100%,209%,2023,2021,12/13/2021,12/1/2026,45.20192664
Canada Hydro-Quebec A/O 2021-02 - Call for Wind - 300MW,Completed,Canada,Canada,Wind,Standalone,Auction,Pay_As_Bid,Unknown,30.00,0.00,CAD,Indexed,,61.00,45.20,,,300.00,,Onshore wind,Technology specific,,302.32,302.00,100%,101%,2023,2021,,12/1/2026,45.20192664
Canada Hydro-Quebec A/O 2023-01 Wind Auction - 1.55GW,Completed,Canada,Canada,Wind,Mixed,Auction,Pay_As_Bid,Unknown,30.00,0.00,CAD,Indexed,,58.14,42.44,,,1500.00,1.03,Onshore wind,Technology specific,2024.00,1550.00,3035.00,196%,103%,2024,2023,3/31/2023,1/23/2024,42.4376167
BC Hydro Call for Power 2024,Completed,Canada,Canada,Wind,Standalone,Auction,Pay_As_Bid,Power_Purchase_Agreement,30.00,0.00,CAD,Indexed,"Contracts are indexed to the year of comissioning, with 2031 being the latest projects are allowed to commission without facing a penalty.",,,,,,90000000,Onshore wind,Group of technologies,150000000.00,1635.00,1635.00,100%,#N/A,2024,2024,,10/1/2031,
New Brunswick Power Renewables Expressions of Interest 2023,Completed,Canada,Canada,Wind,Standalone,Auction,Unknown,Power_Purchase_Agreement,,,CAD,Unknown,,,,,,220.00,,Onshore wind,Unknown,,25.00,25.00,100%,11%,2024,2023,2/10/2023,7/1/2027,
Nova Scotia Green Choice Program,Completed,Canada,Canada,Wind,Standalone,Auction,Pay_As_Bid,Power_Purchase_Agreement,25.00,0.00,CAD,Fixed,Only solar and wind projects were permitted to apply. ,,,,,,2000,Onshore wind,Group of technologies,2000.00,725.90,725.90,100%,#N/A,2024,2023,12/5/2023,12/31/2027,
Newfoundland Labrador Hydro Expression of interest for Energy,Announced,Canada,Canada,Renewables_Other,Unknown,Auction,Unknown,Unknown,,,CAD,Unknown,,,,,,,,Unknown technology,Unknown,,,,,,2026,2024,,,
Ontario IESO Expedited Long-Term 1 RFP for capacity,Completed,Canada,Canada,Energy_Storage,Standalone,Auction,Pay_As_Bid,Capacity_Payment,20.00,0.00,CAD,Fixed,Capaicty payment in CAD$ per MW-business day. Targert capacity of 900MW for both energy storage categories/rounds.,,,836.77,,900.00,,Battery storage,Group of technologies,,780.00,,0%,87%,2023,,,12/31/2027,
Ontario IESO Expedited Long-Term 1 RFP for capacity,Completed,Canada,Canada,Energy_Storage,Standalone,Auction,Pay_As_Bid,Capacity_Payment,20.00,0.00,CAD,Fixed,Capaicty payment in CAD$ per MW-business day. Targert capacity of 900MW for both energy storage categories/rounds.,,,1111.06,,,,Battery storage,Group of technologies,,149.97,,0%,#N/A,2023,,,12/31/2027,
Ontario IESO Long-Term 1 RFP for capacity,Completed,Canada,Canada,Energy_Storage,Standalone,Auction,Pay_As_Bid,Capacity_Payment,20.00,0.00,CAD,Fixed,Capaicty payment in CAD$ per MW-business day,,,672.32,,1600.00,,Battery storage,Group of technologies,,1883.15,,0%,118%,2024,,,,
Ontario IESO Long-Term 2 RFP for capacity,Announced,Canada,Canada,Energy_Storage,Standalone,Auction,Pay_As_Bid,Capacity_Payment,20.00,0.00,CAD,Fixed,Capaicty payment in CAD$ per MW-business day. Targert capacity of 600MW in total.,,,,,,,Battery storage,Group of technologies,,,,,,2025,,,5/1/2030,
Ontario IESO Long-Term 2 RFP for capacity,Announced,Canada,Canada,Energy_Storage,Standalone,Auction,Pay_As_Bid,Capacity_Payment,20.00,0.00,CAD,Fixed,Capaicty payment in CAD$ per MW-business day. Targert capacity of 600MW in total.,,,,,600.00,,Other storage,Group of technologies,,,,,,2025,,,5/1/2030,
Ontario IESO Long-Term 2 RFP for capacity,Announced,Canada,Canada,Energy_Storage,Standalone,Auction,Pay_As_Bid,Capacity_Payment,20.00,0.00,CAD,Fixed,Capaicty payment in CAD$ per MW-business day. Targert capacity of 400MW in total.,,,,,,,Battery storage,Group of technologies,,,,,,2026,,,5/1/2031,
Ontario IESO Long-Term 2 RFP for capacity,Announced,Canada,Canada,Energy_Storage,Standalone,Auction,Pay_As_Bid,Capacity_Payment,20.00,0.00,CAD,Fixed,Capaicty payment in CAD$ per MW-business day. Targert capacity of 400MW in total.,,,,,400.00,,Other storage,Group of technologies,,,,,,2026,,,5/1/2031,
Ontario IESO Long-Term 2 RFP for capacity,Announced,Canada,Canada,Energy_Storage,Standalone,Auction,Pay_As_Bid,Capacity_Payment,20.00,0.00,CAD,Fixed,Capaicty payment in CAD$ per MW-business day. Targert capacity of 300MW in total.,,,,,,,Battery storage,Group of technologies,,,,,,2027,,,5/1/2032,
Ontario IESO Long-Term 2 RFP for capacity,Announced,Canada,Canada,Energy_Storage,Standalone,Auction,Pay_As_Bid,Capacity_Payment,20.00,0.00,CAD,Fixed,Capaicty payment in CAD$ per MW-business day. Targert capacity of 300MW in total.,,,,,300.00,,Other storage,Group of technologies,,,,,,2027,,,5/1/2032,
Ontario IESO Long-Term 2 RFP for capacity,Announced,Canada,Canada,Energy_Storage,Standalone,Auction,Pay_As_Bid,Capacity_Payment,20.00,0.00,CAD,Fixed,Capaicty payment in CAD$ per MW-business day. Targert capacity of 300MW in total.,,,,,,,Battery storage,Group of technologies,,,,,,2028,,,5/1/2033,
Ontario IESO Long-Term 2 RFP for capacity,Announced,Canada,Canada,Energy_Storage,Standalone,Auction,Pay_As_Bid,Capacity_Payment,20.00,0.00,CAD,Fixed,Capaicty payment in CAD$ per MW-business day. Targert capacity of 300MW in total.,,,,,300.00,,Other storage,Group of technologies,,,,,,2028,,,5/1/2033,
Albania Pilot Auction- Solar Round 1,Completed,Albania,Europe,Solar,Standalone,Project_Tender,Pilot_Other,Power_Purchase_Agreement,15.00,0.00,EUR,Unknown,"The Albanian Energy and Infrastructure Ministry has selected a consortium led by India Power Corporation to build the country’s first solar power plant with an installed capacity of 100 MW, in an investment worth EUR 70 million.",59.90,70.66,,0.00,50.00,,PV,Technology specific,,50.00,50.00,100%,100%,2018,2018,8/6/2018,,70.66179073
Albania Mixed Renewables Auctions - Solar Round 2 (Karavasta),Completed,Albania,Europe,Solar,Standalone,Project_Tender,Pay_As_Clear,Contract_For_Difference_Two_Way,15.00,0.00,EUR,Fixed,Albania held an auction for a 140 MW solar power project in 2020. Price excludes VAT for 70% of production.,24.89,28.38,,0.00,140.00,,PV,Technology specific,0.00,140.00,140.00,100%,100%,2020,,,1/27/2021,28.37760803
Albania Mixed Renewables Auctions - Solar Round 3 (Spitalle),Completed,Albania,Europe,Solar,Standalone,Project_Tender,Pay_As_Clear,Contract_For_Difference_Two_Way,15.00,0.00,EUR,Fixed,,29.89,35.34,,0.00,100.00,,PV,Technology specific,0.00,100.00,100.00,100%,100%,2021,,,1/27/2021,35.335146
Albania Mixed Renewables Auctions - Wind Round 1,Completed,Albania,Europe,Wind,Standalone,Auction,Pay_As_Clear,Contract_For_Difference_Two_Way,15.00,0.00,EUR,Fixed,"Albania awarded 222.5MW of wind projects in its first auction for the technology, more than the 100MW originally planned. The weighted average bid price in the auction was 64.5 euros/MWh",64.50,69.74,,0.00,100.00,,Onshore wind,Technology specific,0.00,222.50,,#N/A,223%,2023,2021,6/22/2021,,69.74480969
Albania Mixed Renewables Auctions - Solar Round 4,Completed,Albania,Europe,Solar,Standalone,Auction,Pay_As_Clear,Contract_For_Difference_Two_Way,15.00,0.00,EUR,,,51.30,55.49,,0.00,300.00,,PV,Technology specific,,355.90,356.00,100%,119%,2024,,7/10/2024,,55.48945376
Austria Renewable Energy Auctions  - 2022 - Round 1 (Solar),Completed,Austria,Europe,Solar,Standalone,Auction,Pay_As_Bid,Contract_For_Difference_One_Way,20.00,0.00,EUR,Fixed,"In 2022 Austria held one PV auction, in December, which awarded 398.112MW of capacity at a weighted average price of €73.7 per MWh.",73.70,77.46,,,700.00,,PV,Technology specific,,398.11,398.11,100%,57%,2022,2022,13/12/2022,12/12/2023,77.46478873
Austria Renewable Energy Auctions  - 2022 Round 1 (Biomass),Completed,Austria,Europe,Biomass_And_Waste,Standalone,Auction,Pay_As_Bid,Contract_For_Difference_One_Way,20.00,0.00,EUR,Fixed,"In 2022 Austria held one biomass auction, which awarded 10MW at at average price of €165/MWh.",165.00,173.43,,,7.50,,Biomass,Technology specific,,10.00,10.00,100%,133%,2022,2022,13/12/2022,12/12/2025,173.4286315
Austria Renewable Energy Auctions  - 2023 - Round 2 (Solar),Completed,Austria,Europe,Solar,Standalone,Auction,Pay_As_Bid,Contract_For_Difference_One_Way,20.00,0.00,EUR,Fixed,In February 2023 Austria held a PV auction which awarded 59.831MW of capacity at a weighted average price of €91.8 per MWh.,91.80,99.26,,,175.00,,PV,Technology specific,,59.83,59.83,100%,34%,2023,2023,14/02/2023,14/02/2024,99.26470588
Austria Renewable Energy Auctions  - 2023 Round 2 (Biomass),Completed,Austria,Europe,Biomass_And_Waste,Standalone,Auction,Pay_As_Bid,Contract_For_Difference_One_Way,20.00,0.00,EUR,Fixed,"In June 2023 Austria held a biomass auction, which awarded no capacity.",0.00,,,,7.50,,Biomass,Technology specific,,0.00,0.00,,,2023,2023,20/06/2023,20/06/2026,#N/A
Austria Renewable Energy Auctions  - 2023 - Round 3 (Solar),Completed,Austria,Europe,Solar,Standalone,Auction,Pay_As_Bid,Contract_For_Difference_One_Way,20.00,0.00,EUR,Fixed,In April 2023 Austria held a PV auction which awarded 20.579MW of capacity at a weighted average price of €90.0 per MWh.,90.00,97.32,,,290.17,,PV,Technology specific,,20.58,20.58,100%,7%,2023,2023,25/04/2023,25/04/2024,97.3183391
Austria Renewable Energy Auctions  - 2023 - Round 4 (Solar),Completed,Austria,Europe,Solar,Standalone,Auction,Pay_As_Bid,Contract_For_Difference_One_Way,20.00,0.00,EUR,Fixed,In July 2023 Austria held a PV auction which awarded 84.749MW of capacity at a weighted average price of €77.6 per MWh.,77.60,83.91,,,444.59,,PV,Technology specific,,84.75,84.75,100%,19%,2023,2023,25/07/2023,25/07/2024,83.9100346
Austria Renewable Energy Auctions  - 2023 - Round 5 (Solar),Completed,Austria,Europe,Solar,Standalone,Auction,Pay_As_Bid,Contract_For_Difference_One_Way,20.00,0.00,EUR,Fixed,In October 2023 Austria held a PV auction which awarded 83.7MW of capacity at a weighted average price of €92.2 per MWh.,92.20,99.70,,,534.84,,PV,Technology specific,,83.71,83.71,100%,16%,2023,2023,10/10/2023,10/10/2024,99.69723183
Austria Wind Auction  December 2022,Completed,Austria,Europe,Wind,Standalone,Auction,Pay_As_Bid,Contract_For_Difference_One_Way,20.00,0.00,EUR,Fixed,"In 2022 Austria held one wind auction, in December, which awarded 45.4MW of capacity at a weighted average price of €82.2 per MWh.",82.20,86.40,,,190.00,,Onshore wind,Technology specific,,45.40,45.40,100%,24%,2022,2022,11/22/2022,12/29/2025,86.39899096
Austria Wind Auction  March 2023,Completed,Austria,Europe,Wind,Standalone,Auction,Pay_As_Bid,Contract_For_Difference_One_Way,20.00,0.00,EUR,Fixed,,82.20,88.88,,,100.00,,Onshore wind,Technology specific,,100.80,,0%,101%,2023,2022,12/6/2022,12/5/2025,88.88408304
Austria Wind Auction  June 2023,Completed,Austria,Europe,Wind,Standalone,Auction,Pay_As_Bid,Contract_For_Difference_One_Way,20.00,0.00,EUR,Fixed,,82.20,88.88,,,100.00,,Onshore wind,Technology specific,,52.80,,0%,53%,2023,2022,2/14/2023,2/13/2026,88.88408304
Austria Wind Auction September 2023,Completed,Austria,Europe,Wind,Standalone,Auction,Pay_As_Bid,Contract_For_Difference_One_Way,20.00,0.00,EUR,Fixed,No bids were submitted,0.00,,,,100.00,,Onshore wind,Technology specific,,0.00,0.00,,,2023,2022,9/26/2023,10/31/2026,#N/A
Austria Wind Auction  December 2023,Completed,Austria,Europe,Wind,Standalone,Auction,Pay_As_Bid,Contract_For_Difference_One_Way,20.00,0.00,EUR,Fixed,,92.60,100.13,,,346.40,,Onshore wind,Technology specific,,154.55,,0%,45%,2023,2022,6/20/2023,6/19/2026,100.1297578
Austria Wind Auction  May 2024,Completed,Austria,Europe,Wind,Standalone,Auction,Pay_As_Bid,Contract_For_Difference_One_Way,20.00,0.00,EUR,Fixed,,95.80,103.62,,,282.00,,Onshore wind,Technology specific,,161.55,,0%,57%,2024,2024,5/14/2024,,103.6235803
Austria Wind Auction  August 2024,Completed,Austria,Europe,Wind,Standalone,Auction,Pay_As_Bid,Contract_For_Difference_One_Way,20.00,0.00,EUR,Fixed,,94.90,102.65,,,220.45,,Onshore wind,Technology specific,,35.20,,0%,16%,2024,2024,8/2/2024,,102.6500811
Austria Wind Auction  October 2024,Completed,Austria,Europe,Wind,Standalone,Auction,Pay_As_Bid,Contract_For_Difference_One_Way,20.00,0.00,EUR,Fixed,,95.90,103.73,,,285.25,,Onshore wind,Technology specific,,30.20,30.20,100%,11%,2024,2024,10/18/2024,11/8/2027,103.7317469
Austria Wind Auction  December 2024,Completed,Austria,Europe,Wind,Standalone,Auction,Pay_As_Bid,Contract_For_Difference_One_Way,20.00,0.00,EUR,Fixed,,95.90,103.07,,,355.00,,Onshore wind,Technology specific,,230.80,230.80,100%,65%,2025,2024,12/12/2024,1/7/2028,103.0739467
Austria Wind Auction  March 2025,Completed,Austria,Europe,Wind,Standalone,Auction,Pay_As_Bid,Contract_For_Difference_One_Way,20.00,0.00,EUR,Fixed,,95.80,102.97,,0.00,200.00,,Onshore wind,Technology specific,,142.89,142.89,100%,71%,2025,2024,3/7/2025,3/21/2028,102.966466
Austria Wind Auction  June 2025,Announced,Austria,Europe,Wind,Standalone,Auction,Pay_As_Bid,Contract_For_Difference_One_Way,20.00,0.00,EUR,Fixed,,,,,,100.00,,Onshore wind,Technology specific,,,,,,2025,2024,6/20/2025,,
Austria Wind Auction  September 2025,Announced,Austria,Europe,Wind,Standalone,Auction,Pay_As_Bid,Contract_For_Difference_One_Way,20.00,0.00,EUR,Fixed,,,,,,100.00,,Onshore wind,Technology specific,,,,,,2025,2024,9/23/2025,,
Austria Wind Auction  November 2025,Announced,Austria,Europe,Wind,Standalone,Auction,Pay_As_Bid,Contract_For_Difference_One_Way,20.00,0.00,EUR,Fixed,,,,,,100.00,,Onshore wind,Technology specific,,,,,,2025,2024,11/12/2025,,
Austria Wind-Hydro Auction December 2022,Completed,Austria,Europe,Renewables_Other,Standalone,Auction,Pay_As_Bid,Contract_For_Difference_One_Way,20.00,0.00,EUR,Fixed,No bids were received. ,0.00,,,,20.00,,Unknown technology,Group of technologies,,0.00,0.00,,,2022,2022,11/15/2022,12/6/2025,#N/A
Austria Wind-Hydro Auction February 2023,Completed,Austria,Europe,Renewables_Other,Standalone,Auction,Pay_As_Bid,Contract_For_Difference_One_Way,20.00,0.00,EUR,Fixed,No bids were received. ,0.00,,,,20.00,,Unknown technology,Group of technologies,,0.00,0.00,,,2023,2022,2/14/2023,3/23/2026,#N/A
Austria Wind-Hydro Auction May 2024,Completed,Austria,Europe,Renewables_Other,Standalone,Auction,Pay_As_Bid,Contract_For_Difference_One_Way,20.00,0.00,EUR,Fixed,Projects must be commissioned within 36 months of the award date.,107.70,116.50,,,40.00,,Unknown technology,Group of technologies,,28.80,28.80,100%,72%,2024,2024,5/13/2024,6/4/2027,116.4954029
Austria Wind-Hydro Auction February 2025,Completed,Austria,Europe,Renewables_Other,Standalone,Auction,Pay_As_Bid,Contract_For_Difference_One_Way,20.00,0.00,EUR,Fixed,,100.00,107.48,,,40.00,,Unknown technology,Group of technologies,,3.45,3.45,100%,9%,2025,2025,2/13/2025,2/18/2028,107.4806535
Austria Renewable Energy Auctions - 2024 - Round 6 (Solar),Completed,Austria,Europe,Solar,Standalone,Auction,Pay_As_Bid,Contract_For_Difference_One_Way,20.00,0.00,EUR,Fixed,"In May 2024, Austria held the first round auction for 2024 for solar PV. 251MW of capacity was awarded for a weighted average price of 0.0885EUR/kWh",88.50,95.73,,0.00,287.50,,PV,Technology specific,,251.40,251.00,100%,87%,2024,2024,4/30/2024,5/14/2025,95.72742023
Austria Renewable Energy Auctions - 2024 - Round 7 (Solar),Completed,Austria,Europe,Solar,Standalone,Auction,Pay_As_Bid,Contract_For_Difference_One_Way,20.00,0.00,EUR,Fixed,"In June 2024, Austria held the second round auction for 2024 for solar PV. 187MW of capacity was awarded for a weighted average price of 0.0889EUR/kWh - a slight increase from the 0.0885EUR/kWh price from Round 1 in May.",88.90,96.16,,0.00,323.57,,PV,Technology specific,,186.80,186.80,100%,58%,2024,2024,6/25/2024,7/9/2025,96.16008653
Austria Renewable Energy Auctions - 2024 - Round 8 (Solar),Completed,Austria,Europe,Solar,Standalone,Auction,Pay_As_Bid,Contract_For_Difference_One_Way,20.00,0.00,EUR,Fixed,"In September 2024, Austria held the third round auction for 2024 for solar PV. 118MW of capacity was awarded for a weighted average price of 0.0880EUR/kWh - a slight decrease from the 0.0889EUR/kWh price from Round 2 in July. The auction was undersubcribed.",88.00,95.19,,0.00,424.25,,PV,Technology specific,,118.38,118.38,100%,28%,2024,2024,9/10/2024,9/24/2025,95.18658734
Austria Renewable Energy Auctions - 2024 - Round 9 (Solar),Completed,Austria,Europe,Solar,Standalone,Auction,Pay_As_Bid,Contract_For_Difference_One_Way,20.00,0.00,EUR,Fixed,,89.60,96.92,,0.00,593.37,,PV,Technology specific,,489.98,489.98,100%,83%,2024,2024,11/26/2024,12/10/2025,96.91725257
Austria Renewable Energy Auctions - 2024 - Round 3 (Biomass),Completed,Austria,Europe,Biomass_And_Waste,Standalone,Auction,Pay_As_Bid,Contract_For_Difference_One_Way,20.00,0.00,EUR,Fixed,In June 2024. Austria launched an auction for 15MW of biomass capacity. 16MW was awarded at a weighted average price of 17.31cents/kWh.,173.00,187.13,,0.00,15.00,,Biomass,Technology specific,,16.40,16.40,100%,109%,2024,2024,5/28/2024,7/31/2027,187.1281774
Austria Renewable Energy Auctions - 2024 - Round 10 (Solar),Completed,Austria,Europe,Solar,Standalone,Auction,Pay_As_Bid,Contract_For_Difference_One_Way,20.00,0.00,EUR,Fixed,,87.10,93.62,,0.00,175.00,,PV,Technology specific,,113.31,113.31,100%,65%,2025,2025,2/10/2025,3/10/2026,93.61564918
Belgium Mixed Renewables First Auction,Completed,Belgium,Europe,Renewables_Other,Standalone,Auction,Pilot_Other,Unknown,15.00,0.00,EUR,Unknown,,,,,0.00,33.00,,Unknown technology,Unknown,0.00,33.00,33.00,100%,100%,2021,,,,
Belgium Flanders Round 3 Subcall 1 Solar Tender,Completed,Belgium,Europe,Solar,Standalone,Project_Tender,Unknown,Capex_Support,,,EUR,Unknown,,9.90,11.70,,,68.00,,PV,Unknown,,68.00,68.00,100%,100%,2021,,,,11.70351105
Belgium Flanders Round 3 Subcall 2 Solar Tender,Completed,Belgium,Europe,Solar,Standalone,Project_Tender,Unknown,Capex_Support,,,EUR,Unknown,,7.29,8.62,,,32.50,,PV,Unknown,,32.50,32.50,100%,100%,2021,,,,8.618039957
Belgium Flanders Round 1 Subcall 2 Solar Tender,Completed,Belgium,Europe,Solar,Standalone,Project_Tender,Unknown,Capex_Support,,,EUR,Unknown,,5.07,5.33,,,57.20,,PV,Unknown,,57.20,57.20,100%,100%,2022,,,,5.328988859
Belgium Flanders Round 2 Subcall 1 Solar Tender,Completed,Belgium,Europe,Solar,Standalone,Project_Tender,Unknown,Capex_Support,,,EUR,Unknown,,9.02,9.48,,,0.54,,PV,Unknown,,0.54,0.54,100%,100%,2022,,,,9.480765188
Belgium Flanders Round 2 Subcall 2 Solar Tender,Completed,Belgium,Europe,Solar,Standalone,Project_Tender,Unknown,Capex_Support,,,EUR,Unknown,,4.78,5.02,,,103.42,,PV,Unknown,,103.42,103.42,100%,100%,2022,,,,5.0241749
Belgium Flanders Round 4 Subcall 1 Solar Tender,Completed,Belgium,Europe,Solar,Standalone,Project_Tender,Unknown,Capex_Support,,,EUR,Unknown,,17.52,18.41,,,0.04,,PV,Unknown,,0.04,0.04,100%,100%,2022,,,,18.41496742
Belgium Flanders Round 4 Subcall 2 Solar Tender,Completed,Belgium,Europe,Solar,Standalone,Project_Tender,Unknown,Capex_Support,,,EUR,Unknown,,1.60,1.68,,,89.18,,PV,Unknown,,89.18,89.18,100%,100%,2022,,,,1.681732184
Belgium 700MW Offshore Wind Tender ,Announced,Belgium,Europe,Wind,Standalone,Project_Tender,Unknown,Contract_For_Difference_Two_Way,20.00,0.00,EUR,Unknown,Awarded bid price will be partially indexed (30%).,,,,0.00,700.00,,Offshore wind,Unknown,,,,,,2025,2022,11/26/2024,,
Belgium Princess Elizabeth Offshore Wind Tender Round 1 (Phase II),Announced,Belgium,Europe,Wind,Standalone,Project_Tender,Unknown,Unknown,15.00,0.00,EUR,Unknown,This auction is still out for public consultation and the final auction/contract terms are not confirmed. Awarded bid price will be partially indexed (30%).,,,,0.00,2100.00,,Offshore wind,Unknown,,,,,,2025,2022,,,
Croatia Pilot Auction 2020,Completed,Croatia,Europe,Renewables_Other,,Auction,Pay_As_Bid,Fixed_Feed_In_Tariff,12.00,0.00,EUR,Unknown,"The public call set price ceilings for all types of power plants, both for premiums and feed-in tariffs. The lowest ceiling was for solar projects, at EUR 0.084 per kWh, while the highest one was for biomass power plants, at EUR 0.178 per kWh.",85.00,96.91,,0.00,88.00,,Unknown technology,Unknown,,41.50,41.50,100%,47%,2020,2016,,,96.91027249
Croatia Auction Round 1 2022 - Biogas,Completed,Croatia,Europe,Clean_Fuels,,Auction,Pay_As_Bid,Contract_For_Difference_Two_Way,12.00,0.00,HRK,Indexed,"Open to: Solar power plants larger than 500 kW, Hydropower plants larger than 500 kW up to and including 10 MW, Wind power plants larger than 3 MW, Biomass power plants larger than 500 kW up to and including 5 MW, Biogas power plants larger than 500 kW up to and including 2 MW
• Geothermal power plants larger than 500 kW",1476.66,205.98,,0.00,16.70,,Biogas,Unknown,,8.70,8.70,100%,52%,2022,2021,,,205.9842651
Croatia Auction Round 1 2022 -- Small hydro,Completed,Croatia,Europe,Hydro,,Auction,Pay_As_Bid,Contract_For_Difference_Two_Way,12.00,0.00,HRK,Indexed,"Open to: Solar power plants larger than 500 kW, Hydropower plants larger than 500 kW up to and including 10 MW, Wind power plants larger than 3 MW, Biomass power plants larger than 500 kW up to and including 5 MW, Biogas power plants larger than 500 kW up to and including 2 MW
• Geothermal power plants larger than 500 kW",1095.50,152.81,,0.00,4.00,,Run of river,Unknown,,4.00,5.40,135%,100%,2022,2022,,,152.814976
Croatia Auction Round 1 2022 -- Geothermal,Completed,Croatia,Europe,Renewables_Other,,Auction,Pay_As_Bid,Contract_For_Difference_Two_Way,12.00,0.00,HRK,Indexed,"Open to: Solar power plants larger than 500 kW, Hydropower plants larger than 500 kW up to and including 10 MW, Wind power plants larger than 3 MW, Biomass power plants larger than 500 kW up to and including 5 MW, Biogas power plants larger than 500 kW up to and including 2 MW
• Geothermal power plants larger than 500 kW",1263.96,176.31,,0.00,10.00,,Geothermal,Unknown,,10.00,10.00,100%,100%,2022,2022,,,176.3140275
Croatia Auction Round 1 2022 - PV,Completed,Croatia,Europe,Solar,,Auction,Pay_As_Bid,Contract_For_Difference_Two_Way,12.00,0.00,HRK,Indexed,"Open to: Solar power plants larger than 500 kW, Hydropower plants larger than 500 kW up to and including 10 MW, Wind power plants larger than 3 MW, Biomass power plants larger than 500 kW up to and including 5 MW, Biogas power plants larger than 500 kW up to and including 2 MW
• Geothermal power plants larger than 500 kW",495.63,69.14,,0.00,300.00,,PV,Unknown,,8.00,8.00,100%,3%,2022,2021,,,69.13709407
Croatia Auction Round 1 2022 - Onshore Wind,Completed,Croatia,Europe,Wind,,Auction,Pay_As_Bid,Contract_For_Difference_Two_Way,12.00,0.00,HRK,Indexed,"Open to: Solar power plants larger than 500 kW, Hydropower plants larger than 500 kW up to and including 10 MW, Wind power plants larger than 3 MW, Biomass power plants larger than 500 kW up to and including 5 MW, Biogas power plants larger than 500 kW up to and including 2 MW
• Geothermal power plants larger than 500 kW",453.60,63.27,,0.00,300.00,,Onshore wind,Unknown,,78.00,78.00,100%,26%,2022,2021,,,63.27418815
Croatia Auction Round 2 2024 - Segment 1 - PV,Completed,Croatia,Europe,Solar,,Auction,Pay_As_Bid,Contract_For_Difference_Two_Way,12.00,0.00,EUR,Indexed,"June 2024 auction set a target of 607MW of capacity split between two segments. Segment 1 is for wind, solar, and small-scale hydro facilities with an installed capacity >1MW. 417.25MW was set aside for segment 1, split between the three technologies. Segment 2 is for small-scale wind and solar farms and 190MW of capacity was allocated to this segment and again, split between the technologies. ",56.54,61.16,,0.00,350.00,,PV,Technology specific,,330.97,551.66,167%,95%,2024,2024,4/16/2024,,61.15738237
Croatia Auction Round 2 2024 - Segment 1 - Onshore wind,Completed,Croatia,Europe,Wind,,Auction,Pay_As_Bid,Contract_For_Difference_Two_Way,12.00,0.00,EUR,Indexed,"June 2024 auction set a target of 607MW of capacity split between two segments. Segment 1 is for wind, solar, and small-scale hydro facilities with an installed capacity >1MW. 417.25MW was set aside for segment 1, split between the three technologies. Segment 2 is for small-scale wind and solar farms and 190MW of capacity was allocated to this segment and again, split between the technologies. ",0.00,,,0.00,60.00,,Onshore wind,Technology specific,,0.00,0.00,,,2024,2024,4/16/2024,,#N/A
Croatia Auction Round 2 2024 - Segment 1 - Small-scale hydro,Completed,Croatia,Europe,Hydro,,Auction,Pay_As_Bid,Contract_For_Difference_Two_Way,12.00,0.00,EUR,Indexed,"June 2024 auction set a target of 607MW of capacity split between two segments. Segment 1 is for wind, solar, and small-scale hydro facilities with an installed capacity >1MW. 417.25MW was set aside for segment 1, split between the three technologies. Segment 2 is for small-scale wind and solar farms and 190MW of capacity was allocated to this segment and again, split between the technologies. ",158.00,170.90,,0.00,7.25,,Run of river,Technology specific,,4.50,8.85,197%,62%,2024,2024,4/16/2024,,170.9031909
Croatia Auction Round 2 2024 - Segment 2 - PV,Completed,Croatia,Europe,Solar,,Auction,Pay_As_Bid,Contract_For_Difference_Two_Way,12.00,0.00,EUR,Indexed,"June 2024 auction set a target of 607MW of capacity split between two segments. Segment 1 is for wind, solar, and small-scale hydro facilities with an installed capacity >1MW. 417.25MW was set aside for segment 1, split between the three technologies. Segment 2 is for small-scale wind and solar farms and 190MW of capacity was allocated to this segment and again, split between the technologies. ",77.78,84.13,,0.00,100.00,,PV,Technology specific,,83.53,83.53,100%,84%,2024,2024,4/16/2024,,84.13196322
Croatia Auction Round 2 2024 - Segment 2 - Onshore wind,Completed,Croatia,Europe,Wind,,Auction,Pay_As_Bid,Contract_For_Difference_Two_Way,12.00,0.00,EUR,Indexed,"June 2024 auction set a target of 607MW of capacity split between two segments. Segment 1 is for wind, solar, and small-scale hydro facilities with an installed capacity >1MW. 417.25MW was set aside for segment 1, split between the three technologies. Segment 2 is for small-scale wind and solar farms and 190MW of capacity was allocated to this segment and again, split between the technologies. ",0.00,,,0.00,90.00,,Onshore wind,Technology specific,,0.00,0.00,,,2024,2024,4/16/2024,,#N/A
Czech Republic Round 1 2022 - Biogas,Completed,Czech Republic,Europe,Clean_Fuels,Standalone,Auction,Pay_As_Bid,Contract_For_Difference_Two_Way,20.00,0.00,CZK,Fixed,"Small hydro, wind, biomass and biogas plants receive 20yr contracts. High efficiency CHP and landfill gas receive 15yr contracts.",0.00,,,0.00,5.00,,Biogas,Technology specific,,0.00,0.00,,,2022,2022,10/5/2022,12/31/2025,#N/A
Czech Republic Round 1 2022 - Small hydro,Completed,Czech Republic,Europe,Hydro,Standalone,Auction,Pay_As_Bid,Contract_For_Difference_Two_Way,20.00,0.00,CZK,Fixed,"Small hydro, wind, biomass and biogas plants receive 20yr contracts. High efficiency CHP and landfill gas receive 15yr contracts.",0.00,,,0.00,7.00,,Run of river,Technology specific,,0.00,0.00,,,2022,2022,10/5/2022,12/31/2025,#N/A
Czech Republic Round 1 2022 - Onshore wind,Completed,Czech Republic,Europe,Wind,Standalone,Auction,Pay_As_Bid,Contract_For_Difference_Two_Way,20.00,0.00,CZK,Fixed,"Small hydro, wind, biomass and biogas plants receive 20yr contracts. High efficiency CHP and landfill gas receive 15yr contracts.",0.00,,,0.00,30.00,,Onshore wind,Technology specific,,0.00,0.00,,,2022,2022,10/5/2022,12/31/2025,#N/A
Czech Republic Round 2 2022 - Biogas,Completed,Czech Republic,Europe,Clean_Fuels,Standalone,Auction,Pay_As_Bid,Contract_For_Difference_Two_Way,20.00,0.00,CZK,Fixed,"Small hydro, wind, biomass and biogas plants receive 20yr contracts. High efficiency CHP and landfill gas receive 15yr contracts.",0.00,,,0.00,5.00,,Biogas,Technology specific,,0.00,0.00,,,2023,2022,1/17/2023,12/31/2026,#N/A
Czech Republic Round 2 2022 - Small hydro,Completed,Czech Republic,Europe,Hydro,Standalone,Auction,Pay_As_Bid,Contract_For_Difference_Two_Way,20.00,0.00,CZK,Fixed,"Small hydro, wind, biomass and biogas plants receive 20yr contracts. High efficiency CHP and landfill gas receive 15yr contracts.",0.00,,,0.00,7.00,,Run of river,Technology specific,,0.00,0.00,,,2023,2022,1/17/2023,12/31/2026,#N/A
Czech Republic Round 2 2022 - Onshore wind,Completed,Czech Republic,Europe,Wind,Standalone,Auction,Pay_As_Bid,Contract_For_Difference_Two_Way,20.00,0.00,CZK,Fixed,"Small hydro, wind, biomass and biogas plants receive 20yr contracts. High efficiency CHP and landfill gas receive 15yr contracts.",3500.00,157.69,,0.00,30.00,,Onshore wind,Technology specific,,20.34,20.34,100%,68%,2023,2022,1/17/2023,12/31/2026,157.6860696
Czech Republic Round 1 2023 - Biogas,Completed,Czech Republic,Europe,Clean_Fuels,Standalone,Auction,Pay_As_Bid,Contract_For_Difference_Two_Way,20.00,0.00,CZK,Fixed,"Small hydro, wind, biomass and biogas plants receive 20yr contracts. High efficiency CHP and landfill gas receive 15yr contracts.",0.00,,,0.00,5.00,,Biogas,Technology specific,,0.00,0.00,,,2023,2023,8/3/2023,12/31/2027,#N/A
Czech Republic Round 1 2023 - Small hydro,Completed,Czech Republic,Europe,Hydro,Standalone,Auction,Pay_As_Bid,Contract_For_Difference_Two_Way,20.00,0.00,CZK,Fixed,"Small hydro, wind, biomass and biogas plants receive 20yr contracts. High efficiency CHP and landfill gas receive 15yr contracts.",4500.00,202.74,,0.00,7.00,,Run of river,Technology specific,,1.80,1.80,100%,26%,2023,2023,8/3/2023,12/31/2027,202.7392323
Czech Republic Round 1 2023 - Onshore wind,Completed,Czech Republic,Europe,Wind,Standalone,Auction,Pay_As_Bid,Contract_For_Difference_Two_Way,20.00,0.00,CZK,Fixed,"Small hydro, wind, biomass and biogas plants receive 20yr contracts. High efficiency CHP and landfill gas receive 15yr contracts.",3354.34,151.12,,0.00,60.00,,Onshore wind,Technology specific,,24.80,24.80,100%,41%,2023,2023,8/3/2023,12/31/2027,151.1236259
Czech Republic Round 2 2023 - Biogas,Completed,Czech Republic,Europe,Clean_Fuels,Standalone,Auction,Pay_As_Bid,Contract_For_Difference_Two_Way,20.00,0.00,CZK,Fixed,"Small hydro, wind, biomass and biogas plants receive 20yr contracts. High efficiency CHP and landfill gas receive 15yr contracts.",0.00,,,0.00,5.00,,Biogas,Technology specific,,0.00,0.00,,,2024,2023,1/12/2024,12/31/2027,#N/A
Czech Republic Round 2 2023 - Small hydro,Completed,Czech Republic,Europe,Hydro,Standalone,Auction,Pay_As_Bid,Contract_For_Difference_Two_Way,20.00,0.00,CZK,Fixed,"Small hydro, wind, biomass and biogas plants receive 20yr contracts. High efficiency CHP and landfill gas receive 15yr contracts.",0.00,,,0.00,5.20,,Run of river,Technology specific,,0.00,0.00,,,2024,2023,1/12/2024,12/31/2027,#N/A
Czech Republic Round 2 2023 - Onshore wind,Completed,Czech Republic,Europe,Wind,Standalone,Auction,Pay_As_Bid,Contract_For_Difference_Two_Way,20.00,0.00,CZK,Fixed,"Small hydro, wind, biomass and biogas plants receive 20yr contracts. High efficiency CHP and landfill gas receive 15yr contracts.",3159.15,136.03,,0.00,35.20,,Onshore wind,Technology specific,,24.75,44.05,178%,70%,2024,2023,1/12/2024,12/31/2027,136.0266751
Czech Republic Round 1 2024 - High-efficiency CHP,Completed,Czech Republic,Europe,Clean_Fuels,Standalone,Auction,Pay_As_Bid,Contract_For_Difference_Two_Way,15.00,0.00,CZK,Fixed,"Open to high efficiency CHP plants with a capacity >1MW. The type of supported fuel is biomass, biogas and mine gas. In the case of natural gas, it must be documented according to EU public support rules that the project is technically and economically capable of replacing natural gas and operating renewable gases or low-carbon gases by 2050. Subsidy is paid for the first 3300 MWh of production per year for 15 yrs. Results: Only 1.19MW of biogas capacity was awarded. Price is the weighted average price for the two successful biogas projects.",4184.73,180.19,,0.00,1280.00,,Biogas,Technology specific,,200.47,200.47,100%,16%,2024,2024,7/17/2024,12/31/2029,180.1858395
Czech Republic Round 2 2024 - High-efficiency CHP,Announced,Czech Republic,Europe,Clean_Fuels,Standalone,Auction,Pay_As_Bid,Contract_For_Difference_Two_Way,15.00,0.00,CZK,Fixed,"Open to high efficiency CHP plants with a capacity >1MW. The type of supported fuel is biomass, biogas and mine gas. In the case of natural gas, it must be documented according to EU public support rules that the project is technically and economically capable of replacing natural gas and operating renewable gases or low-carbon gases by 2050. Subsidy is paid for the first 3300 MWh of production per year for 15 yrs. Results: No biomass or biogas capacity was awarded. 13MW of capacity was awarded to natural gas CHP plants.",0.00,,,,13.00,,Biogas,Technology specific,,0.00,0.00,,,2025,2024,1/13/2025,12/31/2029,#N/A
Czech Republic Round 1 2024 - Onshore wind,Completed,Czech Republic,Europe,Wind,Standalone,Auction,Pay_As_Bid,Contract_For_Difference_Two_Way,20.00,0.00,CZK,Fixed,"Small hydro, wind, biomass and biogas plants receive 20yr contracts. High efficiency CHP and landfill gas receive 15yr contracts.",3147.89,135.54,,,90.00,,Onshore wind,Technology specific,,88.70,134.70,152%,99%,2024,2024,7/31/2024,12/31/2028,135.5419503
Czech Republic Round 1 2024 - Biogas,Completed,Czech Republic,Europe,Clean_Fuels,Standalone,Auction,Pay_As_Bid,Contract_For_Difference_Two_Way,20.00,0.00,CZK,Fixed,"Small hydro, wind, biomass and biogas plants receive 20yr contracts. High efficiency CHP and landfill gas receive 15yr contracts.",,,,0.00,5.00,,Biogas,Technology specific,,0.00,0.00,,,2024,2024,7/31/2024,12/31/2028,
Czech Republic Round 1 2024 - Small hydro,Completed,Czech Republic,Europe,Hydro,Standalone,Auction,Pay_As_Bid,Contract_For_Difference_Two_Way,20.00,0.00,CZK,Fixed,"Small hydro, wind, biomass and biogas plants receive 20yr contracts. High efficiency CHP and landfill gas receive 15yr contracts.",4201.09,180.89,,0.00,7.00,,Run of river,Technology specific,,6.78,6.78,100%,97%,2024,2024,7/31/2024,12/31/2028,180.8906282
Czech Republic Round 2 2024 - Biogas,Announced,Czech Republic,Europe,Clean_Fuels,Standalone,Auction,Pay_As_Bid,Contract_For_Difference_Two_Way,20.00,0.00,CZK,Fixed,,,,,0.00,5.00,,Biogas,Technology specific,,,,,,2025,2024,12/30/2024,12/31/2028,
Czech Republic Round 2 2024 - High-efficiency CHP,Completed,Czech Republic,Europe,Clean_Fuels,Standalone,Auction,Pay_As_Bid,Contract_For_Difference_Two_Way,15.00,0.00,CZK,Fixed,"Open to high efficiency CHP plants with a capacity >1MW. The type of supported fuel is biomass, biogas and mine gas. In the case of natural gas, it must be documented according to EU public support rules that the project is technically and economically capable of replacing natural gas and operating renewable gases or low-carbon gases by 2050. Subsidy is paid for the first 3300 MWh of production per year for 15 yrs. Results: No biogas or biomass capacity was awarded",0.00,,,0.00,13.12,,Biogas,Technology specific,,0.00,0.00,,,2025,2025,1/13/2025,12/31/2029,#N/A
Czech Republic Round 2025 - Onshore wind,Announced,Czech Republic,Europe,Wind,,Auction,Pay_As_Bid,Contract_For_Difference_Two_Way,20.00,,CZK,Fixed,Wind,,,,,335.00,,Onshore wind,Technology specific,,,,,,2025,,,,
Czech Republic Round 2026 - Onshore wind,Announced,Czech Republic,Europe,Wind,,Auction,Pay_As_Bid,Contract_For_Difference_Two_Way,20.00,,CZK,Fixed,Wind,,,,,335.00,,Onshore wind,Technology specific,,,,,,2026,,,,
Czech Republic Round 2027 - Onshore wind,Announced,Czech Republic,Europe,Wind,,Auction,Pay_As_Bid,Contract_For_Difference_Two_Way,20.00,,CZK,Fixed,Wind,,,,,335.00,,Onshore wind,Technology specific,,,,,,2027,,,,
2015 Anholt Denmark Offshore Wind Auction,Completed,Denmark,Europe,Wind,Standalone,Project_Tender,Unknown,Unknown,,,DKK,Fixed,"First 20,000 full-load hours",1051.00,156.33,,0.00,400.00,,Offshore wind,Technology specific,0.00,400.00,400.00,100%,100%,2015,,,,156.3290198
Horns Rev 3,Completed,Denmark,Europe,Wind,Standalone,Project_Tender,Unknown,Unknown,,,DKK,Fixed,"First 50,000 full-load hours",770.00,114.41,,0.00,400.00,,Offshore wind,Technology specific,0.00,400.00,400.00,100%,100%,2016,,,1/1/2022,114.4147759
Kriegers Flak,Completed,Denmark,Europe,Wind,Standalone,Project_Tender,Unknown,Unknown,,,EUR,Fixed,"First 50,000 full-load hours",49.90,55.21,,590.00,610.00,,Offshore wind,Technology specific,0.00,600.00,600.00,100%,98%,2016,,,1/1/2022,55.20522182
Near-shore Offshore Wind Tender,Completed,Denmark,Europe,Wind,Standalone,Project_Tender,Pay_As_Bid,Contract_For_Difference_Two_Way,20.00,0.00,DKK,Fixed,"First 50,000 full-load hours",475.00,70.58,,0.00,350.00,,Offshore wind,Technology specific,0.00,350.00,350.00,100%,100%,2016,2015,6/20/2016,12/31/2020,70.58054354
Germany/Denmark Solar PV October 2016,Completed,Denmark,Europe,Solar,,Auction,Pay_As_Clear,Contract_For_Difference_One_Way,20.00,0.00,EUR,Fixed,Listed as a 'sliding feed-in premium' but no mention of a claw back hence the assumption that it is a one-way CfD. All awarded bids were for projects in Denmark and the clearing price was 0.0538EUR/kWh,53.80,59.52,,0.00,50.00,,PV,Technology specific,0.00,50.00,287.00,574%,100%,2016,2016,10/12/2016,31/11/2018,59.51985839
Germany/Denmark Solar PV December 2016,Completed,Denmark,Europe,Solar,,Auction,Pay_As_Bid,Fixed_Feed_In_Premium,20.00,0.00,DKK,Unknown,Auction had target of 20MW of which 2.4MW could be bid on by German projects. Denmark pays compensation as a fixed feed-in premium. No Germany-based projects participated.,128.90,19.15,,0.00,20.00,,PV,Technology specific,0.00,21.60,79.45,368%,108%,2016,2016,11/11/2016,31/11/2018,19.15333066
Denmark Small-Scale PV Tender,Completed,Denmark,Europe,Solar,,Project_Tender,Unknown,Unknown,20.00,0.00,DKK,Fixed,,129.70,20.53,,0.00,35.00,,PV,Technology specific,0.00,19.00,19.00,100%,54%,2018,,,12/31/2020,20.52864831
Denmark Round 1 Technology-Neutral Tender,Completed,Denmark,Europe,Renewables_Other,,Auction,Unknown,Feed_In_Premium,20.00,0.00,DKK,Fixed,,22.80,3.61,,,,,Unknown technology,Technology neutral,0.00,267.00,540.00,202%,#N/A,2018,2018,9/27/2018,11/1/2020,3.608736942
Denmark Round 2 Technology-Neutral Tender,Completed,Denmark,Europe,Renewables_Other,,Auction,Unknown,Feed_In_Premium,20.00,0.00,DKK,Fixed,,21.00,3.15,,,,,Unknown technology,Technology neutral,0.00,181.00,271.00,150%,#N/A,2019,2019,9/27/2019,11/1/2021,3.148095402
Denmark Round 3 Technology-Neutral Auction,Completed,Denmark,Europe,Renewables_Other,,Auction,Unknown,Contract_For_Difference_Two_Way,20.00,0.00,DKK,Fixed,Awarded no capacity (no bids received),,,,0.00,429.00,,Unknown technology,Technology neutral,0.00,0.00,0.00,,,2021,2020,8/23/2021,11/1/2023,
Thor Offshore Wind Tender,Completed,Denmark,Europe,Wind,Standalone,Project_Tender,Pay_As_Bid,Contract_For_Difference_Two_Way,20.00,0.00,DKK,Fixed,"Denmark plans to build three new offshore wind farms in before 2030. They are expected to be built in the North Sea west of Nissum Fjord, min. 20 km from the shore of Jutland, and be dubbed Thor.",0.10,0.02,,800.00,1000.00,,Offshore wind,Technology specific,0.00,1000.00,1000.00,100%,100%,2021,2019,,,0.015894966
Bornholm Energy Island Offshore Wind Tender,Announced,Denmark,Europe,Wind,Unknown,Project_Tender,Pay_As_Bid,Unknown,20.00,0.00,DKK,Fixed,,,,,3000.00,3800.00,,Offshore wind,Technology specific,,,,,,2026,2020,,12/31/2030,
Hesselo Offshore Wind Tender,Cancelled,Denmark,Europe,Wind,Unknown,Project_Tender,Pay_As_Bid,Merchant,20.00,0.00,DKK,Fixed,"Hesselø Offshore Wind Farm is the second offshore wind farm that all political parties have agreed to build in the Energy Agreement of June 2018. With the Climate Agreement of June 2020, it was decided to advance the time table of the tender as well at the deadline for when the wind farm has to be in full operation, compared to what had originally been agreed in 2018. The bid window closed on the first of April 2025.",,,,800.00,1200.00,,Offshore wind,Technology specific,,,,,,2025,2020,4/22/2024,12/31/2030,
"Kattegat II, Kriegers Flak II Offshore Wind Tender",Cancelled,Denmark,Europe,Wind,Unknown,Project_Tender,Pay_As_Bid,Merchant,20.00,0.00,DKK,Fixed,"The auction has been canceled, with the government preparing to re-tender the areas under a new framework which will offer state support.",,,,2000.00,,,Offshore wind,Technology specific,,,,,,2025,2020,,12/31/2030,
North Sea I Offshore Wind Tender,Completed,Denmark,Europe,Wind,Unknown,Project_Tender,Pay_As_Bid,Merchant,20.00,0.00,DKK,Fixed,This tender received no bids,,,,3000.00,,,Offshore wind,Technology specific,,0.00,0.00,,,2024,2020,,,
North Sea Energy Island Offshore Wind Tender - Phase 1,Delayed,Denmark,Europe,Wind,Unknown,Project_Tender,Pay_As_Bid,Unknown,20.00,0.00,DKK,Fixed,,,,,0.00,3000.00,,Offshore wind,Technology specific,,,,,,2024,2020,,12/31/2033,
North Sea Energy Island Offshore Wind Tender - Phase 2,Announced,Denmark,Europe,Wind,Unknown,Project_Tender,Pay_As_Bid,Unknown,20.00,0.00,DKK,Fixed,,,,,0.00,7000.00,,Offshore wind,Technology specific,,,,,,2027,2020,,12/31/2040,
Denmark Round 4 Technology-Neutral Auction,Cancelled,Denmark,Europe,Renewables_Other,,Auction,Unknown,Contract_For_Difference_Two_Way,20.00,0.00,DKK,Fixed,,,,,0.00,300.00,,Unknown technology,Technology neutral,,,,,,,2020,,,
Denmark Round 5 Technology-Neutral Auction,Cancelled,Denmark,Europe,Renewables_Other,,Auction,Unknown,Contract_For_Difference_Two_Way,20.00,0.00,DKK,Fixed,,,,,0.00,300.00,,Unknown technology,Technology neutral,,,,,,,2020,,,
Denmark Round 6 Technology-Neutral Auction,Cancelled,Denmark,Europe,Renewables_Other,,Auction,Unknown,Contract_For_Difference_Two_Way,20.00,0.00,DKK,Fixed,,,,,0.00,300.00,,Unknown technology,Technology neutral,,,,,,,2020,,,
Denmark Round 7 Technology-Neutral Auction,Cancelled,Denmark,Europe,Renewables_Other,,Auction,Unknown,Contract_For_Difference_Two_Way,20.00,0.00,DKK,Fixed,,,,,0.00,300.00,,Unknown technology,Technology neutral,,,,,,,2020,,,
Estonia first renewables auction 2019 -- small tender,Completed,Estonia,Europe,Solar,,Auction,Pay_As_Bid,Contract_For_Difference_One_Way,12.00,0.00,EUR,Fixed,,58.90,65.92,,,,5000,PV,Unknown,5100.00,6.00,6.00,100%,#N/A,2019,2019,11/1/2019,3/26/2022,65.92053721
Estonia 2020 renewables auction -- small tender,Completed,Estonia,Europe,Solar,,Auction,Pay_As_Bid,Contract_For_Difference_One_Way,12.00,0.00,EUR,Fixed,,55.68,63.48,,,,5000,PV,Unknown,5281.00,4.58,5.00,109%,#N/A,2020,2020,,,63.48192908
Estonia renewables auction 2021 -- small PV tender,Completed,Estonia,Europe,Solar,,Auction,Pay_As_Bid,Contract_For_Difference_One_Way,12.00,0.00,EUR,Fixed,"Bids in 2021, results in 2022",47.50,49.93,,,,5000,PV,Group of technologies,5000.00,5.00,5.00,100%,#N/A,2022,2021,,,49.92642422
Estonia renewables auction 2021 -- utility-scale solar,Completed,Estonia,Europe,Solar,,Auction,Pay_As_Bid,Contract_For_Difference_One_Way,12.00,0.00,EUR,Fixed,Only one wind bidder,23.67,24.88,,,,445000,PV,Group of technologies,535000.00,,0.00,#N/A,#N/A,2022,2021,,,24.8791255
Estonia renewables auction 2021 -- onshore wind,Completed,Estonia,Europe,Wind,,Auction,Pay_As_Bid,Contract_For_Difference_One_Way,12.00,0.00,EUR,Fixed,Solar price range 18-33,34.90,36.68,,,,140000,Onshore wind,Group of technologies,140000.00,,0.00,#N/A,#N/A,2022,2021,,,36.68278327
Estonia renewables auction January 2023 - Round 5,Completed,Estonia,Europe,Renewables_Other,,Auction,Pay_As_Bid,Contract_For_Difference_One_Way,12.00,0.00,EUR,Fixed,Expected in January 2023,29.60,32.01,,,,650000,Solar and wind,Group of technologies,780000.00,,,#N/A,#N/A,2023,2022,,1/6/2027,32.01048875
Estonia and Latvia ELWIND Offshore Wind Tender,Announced,Estonia,Europe,Wind,Unknown,Project_Tender,Unknown,Contract_For_Difference_One_Way,,,EUR,Unknown,Joint project between Latvia and Estonia,,,,,1000.00,,Offshore wind,Technology specific,,,,,,2026,2022,,,
Finland Renewable Energy Auctions,Completed,Finland,Europe,Renewables_Other,,Auction,Pay_As_Bid,Unknown,12.00,0.00,EUR,Indexed,Aid is a combination of fixed FiT that the developers submit bids for and a feed-in premium that varies depending on whether the three-month average electricity price is higher or lower than 30EUR/MWh.,2.49,2.94,,,,1400000,Unknown technology,Technology neutral,1360000.00,462.00,462.00,100%,#N/A,2018,2017,11/1/2018,1/1/2020,2.937359915
France Onshore Wind Auction Round 5,Completed,France,Europe,Wind,,Auction,Pay_As_Bid,Unknown,20.00,0.00,EUR,Indexed,,62.20,70.92,,0.00,630.00,,Onshore wind,Unknown,0.00,637.00,1121.00,176%,101%,2020,2017,12/1/2019,4/3/2023,70.91551704
2012 >250kW (Building mounted PV) - 1,Completed,France,Europe,Solar,,Project_Tender,Unknown,Unknown,20.00,0.00,EUR,Indexed,,210.10,270.02,,0.00,50.00,,PV,Unknown,0.00,51.20,100.00,195%,102%,2012,,,,270.0167074
"2012 250kW-12MW (Solar with storage, Corsica & overseas) - 5",Completed,France,Europe,Solar,,Project_Tender,Unknown,Unknown,20.00,0.00,EUR,Indexed,,440.30,565.87,,0.00,50.00,,PV,Unknown,0.00,59.46,81.50,137%,119%,2012,,,,565.86557
2012 250kW-4.5MW (Ground or parking shelter mounted) - 7,Completed,France,Europe,Solar,,Project_Tender,Unknown,Unknown,20.00,0.00,EUR,Indexed,,197.90,254.34,,0.00,37.50,,PV,Unknown,0.00,46.75,267.30,572%,125%,2012,,,,254.3374888
France Offshore Wind Tender Round 1,Completed,France,Europe,Wind,,Project_Tender,Pay_As_Bid,Unknown,20.00,0.00,EUR,Indexed,,150.00,192.78,,0.00,3000.00,,Offshore wind,Technology specific,0.00,2000.00,2000.00,100%,67%,2012,,,,192.777278
2012 250kW-37.5MW (Solar Thermal) - 2,Completed,France,Europe,Solar,,Project_Tender,Unknown,Unknown,20.00,0.00,EUR,Indexed,,349.90,449.69,,0.00,37.50,,Solar thermal,Unknown,0.00,21.00,21.00,100%,56%,2012,,,,449.6851304
France Offshore Wind Tender Round 2,Completed,France,Europe,Wind,,Project_Tender,Pay_As_Bid,Unknown,20.00,0.00,EUR,Indexed,,167.00,214.63,,0.00,1000.00,,Offshore wind,Technology specific,0.00,1000.00,1000.00,100%,100%,2012,,,,214.6253695
2012 250kW-12MW (Solar Thermal) - 3,Completed,France,Europe,Solar,,Project_Tender,Unknown,Unknown,20.00,0.00,EUR,Indexed,,258.30,331.96,,0.00,50.00,,Solar thermal,Unknown,0.00,54.48,96.30,177%,109%,2012,,,,331.9624727
2013 250kW-12MW (>50% Solar Thermal) - 1b,Completed,France,Europe,Solar,,Project_Tender,Unknown,Unknown,20.00,0.00,EUR,Indexed,,190.99,253.30,,0.00,80.00,,PV,Unknown,0.00,80.81,187.86,232%,101%,2014,,,,253.3023873
2013 250kW-12MW (100% Solar Thermal) -1a,Completed,France,Europe,Solar,,Project_Tender,Unknown,Unknown,20.00,0.00,EUR,Indexed,,230.13,305.21,,0.00,20.00,,Solar thermal,Unknown,0.00,22.13,41.66,188%,111%,2014,,,,305.2122016
2013 250kW-4.5MW (Parking shelter mounted PV) 3,Completed,France,Europe,Solar,,Project_Tender,Unknown,Unknown,20.00,0.00,EUR,Indexed,,148.82,197.37,,0.00,60.00,,PV,Unknown,0.00,60.27,66.76,111%,100%,2014,,,,197.3740053
2012 250kW-12MW (PV tracker) - 4,Completed,France,Europe,Solar,,Project_Tender,Unknown,Unknown,20.00,0.00,EUR,Indexed,,202.90,269.10,,0.00,100.00,,PV,Unknown,0.00,145.32,562.40,387%,145%,2014,,,,269.0981432
2013 250kW-3MW (Building mounted PV) - 4,Completed,France,Europe,Solar,,Project_Tender,Unknown,Unknown,20.00,0.00,EUR,Indexed,,165.21,219.11,,0.00,100.00,,PV,Unknown,0.00,102.12,168.06,165%,102%,2014,,,,219.1114058
2013 3MW-12MW (Building mounted PV) - 5,Completed,France,Europe,Solar,,Project_Tender,Unknown,Unknown,20.00,0.00,EUR,Indexed,,151.76,201.27,,0.00,40.00,,PV,Unknown,0.00,12.21,20.47,168%,31%,2014,,,,201.2732095
2012 4.5MW-40MW (Ground or parking shelter mounted) - 6,Completed,France,Europe,Solar,,Project_Tender,Unknown,Unknown,20.00,0.00,EUR,Indexed,,188.00,249.34,,0.00,125.00,,PV,Unknown,0.00,137.06,774.10,565%,110%,2014,,,,249.33687
2013 250kW-12MW (PV tracker) - 2,Completed,France,Europe,Solar,,Project_Tender,Unknown,Unknown,20.00,0.00,EUR,Indexed,,128.42,142.48,,0.00,100.00,,PV,Unknown,0.00,102.75,1235.70,1203%,103%,2015,,,,142.48308
2015 250kW-5MW (ISB building mounted) - 1a,Completed,France,Europe,Solar,,Project_Tender,Unknown,Unknown,20.00,0.00,EUR,Indexed,,137.48,152.54,,0.00,100.00,,PV,Unknown,0.00,115.40,323.70,281%,115%,2015,,,,152.5352269
2015 250kW-5MW (building-mounted) - 1b,Completed,France,Europe,Solar,,Project_Tender,Unknown,Unknown,20.00,0.00,EUR,Indexed,,133.78,148.43,,0.00,50.00,,PV,Unknown,0.00,25.90,34.90,135%,52%,2015,,,,148.4300455
2015 250kW-5MW (Ground-mounted) - 2a,Completed,France,Europe,Solar,,Project_Tender,Unknown,Unknown,20.00,0.00,EUR,Indexed,,94.66,105.03,,0.00,75.00,,PV,Unknown,0.00,259.60,541.20,208%,346%,2015,,,,105.0260734
2015 250kW-4.5MW (Parking shelter mounted PV) - 3,Completed,France,Europe,Solar,,Project_Tender,Unknown,Unknown,20.00,0.00,EUR,Indexed,,135.48,150.32,,0.00,50.00,,PV,Unknown,0.00,50.00,120.60,241%,100%,2015,,,,150.3162099
CRE4 Roof Small and Large I (100-500kW/0.5-8MW),Completed,France,Europe,Solar,,Auction,Pay_As_Bid,Unknown,20.00,0.00,EUR,Indexed,,106.70,120.32,,0.00,150.00,,PV,Unknown,0.00,150.40,597.00,397%,100%,2017,,,4/28/2019,120.3202526
CRE4 Carshades I (0.5-10MW),Completed,France,Europe,Solar,,Auction,Pay_As_Bid,Unknown,20.00,0.00,EUR,Indexed,,105.60,119.08,,0.00,65.00,,PV,Unknown,0.00,82.00,183.00,223%,126%,2017,,,5/4/2019,119.0798376
CRE4 Ground Large I (5-17MW),Completed,France,Europe,Solar,,Auction,Pay_As_Bid,Unknown,20.00,0.00,EUR,Indexed,,62.50,70.48,,0.00,300.00,,PV,Unknown,0.00,308.00,1745.00,567%,103%,2017,,,5/4/2019,70.47812359
CRE4 Ground Small I (0.5-5MW),Completed,France,Europe,Solar,,Auction,Pay_As_Bid,Unknown,20.00,0.00,EUR,Indexed,,68.10,76.79,,0.00,135.00,,PV,Unknown,0.00,145.00,742.00,512%,107%,2017,,,5/4/2019,76.79296346
France Onshore Wind Auction Round 1,Completed,France,Europe,Wind,,Auction,Pay_As_Bid,Unknown,20.00,0.00,EUR,Indexed,,65.40,73.75,,0.00,500.00,,Onshore wind,Unknown,0.00,500.00,904.00,181%,100%,2017,2017,11/1/2017,12/31/2022,73.74830853
CRE4 Roof Small and Large II (100-500kW/0.5-8MW),Completed,France,Europe,Solar,,Auction,Pay_As_Bid,Unknown,20.00,0.00,EUR,Indexed,,93.40,105.32,,0.00,150.00,,PV,Unknown,0.00,151.90,593.00,390%,101%,2017,,,7/8/2019,105.3225079
CRE4 Carshades II (0.5-10MW),Completed,France,Europe,Solar,,Auction,Pay_As_Bid,Unknown,20.00,0.00,EUR,Indexed,,105.60,119.08,,0.00,65.00,,PV,Unknown,0.00,71.80,162.00,226%,110%,2017,,,8/30/2019,119.0798376
CRE4 Ground Large II (5-17MW),Completed,France,Europe,Solar,,Auction,Pay_As_Bid,Unknown,20.00,0.00,EUR,Indexed,,55.50,62.58,,0.00,300.00,,PV,Unknown,0.00,300.40,576.00,192%,100%,2017,,,8/30/2019,62.58457375
CRE4 Ground Small II (0.5-5MW),Completed,France,Europe,Solar,,Auction,Pay_As_Bid,Unknown,20.00,0.00,EUR,Indexed,,65.90,74.31,,0.00,135.00,,PV,Unknown,0.00,135.40,247.00,182%,100%,2017,,,8/30/2019,74.31213351
2015 5MW-12MW (Ground-mounted) - 2b,Completed,France,Europe,Solar,,Project_Tender,Unknown,Unknown,20.00,0.00,EUR,Indexed,,87.10,98.22,,0.00,125.00,,PV,Unknown,0.00,664.50,1270.40,191%,532%,2017,,,,98.21831304
CRE4 Roof Large III (0.5-8MW),Completed,France,Europe,Solar,,Auction,Pay_As_Bid,Unknown,20.00,0.00,EUR,Indexed,,80.80,91.11,,0.00,75.00,,PV,Unknown,0.00,78.10,333.00,426%,104%,2017,,,11/7/2019,91.11411818
CRE4 Roof Small III  (100-500kW),Completed,France,Europe,Solar,,Auction,Pay_As_Bid,Unknown,20.00,0.00,EUR,Indexed,,89.00,100.36,,0.00,75.00,,PV,Unknown,0.00,80.90,239.00,295%,108%,2017,,,11/7/2019,100.360848
CRE4 Carshades III (0.5-10MW),Completed,France,Europe,Solar,,Auction,Pay_As_Bid,Unknown,20.00,0.00,EUR,Indexed,,87.80,99.01,,0.00,65.00,,PV,Unknown,0.00,65.00,111.00,171%,100%,2017,,,2/29/2020,99.00766802
CRE4 Ground Small III (0.5-5MW),Completed,France,Europe,Solar,,Auction,Pay_As_Bid,Unknown,20.00,0.00,EUR,Indexed,,63.10,71.15,,0.00,135.00,,PV,Unknown,0.00,136.00,265.00,195%,101%,2017,,,2/29/2020,71.15471358
CRE4 Roof Large IV (0.5-8MW),Completed,France,Europe,Solar,,Auction,Pay_As_Bid,Unknown,20.00,0.00,EUR,Indexed,,76.20,85.93,,0.00,100.00,,PV,Unknown,0.00,101.10,227.00,225%,101%,2017,,,2/24/2020,85.92692828
France Innovative Solar Tender Phase 1,Completed,France,Europe,Solar,,Auction,Pay_As_Bid,Contract_For_Difference_Two_Way,20.00,0.00,EUR,Indexed,,80.70,91.00,,0.00,70.00,,PV,Technology specific,0.00,73.20,268.70,367%,105%,2017,2017,9/11/2017,1/11/2020,91.00135318
France PV and Wind Auction - Wind,Completed,France,Europe,Wind,Standalone,Auction,Pay_As_Bid,Contract_For_Difference_Two_Way,20.00,0.00,EUR,Indexed,This was a technology neutral wind and solar auction. Only solar bids were awarded.,0.00,,,0.00,200.00,,Onshore wind,Group of technologies,0.00,0.00,82.00,#N/A,0%,2018,2016,8/31/2018,10/31/2020,#N/A
France PV and Wind Auction - Solar,Completed,France,Europe,Solar,Standalone,Auction,Pay_As_Bid,Contract_For_Difference_Two_Way,20.00,0.00,EUR,Indexed,This was a technology neutral wind and solar auction. Only solar bids were awarded.,54.94,64.81,,0.00,200.00,,PV,Group of technologies,0.00,203.00,278.00,137%,102%,2018,2016,8/31/2018,10/31/2020,64.81066415
France Innovative Solar Tender Phase 2,Completed,France,Europe,Solar,,Auction,Pay_As_Bid,Contract_For_Difference_Two_Way,20.00,0.00,EUR,Indexed,,83.70,93.68,,0.00,140.00,,PV,Technology specific,0.00,104.00,122.20,118%,74%,2019,2017,8/6/2019,1/23/2022,93.67655288
France Onshore Wind Auction Round 2,Completed,France,Europe,Wind,,Auction,Pay_As_Bid,Unknown,20.00,0.00,EUR,Indexed,,68.70,81.04,,0.00,500.00,,Onshore wind,Unknown,0.00,118.00,231.00,196%,24%,2018,2017,5/1/2018,5/31/2021,81.04282175
CRE4 Ground Large III (5-17MW),Completed,France,Europe,Solar,,Auction,Pay_As_Bid,Unknown,20.00,0.00,EUR,Indexed,,55.30,65.24,,0.00,300.00,,PV,Unknown,0.00,306.00,710.00,232%,102%,2018,,,2/29/2020,65.23534269
France Onshore Wind Auction Round 3,Completed,France,Europe,Wind,,Auction,Pay_As_Bid,Unknown,20.00,0.00,EUR,Indexed,,63.00,74.32,,0.00,500.00,,Onshore wind,Unknown,0.00,516.00,945.00,183%,103%,2018,2017,3/1/2019,11/30/2021,74.31874484
CRE4 Roof Small IV  (100-500kW),Completed,France,Europe,Solar,,Auction,Pay_As_Bid,Unknown,20.00,0.00,EUR,Indexed,,85.40,100.74,,0.00,100.00,,PV,Unknown,0.00,102.00,180.00,176%,102%,2018,,,2/24/2020,100.7431874
CRE4 Carshades IV (0.5-10MW),Completed,France,Europe,Solar,,Auction,Pay_As_Bid,Unknown,20.00,0.00,EUR,Indexed,,83.80,98.86,,0.00,70.00,,PV,Unknown,0.00,71.00,84.00,118%,101%,2018,,,8/29/2020,98.85572726
CRE4 Ground Large IV (5-17MW),Completed,France,Europe,Solar,,Auction,Pay_As_Bid,Unknown,20.00,0.00,EUR,Indexed,,52.10,61.46,,0.00,450.00,,PV,Unknown,0.00,454.00,629.00,139%,101%,2018,,,8/29/2020,61.46042232
CRE4 Ground Small IV (0.5-5MW),Completed,France,Europe,Solar,,Auction,Pay_As_Bid,Unknown,20.00,0.00,EUR,Indexed,,62.70,73.96,,0.00,200.00,,PV,Unknown,0.00,203.00,281.00,138%,102%,2018,,,8/29/2020,73.96484605
France Onshore Wind Auction Round 4,Completed,France,Europe,Wind,,Auction,Pay_As_Bid,Unknown,20.00,0.00,EUR,Indexed,,66.50,74.43,,0.00,500.00,,Onshore wind,Unknown,0.00,576.00,736.00,128%,115%,2019,2017,7/1/2019,10/8/2022,74.42641298
CRE4 Roof Large V (0.5-8MW),Completed,France,Europe,Solar,,Auction,Pay_As_Bid,Unknown,20.00,0.00,EUR,Indexed,,72.20,85.17,,0.00,125.00,,PV,Unknown,0.00,130.30,168.80,130%,104%,2018,,,9/1/2020,85.17164091
CRE4 Roof Small V  (100-500kW),Completed,France,Europe,Solar,,Auction,Pay_As_Bid,Unknown,20.00,0.00,EUR,Indexed,,83.00,97.91,,0.00,100.00,,PV,Unknown,0.00,101.10,118.60,117%,101%,2018,,,9/1/2020,97.91199717
CRE4 Carshades V (0.5-10MW),Completed,France,Europe,Solar,,Auction,Pay_As_Bid,Unknown,20.00,0.00,EUR,Indexed,,87.50,103.22,,0.00,70.00,,PV,Unknown,0.00,65.00,74.00,114%,93%,2018,,,3/2/2021,103.2204789
CRE4 Ground Large V (5-17MW),Completed,France,Europe,Solar,,Auction,Pay_As_Bid,Unknown,20.00,0.00,EUR,Indexed,,56.80,67.00,,0.00,550.00,,PV,Unknown,0.00,557.00,598.00,107%,101%,2018,,,3/2/2021,67.00483662
CRE4 Roof Small VI  (100-500kW),Completed,France,Europe,Solar,,Auction,Pay_As_Bid,Unknown,20.00,0.00,EUR,Indexed,,91.00,107.35,,0.00,150.00,,PV,Unknown,0.00,59.50,61.30,103%,40%,2018,,,10/22/2020,107.3492981
France Offshore Wind Tender Round 3 (Dunkirk),Completed,France,Europe,Wind,,Project_Tender,Pay_As_Bid,Unknown,20.00,0.00,EUR,Indexed,,44.00,49.24,,0.00,750.00,,Offshore wind,Technology specific,0.00,600.00,600.00,100%,80%,2019,,,12/31/2022,49.24454393
CRE4 Ground Small V (0.5-5MW),Completed,France,Europe,Solar,,Auction,Pay_As_Bid,Unknown,20.00,0.00,EUR,Indexed,,63.80,71.40,,0.00,230.00,,PV,Unknown,0.00,233.00,289.00,124%,101%,2019,,,3/2/2021,71.4045887
CRE4 Roof Large VI (0.5-8MW),Completed,France,Europe,Solar,,Auction,Pay_As_Bid,Unknown,20.00,0.00,EUR,Indexed,,77.00,86.18,,0.00,150.00,,PV,Unknown,0.00,52.10,53.50,103%,35%,2019,,,1/1/2021,86.17795187
CRE4 Ground Small VI (0.5-5MW),Completed,France,Europe,Solar,,Auction,Pay_As_Bid,Unknown,20.00,0.00,EUR,Indexed,,67.50,75.55,,0.00,230.00,,PV,Unknown,0.00,232.80,296.00,127%,101%,2019,,,8/31/2021,75.54560716
CRE4 Carshades VI (0.5-10MW),Completed,France,Europe,Solar,,Auction,Pay_As_Bid,Unknown,20.00,0.00,EUR,Indexed,,88.30,98.82,,0.00,70.00,,PV,Unknown,0.00,71.00,106.00,149%,101%,2019,,,8/31/2021,98.82484611
CRE4 Ground Large VI (5-30MW),Completed,France,Europe,Solar,,Auction,Pay_As_Bid,Unknown,20.00,0.00,EUR,Indexed,,59.50,66.59,,0.00,550.00,,PV,Unknown,0.00,555.00,706.00,127%,101%,2019,,,8/31/2021,66.59205372
CRE4 Roof Large VII (0.5-8MW),Completed,France,Europe,Solar,,Auction,Pay_As_Bid,Unknown,20.00,0.00,EUR,Indexed,,93.00,104.09,,0.00,150.00,,PV,Technology specific,0.00,111.40,121.90,109%,74%,2019,,,2/23/2021,104.0850588
CRE4 Roof Small VII  (100-500kW),Completed,France,Europe,Solar,,Auction,Pay_As_Bid,Unknown,20.00,0.00,EUR,Indexed,,99.00,110.80,,0.00,150.00,,PV,Technology specific,0.00,95.90,101.30,106%,64%,2019,,,2/23/2021,110.8002238
CRE4 Roof Large VIII (0.5-8MW),Completed,France,Europe,Solar,,Auction,Pay_As_Bid,Unknown,20.00,0.00,EUR,Indexed,,86.50,96.81,,0.00,150.00,,PV,Technology specific,0.00,66.40,88.70,134%,44%,2019,,,2/23/2021,96.81029659
France Innovative Solar Tender Phase 3,Completed,France,Europe,Solar,,Auction,Pay_As_Bid,Contract_For_Difference_Two_Way,20.00,0.00,EUR,Indexed,,84.20,96.00,,0.00,140.00,,PV,Technology specific,0.00,142.60,213.90,150%,102%,2020,2017,5/3/2020,10/8/2022,95.99817581
France Onshore Wind Auction Round 6,Completed,France,Europe,Wind,,Auction,Pay_As_Bid,Unknown,20.00,0.00,EUR,Indexed,,59.70,68.07,,0.00,250.00,,Onshore wind,Unknown,0.00,258.00,686.00,266%,103%,2020,2017,6/1/2020,4/3/2023,68.06521491
CRE4 Ground Small VII (0.5-5MW),Completed,France,Europe,Solar,,Auction,Pay_As_Bid,Unknown,20.00,0.00,EUR,Indexed,,65.76,74.97,,0.00,230.00,,PV,Unknown,0.00,231.70,321.00,139%,101%,2020,,,5/1/2022,74.97434728
CRE4 Carshades VI 2020 (0.5-10MW),Completed,France,Europe,Solar,,Auction,Pay_As_Bid,Unknown,20.00,0.00,EUR,Indexed,,85.64,97.64,,0.00,70.00,,PV,Unknown,0.00,48.90,66.80,137%,70%,2020,,,5/1/2022,97.63994983
CRE4 Ground Large VII (5-30MW),Completed,France,Europe,Solar,,Auction,Pay_As_Bid,Unknown,20.00,0.00,EUR,Indexed,,56.31,64.20,,0.00,550.00,,PV,Unknown,0.00,368.90,467.00,127%,67%,2020,,,5/1/2022,64.20020522
France Onshore Wind Auction Round 7,Completed,France,Europe,Wind,,Auction,Pay_As_Bid,Unknown,20.00,0.00,EUR,Indexed,,59.50,67.84,,0.00,500.00,,Onshore wind,Unknown,0.00,520.00,1065.00,205%,104%,2020,2017,10/3/2020,4/3/2023,67.83719074
CRE4 Roof Small VIII  (100-500kW),Completed,France,Europe,Solar,,Auction,Pay_As_Bid,Unknown,20.00,0.00,EUR,Indexed,,97.50,111.16,,0.00,150.00,,PV,Unknown,0.00,63.00,80.90,128%,42%,2020,,,10/1/2021,111.1617831
CRE4 Carshades VIII (0.5-10MW),Completed,France,Europe,Solar,,Auction,Pay_As_Bid,Unknown,20.00,0.00,EUR,Indexed,,80.51,91.79,,0.00,30.00,,PV,Unknown,0.00,30.00,68.00,227%,100%,2020,,,10/1/2022,91.79112986
CRE4 Ground Large VIII (5-30MW),Completed,France,Europe,Solar,,Auction,Pay_As_Bid,Unknown,20.00,0.00,EUR,Indexed,,54.07,61.65,,0.00,220.00,,PV,Unknown,0.00,220.00,282.00,128%,100%,2020,,,10/1/2022,61.64633451
France Onshore Wind Auction Round 8,Completed,France,Europe,Wind,,Auction,Pay_As_Bid,Unknown,20.00,0.00,EUR,Indexed,,60.80,71.88,,0.00,700.00,,Onshore wind,Unknown,0.00,404.00,540.00,134%,58%,2021,2017,4/5/2021,12/31/2024,71.87610829
CRE4 Roof Large IX (0.5-8MW),Completed,France,Europe,Solar,,Auction,Pay_As_Bid,Unknown,20.00,0.00,EUR,Indexed,,86.20,98.28,,0.00,150.00,,PV,Unknown,0.00,69.10,91.40,132%,46%,2020,,,2/1/2022,98.27841751
CRE4 Roof Small IX  (100-500kW),Completed,France,Europe,Solar,,Auction,Pay_As_Bid,Unknown,20.00,0.00,EUR,Indexed,,97.00,110.59,,0.00,150.00,,PV,Unknown,0.00,78.20,109.70,140%,52%,2020,,,2/1/2022,110.5917227
CRE4 Roof Large X (0.5-8MW),Completed,France,Europe,Solar,,Auction,Pay_As_Bid,Unknown,20.00,0.00,EUR,Indexed,,83.06,94.70,,0.00,75.00,,PV,Unknown,0.00,76.70,83.40,109%,102%,2020,,,6/2/2022,94.69843803
CRE4 Roof Small X  (100-500kW),Completed,France,Europe,Solar,,Auction,Pay_As_Bid,Unknown,20.00,0.00,EUR,Indexed,,93.98,107.15,,0.00,75.00,,PV,Unknown,0.00,75.30,125.70,167%,100%,2020,,,6/2/2022,107.1485577
France PPE2 PV Ground - Round 1,Completed,France,Europe,Solar,,Auction,Pay_As_Bid,Unknown,20.00,0.00,EUR,Indexed,Read https://www.bnef.com/insights/27481 and https://www.cre.fr/Documents/Appels-d-offres/appel-d-offres-portant-sur-la-realisation-et-l-exploitation-d-installations-de-production-d-electricite-a-partir-de-l-energie-solaire-centrales-a2,58.84,69.56,,0.00,700.00,,PV,Unknown,,705.00,845.00,120%,101%,2021,2021,12/13/2021,8/3/2024,69.55904953
"France PPE2 PV Roof, Carports, Greenhouses -  Round 1",Completed,France,Europe,Solar,,Auction,Pay_As_Bid,Unknown,20.00,0.00,EUR,Indexed,Read: https://www.bnef.com/insights/27481/ and https://www.cre.fr/Documents/Deliberations/Decision/instruction-des-dossiers-de-candidature-de-la-troisieme-periode-de-l-appel-d-offres-portant-sur-la-realisation-et-l-exploitation-d-installations-de,83.12,98.26,,0.00,300.00,,PV,Unknown,,157.14,268.50,171%,52%,2021,2021,10/11/2021,7/6/2024,98.26220593
CRE4 Ground Small VIII (0.5-5MW),Completed,France,Europe,Solar,,Auction,Pay_As_Bid,Unknown,20.00,0.00,EUR,Indexed,,64.39,76.12,,0.00,80.00,,PV,Unknown,0.00,81.00,169.00,209%,101%,2021,,,10/1/2022,76.12010876
CRE4 Carshades IX (0.5-10MW),Completed,France,Europe,Solar,,Auction,Pay_As_Bid,Unknown,20.00,0.00,EUR,Indexed,,,,,0.00,70.00,,PV,Unknown,0.00,70.00,95.00,136%,100%,2021,,,2/3/2023,
CRE4 Ground Large IX (5-30MW),Completed,France,Europe,Solar,,Auction,Pay_As_Bid,Unknown,20.00,0.00,EUR,Indexed,,55.10,65.14,,0.00,440.00,,PV,Unknown,0.00,261.00,341.00,131%,59%,2021,,,,65.13772314
CRE4 Ground Small IX (0.5-5MW),Completed,France,Europe,Solar,,Auction,Pay_As_Bid,Unknown,20.00,0.00,EUR,Indexed,,64.80,76.60,,0.00,170.00,,PV,Unknown,0.00,120.00,180.00,150%,71%,2021,,,2/4/2023,76.60479962
CRE4 Ground Small X (0.5-5MW),Completed,France,Europe,Solar,,Auction,Pay_As_Bid,Unknown,20.00,0.00,EUR,Indexed,,63.40,74.95,,0.00,180.00,,PV,Unknown,0.00,142.00,191.00,135%,79%,2021,,,,74.94975765
CRE4 Carshades X (0.5-10MW),Completed,France,Europe,Solar,,Auction,Pay_As_Bid,Unknown,20.00,0.00,EUR,Indexed,,82.29,97.28,,0.00,70.00,,PV,Unknown,0.00,39.00,59.00,151%,56%,2021,,,,97.28100248
CRE4 Ground Large X (5-30MW),Completed,France,Europe,Solar,,Auction,Pay_As_Bid,Unknown,20.00,0.00,EUR,Indexed,,52.32,61.85,,0.00,450.00,,PV,Unknown,0.00,455.00,764.00,168%,101%,2021,,,,61.85128266
CRE4 Roof Large XI (0.5-8MW),Completed,France,Europe,Solar,,Auction,Pay_As_Bid,Unknown,20.00,0.00,EUR,Indexed,,79.34,93.79,,0.00,75.00,,PV,Unknown,0.00,75.70,111.00,147%,101%,2021,,,1/2/2023,93.79359262
CRE4 Roof Small XI  (100-500kW),Completed,France,Europe,Solar,,Auction,Pay_As_Bid,Unknown,20.00,0.00,EUR,Indexed,,90.74,107.27,,0.00,75.00,,PV,Unknown,0.00,75.10,186.60,248%,100%,2021,,,1/2/2023,107.2703629
CRE4 Roof Large XII (0.5-8MW),Completed,France,Europe,Solar,,Auction,Pay_As_Bid,Unknown,20.00,0.00,EUR,Indexed,,77.62,91.76,,0.00,75.00,,PV,Unknown,0.00,75.50,109.00,144%,101%,2021,,,6/2/2023,91.76025535
CRE4 Roof Small XII  (100-500kW),Completed,France,Europe,Solar,,Auction,Pay_As_Bid,Unknown,20.00,0.00,EUR,Indexed,,87.00,102.85,,0.00,75.00,,PV,Unknown,0.00,85.45,251.60,294%,114%,2021,,,6/2/2023,102.8490365
CRE4 Roof Small XIII  (100-500kW),Completed,France,Europe,Solar,,Auction,Pay_As_Bid,Unknown,20.00,0.00,EUR,Indexed,,87.25,103.14,,0.00,150.00,,PV,Unknown,0.00,150.00,256.00,171%,100%,2021,,,,103.1445797
CRE4 Roof Large XIII (0.5-8MW),Completed,France,Europe,Solar,,Auction,Pay_As_Bid,Unknown,20.00,0.00,EUR,Indexed,,76.66,90.63,,0.00,150.00,,PV,Unknown,0.00,150.00,152.00,101%,100%,2021,,,,90.62536943
France PPE2 Self-consumption (PV/Wind) - Round 1,Completed,France,Europe,Solar,,Auction,Pay_As_Bid,Unknown,10.00,0.00,EUR,Fixed,,12.85,15.19,,0.00,50.00,,PV,Technology neutral,,7.40,11.25,152%,15%,2021,2021,11/15/2021,6/6/2024,15.19092091
France PPE2 Self-consumption (PV/Wind) - Round 2,Completed,France,Europe,Solar,,Auction,Pay_As_Bid,Unknown,10.00,0.00,EUR,Fixed,,10.80,11.35,,0.00,50.00,,PV,Technology neutral,,7.57,10.23,135%,15%,2022,2021,2/28/2022,10/14/2024,11.35169224
France PPE2 Self-consumption (PV/Wind) - Round 3,Completed,France,Europe,Solar,,Auction,Pay_As_Bid,Unknown,10.00,0.00,EUR,Fixed,,10.70,11.25,,0.00,50.00,,PV,Technology neutral,,9.69,12.39,128%,19%,2022,2021,9/5/2022,2/15/2025,11.24658398
France PPE2 Self-consumption (PV/Wind) - Round 4,Completed,France,Europe,Solar,,Auction,Pay_As_Bid,Unknown,10.00,0.00,EUR,Fixed,,8.31,8.99,,0.00,50.00,,PV,Technology neutral,,51.68,63.24,122%,103%,2023,2021,10/9/2023,5/23/2026,8.985726644
France PPE2 Self-consumption (PV/Wind) - Round 5,Delayed,France,Europe,Renewables_Other,,Auction,Pay_As_Bid,Unknown,10.00,0.00,EUR,Fixed,,,,,0.00,50.00,,Unknown technology,Technology neutral,,,,,,2023,2021,,,
France PPE2 Self-consumption (PV/Wind) - Round 6,Delayed,France,Europe,Renewables_Other,,Auction,Pay_As_Bid,Unknown,10.00,0.00,EUR,Fixed,,,,,0.00,50.00,,Unknown technology,Technology neutral,,,,,,2024,2021,,,
France PPE2 Self-consumption (PV/Wind) - Round 7,Delayed,France,Europe,Renewables_Other,,Auction,Pay_As_Bid,Unknown,10.00,0.00,EUR,Fixed,,,,,0.00,50.00,,Unknown technology,Technology neutral,,,,,,2024,2021,,,
France PPE2 Self-consumption (PV/Wind) - Round 8,Delayed,France,Europe,Renewables_Other,,Auction,Pay_As_Bid,Unknown,10.00,0.00,EUR,Fixed,,,,,0.00,50.00,,Unknown technology,Technology neutral,,,,,,2024,2021,,,
France PPE2 Self-consumption (PV/Wind) - Round 9,Delayed,France,Europe,Renewables_Other,,Auction,Pay_As_Bid,Unknown,10.00,0.00,EUR,Fixed,,,,,0.00,50.00,,Unknown technology,Technology neutral,,,,,,2024,2021,,,
France PPE2 Self-consumption (PV/Wind) - Round 10,Cancelled,France,Europe,Renewables_Other,,Auction,Pay_As_Bid,Unknown,10.00,0.00,EUR,Fixed,,,,,0.00,50.00,,Unknown technology,Technology neutral,,,,,,2025,2021,,,
France PPE2 Self-consumption (PV/Wind) - Round 11,Cancelled,France,Europe,Renewables_Other,,Auction,Pay_As_Bid,Unknown,10.00,0.00,EUR,Fixed,,,,,0.00,50.00,,Unknown technology,Technology neutral,,,,,,2025,2021,,,
France PPE2 Self-consumption (PV/Wind) - Round 12,Cancelled,France,Europe,Renewables_Other,,Auction,Pay_As_Bid,Unknown,10.00,0.00,EUR,Fixed,,,,,0.00,50.00,,Unknown technology,Technology neutral,,,,,,2025,2021,,,
France PPE2 Self-consumption (PV/Wind) - Round 13,Cancelled,France,Europe,Renewables_Other,,Auction,Pay_As_Bid,Unknown,10.00,0.00,EUR,Fixed,,,,,0.00,50.00,,Unknown technology,Technology neutral,,,,,,2025,2021,,,
France PPE2 Self-consumption (PV/Wind) - Round 14,Cancelled,France,Europe,Renewables_Other,,Auction,Pay_As_Bid,Unknown,10.00,0.00,EUR,Fixed,,,,,0.00,50.00,,Unknown technology,Technology neutral,,,,,,2026,2021,,,
France PPE2 PV/Wind (Technology neutral) - Round 1,Completed,France,Europe,Solar,,Auction,Pay_As_Bid,Unknown,20.00,0.00,EUR,Indexed,"Total auction capacity of 500MW was for solar and wind. Weighted average bid price for solar was 73.50 and 180MW was awarded, out of a total of 225MW of eligible solar bids. Total eligible bids for wind and solar was 706MW.
link to CRE's results: https://www.cre.fr/Documents/Appels-d-offres/appel-d-offres-portant-sur-la-realisation-et-l-exploitation-d-installations-de-production-d-electricite-a-partir-d-energie-solaire-photovoltaique",73.50,77.25,,0.00,500.00,,PV,Technology neutral,,180.00,225.93,126%,36%,2022,2021,7/18/2022,10/15/2025,77.25457221
France PPE2 Onshore Wind - Round 1,Completed,France,Europe,Wind,,Auction,Pay_As_Bid,Unknown,20.00,0.00,EUR,Indexed,"France published a new set of renewable energy tenders on August 5, 2021.The government aims to award up to 15.5GW of PV, 9GW of wind and 2.5GW via technology neutral rounds, over the 2021-26 period. Up to 5.7GW is planned to be auctioned annually. The government will offer generators 20-year contracts via competitive reverse-bidding rounds.",64.52,76.27,,0.00,700.00,,Onshore wind,Unknown,925.00,510.30,612.00,120%,73%,2021,2021,11/15/2021,11/26/2023,76.27379123
France PPE2 PV/Wind (Technology neutral) - Round 1,Completed,France,Europe,Wind,,Auction,Pay_As_Bid,Contract_For_Difference_Two_Way,20.00,0.00,EUR,Indexed,"Total auction capacity of 500MW was for solar and wind. Weighted average bid price for onshore wind was 78.80 and 321MW was awarded, out of a total of 480MW of eligible solar bids. Total eligible bids for wind and solar was 706MW. Results here: https://www.cre.fr/fileadmin/Documents/Appels_d_offres/import/220929_2022-248_AO_PPE2_Neutre_1eP_Rapport.pdf",78.80,82.83,,0.00,500.00,,Onshore wind,Technology neutral,,321.00,480.10,150%,64%,2022,2021,7/18/2022,10/15/2025,82.82531007
France PPE2 PV Ground - Round 2,Completed,France,Europe,Solar,,Auction,Pay_As_Bid,Unknown,20.00,0.00,EUR,Indexed,Read https://www.bnef.com/insights/27481 and https://www.cre.fr/Documents/Appels-d-offres/appel-d-offres-portant-sur-la-realisation-et-l-exploitation-d-installations-de-production-d-electricite-a-partir-de-l-energie-solaire-centrales-a2,68.51,72.01,,0.00,700.00,,PV,Unknown,,339.00,468.00,138%,48%,2022,2021,5/9/2022,12/31/2024,72.00966996
"France PPE2 PV Roof, Carports, Greenhouses -  Round 2",Completed,France,Europe,Solar,,Auction,Pay_As_Bid,Unknown,20.00,0.00,EUR,Indexed,Read: https://www.bnef.com/insights/27481/ and https://www.cre.fr/Documents/Deliberations/Decision/instruction-des-dossiers-de-candidature-de-la-troisieme-periode-de-l-appel-d-offres-portant-sur-la-realisation-et-l-exploitation-d-installations-de,85.27,89.63,,0.00,400.00,,PV,Unknown,,125.76,163.32,130%,31%,2022,2021,2/14/2022,9/24/2024,89.62581459
France PPE2 Onshore Wind - Round 2,Completed,France,Europe,Wind,,Auction,Pay_As_Bid,Contract_For_Difference_Two_Way,20.00,0.00,EUR,Indexed,"France published a new set of renewable energy tenders on August 5, 2021.The government aims to award up to 15.5GW of PV, 9GW of wind and 2.5GW via technology neutral rounds, over the 2021-26 period. Up to 5.7GW is planned to be auctioned annually. The government will offer generators 20-year contracts via competitive reverse-bidding rounds.",67.33,70.77,,0.00,925.00,,Onshore wind,Unknown,925.00,268.15,337.15,126%,29%,2022,2021,4/1/2022,4/15/2024,70.76939247
France PPE2 PV Ground - Round 3,Completed,France,Europe,Solar,,Auction,Pay_As_Bid,Unknown,20.00,0.00,EUR,Indexed,"France published a new set of solar and wind tenders on August 5, 2021. The government aims to award up to 27GW across technologies over 2021-26. Read https://www.bnef.com/insights/27481/",82.23,86.43,,0.00,925.00,,PV,Unknown,,115.03,485.69,422%,12%,2022,2021,12/12/2022,7/1/2024,86.43052344
"France PPE2 PV Roof, Carports, Greenhouses -  Round 3",Completed,France,Europe,Solar,,Auction,Pay_As_Bid,Unknown,20.00,0.00,EUR,Indexed,Read: https://www.bnef.com/insights/27481/ and https://www.cre.fr/Documents/Deliberations/Decision/instruction-des-dossiers-de-candidature-de-la-troisieme-periode-de-l-appel-d-offres-portant-sur-la-realisation-et-l-exploitation-d-installations-de,90.91,95.55,,0.00,400.00,,PV,Unknown,,89.82,155.10,173%,22%,2022,2021,6/20/2022,1/28/2025,95.55392054
France PPE2 PV Ground - Round 4,Completed,France,Europe,Solar,,Auction,Pay_As_Bid,Unknown,20.00,0.00,EUR,Indexed,"France published a new set of solar and wind tenders on August 5, 2021. The government aims to award up to 27GW across technologies over 2021-26. Read https://www.bnef.com/insights/27481/",82.42,86.63,,0.00,1500.00,,PV,Unknown,,1518.97,1837.40,121%,101%,2022,2021,6/26/2023,7/1/2025,86.63022914
France PPE2 PV/Wind (Technology neutral) - Round 2,Completed,France,Europe,Solar,,Auction,Pay_As_Bid,Unknown,20.00,0.00,EUR,Indexed,"Total auction capacity of 500MW split between PV and wind. In the end, 512MW was awarded of which 435MW of solar and 78MW of onshore wind (see row below for wind split). Results: https://www.cre.fr/fileadmin/Documents/Appels_d_offres/import/231130_2023-344_AO_PPE2_neutre_2eP_rapport.pdf",84.84,91.74,,0.00,500.00,,PV,Technology neutral,,435.20,668.30,154%,87%,2023,2021,11/30/2023,1/1/2026,91.73875433
France PPE2 PV/Wind (Technology neutral) - Round 2,Completed,France,Europe,Wind,,Auction,Pay_As_Bid,Contract_For_Difference_Two_Way,20.00,0.00,EUR,Indexed,"Total auction capacity of 500MW split between PV and wind. In the end, 512MW was awarded of which 435MW of solar and 78MW of onshore wind. Results: https://www.cre.fr/fileadmin/Documents/Appels_d_offres/import/231130_2023-344_AO_PPE2_neutre_2eP_rapport.pdf",87.18,94.27,,0.00,500.00,,Onshore wind,Technology neutral,,77.60,415.50,535%,16%,2023,2021,11/30/2023,1/1/2026,94.26903114
France PPE2 Onshore Wind - Round 3,Completed,France,Europe,Wind,,Auction,Pay_As_Bid,Contract_For_Difference_Two_Way,20.00,0.00,EUR,Indexed,"There official document with the results does not include  a date (https://www.ecologie.gouv.fr/sites/default/files/Laur%C3%A9ats%203P%20AO%20PPE2%20%C3%A9olien%20terrestre%20.pdf ). But this other document is related to the same auction round, although it indicates other capacities and associated costs (https://www.cre.fr/content/download/27016/file/230202_2023-43_AO_PPE2_Eolien_3eP.pdf). 
",76.40,82.61,,0.00,925.00,,Onshore wind,Technology specific,925.00,54.00,944.20,1749%,6%,2023,2021,12/12/2022,12/23/2025,82.61245675
"France PPE2 PV Roof, Carports, Greenhouses -  Round 4",Completed,France,Europe,Solar,,Auction,Pay_As_Bid,Contract_For_Difference_Two_Way,20.00,0.00,EUR,Indexed,"France published a new set of solar and wind tenders on August 5, 2021. The government aims to award up to 27GW across technologies over 2021-26. Read https://www.bnef.com/insights/27481/",104.95,113.48,,0.00,400.00,,PV,Unknown,,57.58,443.25,770%,14%,2023,2021,1/9/2023,7/1/2024,113.4839965
France Offshore Wind Tender Round 4 (Normandy),Completed,France,Europe,Wind,,Project_Tender,Pay_As_Bid,Unknown,20.00,0.00,EUR,Indexed,Tender results link: https://www.cre.fr/Documents/Appels-d-offres/dialogue-concurrentiel-n-1-2020-portant-sur-des-installations-eoliennes-de-production-d-electricite-en-mer-dans-une-zone-au-large-de-la-normandie,44.90,48.55,,900.00,1050.00,,Offshore wind,Technology specific,,1000.00,1000.00,100%,95%,2023,2019,1/15/2021,12/31/2031,48.55103806
France PPE2 Onshore Wind - Round 4,Completed,France,Europe,Wind,,Auction,Pay_As_Bid,Contract_For_Difference_Two_Way,20.00,0.00,EUR,Indexed,"France published a new set of renewable energy tenders on August 5, 2021.The government aims to award up to 15.5GW of PV, 9GW of wind and 2.5GW via technology neutral rounds, over the 2021-26 period. Up to 5.7GW is planned to be auctioned annually. The government will offer generators 20-year contracts via competitive reverse-bidding rounds.",84.79,91.68,,0.00,925.00,,Onshore wind,Technology specific,925.00,1159.56,1823.00,157%,125%,2023,2021,5/2/2023,5/12/2026,91.68468858
"France PPE2 PV Roof, Carports, Greenhouses -  Round 5",Completed,France,Europe,Solar,,Auction,Pay_As_Bid,Contract_For_Difference_Two_Way,20.00,0.00,EUR,Indexed,"France published a new set of solar and wind tenders on August 5, 2021. The government aims to award up to 27GW across technologies over 2021-26. Read https://www.bnef.com/insights/27481/",102.80,111.16,,0.00,800.00,,PV,Unknown,,341.87,682.13,200%,43%,2023,2021,6/12/2023,1/1/2025,111.1591696
France PPE2 PV Ground - Round 5,Completed,France,Europe,Solar,,Auction,Pay_As_Bid,Contract_For_Difference_Two_Way,20.00,0.00,EUR,Indexed,"France published a new set of solar and wind tenders on August 5, 2021. The government aims to award up to 27GW across technologies over 2021-26. Read https://www.bnef.com/insights/27481/",81.90,88.56,,0.00,925.00,,PV,Technology specific,,912.00,958.00,105%,99%,2023,2021,12/4/2023,8/1/2026,88.55968858
France Offshore Wind Tender Round 5 (Britanny Floating),Completed,France,Europe,Wind,,Project_Tender,Pay_As_Bid,Contract_For_Difference_Two_Way,20.00,0.00,EUR,Indexed,"On Jan 2019, France released its latest 10 year energy roadmap, indicating a offshore tender timeline out to 2025",86.45,93.48,,225.00,275.00,,Floating offshore wind,Technology specific,,270.00,,0%,98%,2023,2019,4/30/2021,12/31/2031,93.47967128
France PPE2 Onshore Wind - Round 5,Completed,France,Europe,Wind,,Auction,Pay_As_Bid,Contract_For_Difference_Two_Way,20.00,0.00,EUR,Indexed,"France published a new set of renewable energy tenders on August 5, 2021.The government aims to award up to 15.5GW of PV, 9GW of wind and 2.5GW via technology neutral rounds, over the 2021-26 period. Up to 5.7GW is planned to be auctioned annually. The government will offer generators 20-year contracts via competitive reverse-bidding rounds.",86.94,94.01,,0.00,925.00,,Onshore wind,Technology specific,925.00,931.33,1603.01,172%,101%,2023,2021,9/28/2023,9/8/2026,94.00951557
"France PPE2 PV Roof, Carports, Greenhouses -  Round 6",Completed,France,Europe,Solar,,Auction,Pay_As_Bid,Contract_For_Difference_Two_Way,20.00,0.00,EUR,Indexed,"France published a new set of solar and wind tenders on August 5, 2021. The government aims to award up to 27GW across technologies over 2021-26. Read https://www.bnef.com/insights/27481/",102.10,110.40,,0.00,400.00,,PV,Technology specific,,362.00,388.00,107%,91%,2023,2021,11/20/2023,1/1/2026,110.4022491
"France PPE2 PV Roof, Carports, Greenhouses -  Round 7",Completed,France,Europe,Solar,,Auction,Pay_As_Bid,Contract_For_Difference_Two_Way,20.00,0.00,EUR,Indexed,"France published a new set of solar and wind tenders on August 5, 2021. The government aims to award up to 27GW across technologies over 2021-26. Read https://www.bnef.com/insights/27481/",100.74,108.97,,0.00,400.00,,PV,Technology specific,,179.96,179.96,100%,45%,2024,2021,4/22/2024,7/22/2026,108.9670092
"France PPE2 PV Roof, Carports, Greenhouses -  Round 8",Completed,France,Europe,Solar,,Auction,Pay_As_Bid,Contract_For_Difference_Two_Way,20.00,0.00,EUR,Indexed,"France published a new set of solar and wind tenders on August 5, 2021. The government aims to award up to 27GW across technologies over 2021-26. Read https://www.bnef.com/insights/27481/",99.95,108.11,,0.00,300.00,,PV,Technology specific,,253.30,334.75,132%,84%,2024,2021,8/26/2024,10/15/2026,108.1124932
France PPE2 PV Ground - Round 6,Completed,France,Europe,Solar,,Auction,Pay_As_Bid,Contract_For_Difference_Two_Way,20.00,0.00,EUR,Indexed,"France published a new set of solar and wind tenders on August 5, 2021. The government aims to award up to 27GW across technologies over 2021-26. Read https://www.bnef.com/insights/27481/",79.28,85.75,,0.00,925.00,,PV,Technology specific,,948.00,1400.00,148%,102%,2024,2021,8/19/2024,,85.75446187
France PPE2 Onshore Wind - Round 6,Completed,France,Europe,Wind,Standalone,Auction,Pay_As_Bid,Contract_For_Difference_Two_Way,20.00,0.00,EUR,Indexed,"France published a new set of renewable energy tenders on August 5, 2021.The government aims to award up to 15.5GW of PV, 9GW of wind and 2.5GW via technology neutral rounds, over the 2021-26 period. Up to 5.7GW is planned to be auctioned annually. The government will offer generators 20-year contracts via competitive reverse-bidding rounds.",87.23,94.32,,0.00,925.00,,Onshore wind,Technology specific,,1006.80,1800.70,179%,109%,2023,2021,12/4/2023,12/15/2026,94.32309689
France Offshore Wind Tender Round 6 (Mediterranee Floating - Occitaine),Completed,France,Europe,Wind,Standalone,Project_Tender,Pay_As_Bid,Contract_For_Difference_Two_Way,20.00,0.00,EUR,Indexed,"On Jan 2019, France released its latest 10 year energy roadmap, indicating a offshore tender timeline out to 2025",92.70,99.63,,,250.00,,Floating offshore wind,Technology specific,,250.00,,#N/A,100%,2025,2019,3/25/2022,12/31/2031,99.63456578
France Offshore Wind Tender Round 6 (Mediterranee Floating - Provence-Alpes-Côte d'Azur),Completed,France,Europe,Wind,Standalone,Project_Tender,Pay_As_Bid,Contract_For_Difference_Two_Way,20.00,0.00,EUR,Indexed,"On Jan 2019, France released its latest 10 year energy roadmap, indicating a offshore tender timeline out to 2025",85.90,92.33,,,250.00,,Floating offshore wind,Technology specific,,250.00,,0%,100%,2025,2019,,,92.32588134
France Offshore Wind Tender Round 7 (South Atlantic/Oleron),Delayed,France,Europe,Wind,Standalone,Project_Tender,Pay_As_Bid,Contract_For_Difference_Two_Way,20.00,0.00,EUR,Indexed,"On Jan 2019, France released its latest 10 year energy roadmap, indicating a offshore tender timeline out to 2025",,,,,1000.00,,Offshore wind,Technology specific,,,,,,2024,2019,10/21/2022,12/31/2032,
France PPE2 Onshore Wind - Round 7,Completed,France,Europe,Wind,,Auction,Pay_As_Bid,Contract_For_Difference_Two_Way,20.00,0.00,EUR,Indexed,"France published a new set of renewable energy tenders on August 5, 2021.The government aims to award up to 15.5GW of PV, 9GW of wind and 2.5GW via technology neutral rounds, over the 2021-26 period. Up to 5.7GW is planned to be auctioned annually. The government will offer generators 20-year contracts via competitive reverse-bidding rounds.",87.63,94.79,,0.00,925.00,,Onshore wind,Technology specific,,925.88,1349.78,146%,100%,2024,2021,5/13/2024,5/24/2027,94.78637101
France PPE2 Onshore Wind - Round 8,Completed,France,Europe,Wind,,Auction,Pay_As_Bid,Contract_For_Difference_Two_Way,20.00,0.00,EUR,Indexed,"France published a new set of renewable energy tenders on August 5, 2021.The government aims to award up to 15.5GW of PV, 9GW of wind and 2.5GW via technology neutral rounds, over the 2021-26 period. Up to 5.7GW is planned to be auctioned annually. The government will offer generators 20-year contracts via competitive reverse-bidding rounds.",87.92,95.10,,0.00,925.00,,Onshore wind,Technology specific,,755.00,1043.00,138%,82%,2024,2021,9/2/2024,9/1/2027,95.10005408
France PPE2 Onshore Wind - Round 9,Completed,France,Europe,Wind,,Auction,Pay_As_Bid,Contract_For_Difference_Two_Way,20.00,0.00,EUR,Indexed,"France published a new set of renewable energy tenders on August 5, 2021.The government aims to award up to 15.5GW of PV, 9GW of wind and 2.5GW via technology neutral rounds, over the 2021-26 period. Up to 5.7GW is planned to be auctioned annually. The government will offer generators 20-year contracts via competitive reverse-bidding rounds.",87.61,94.16,,0.00,925.00,,Onshore wind,Technology specific,,930.00,1167.00,125%,101%,2025,2021,2/10/2025,3/27/2028,94.16380052
France PPE2 Onshore Wind - Round 10,Announced,France,Europe,Wind,,Auction,Pay_As_Bid,Contract_For_Difference_Two_Way,20.00,0.00,EUR,Indexed,"France published a new set of renewable energy tenders on August 5, 2021.The government aims to award up to 15.5GW of PV, 9GW of wind and 2.5GW via technology neutral rounds, over the 2021-26 period. Up to 5.7GW is planned to be auctioned annually. The government will offer generators 20-year contracts via competitive reverse-bidding rounds.",,,,,925.00,,Onshore wind,Technology specific,,,,,,2025,2021,6/30/2025,,
France Offshore Wind Tender Round 8 (Normandy II),Announced,France,Europe,Wind,,Project_Tender,Pay_As_Bid,Contract_For_Difference_Two_Way,20.00,0.00,EUR,Unknown,"On Jan 2019, France released its latest 10 year energy roadmap, indicating a offshore tender timeline out to 2025",,,,,1500.00,,Offshore wind,Technology specific,,,,,,2026,2019,10/23/2022,12/31/2032,
"France Offshore Wind Tender Round 9 (Bretagne Sud, Mediterranee 1, Mediterranee 2, Sud Atlantique)",Announced,France,Europe,Wind,,Project_Tender,Pay_As_Bid,Contract_For_Difference_Two_Way,20.00,0.00,EUR,Unknown,"On Jan 2019, France released its latest 10 year energy roadmap, indicating a offshore tender timeline out to 2025",,,,,2700.00,,Offshore wind,Technology specific,,,,,,2026,2019,,,
"France Onshore Wind Auction Round 18, 2026 ",Announced,France,Europe,Wind,,Auction,Pay_As_Bid,Unknown,20.00,0.00,EUR,Indexed,"France published a new set of renewable energy tenders on August 5, 2021.The government aims to award up to 15.5GW of PV, 9GW of wind and 2.5GW via technology neutral rounds, over the 2021-26 period. Up to 5.7GW is planned to be auctioned annually. The government will offer generators 20-year contracts via competitive reverse-bidding rounds.",,,,0.00,925.00,,Onshore wind,Unknown,,,,,,2026,2021,,,
France Small-scale and Micro Hydro Auction 2017,Completed,France,Europe,Hydro,,Auction,Pay_As_Bid,Contract_For_Difference_Two_Way,20.00,0.00,EUR,Indexed,,112.40,126.75,,0.00,62.50,,Run of river,Technology specific,,27.00,76.00,281%,43%,2017,2016,11/18/2016,10/6/2021,126.7478575
France Small-scale Hydro Auction 2018 Round 1 ,Completed,France,Europe,Hydro,,Auction,Pay_As_Bid,Contract_For_Difference_Two_Way,20.00,0.00,EUR,Indexed,,91.80,108.29,,0.00,35.00,,Run of river,Technology specific,,29.60,97.80,330%,85%,2018,2017,12/18/2017,1/7/2023,108.2930282
France Small-scale Hydro Auction 2019 Round 2 ,Completed,France,Europe,Hydro,,Auction,Pay_As_Bid,Contract_For_Difference_Two_Way,20.00,0.00,EUR,Indexed,,87.10,97.48,,0.00,35.00,,Run of river,Technology specific,,36.70,65.50,178%,105%,2019,2017,12/18/2018,11/29/2023,97.48181309
France Small-scale Hydro Auction 2020 Round 3 ,Completed,France,Europe,Hydro,,Auction,Pay_As_Bid,Contract_For_Difference_Two_Way,20.00,0.00,EUR,Indexed,,81.50,92.92,,0.00,35.00,,Run of river,Technology specific,,20.00,38.20,191%,57%,2020,2017,4/20/2020,2/4/2025,92.9198495
France Small-scale Hydro Auction 2022 Round 4 ,Completed,France,Europe,Hydro,,Auction,Pay_As_Bid,Contract_For_Difference_Two_Way,20.00,0.00,EUR,Indexed,,95.70,100.59,,0.00,35.00,,Run of river,Technology specific,,3.30,9.50,288%,9%,2022,2017,11/18/2021,11/6/2026,100.5886063
France Small-scale Hydro Auction 2023 Round 5 ,Completed,France,Europe,Hydro,,Auction,Pay_As_Bid,Contract_For_Difference_Two_Way,20.00,0.00,EUR,Indexed,,91.30,98.72,,0.00,35.00,,Run of river,Technology specific,,12.90,25.80,200%,37%,2023,2017,12/13/2022,1/1/2028,98.72404844
France Small-scale Hydro Auction 2024 Round 6 2028 delivery,Announced,France,Europe,Hydro,,Auction,Pay_As_Bid,Contract_For_Difference_Two_Way,20.00,0.00,EUR,Indexed,,,,,0.00,35.00,,Run of river,Technology specific,,,,,,2025,2023,11/18/2024,5/6/2028,
France Small-scale Hydro Auction 2024 Round 6 2029 delivery,Announced,France,Europe,Hydro,,Auction,Pay_As_Bid,Contract_For_Difference_Two_Way,20.00,0.00,EUR,Indexed,,,,,0.00,40.00,,Run of river,Technology specific,,,,,,2025,2023,11/18/2025,5/5/2029,
France Small-scale Hydro Auction 2024 Round 6 2027 delivery,Completed,France,Europe,Hydro,,Auction,Pay_As_Bid,Contract_For_Difference_Two_Way,20.00,0.00,EUR,Indexed,,98.90,106.98,,0.00,30.00,,Run of river,Technology specific,,10.10,13.70,136%,34%,2024,2023,2/5/2024,6/5/2027,106.9767442
"France Offshore Wind Tender Round 10 (Fecamp Grand Large-1, Fecamp Grand Large-2, Bretagne Nord Ouest, Golfe de Gascogne Sud, Golfe du Lion Centre)",Announced,France,Europe,Wind,,Project_Tender,Pay_As_Bid,Contract_For_Difference_Two_Way,20.00,0.00,EUR,Unknown,"On Jan 2019, France released its latest 10 year energy roadmap, indicating a offshore tender timeline out to 2025",,,,8400.00,9200.00,,Offshore wind,Technology specific,,,,,,2027,2019,,,
France PPE2 PV/Wind (Technology neutral) - Round 3,Completed,France,Europe,Solar,,Auction,Pay_As_Bid,Unknown,20.00,0.00,EUR,Indexed,"France published a new set of solar and wind tenders on August 5, 2021. The government aims to award up to 27GW across technologies over 2021-26. Read https://www.bnef.com/insights/27481/. Price is the weighted average of all successful dossiers independant of technology class. PV was awarded 93% of the total capacity.  PV plants must be commissioned within 30 months while wind and hydro projects have 36 months.",80.60,87.18,,0.00,500.00,,PV,Technology neutral,,500.00,767.00,153%,100%,2024,2021,10/14/2024,4/14/2027,87.18226068
France PPE2 PV/Wind (Technology neutral) - Round 4,Announced,France,Europe,Solar,,Auction,Pay_As_Bid,Unknown,20.00,0.00,EUR,Indexed,"France published a new set of solar and wind tenders on August 5, 2021. The government aims to award up to 27GW across technologies over 2021-26. Read https://www.bnef.com/insights/27481/",,,,0.00,500.00,,PV,Technology neutral,,,,,,2025,2021,9/22/2025,,
France PPE2 PV/Wind (Technology neutral) - Round 5,Announced,France,Europe,Solar,,Auction,Pay_As_Bid,Unknown,20.00,0.00,EUR,Indexed,"France published a new set of solar and wind tenders on August 5, 2021. The government aims to award up to 27GW across technologies over 2021-26. Read https://www.bnef.com/insights/27481/",,,,0.00,500.00,,PV,Technology neutral,,,,,,2026,2021,,,
France PPE2 PV Ground - Round 7,Completed,France,Europe,Solar,,Auction,Pay_As_Bid,Unknown,20.00,0.00,EUR,Indexed,"France published a new set of solar and wind tenders on August 5, 2021. The government aims to award up to 27GW across technologies over 2021-26. Read https://www.bnef.com/insights/27481/",79.09,85.01,,0.00,925.00,,PV,Technology specific,,887.46,1135.03,128%,96%,2025,2021,12/9/2024,6/8/2027,85.00644884
France PPE2 PV Ground - Round 8,Announced,France,Europe,Solar,,Auction,Pay_As_Bid,Unknown,20.00,0.00,EUR,Indexed,"France published a new set of solar and wind tenders on August 5, 2021. The government aims to award up to 27GW across technologies over 2021-26. Read https://www.bnef.com/insights/27481/",,,,0.00,925.00,,PV,Technology specific,,,,,,2025,2021,6/2/2025,,
"France PPE2 PV Roof, Carports, Greenhouses -  Round 9",Completed,France,Europe,Solar,,Auction,Pay_As_Bid,Unknown,20.00,0.00,EUR,Indexed,"France published a new set of solar and wind tenders on August 5, 2021. The government aims to award up to 27GW across technologies over 2021-26. Read https://www.bnef.com/insights/27481/",,,,0.00,400.00,,PV,Technology specific,,220.00,278.00,126%,55%,2024,2021,12/6/2024,6/1/2027,
France PPE2 PV Ground - Round 9,Announced,France,Europe,Solar,,Auction,Pay_As_Bid,Unknown,20.00,0.00,EUR,Indexed,"France published a new set of solar and wind tenders on August 5, 2021. The government aims to award up to 27GW across technologies over 2021-26. Read https://www.bnef.com/insights/27481/",,,,0.00,925.00,,PV,Technology specific,,,,,,2025,2021,,,
"France PPE2 PV Roof, Carports, Greenhouses -  Round 10",Announced,France,Europe,Solar,,Auction,Pay_As_Bid,Unknown,20.00,0.00,EUR,Indexed,"France published a new set of solar and wind tenders on August 5, 2021. The government aims to award up to 27GW across technologies over 2021-26. Read https://www.bnef.com/insights/27481/",,,,0.00,400.00,,PV,Technology specific,,,,,,2025,2021,3/17/2025,,
France PPE2 PV Ground - Round 10,Announced,France,Europe,Solar,,Auction,Pay_As_Bid,Unknown,20.00,0.00,EUR,Indexed,Read https://www.bnef.com/insights/27481 and https://www.cre.fr/Documents/Appels-d-offres/appel-d-offres-portant-sur-la-realisation-et-l-exploitation-d-installations-de-production-d-electricite-a-partir-de-l-energie-solaire-centrales-a2,,,,0.00,925.00,,PV,Technology specific,,,,,,2026,2021,,,
"France PPE2 PV Roof, Carports, Greenhouses -  Round 11",Announced,France,Europe,Solar,,Auction,Pay_As_Bid,Unknown,20.00,0.00,EUR,Indexed,"France published a new set of solar and wind tenders on August 5, 2021. The government aims to award up to 27GW across technologies over 2021-26. Read https://www.bnef.com/insights/27481/",,,,0.00,300.00,,PV,Technology specific,,,,,,2025,2021,6/30/2025,,
"France PPE2 PV Roof, Carports, Greenhouses -  Round 12",Announced,France,Europe,Solar,,Auction,Pay_As_Bid,Unknown,20.00,0.00,EUR,Indexed,"France published a new set of solar and wind tenders on August 5, 2021. The government aims to award up to 27GW across technologies over 2021-26. Read https://www.bnef.com/insights/27481/",,,,0.00,400.00,,PV,Technology specific,,,,,,2025,2021,3/17/2025,,
"France PPE2 PV Roof, Carports, Greenhouses -  Round 13",Announced,France,Europe,Solar,,Auction,Pay_As_Bid,Unknown,20.00,0.00,EUR,Indexed,"France published a new set of solar and wind tenders on August 5, 2021. The government aims to award up to 27GW across technologies over 2021-26. Read https://www.bnef.com/insights/27481/",,,,0.00,400.00,,PV,Technology specific,,,,,,2026,2021,,,
"France PPE2 PV Roof, Carports, Greenhouses -  Round 14",Announced,France,Europe,Solar,,Auction,Pay_As_Bid,Unknown,20.00,0.00,EUR,Indexed,"France published a new set of solar and wind tenders on August 5, 2021. The government aims to award up to 27GW across technologies over 2021-26. Read https://www.bnef.com/insights/27481/",,,,0.00,300.00,,PV,Technology specific,,,,,,2026,2021,,,
"Germany Open space solar auction, April 2015",Completed,Germany,Europe,Solar,,Auction,Pay_As_Bid,Contract_For_Difference_One_Way,20.00,0.00,EUR,Fixed,Germany's first open space PV auction under the EEG 2014.,91.70,101.74,,0.00,150.00,,PV,Technology specific,0.00,157.00,715.00,455%,105%,2015,2015,4/1/2015,6/12/2017,101.7419283
"Germany Open space solar auction, August 2015",Completed,Germany,Europe,Solar,,Auction,Pay_As_Clear,Contract_For_Difference_One_Way,20.00,0.00,EUR,Fixed,,84.90,94.20,,0.00,150.00,,PV,Technology specific,0.00,159.00,558.00,351%,106%,2015,2015,8/1/2015,10/12/2017,94.19727061
"Germany Open space solar auction, December 2015",Completed,Germany,Europe,Solar,,Auction,Pay_As_Clear,Contract_For_Difference_One_Way,20.00,0.00,EUR,Fixed,,80.00,88.76,,0.00,200.00,,PV,Technology specific,0.00,204.00,562.00,275%,102%,2015,2015,12/1/2015,2/11/2018,88.76067902
"Germany Open space solar auction, August 2016",Completed,Germany,Europe,Solar,,Auction,Pay_As_Bid,Contract_For_Difference_One_Way,20.00,0.00,EUR,Fixed,,72.50,80.21,,0.00,125.00,,PV,Technology specific,0.00,118.00,311.00,264%,94%,2016,2016,8/1/2016,10/13/2018,80.20798761
"Germany Open space solar auction, December 2016",Completed,Germany,Europe,Solar,,Auction,Pay_As_Bid,Contract_For_Difference_One_Way,20.00,0.00,EUR,Fixed,,69.00,76.34,,0.00,160.00,,PV,Technology specific,0.00,163.00,423.00,260%,102%,2016,2016,12/1/2016,2/12/2019,76.33587786
Germany Biomass Auction Round 1,Completed,Germany,Europe,Biomass_And_Waste,Standalone,Auction,Pay_As_Bid,Contract_For_Difference_One_Way,20.00,0.00,EUR,Fixed,"Payment time for existing biomass plants is 10 years, newly commissioned 20 years",140.16,158.05,,0.00,122.45,,Biomass,Technology specific,0.00,27.55,27.55,100%,23%,2017,,9/1/2017,9/25/2019,158.0514208
"Germany EEG Wind Auction Round 1, May 2017",Completed,Germany,Europe,Wind,,Auction,Pay_As_Bid,Contract_For_Difference_One_Way,20.00,0.00,EUR,Indexed,,57.10,64.39,,0.00,800.00,,Onshore wind,Technology specific,0.00,807.00,2137.00,265%,101%,2017,,5/1/2017,11/26/2019,64.38881371
Germany Offshore Wind Transitional Auction Round I,Completed,Germany,Europe,Wind,,Auction,Pay_As_Bid,Contract_For_Difference_One_Way,20.00,0.00,EUR,Indexed,,44.00,49.62,,0.00,1550.00,,Offshore wind,Technology specific,0.00,1490.00,1490.00,100%,96%,2017,,,,49.61659901
"Germany EEG Wind Auction Round 2, August 2017",Completed,Germany,Europe,Wind,,Auction,Pay_As_Bid,Contract_For_Difference_One_Way,20.00,0.00,EUR,Fixed,,42.80,48.26,,0.00,1000.00,,Onshore wind,Technology specific,0.00,1013.00,2927.00,289%,101%,2017,,8/1/2017,2/24/2020,48.26341903
"Germany EEG Wind Auction Round 3, November 2017",Completed,Germany,Europe,Wind,,Auction,Pay_As_Bid,Contract_For_Difference_One_Way,20.00,0.00,EUR,Fixed,,38.20,43.08,,0.00,1000.00,,Onshore wind,Technology specific,0.00,1000.40,2591.00,259%,100%,2017,,11/1/2017,11/30/2020,43.07622914
"Germany Open space solar auction, October 2017",Completed,Germany,Europe,Solar,,Auction,Pay_As_Bid,Contract_For_Difference_One_Way,20.00,0.00,EUR,Fixed,,49.10,55.37,,0.00,200.00,,PV,Technology specific,0.00,222.00,754.00,340%,111%,2017,2017,10/1/2017,12/13/2019,55.36761389
"Germany Open space solar auction, April 2016",Completed,Germany,Europe,Solar,,Auction,Pay_As_Bid,Contract_For_Difference_One_Way,20.00,0.00,EUR,Fixed,,74.10,83.56,,0.00,125.00,,PV,Technology specific,0.00,108.00,539.00,499%,86%,2017,,,6/13/2018,83.55886333
"Germany Open space solar auction, June 2017",Completed,Germany,Europe,Solar,,Auction,Pay_As_Bid,Contract_For_Difference_One_Way,20.00,0.00,EUR,Fixed,,56.60,63.82,,0.00,200.00,,PV,Technology specific,0.00,201.00,646.00,321%,101%,2017,2017,6/1/2017,8/13/2019,63.82498872
Germany Biomass Auction Round 2 September 2018,Completed,Germany,Europe,Biomass_And_Waste,Standalone,Auction,Pay_As_Bid,Contract_For_Difference_One_Way,20.00,0.00,EUR,Fixed,"Payment time for existing biomass plants is 10 years, newly commissioned 20 years",147.30,173.76,,0.00,225.80,,Biomass,Technology specific,0.00,76.54,76.54,100%,34%,2018,,9/1/2018,3/28/2022,173.7643034
Germany Offshore Wind Transitional Auction Round II,Completed,Germany,Europe,Wind,,Auction,Pay_As_Bid,Contract_For_Difference_One_Way,20.00,0.00,EUR,Indexed,,46.60,54.97,,0.00,1610.00,,Offshore wind,Technology specific,0.00,1610.00,1610.00,100%,100%,2018,,,12/31/2025,54.97227793
"Germany EEG Wind Auction Round 4, February 2018",Completed,Germany,Europe,Wind,,Auction,Pay_As_Bid,Contract_For_Difference_One_Way,20.00,0.00,EUR,Fixed,,47.30,55.80,,0.00,700.00,,Onshore wind,Technology specific,0.00,709.00,989.00,139%,101%,2018,,2/1/2018,12/31/2021,55.79804176
"Germany EEG Wind Auction Round 5, May 2018",Completed,Germany,Europe,Wind,,Auction,Pay_As_Bid,Contract_For_Difference_One_Way,20.00,0.00,EUR,Fixed,,57.30,67.59,,0.00,670.00,,Onshore wind,Technology specific,0.00,604.00,604.00,100%,90%,2018,,5/1/2018,5/25/2021,67.59466792
"Germany EEG Wind Auction Round 6, August 2018",Completed,Germany,Europe,Wind,,Auction,Pay_As_Bid,Contract_For_Difference_One_Way,20.00,0.00,EUR,Fixed,,61.60,72.67,,0.00,670.00,,Onshore wind,Technology specific,0.00,666.00,708.60,106%,99%,2018,,8/1/2018,8/24/2021,72.66721718
Germany EEG Wind Auction Round 7 October 2018,Completed,Germany,Europe,Wind,,Auction,Pay_As_Bid,Contract_For_Difference_One_Way,20.00,0.00,EUR,Fixed,,62.60,73.85,,0.00,670.00,,Onshore wind,Technology specific,0.00,363.00,363.00,100%,54%,2018,,8/1/2018,12/31/2021,73.84687979
"Germany Open space solar auction, February 2017",Completed,Germany,Europe,Solar,,Auction,Pay_As_Bid,Contract_For_Difference_One_Way,20.00,0.00,EUR,Fixed,,65.80,74.20,,0.00,200.00,,PV,Technology specific,0.00,200.00,488.00,244%,100%,2017,2017,2/1/2017,4/15/2019,74.19936852
"Germany Open space solar auction, February 2018",Completed,Germany,Europe,Solar,,Auction,Pay_As_Bid,Contract_For_Difference_One_Way,20.00,0.00,EUR,Fixed,,43.30,51.08,,0.00,200.00,,PV,Technology specific,0.00,201.00,546.00,272%,101%,2018,2018,2/1/2018,4/14/2020,51.07939129
"Germany Open space solar auction, June 2018",Completed,Germany,Europe,Solar,,Auction,Pay_As_Bid,Contract_For_Difference_One_Way,20.00,0.00,EUR,Fixed,,45.90,54.15,,0.00,182.50,,PV,Technology specific,0.00,183.50,360.00,196%,101%,2018,2018,6/1/2018,8/12/2020,54.1465141
"Germany Open space solar auction, October 2018",Completed,Germany,Europe,Solar,,Auction,Pay_As_Bid,Contract_For_Difference_One_Way,20.00,0.00,EUR,Fixed,,46.90,55.33,,0.00,182.50,,PV,Technology specific,0.00,192.00,551.00,287%,105%,2018,2018,10/1/2018,12/12/2020,55.32617671
Germany Joint Solar-Wind April 2018,Completed,Germany,Europe,Solar,,Auction,Pay_As_Bid,Contract_For_Difference_One_Way,20.00,0.00,EUR,Fixed,,46.70,55.09,,0.00,200.00,,PV,Technology specific,0.00,210.00,395.00,188%,105%,2018,2017,4/1/2018,12/31/2020,55.09024419
Germany Joint Solar-Wind November 2018,Completed,Germany,Europe,Solar,,Auction,Pay_As_Bid,Contract_For_Difference_One_Way,20.00,0.00,EUR,Fixed,,52.70,62.17,,0.00,200.00,,PV,Technology specific,0.00,201.00,318.00,158%,101%,2018,2017,11/1/2018,12/31/2020,62.16821989
"Germany EEG Wind Auction Round 8, February 2019",Completed,Germany,Europe,Wind,,Auction,Pay_As_Bid,Contract_For_Difference_One_Way,20.00,0.00,EUR,Fixed,"24-30 month time to complete. Extension of 18 months can be granted. If commission later than 24 months after subsidy awarded, subsidy will be reduced",61.10,68.38,,0.00,700.00,,Onshore wind,Technology specific,0.00,476.00,499.39,105%,68%,2019,,2/1/2019,9/1/2021,68.38276441
"Germany EEG Wind Auction Round 9, May 2019",Completed,Germany,Europe,Wind,,Auction,Pay_As_Bid,Contract_For_Difference_One_Way,20.00,0.00,EUR,Fixed,,61.30,68.61,,0.00,650.00,,Onshore wind,Technology specific,0.00,270.00,294.00,109%,42%,2019,,5/1/2019,12/31/2022,68.60660325
"Germany EEG Wind Auction Round 12, October 2019",Completed,Germany,Europe,Wind,,Auction,Pay_As_Bid,Contract_For_Difference_One_Way,20.00,0.00,EUR,Fixed,,62.00,69.39,,0.00,675.00,,Onshore wind,Technology specific,0.00,204.00,204.00,100%,30%,2019,,10/1/2019,10/1/2021,69.39003917
"Germany EEG Wind Auction Round 13 , December 2019",Completed,Germany,Europe,Wind,,Auction,Pay_As_Bid,Contract_For_Difference_One_Way,20.00,0.00,EUR,Fixed,,61.10,68.38,,0.00,500.00,,Onshore wind,Technology specific,0.00,509.04,685.84,135%,102%,2019,,12/1/2019,12/27/2022,68.38276441
Germany Biomass Auction April 2019,Completed,Germany,Europe,Biomass_And_Waste,Standalone,Auction,Pay_As_Bid,Contract_For_Difference_One_Way,20.00,0.00,EUR,Fixed,,121.37,135.83,,0.00,133.29,,Biomass,Technology specific,0.00,25.53,27.00,106%,19%,2019,,4/1/2019,10/25/2022,135.833578
Germany Biomass Auction November 2019,Completed,Germany,Europe,Biomass_And_Waste,Standalone,Auction,Pay_As_Bid,Contract_For_Difference_One_Way,20.00,0.00,EUR,Fixed,,124.26,139.07,,0.00,133.29,,Biomass,Technology specific,0.00,56.73,76.00,134%,43%,2019,,11/1/2019,6/2/2023,139.066116
"Germany Open space solar auction, December 2019",Completed,Germany,Europe,Solar,,Auction,Pay_As_Bid,Contract_For_Difference_One_Way,20.00,0.00,EUR,Fixed,,56.80,63.57,,0.00,500.00,,PV,Technology specific,0.00,501.25,1344.44,268%,100%,2019,2019,12/1/2019,2/11/2022,63.57022943
"Germany Open space solar auction, February 2019",Completed,Germany,Europe,Solar,,Auction,Pay_As_Bid,Contract_For_Difference_One_Way,20.00,0.00,EUR,Fixed,,48.00,53.72,,0.00,175.00,,PV,Technology specific,0.00,178.07,465.18,261%,102%,2019,2019,2/1/2019,4/14/2021,53.72132065
"Germany Open space solar auction, June 2019",Completed,Germany,Europe,Solar,,Auction,Pay_As_Bid,Contract_For_Difference_One_Way,20.00,0.00,EUR,Fixed,,54.70,61.22,,0.00,150.00,,PV,Technology specific,0.00,204.70,556.00,272%,136%,2019,2019,6/1/2019,8/12/2021,61.21992166
"Germany Open space solar auction, March 2019",Completed,Germany,Europe,Solar,,Auction,Pay_As_Bid,Contract_For_Difference_One_Way,20.00,0.00,EUR,Fixed,,65.90,73.75,,0.00,500.00,,PV,Technology specific,0.00,505.19,869.15,172%,101%,2019,2019,3/1/2019,5/12/2021,73.75489647
"Germany Open space solar auction, October 2019",Completed,Germany,Europe,Solar,,Auction,Pay_As_Bid,Contract_For_Difference_One_Way,20.00,0.00,EUR,Fixed,,49.00,54.84,,0.00,150.00,,PV,Technology specific,0.00,152.78,648.00,424%,102%,2019,2019,10/1/2019,12/12/2021,54.84051483
Germany Joint Solar-Wind November 2019,Completed,Germany,Europe,Solar,,Auction,Pay_As_Bid,Contract_For_Difference_One_Way,20.00,0.00,EUR,Fixed,,54.00,60.44,,0.00,200.00,,PV,Technology specific,0.00,202.60,514.00,254%,101%,2019,,11/1/2019,12/31/2021,60.43648573
Germany Joint Solar-Wind April 2019,Completed,Germany,Europe,Solar,,Auction,Pay_As_Bid,Contract_For_Difference_One_Way,20.00,0.00,EUR,Fixed,,56.60,63.35,,0.00,200.00,,PV,Technology specific,0.00,211.00,720.00,341%,106%,2019,,4/1/2019,12/31/2021,63.3463906
"Germany EEG Wind Auction Round 11, September 2019",Completed,Germany,Europe,Wind,,Auction,Pay_As_Bid,Contract_For_Difference_One_Way,20.00,0.00,EUR,Fixed,,62.00,69.39,,0.00,500.00,,Onshore wind,Technology specific,0.00,179.40,187.80,105%,36%,2019,,9/1/2019,12/31/2021,69.39003917
Germany EEG Wind Auction Round 10 August 2019,Completed,Germany,Europe,Wind,,Auction,Pay_As_Bid,Contract_For_Difference_One_Way,20.00,0.00,EUR,Fixed,,62.00,69.39,,0.00,650.00,,Onshore wind,Technology specific,0.00,208.00,239.25,115%,32%,2019,,8/1/2019,12/31/2021,69.39003917
Germany EEG biomass auction 01/04/2020,Completed,Germany,Europe,Biomass_And_Waste,Standalone,Auction,Pay_As_Bid,Contract_For_Difference_One_Way,20.00,0.00,EUR,Fixed,Newly commissioned biomass plants with an installed capacity of 150 kW or less are exempt from the obligation to tender and can be funded according to the provisions of the EEG 2021. Biomass plants over 20 MW are not funded under the EEG .,135.85,154.89,,0.00,167.77,,Biomass,Technology specific,0.00,90.46,92.49,102%,54%,2020,,4/1/2020,9/22/2023,154.8903652
Germany EEG biomass auction 01/11/2020,Completed,Germany,Europe,Biomass_And_Waste,Standalone,Auction,Pay_As_Bid,Contract_For_Difference_One_Way,20.00,0.00,EUR,Fixed,Newly commissioned biomass plants with an installed capacity of 150 kW or less are exempt from the obligation to tender and can be funded according to the provisions of the EEG 2021. Biomass plants over 20 MW are not funded under the EEG .,157.58,179.66,,0.00,167.77,,Biomass,Technology specific,0.00,28.31,50.41,178%,17%,2020,,11/1/2020,12/1/2023,179.6609621
Germany Innovation auction 01/09/2020,Completed,Germany,Europe,Co_Located,Co-located,Auction,Pay_As_Bid,Unknown,,,EUR,Unknown,"Bids won: innovative solar, solar and storage, wind and storage. Majority (383MW) of the awarded capacity was solar+storage and 11MW was wind+storage.",37.29,42.52,,0.00,650.00,,Solar and wind and storage,Technology specific,0.00,676.98,1094.86,162%,104%,2020,,9/1/2020,4/11/2023,42.51883552
Germany Joint Solar-Wind Auction April 2020,Completed,Germany,Europe,Solar,,Auction,Pay_As_Bid,Contract_For_Difference_One_Way,20.00,0.00,EUR,Fixed,,53.30,60.77,,0.00,200.00,,PV,Technology specific,0.00,204.00,553.00,271%,102%,2020,2017,4/1/2020,12/31/2022,60.76844145
Germany Joint Solar-Wind Auction November 2020,Completed,Germany,Europe,Solar,,Auction,Pay_As_Bid,Contract_For_Difference_One_Way,20.00,0.00,EUR,Fixed,,53.30,60.77,,0.00,200.00,,PV,Technology specific,0.00,202.00,518.00,256%,101%,2020,2017,11/1/2020,12/31/2022,60.76844145
"Germany Open space solar auction, December 2020",Completed,Germany,Europe,Solar,,Auction,Pay_As_Bid,Contract_For_Difference_One_Way,20.00,0.00,EUR,Fixed,,51.00,58.15,,0.00,256.96,,PV,Technology specific,0.00,264.16,936.07,354%,103%,2020,2020,12/1/2020,2/12/2023,58.14616349
"Germany Open space solar auction, February 2020",Completed,Germany,Europe,Solar,,Auction,Pay_As_Bid,Contract_For_Difference_One_Way,20.00,0.00,EUR,Fixed,,50.10,57.12,,0.00,100.00,,PV,Technology specific,0.00,100.55,493.00,490%,101%,2020,2020,2/1/2020,4/14/2022,57.12005473
"Germany Open space solar auction, July 2020",Completed,Germany,Europe,Solar,,Auction,Pay_As_Bid,Contract_For_Difference_One_Way,20.00,0.00,EUR,Fixed,,51.80,59.06,,0.00,192.72,,PV,Technology specific,0.00,193.27,779.42,403%,100%,2020,2020,7/1/2020,9/12/2022,59.05826018
"Germany Open space solar auction, June 2020",Completed,Germany,Europe,Solar,,Auction,Pay_As_Bid,Contract_For_Difference_One_Way,20.00,0.00,EUR,Fixed,,52.70,60.08,,0.00,96.36,,PV,Technology specific,0.00,99.57,447.23,449%,103%,2020,2020,6/1/2020,8/13/2022,60.08436894
"Germany Open space solar auction, March 2020",Completed,Germany,Europe,Solar,,Auction,Pay_As_Bid,Contract_For_Difference_One_Way,20.00,0.00,EUR,Fixed,,51.80,59.06,,0.00,300.00,,PV,Technology specific,0.00,301.21,838.35,278%,100%,2020,2020,3/1/2020,5/13/2022,59.05826018
"Germany Open space solar auction, October 2020",Completed,Germany,Europe,Solar,,Auction,Pay_As_Bid,Contract_For_Difference_One_Way,20.00,0.00,EUR,Fixed,,52.30,59.63,,0.00,96.36,,PV,Technology specific,0.00,103.14,393.30,381%,107%,2020,2020,10/1/2020,12/13/2022,59.6283206
"Germany Open space solar auction, September 2020",Completed,Germany,Europe,Solar,,Auction,Pay_As_Bid,Contract_For_Difference_One_Way,20.00,0.00,EUR,Fixed,,52.20,59.51,,0.00,256.96,,PV,Technology specific,0.00,257.89,675.00,262%,100%,2020,2020,9/1/2020,11/13/2022,59.51430852
Germany EEG Wind Auction Round 14 February 2020,Completed,Germany,Europe,Wind,,Auction,Pay_As_Bid,Contract_For_Difference_One_Way,20.00,0.00,EUR,Fixed,"24-30 month time to complete. Extension of 18 months can be granted. If commission later than 24 months after subsidy awarded, subsidy will be reduced",61.80,70.46,,0.00,900.00,,Onshore wind,Technology specific,0.00,523.00,527.00,101%,58%,2020,,2/1/2020,2/1/2022,70.4594687
Germany EEG Wind Auction Round 17 July 2020,Completed,Germany,Europe,Wind,,Auction,Pay_As_Bid,Contract_For_Difference_One_Way,20.00,0.00,EUR,Fixed,"24-30 month time to complete. Extension of 18 months can be granted. If commission later than 24 months after subsidy awarded, subsidy will be reduced",61.40,70.00,,0.00,275.18,,Onshore wind,Technology specific,0.00,191.05,191.05,100%,69%,2020,,7/1/2020,3/22/2023,70.00342036
"Germany EEG Wind Auction Round 18, September 2020",Completed,Germany,Europe,Wind,,Auction,Pay_As_Bid,Contract_For_Difference_One_Way,20.00,0.00,EUR,Fixed,"24-30 month time to complete. Extension of 18 months can be granted. If commission later than 24 months after subsidy awarded, subsidy will be reduced",62.00,70.69,,0.00,366.90,,Onshore wind,Technology specific,0.00,284.90,310.00,109%,78%,2020,,9/1/2020,4/11/2023,70.68749287
"Germany EEG Wind Auction Round 19, October 2020",Completed,Germany,Europe,Wind,,Auction,Pay_As_Bid,Contract_For_Difference_One_Way,20.00,0.00,EUR,Fixed,"24-30 month time to complete. Extension of 18 months can be granted. If commission later than 24 months after subsidy awarded, subsidy will be reduced",61.10,69.66,,0.00,825.53,,Onshore wind,Technology specific,0.00,658.65,768.95,117%,80%,2020,,10/1/2020,5/2/2023,69.66138411
"Germany EEG Wind Auction Round 20, December 2020",Completed,Germany,Europe,Wind,,Auction,Pay_As_Bid,Contract_For_Difference_One_Way,20.00,0.00,EUR,Fixed,"24-30 month time to complete. Extension of 18 months can be granted. If commission later than 24 months after subsidy awarded, subsidy will be reduced",59.10,67.38,,0.00,366.90,,Onshore wind,Technology specific,0.00,399.70,657.10,164%,109%,2020,,12/1/2020,6/28/2023,67.3811424
Germany EEG Wind Auction Round 16 June 2020,Completed,Germany,Europe,Wind,,Auction,Pay_As_Bid,Contract_For_Difference_One_Way,20.00,0.00,EUR,Fixed,"24-30 month time to complete. Extension of 18 months can be granted. If commission later than 24 months after subsidy awarded, subsidy will be reduced",62.00,70.69,,0.00,826.00,,Onshore wind,Technology specific,0.00,463.99,467.60,101%,56%,2020,,6/1/2020,3/22/2023,70.68749287
Germany EEG Wind Auction Round 15 March 2020,Completed,Germany,Europe,Wind,,Auction,Pay_As_Bid,Contract_For_Difference_One_Way,20.00,0.00,EUR,Fixed,"24-30 month time to complete. Extension of 18 months can be granted. If commission later than 24 months after subsidy awarded, subsidy will be reduced",60.07,68.49,,0.00,300.00,,Onshore wind,Technology specific,0.00,150.90,193.80,128%,50%,2020,,3/1/2020,3/22/2023,68.48705963
Germany Innovation auction 01/04/2021,Completed,Germany,Europe,Co_Located,Co-located,Auction,Pay_As_Bid,Unknown,,,EUR,Unknown,Bids won: Solar and storage,42.90,50.72,,0.00,250.00,,Solar and storage,Technology specific,0.00,258.39,509.15,197%,103%,2021,,4/1/2021,11/7/2023,50.71775479
Germany Innovation auction 01/08/2021,Completed,Germany,Europe,Co_Located,Co-located,Auction,Pay_As_Bid,Unknown,,,EUR,Unknown,Bids won: Solar and storage,45.51,53.80,,0.00,250.00,,Solar and storage,Technology specific,0.00,155.61,249.60,160%,62%,2021,,8/1/2021,2/26/2024,53.79854294
"Germany Open space solar auction, June 2021",Completed,Germany,Europe,Solar,,Auction,Pay_As_Bid,Contract_For_Difference_One_Way,20.00,0.00,EUR,Fixed,Claiming a payment for electricity from newly commissioned ground-mounted systems and solar systems on structural systems that are neither buildings nor noise barriers (solar systems of the first segment) is only possible with an installed capacity of more than 750 kWp if you successfully participate in the tenders .,50.00,59.11,,0.00,510.35,,PV,Technology specific,0.00,513.25,1129.00,220%,101%,2021,2018,6/1/2021,8/16/2023,59.10864168
"Germany Open space solar auction, March 2021",Completed,Germany,Europe,Solar,,Auction,Pay_As_Bid,Contract_For_Difference_One_Way,20.00,0.00,EUR,Fixed,Claiming a payment for electricity from newly commissioned ground-mounted systems and solar systems on structural systems that are neither buildings nor noise barriers (solar systems of the first segment) is only possible with an installed capacity of more than 750 kWp if you successfully participate in the tenders .,50.30,59.46,,0.00,617.00,,PV,Technology specific,0.00,619.74,1504.00,243%,100%,2021,2018,12/1/2020,3/1/2023,59.46329353
"Germany Open space solar auction, November 2021",Completed,Germany,Europe,Solar,,Auction,Pay_As_Bid,Contract_For_Difference_One_Way,20.00,0.00,EUR,Fixed,Claiming a payment for electricity from newly commissioned ground-mounted systems and solar systems on structural systems that are neither buildings nor noise barriers (solar systems of the first segment) is only possible with an installed capacity of more than 750 kWp if you successfully participate in the tenders .,50.00,59.11,,0.00,509.52,,PV,Technology specific,0.00,511.96,986.00,193%,100%,2021,2018,11/1/2021,12/7/2023,59.10864168
"Germany Offshore Wind Auction 2021 (N-3.7, N-3.8,O-1.3)",Completed,Germany,Europe,Wind,,Project_Tender,Pay_As_Bid,Merchant,,,EUR,,The bid of 0 euros per MWh won,0.00,,,0.00,958.00,,Offshore wind,Technology specific,0.00,958.00,958.00,100%,100%,2021,2020,9/1/2021,1/1/2026,#N/A
"Germany EEG Wind Auction Round 21, February 2021",Completed,Germany,Europe,Wind,,Auction,Pay_As_Bid,Contract_For_Difference_One_Way,20.00,0.00,EUR,Fixed,"24-30 month time to complete. Extension of 18 months can be granted. If commission later than 24 months after subsidy awarded, subsidy will be reduced",60.00,70.93,,0.00,1500.00,,Onshore wind,Technology specific,0.00,691.00,718.80,104%,46%,2021,,2/1/2021,11/7/2023,70.93037002
"Germany EEG Wind Auction Round 22, May 2021",Completed,Germany,Europe,Wind,,Auction,Pay_As_Bid,Contract_For_Difference_One_Way,20.00,0.00,EUR,Fixed,"24-30 month time to complete. Extension of 18 months can be granted. If commission later than 24 months after subsidy awarded, subsidy will be reduced",59.10,69.87,,0.00,1243.00,,Onshore wind,Technology specific,0.00,1110.00,1161.00,105%,89%,2021,,5/1/2021,12/21/2023,69.86641447
"Germany EEG Wind Auction Round 23, September 2021",Completed,Germany,Europe,Wind,,Auction,Pay_As_Bid,Contract_For_Difference_One_Way,20.00,0.00,EUR,Fixed,"24-30 month time to complete. Extension of 18 months can be granted. If commission later than 24 months after subsidy awarded, subsidy will be reduced",57.90,68.45,,0.00,1492.02,,Onshore wind,Technology specific,0.00,1493.90,1823.80,122%,100%,2021,,9/1/2021,4/22/2024,68.44780707
Germany rooftop PV December 2021,Completed,Germany,Europe,Solar,,Auction,Pay_As_Bid,Unknown,20.00,0.00,EUR,Fixed,,74.30,87.84,,0.00,150.00,,PV,Technology specific,0.00,150.00,232.98,155%,100%,2021,2021,10/1/2022,,87.83544154
Germany rooftop PV June 2021,Completed,Germany,Europe,Solar,,Auction,Pay_As_Bid,Unknown,20.00,0.00,EUR,Fixed,,68.80,81.33,,0.00,150.00,,PV,Technology specific,0.00,150.00,213.10,142%,100%,2021,2021,4/1/2022,,81.33349096
Germany EEG biomass auction 01/03/2021,Completed,Germany,Europe,Biomass_And_Waste,Standalone,Auction,Pay_As_Bid,Contract_For_Difference_One_Way,20.00,0.00,EUR,Fixed,Newly commissioned biomass plants with an installed capacity of 150 kW or less are exempt from the obligation to tender and can be funded according to the provisions of the EEG 2021. Biomass plants over 20 MW are not funded under the EEG .,181.07,214.06,,0.00,300.00,,Biomass,Technology specific,0.00,33.87,43.63,129%,11%,2021,,3/1/2021,5/7/2024,214.0581653
Germany EEG biomass auction 01/09/2021,Completed,Germany,Europe,Biomass_And_Waste,Standalone,Auction,Pay_As_Bid,Contract_For_Difference_One_Way,20.00,0.00,EUR,Fixed,Newly commissioned biomass plants with an installed capacity of 150 kW or less are exempt from the obligation to tender and can be funded according to the provisions of the EEG 2021. Biomass plants over 20 MW are not funded under the EEG .,180.66,213.58,,0.00,274.86,,Biomass,Technology specific,0.00,69.55,86.47,124%,25%,2021,,9/1/2021,10/21/2024,213.5752046
Germany biomass auction September 2022,Completed,Germany,Europe,Biomass_And_Waste,Standalone,Auction,Pay_As_Bid,Contract_For_Difference_One_Way,20.00,0.00,EUR,Fixed,,178.41,187.53,,0.00,285.79,,Biomass,Technology specific,,78.19,101.04,129%,27%,2022,,,10/20/2025,187.5257866
Germany biomass auction March 2022,Completed,Germany,Europe,Biomass_And_Waste,Standalone,Auction,Pay_As_Bid,Contract_For_Difference_One_Way,20.00,0.00,EUR,Fixed,,157.38,165.42,,0.00,274.86,,Biomass,Technology specific,,68.30,80.93,118%,25%,2022,,,4/22/2025,165.4226753
"Germany Open space solar auction, March 2022",Completed,Germany,Europe,Solar,,Auction,Pay_As_Bid,Contract_For_Difference_One_Way,20.00,0.00,EUR,Fixed,Claiming a payment for electricity from newly commissioned ground-mounted systems and solar systems on structural systems that are neither buildings nor noise barriers (solar systems of the first segment) is only possible with an installed capacity of more than 750 kWp if you successfully participate in the tenders .,51.90,54.55,,0.00,1107.73,,PV,Technology specific,0.00,1083.63,1115.00,103%,98%,2022,2021,1/20/2022,9/20/2024,54.55118772
"Germany Open space solar auction, June 2022",Completed,Germany,Europe,Solar,,Auction,Pay_As_Bid,Contract_For_Difference_One_Way,20.00,0.00,EUR,Fixed,Claiming a payment for electricity from newly commissioned ground-mounted systems and solar systems on structural systems that are neither buildings nor noise barriers (solar systems of the first segment) is only possible with an installed capacity of more than 750 kWp if you successfully participate in the tenders .,55.10,57.91,,0.00,1125.90,,PV,Technology specific,0.00,695.85,713.50,103%,62%,2022,2021,6/1/2022,7/6/2024,57.91465209
Germany biogas auction September 2022,Completed,Germany,Europe,Clean_Fuels,Standalone,Auction,Pay_As_Bid,Contract_For_Difference_One_Way,20.00,0.00,EUR,Fixed,,,,,0.00,152.02,,Biogas,Technology specific,,3.50,3.50,100%,2%,2022,,,10/20/2025,
Germany rooftop PV December 2022,Completed,Germany,Europe,Solar,,Auction,Pay_As_Bid,Contract_For_Difference_One_Way,20.00,0.00,EUR,Fixed,Delivery deadline was extended from 24 to 36 months,87.40,91.86,,0.00,202.29,,PV,Technology specific,0.00,105.03,127.60,121%,52%,2022,2021,12/1/2022,6/27/2025,91.86462056
"Germany Open space solar auction, November 2022",Completed,Germany,Europe,Solar,,Auction,Pay_As_Bid,Contract_For_Difference_One_Way,20.00,0.00,EUR,Fixed,,58.00,60.96,,0.00,890.12,,PV,Technology specific,0.00,608.99,676.88,111%,68%,2022,2021,11/1/2022,12/6/2024,60.96279168
Germany rooftop PV April 2022,Completed,Germany,Europe,Solar,,Auction,Pay_As_Bid,Contract_For_Difference_One_Way,20.00,0.00,EUR,Fixed,Delivery deadline was extended from 24 to 36 months,85.30,89.66,,0.00,766.60,,PV,Technology specific,0.00,204.00,212.00,104%,27%,2022,2021,2/1/2022,11/18/2024,89.65734707
Germany rooftop PV August 2022,Completed,Germany,Europe,Solar,,Auction,Pay_As_Bid,Contract_For_Difference_One_Way,20.00,0.00,EUR,Fixed,Delivery deadline was extended from 24 to 36 months,88.40,92.92,,0.00,767.00,,PV,Technology specific,0.00,201.00,214.00,106%,26%,2022,2021,6/1/2022,30/02/2024,92.91570317
Germany Offshore Wind Auction 2022 (N-7.2),Completed,Germany,Europe,Wind,,Project_Tender,Pay_As_Bid,Merchant,,,EUR,,The bid of 0 euros per MWh won,0.00,,,0.00,980.00,,Offshore wind,Technology specific,0.00,980.00,980.00,100%,100%,2022,2021,9/1/2022,12/31/2027,#N/A
"Germany EEG Wind Auction Round 27, Dec 2022",Completed,Germany,Europe,Wind,,Auction,Pay_As_Bid,Contract_For_Difference_One_Way,20.00,0.00,EUR,Fixed,"24-30 month time to complete. Extension of 18 months can be granted. If commission later than 24 months after subsidy awarded, subsidy will be reduced",58.70,61.70,,0.00,603.87,,Onshore wind,Technology specific,0.00,189.46,203.05,107%,31%,2022,,12/1/2022,6/1/2024,61.69854951
"Germany EEG Wind Auction Round 24, Feb 2022",Completed,Germany,Europe,Wind,,Auction,Pay_As_Bid,Contract_For_Difference_One_Way,20.00,0.00,EUR,Fixed,"24-30 month time to complete. Extension of 18 months can be granted. If commission later than 24 months after subsidy awarded, subsidy will be reduced",57.60,60.54,,0.00,1328.19,,Onshore wind,Technology specific,0.00,1332.25,1356.45,102%,100%,2022,,3/1/2022,9/17/2024,60.54235863
"Germany EEG Wind Auction Round 25, May 2022",Completed,Germany,Europe,Wind,,Auction,Pay_As_Bid,Contract_For_Difference_One_Way,20.00,0.00,EUR,Fixed,"24-30 month time to complete. Extension of 18 months can be granted. If commission later than 24 months after subsidy awarded, subsidy will be reduced",58.50,61.49,,0.00,1319.84,,Onshore wind,Technology specific,0.00,930.79,946.89,102%,71%,2022,,5/1/2022,11/1/2024,61.48833298
"Germany EEG Wind Auction Round 26, Sep 2022",Completed,Germany,Europe,Wind,,Auction,Pay_As_Bid,Contract_For_Difference_One_Way,20.00,0.00,EUR,Fixed,"24-30 month time to complete. Extension of 18 months can be granted. If commission later than 24 months after subsidy awarded, subsidy will be reduced",58.40,61.38,,0.00,1319.84,,Onshore wind,Technology specific,0.00,772.66,772.66,100%,59%,2022,,9/1/2022,3/1/2025,61.38322472
Germany EEG Innovation Auction April 2022,Completed,Germany,Europe,Co_Located,Co-located,Auction,Pay_As_Bid,Contract_For_Difference_One_Way,20.00,0.00,EUR,Fixed,Only solar+storage bids were awarded capacity,54.20,56.97,,0.00,397.00,,Solar and storage,Co-location,,403.00,436.00,108%,102%,2022,2022,4/1/2022,11/18/2024,56.96867774
Germany EEG Innovation Auction December 2022,Completed,Germany,Europe,Renewables_Other,Co-located,Auction,Pay_As_Bid,Contract_For_Difference_One_Way,20.00,0.00,EUR,Fixed,No bids were submitted.,0.00,,,0.00,397.00,,Unknown technology,Co-location,,0.00,0.00,,,2022,2022,12/1/2022,6/27/2025,#N/A
Germany EEG biogas auction April 2023,Completed,Germany,Europe,Clean_Fuels,Standalone,Auction,Pay_As_Bid,Contract_For_Difference_One_Way,20.00,0.00,EUR,Fixed,Original tender volume of 300MW was reduced to 19.477MW - no bids were received. ,0.00,,,0.00,300.00,,Biogas,Technology specific,,0.00,0.00,,,2023,2023,4/1/2023,,#N/A
Germany EEG biogas auction September 2023,Completed,Germany,Europe,Clean_Fuels,Standalone,Auction,Pay_As_Bid,Contract_For_Difference_One_Way,20.00,0.00,EUR,Fixed,No bids were submitted.,0.00,,,0.00,8.00,,Biogas,Technology specific,,0.00,0.00,,,2023,2023,9/1/2023,,#N/A
Germany EEG Innovation Auction May 2023,Completed,Germany,Europe,Co_Located,Co-located,Auction,Pay_As_Bid,Contract_For_Difference_One_Way,20.00,0.00,EUR,Fixed,Only 3 bids were submitted and all three were accepted. The average weighted price of the bids was not released due to there being so few bids submitted. All of the awarded projects were solar+storage. ,,,,0.00,400.00,,Solar and storage,Co-location,,83.50,83.50,100%,21%,2023,2023,5/1/2023,12/31/2025,
Germany EEG solar rooftop 1 February 2023,Completed,Germany,Europe,Solar,,Auction,Pay_As_Bid,Contract_For_Difference_One_Way,20.00,0.00,EUR,Fixed,,108.70,117.54,,0.00,216.00,,PV,Technology specific,,194.00,212.00,109%,90%,2023,2023,2/1/2023,3/8/2025,117.5389273
Germany EEG solar rooftop 1 June 2023,Completed,Germany,Europe,Solar,,Auction,Pay_As_Bid,Contract_For_Difference_One_Way,20.00,0.00,EUR,Fixed,,101.80,110.08,,0.00,190.12,,PV,Technology specific,,192.84,342.46,178%,101%,2023,2023,6/1/2023,7/11/2025,110.0778547
Germany EEG solar rooftop 1 October 2023,Completed,Germany,Europe,Solar,,Auction,Pay_As_Bid,Contract_For_Difference_One_Way,20.00,0.00,EUR,Fixed,,95.80,103.59,,0.00,190.12,,PV,Technology specific,,191.07,372.99,195%,101%,2023,2023,10/1/2023,11/28/2025,103.5899654
Germany EEG Innovation Auction September 2023,Completed,Germany,Europe,Co_Located,Co-located,Auction,Pay_As_Bid,Contract_For_Difference_One_Way,20.00,0.00,EUR,Fixed,All of the awarded projects were solar+storage. ,83.30,90.07,,0.00,400.00,,Solar and storage,Technology specific,,400.00,407.96,102%,100%,2023,2023,9/1/2023,8/31/2026,90.07352941
Germany EEG biomass auction April 2023,Completed,Germany,Europe,Biomass_And_Waste,Standalone,Auction,Pay_As_Bid,Contract_For_Difference_One_Way,20.00,0.00,EUR,Fixed,,189.20,204.58,,0.00,300.00,,Biomass,Technology specific,,300.00,301.50,101%,100%,2023,2023,4/1/2023,5/31/2026,204.5847751
Germany EEG biomass auction October 2023,Completed,Germany,Europe,Biomass_And_Waste,Standalone,Auction,Pay_As_Bid,Contract_For_Difference_One_Way,20.00,0.00,EUR,Fixed,,182.80,197.66,,0.00,300.00,,Biomass,Technology specific,,287.85,288.25,100%,96%,2023,2023,10/1/2023,12/31/2026,197.6643599
"Germany Solar Open space auction, March 2023",Completed,Germany,Europe,Solar,,Auction,Pay_As_Bid,Contract_For_Difference_One_Way,20.00,0.00,EUR,Fixed,,70.30,76.02,,0.00,1950.00,,PV,Technology specific,,1952.00,2870.00,147%,100%,2023,2023,3/1/2023,4/20/2025,76.01643599
"Germany Solar Open space auction, July 2023",Completed,Germany,Europe,Solar,,Auction,Pay_As_Bid,Contract_For_Difference_One_Way,20.00,0.00,EUR,Fixed,,64.70,69.96,,0.00,1611.09,,PV,Technology specific,,1673.42,4653.37,278%,104%,2023,2023,7/1/2023,8/24/2025,69.96107266
"Germany EEG Open space solar auction, December 2023",Completed,Germany,Europe,Solar,,Auction,Pay_As_Bid,Contract_For_Difference_One_Way,20.00,0.00,EUR,Fixed,"German ground-mounted PV tender, December 2023",51.70,55.90,,,1611.00,,PV,Technology specific,,1613.00,5480.00,340%,100%,2023,2023,1/12/2023,31/01/2026,55.90397924
"Germany EEG Wind Auction Round 28, Feb 2023",Completed,Germany,Europe,Wind,,Auction,Pay_As_Bid,Contract_For_Difference_One_Way,20.00,0.00,EUR,Fixed,"24-30 month time to complete. Extension of 18 months can be granted. If commission later than 24 months after subsidy awarded, subsidy will be reduced",73.40,79.37,,0.00,3210.00,,Onshore wind,Technology specific,0.00,1441.15,1501.53,104%,45%,2023,,2/1/2023,8/1/2025,79.36851211
"Germany EEG Wind Auction Round 29, May 2023",Completed,Germany,Europe,Wind,,Auction,Pay_As_Bid,Contract_For_Difference_One_Way,20.00,0.00,EUR,Fixed,"24-30 month time to complete. Extension of 18 months can be granted. If commission later than 24 months after subsidy awarded, subsidy will be reduced",73.40,79.37,,0.00,2865.91,,Onshore wind,Technology specific,0.00,1535.46,1597.02,104%,54%,2023,,5/1/2023,11/1/2025,79.36851211
"Germany EEG Wind Auction Round 30, August 2023",Completed,Germany,Europe,Wind,,Auction,Pay_As_Bid,Contract_For_Difference_One_Way,20.00,0.00,EUR,Fixed,"24-30 month time to complete. Extension of 18 months can be granted. If commission later than 24 months after subsidy awarded, subsidy will be reduced",73.20,79.15,,0.00,1666.81,,Onshore wind,Technology specific,,1433.26,1435.56,100%,86%,2023,,,,79.15224913
"Germany EEG Wind Auction Round 31, November 2023",Completed,Germany,Europe,Wind,,Auction,Pay_As_Bid,Contract_For_Difference_One_Way,20.00,0.00,EUR,Fixed,"24-30 month time to complete. Extension of 18 months can be granted. If commission later than 24 months after subsidy awarded, subsidy will be reduced",73.10,79.04,,0.00,2086.63,,Onshore wind,Technology specific,,1967.22,1981.32,101%,94%,2023,,,,79.04411765
"Germany Offshore Wind Non-Pre-Surveyed Sites Auction 2023 (N-11.1, N-12.1, N-12.2, O-2.2)",Completed,Germany,Europe,Wind,,Project_Tender,Pay_As_Bid,Merchant,,,EUR,,"Germany has two tender types: one for sites pre-surveyed by the government and one for sites where the government has not completed pre-development work. While the first non-pre-surveyed site auction was entitled to revenue support, multiple parties bid 0 euros/MWh, yielding a negative bidding outcome where developers agreed to pay the government. The highest payments to the government was worth 60% of the bid evaluation for pre-surveyed sites in 2023. The 2023 non-pre-surveyed site tender yielded bids totaling 12.6 billion euros.",0.00,,,0.00,7000.00,,Offshore wind,Technology specific,,7000.00,7000.00,100%,100%,2023,2022,6/1/2023,12/31/2030,#N/A
"Germany Offshore Wind Pre-Surveyed Sites Auction 2023 (N-3.5, N-3.6, N-6.6, N-6.7)",Completed,Germany,Europe,Wind,,Project_Tender,Pay_As_Bid,Merchant,,,EUR,,"Germany has two tender types: one for sites pre-surveyed by the government and one for sites where the government has not completed pre-development work. While the first non-pre-surveyed site auction was entitled to revenue support, multiple parties bid 0 euros/MWh, yielding a negative bidding outcome where developers agreed to pay the government. The highest payments to the government was worth 60% of the bid evaluation for pre-surveyed sites in 2023. The 2023 pre-surveyed site tender yielded bids totaling 784 million euros.",0.00,,,0.00,1800.00,,Offshore wind,Technology specific,,1800.00,1800.00,100%,100%,2023,2022,8/1/2023,12/31/2028,#N/A
Germany EEG biogas auction April 2024,Completed,Germany,Europe,Clean_Fuels,Standalone,Auction,Pay_As_Bid,Contract_For_Difference_One_Way,20.00,0.00,EUR,Fixed,No bids submitted,,,,0.00,600.00,,Biogas,Technology specific,,0.00,0.00,,,2024,2024,4/1/2024,11/1/2027,
Germany EEG biogas auction September 2024,Completed,Germany,Europe,Clean_Fuels,Standalone,Auction,Pay_As_Bid,Contract_For_Difference_One_Way,20.00,0.00,EUR,Fixed,No subsidies awarded because of too few bids.,0.00,,,0.00,75.00,,Biogas,Technology specific,,0.00,2.00,#N/A,0%,2024,2024,9/1/2024,4/1/2028,#N/A
Germany EEG biogas auction April 2025,Announced,Germany,Europe,Clean_Fuels,Standalone,Auction,Pay_As_Bid,Contract_For_Difference_One_Way,20.00,0.00,EUR,Fixed,,,,,0.00,26.00,,Biogas,Technology specific,,,,,,2025,2025,4/1/2025,,
Germany EEG Solar rooftop 1 February 2024,Completed,Germany,Europe,Solar,Standalone,Auction,Pay_As_Bid,Contract_For_Difference_One_Way,20.00,0.00,EUR,Fixed,,89.20,96.48,,0.00,263.24,,PV,Technology specific,,264.06,377.99,143%,100%,2024,2024,2/1/2024,3/15/2026,96.48458626
Germany EEG Innovation Auction May 2024,Completed,Germany,Europe,Co_Located,Co-located,Auction,Pay_As_Bid,Contract_For_Difference_One_Way,20.00,0.00,EUR,Fixed,All of the awarded projects were solar+storage. ,83.30,90.10,,0.00,583.25,,Solar and storage,Technology specific,,511.82,564.05,110%,88%,2024,2024,5/1/2024,1/31/2027,90.10275825
Germany EEG Solar rooftop 1 June 2024,Completed,Germany,Europe,Solar,Standalone,Auction,Pay_As_Bid,Contract_For_Difference_One_Way,20.00,0.00,EUR,Fixed,,89.40,96.70,,0.00,258.06,,PV,Technology specific,,258.56,362.87,140%,100%,2024,2024,6/1/2024,6/30/2026,96.70091942
Germany EEG Innovation Auction September 2024,Completed,Germany,Europe,Co_Located,Co-located,Auction,Pay_As_Bid,Contract_For_Difference_One_Way,20.00,0.00,EUR,Fixed,All of the awarded projects were solar+storage. ,70.90,76.69,,0.00,583.25,,Solar and storage,Co-location,,587.00,1856.00,316%,101%,2024,2024,7/29/2024,3/31/2027,76.69010276
Germany EEG Solar rooftop 1 October 2024,Completed,Germany,Europe,Solar,Standalone,Auction,Pay_As_Bid,Contract_For_Difference_One_Way,20.00,0.00,EUR,Fixed,,90.40,97.78,,0.00,258.00,,PV,Technology specific,,258.80,433.70,168%,100%,2024,2024,10/1/2024,11/1/2026,97.78258518
Germany EEG Innovation Auction May 2025,Announced,Germany,Europe,Co_Located,Co-located,Auction,Pay_As_Bid,Contract_For_Difference_One_Way,20.00,0.00,EUR,Fixed,Projects must be commissioned within 30 months from the award announcement.,,,,0.00,486.00,,Solar and storage,Co-location,,,,,,2025,2025,5/1/2025,,
Germany EEG Solar rooftop 1 February 2025,Completed,Germany,Europe,Solar,Standalone,Auction,Pay_As_Bid,Contract_For_Difference_One_Way,20.00,0.00,EUR,Fixed,,91.00,97.81,,0.00,315.40,,PV,Technology specific,,317.00,369.00,116%,101%,2025,2025,2/1/2025,4/1/2027,97.80739467
Germany EEG Solar rooftop 1 June 2025,Announced,Germany,Europe,Solar,Standalone,Auction,Pay_As_Bid,Contract_For_Difference_One_Way,20.00,0.00,EUR,Fixed,,,,,0.00,283.00,,PV,Technology specific,,,,,,2025,2025,6/1/2025,,
Germany EEG biomass auction April 2024,Completed,Germany,Europe,Biomass_And_Waste,Standalone,Auction,Pay_As_Bid,Contract_For_Difference_One_Way,20.00,0.00,EUR,Fixed,Average winning bid prices are given for 'southern region' and 'outside of southern region'. The price for 'outside of southern region' is in column AE. Weighted average southern region price was 181.5 EUR/MWh.,174.40,188.64,,0.00,239.88,,Biomass,Technology specific,,242.64,741.94,306%,101%,2024,2024,4/1/2024,5/1/2027,188.6425095
Germany EEG biomass auction October 2024,Completed,Germany,Europe,Biomass_And_Waste,Standalone,Auction,Pay_As_Bid,Contract_For_Difference_One_Way,20.00,0.00,EUR,Fixed,Volume weighted average price given in column AE. No regional prices were provided for this round.,173.30,187.45,,0.00,233.78,,Biomass,Technology specific,,234.00,621.66,266%,100%,2024,2024,10/1/2024,11/1/2027,187.4526771
Germany EEG biomass auction April 2025,Announced,Germany,Europe,Biomass_And_Waste,Standalone,Auction,Pay_As_Bid,Contract_For_Difference_One_Way,20.00,0.00,EUR,Fixed,,,,,0.00,187.00,,Biomass,Technology specific,,,,,,2025,2025,4/1/2025,,
Germany EEG Solar Open space auction 1 Mar 2024,Completed,Germany,Europe,Solar,Standalone,Auction,Pay_As_Bid,Contract_For_Difference_One_Way,20.00,0.00,EUR,Fixed,,51.10,55.27,,0.00,2231.00,,PV,Technology specific,,2234.00,4100.00,184%,100%,2024,2024,3/1/2024,3/1/2026,55.27312061
Germany EEG Solar Open space auction 1 July 2024,Completed,Germany,Europe,Solar,Standalone,Auction,Pay_As_Bid,Contract_For_Difference_One_Way,20.00,0.00,EUR,Fixed,,50.50,54.62,,0.00,2148.00,,PV,Technology specific,,2152.00,4206.00,195%,100%,2024,2024,7/1/2024,7/1/2026,54.62412115
Germany EEG Solar Open space auction 1 Dec 2024,Completed,Germany,Europe,Solar,Standalone,Auction,Pay_As_Bid,Contract_For_Difference_One_Way,20.00,0.00,EUR,Fixed,,47.60,51.49,,0.00,2148.00,,PV,Technology specific,,2150.00,4708.00,219%,100%,2024,2024,12/1/2024,12/1/2026,51.48729043
Germany EEG Solar Open space auction March 2025,Completed,Germany,Europe,Solar,Standalone,Auction,Pay_As_Bid,Contract_For_Difference_One_Way,20.00,0.00,EUR,Fixed,,46.60,50.09,,0.00,2625.00,,PV,Technology specific,,2638.00,3839.00,146%,100%,2025,2025,3/1/2025,4/30/2027,50.08598452
"Germany EEG Wind Auction Round 32, February 2024",Completed,Germany,Europe,Wind,Standalone,Auction,Pay_As_Bid,Contract_For_Difference_One_Way,20.00,0.00,EUR,Fixed,,73.40,79.39,,0.00,2486.32,,Onshore wind,Technology specific,,1795.38,1835.94,102%,72%,2024,2024,2/1/2024,2/1/2027,79.39426717
"Germany EEG Wind Auction Round 33, May 2024",Completed,Germany,Europe,Wind,Standalone,Auction,Pay_As_Bid,Contract_For_Difference_One_Way,20.00,0.00,EUR,Fixed,,73.30,79.29,,0.00,2795.48,,Onshore wind,Technology specific,,2379.00,2485.00,104%,85%,2024,2024,5/1/2024,1/10/2027,79.28610059
"Germany EEG Wind Auction Round 34, August 2024",Completed,Germany,Europe,Wind,Standalone,Auction,Pay_As_Bid,Contract_For_Difference_One_Way,20.00,0.00,EUR,Fixed,,73.30,79.29,,0.00,2500.00,,Onshore wind,Technology specific,,2724.00,2961.00,109%,109%,2024,2024,8/1/2024,3/31/2027,79.28610059
"Germany EEG Wind Auction Round 35, November 2024",Completed,Germany,Europe,Wind,Standalone,Auction,Pay_As_Bid,Contract_For_Difference_One_Way,20.00,0.00,EUR,Fixed,,71.50,77.34,,0.00,4094.00,,Onshore wind,Technology specific,,4098.00,6083.00,148%,100%,2024,2024,11/1/2024,6/30/2027,77.33910222
"Germany EEG Wind Auction Round, February 2025",Completed,Germany,Europe,Wind,Standalone,Auction,Pay_As_Bid,Contract_For_Difference_One_Way,20.00,0.00,EUR,Fixed,,70.00,75.24,,0.00,4094.00,,Onshore wind,Technology specific,,4094.00,4896.00,120%,100%,2025,2025,2/1/2025,10/1/2027,75.23645744
"Germany EEG Wind Auction Round, May 2025",Announced,Germany,Europe,Wind,Standalone,Auction,Pay_As_Bid,Contract_For_Difference_One_Way,20.00,0.00,EUR,Fixed,,,,,0.00,3443.00,,Onshore wind,Technology specific,,,,,,2025,2025,5/2/2025,,
"Germany EEG Wind Auction Round, August 2025",Announced,Germany,Europe,Wind,Standalone,Auction,Pay_As_Bid,Contract_For_Difference_One_Way,20.00,0.00,EUR,Fixed,,,,,0.00,2500.00,,Onshore wind,Technology specific,,,,,,2025,,,,
"Germany EEG Wind Auction Round, November 2025",Announced,Germany,Europe,Wind,Standalone,Auction,Pay_As_Bid,Contract_For_Difference_One_Way,20.00,0.00,EUR,Fixed,,,,,0.00,2500.00,,Onshore wind,Technology specific,,,,,,2025,,,,
"Germany EEG Wind Auction Round, February 2026",Announced,Germany,Europe,Wind,Standalone,Auction,Pay_As_Bid,Contract_For_Difference_One_Way,20.00,0.00,EUR,Fixed,,,,,0.00,2500.00,,Onshore wind,Technology specific,,,,,,2026,,,,
"Germany EEG Wind Auction Round, May 2026",Announced,Germany,Europe,Wind,Standalone,Auction,Pay_As_Bid,Contract_For_Difference_One_Way,20.00,0.00,EUR,Fixed,,,,,0.00,2500.00,,Onshore wind,Technology specific,,,,,,2026,,,,
"Germany EEG Wind Auction Round, August 2026",Announced,Germany,Europe,Wind,Standalone,Auction,Pay_As_Bid,Contract_For_Difference_One_Way,20.00,0.00,EUR,Fixed,,,,,0.00,2500.00,,Onshore wind,Technology specific,,,,,,2026,,,,
"Germany EEG Wind Auction Round, November 2026",Announced,Germany,Europe,Wind,Standalone,Auction,Pay_As_Bid,Contract_For_Difference_One_Way,20.00,0.00,EUR,Fixed,,,,,0.00,2500.00,,Onshore wind,Technology specific,,,,,,2026,,,,
"Germany EEG Wind Auction Round, February 2027",Announced,Germany,Europe,Wind,Standalone,Auction,Pay_As_Bid,Contract_For_Difference_One_Way,20.00,0.00,EUR,Fixed,,,,,0.00,2500.00,,Onshore wind,Technology specific,,,,,,2027,,,,
"Germany EEG Wind Auction Round, May 2027",Announced,Germany,Europe,Wind,Standalone,Auction,Pay_As_Bid,Contract_For_Difference_One_Way,20.00,0.00,EUR,Fixed,,,,,0.00,2500.00,,Onshore wind,Technology specific,,,,,,2027,,,,
"Germany EEG Wind Auction Round, August 2027",Announced,Germany,Europe,Wind,Standalone,Auction,Pay_As_Bid,Contract_For_Difference_One_Way,20.00,0.00,EUR,Fixed,,,,,0.00,2500.00,,Onshore wind,Technology specific,,,,,,2027,,,,
"Germany EEG Wind Auction Round, November 2027",Announced,Germany,Europe,Wind,Standalone,Auction,Pay_As_Bid,Contract_For_Difference_One_Way,20.00,0.00,EUR,Fixed,,,,,0.00,2500.00,,Onshore wind,Technology specific,,,,,,2027,,,,
"Germany EEG Wind Auction Round, February 2028",Announced,Germany,Europe,Wind,Standalone,Auction,Pay_As_Bid,Contract_For_Difference_One_Way,20.00,0.00,EUR,Fixed,,,,,0.00,2500.00,,Onshore wind,Technology specific,,,,,,2028,,,,
"Germany EEG Wind Auction Round, May 2028",Announced,Germany,Europe,Wind,Standalone,Auction,Pay_As_Bid,Contract_For_Difference_One_Way,20.00,0.00,EUR,Fixed,,,,,0.00,2500.00,,Onshore wind,Technology specific,,,,,,2028,,,,
"Germany EEG Wind Auction Round, August 2028",Announced,Germany,Europe,Wind,Standalone,Auction,Pay_As_Bid,Contract_For_Difference_One_Way,20.00,0.00,EUR,Fixed,,,,,0.00,2500.00,,Onshore wind,Technology specific,,,,,,2028,,,,
"Germany EEG Wind Auction Round, November 2028",Announced,Germany,Europe,Wind,Standalone,Auction,Pay_As_Bid,Contract_For_Difference_One_Way,20.00,0.00,EUR,Fixed,,,,,0.00,2500.00,,Onshore wind,Technology specific,,,,,,2028,,,,
"Germany Offshore Wind Non-Pre-Surveyed Sites Auction 2024 (N-11.2, N-12.3)",Completed,Germany,Europe,Wind,,Project_Tender,Pay_As_Bid,Merchant,,,EUR,,"Germany has two tender types: one for sites pre-surveyed by the government and one for sites where the government has not completed pre-development work. While the first non-pre-surveyed site auction was entitled to revenue support, multiple parties bid 0 euros/MWh, yielding a negative bidding outcome where developers agreed to pay the government. The highest payments to the government was worth 60% of the bid evaluation for pre-surveyed sites in 2023.",0.00,,,0.00,2500.00,,Offshore wind,Technology specific,,2500.00,2500.00,100%,100%,2024,2022,1/29/2024,12/31/2031,#N/A
"Germany Offshore Wind Pre-Surveyed Sites Auction 2024 (N-9.1, N-9.2, N-9.3)",Completed,Germany,Europe,Wind,,Project_Tender,Pay_As_Bid,Merchant,,,EUR,,"Germany has two tender types: one for sites pre-surveyed by the government and one for sites where the government has not completed pre-development work. While the first non-pre-surveyed site auction was entitled to revenue support, multiple parties bid 0 euros/MWh, yielding a negative bidding outcome where developers agreed to pay the government. The highest payments to the government was worth 60% of the bid evaluation for pre-surveyed sites in 2023.",,,,0.00,5500.00,,Offshore wind,Technology specific,,5500.00,5500.00,100%,100%,2024,2022,2/28/2024,12/31/2029,
"Germany Offshore Wind Pre-Surveyed Sites Auction 2025 (N-10.1, N-10.2)",Announced,Germany,Europe,Wind,,Project_Tender,Pay_As_Bid,Merchant,,,EUR,,"Germany has two tender types: one for sites pre-surveyed by the government and one for sites where the government has not completed pre-development work. While the first non-pre-surveyed site auction was entitled to revenue support, multiple parties bid 0 euros/MWh, yielding a negative bidding outcome where developers agreed to pay the government. The highest payments to the government was worth 60% of the bid evaluation for pre-surveyed sites in 2023.",,,,0.00,2500.00,,Offshore wind,Technology specific,,,,,,2025,2022,,12/31/2030,
Germany Offshore Wind Non-Pre-Surveyed Sites Auction 2025 (N-9.4),Announced,Germany,Europe,Wind,Standalone,Project_Tender,Pay_As_Bid,Merchant,,,EUR,,,,,,0.00,1000.00,,Offshore wind,Technology specific,,,,,,2025,,,,
"Germany Offshore Wind Pre-Surveyed Sites Auction 2026 (N-13.1, N-13.2)",Announced,Germany,Europe,Wind,,Project_Tender,Pay_As_Bid,Merchant,,,EUR,,,,,,0.00,1500.00,,Offshore wind,Technology specific,,,,,,2026,,,,
"Germany Offshore Wind Non-Pre-Surveyed Sites Auction 2026 (N-12.4, N-12.5)",Announced,Germany,Europe,Wind,,Project_Tender,Pay_As_Bid,Merchant,,,EUR,,,,,,0.00,2000.00,,Offshore wind,Technology specific,,,,,,2026,,,,
"Germany Offshore Wind Pre-Surveyed Sites Auction 2027 (N-6.8, N-14.1)",Announced,Germany,Europe,Wind,,Project_Tender,Pay_As_Bid,Merchant,,,EUR,,,,,,0.00,4000.00,,Offshore wind,Technology specific,,,,,,2027,,,,
Germany Offshore Wind Pre-Surveyed Sites Auction 2028 (N-9.5),Announced,Germany,Europe,Wind,,Project_Tender,Pay_As_Bid,Merchant,,,EUR,,,,,,0.00,1000.00,,Offshore wind,Technology specific,,,,,,2028,,,,
Germany Offshore Wind Non-Pre-Surveyed Sites Auction 2028 (N-14.2),Announced,Germany,Europe,Wind,,Project_Tender,Pay_As_Bid,Merchant,,,EUR,,,,,,0.00,2000.00,,Offshore wind,Technology specific,,,,,,2028,,,,
Germany Offshore Wind Pre-Surveyed Sites Auction 2029 (N-12.6),Announced,Germany,Europe,Wind,,Project_Tender,Pay_As_Bid,Merchant,,,EUR,,,,,,0.00,2000.00,,Offshore wind,Technology specific,,,,,,2029,,,,
"Germany Offshore Wind Non-Pre-Surveyed Sites Auction 2029 (N-16.2, N-16.3)",Delayed,Germany,Europe,Wind,,Project_Tender,Pay_As_Bid,Merchant,,,EUR,,"Sites were included in Germany's most recent Draft Site Development Plan, but excluded from the final Site Development Plan. Tenders for these sites are still likely to happen, but the government has reduced the time horizon of its offshore wind planning to account for potential future changes including grid interconnection size, potential overplanting, and more.",,,,0.00,6000.00,,Offshore wind,Technology specific,,,,,,2029,,,,
Germany Offshore Wind Pre-Surveyed Sites Auction 2030 (N-16.1),Delayed,Germany,Europe,Wind,,Project_Tender,Pay_As_Bid,Merchant,,,EUR,,"Sites were included in Germany's most recent Draft Site Development Plan, but excluded from the final Site Development Plan. Tenders for these sites are still likely to happen, but the government has reduced the time horizon of its offshore wind planning to account for potential future changes including grid interconnection size, potential overplanting, and more.",,,,0.00,2000.00,,Offshore wind,Technology specific,,,,,,2030,,,,
Germany Offshore Wind Non-Pre-Surveyed Sites Auction 2030 (N-14.3),Delayed,Germany,Europe,Wind,,Project_Tender,Pay_As_Bid,Merchant,,,EUR,,"Sites were included in Germany's most recent Draft Site Development Plan, but excluded from the final Site Development Plan. Tenders for these sites are still likely to happen, but the government has reduced the time horizon of its offshore wind planning to account for potential future changes including grid interconnection size, potential overplanting, and more.",,,,0.00,2000.00,,Offshore wind,Technology specific,,,,,,2030,,,,
Germany Offshore Wind Pre-Surveyed Sites Auction 2031 (N-16.4),Delayed,Germany,Europe,Wind,,Project_Tender,Pay_As_Bid,Merchant,,,EUR,,"Sites were included in Germany's most recent Draft Site Development Plan, but excluded from the final Site Development Plan. Tenders for these sites are still likely to happen, but the government has reduced the time horizon of its offshore wind planning to account for potential future changes including grid interconnection size, potential overplanting, and more.",,,,0.00,2000.00,,Offshore wind,Technology specific,,,,,,2031,,,,
Germany Offshore Wind Pre-Surveyed Sites Auction 2032 (N-16.5),Delayed,Germany,Europe,Wind,,Project_Tender,Pay_As_Bid,Merchant,,,EUR,,"Sites were included in Germany's most recent Draft Site Development Plan, but excluded from the final Site Development Plan. Tenders for these sites are still likely to happen, but the government has reduced the time horizon of its offshore wind planning to account for potential future changes including grid interconnection size, potential overplanting, and more.",,,,0.00,2000.00,,Offshore wind,Technology specific,,,,,,2032,,,,
Greece 2020 Small-scale PV Auction,Completed,Greece,Europe,Solar,,Auction,Pay_As_Bid,Unknown,20.00,0.00,EUR,Fixed,,49.81,55.26,,,,,PV,Unknown,0.00,142.00,142.00,100%,#N/A,2015,,,,55.26461777
Greece 2016 pilot auction - mid scale PV (<1MW),Completed,Greece,Europe,Solar,,Auction,Pay_As_Bid,Unknown,20.00,0.00,EUR,Indexed,,83.30,92.16,,0.00,8.00,,PV,Unknown,,5.00,5.00,100%,63%,2016,,12/1/2016,1/1/2018,92.15621197
Greece 2016 pilot auction - small scale PV (<1MW),Completed,Greece,Europe,Solar,,Auction,Pay_As_Bid,Unknown,20.00,0.00,EUR,Indexed,,98.78,109.28,,0.00,32.00,,PV,Unknown,,35.00,35.00,100%,109%,2016,,12/1/2016,6/1/2018,109.2820002
Greece 2018 Solar Small-scale Auction Round 1,Completed,Greece,Europe,Solar,,Auction,Pay_As_Bid,Unknown,20.00,0.00,EUR,Fixed,,77.95,91.95,,0.00,53.52,,PV,Unknown,0.00,53.00,53.00,100%,99%,2018,,,6/30/2019,91.95470096
Greece 2019 Technology-Neutral Auction Round 3,Completed,Greece,Europe,Renewables_Other,Standalone,Auction,Pay_As_Bid,Unknown,20.00,0.00,EUR,Indexed,,57.03,67.28,,0.00,456.00,,Solar and wind,Technology neutral,0.00,370.00,370.00,100%,81%,2018,,,12/31/2020,67.27615902
Greece 2018 Solar Large-scale Auction  Round 1,Completed,Greece,Europe,Solar,,Auction,Pay_As_Bid,Unknown,20.00,0.00,EUR,Fixed,,67.00,79.04,,0.00,53.40,,PV,Unknown,0.00,52.90,52.90,100%,99%,2018,,,12/31/2019,79.0373953
Greece 2018 Wind Auction Round 1,Completed,Greece,Europe,Wind,,Auction,Pay_As_Bid,Unknown,20.00,0.00,EUR,Fixed,,69.53,82.02,,0.00,171.00,,Onshore wind,Unknown,0.00,170.90,170.90,100%,100%,2018,,,6/30/2021,82.02194172
Greece 2019 Wind Auction Round 1,Completed,Greece,Europe,Wind,,Auction,Pay_As_Bid,Unknown,20.00,0.00,EUR,Fixed,,67.32,75.34,,0.00,186.96,,Onshore wind,Unknown,0.00,179.50,179.50,100%,96%,2019,,,,75.34415221
Greece 2018 Small-Scale Solar Auction Round 2,Completed,Greece,Europe,Solar,,Auction,Pay_As_Bid,Unknown,20.00,0.00,EUR,Indexed,,66.66,74.61,,0.00,143.00,,PV,Unknown,0.00,62.00,62.00,100%,43%,2019,,,,74.60548405
Greece 2018 Small-Scale Wind Auction Round 2,Completed,Greece,Europe,Wind,,Auction,Pay_As_Bid,Unknown,20.00,0.00,EUR,Indexed,,58.58,65.56,,0.00,187.00,,Onshore wind,Unknown,0.00,222.00,222.00,100%,119%,2019,,,,65.56239508
Greece 2019 Small-scale solar Auction Round 4,Completed,Greece,Europe,Solar,,Auction,Pay_As_Bid,Unknown,20.00,0.00,EUR,Indexed,,62.78,70.26,,0.00,143.04,,PV,Unknown,0.00,142.80,142.80,100%,100%,2019,,,,70.26301063
Greece 2020 Technology-Neutral Renewables Auction ,Completed,Greece,Europe,Renewables_Other,Standalone,Auction,Pay_As_Bid,Unknown,20.00,0.00,EUR,Fixed,,52.00,58.20,,0.00,600.00,,Solar and wind,Technology neutral,0.00,500.00,500.00,100%,83%,2019,,,,58.19809737
Greece 2019 PV-Wind (only PV winners) ,Completed,Greece,Europe,Solar,,Auction,Pay_As_Bid,Unknown,20.00,0.00,EUR,Fixed,Capacity target includes wind and solar,57.00,63.79,,0.00,638.00,,PV,Unknown,0.00,378.00,378.00,100%,59%,2019,,,12/31/2021,63.79406827
Greece 2019 Small-scale Solar Auction Round 2,Completed,Greece,Europe,Solar,,Auction,Pay_As_Bid,Unknown,20.00,0.00,EUR,Fixed,,59.98,68.38,,0.00,105.46,,PV,Unknown,0.00,105.09,105.09,100%,100%,2020,,,,68.38444875
Greece 2019 Small-scale Wind Auction Round 2,Completed,Greece,Europe,Wind,,Auction,Pay_As_Bid,Unknown,20.00,0.00,EUR,Fixed,,57.74,65.83,,0.00,225.00,,Onshore wind,Unknown,0.00,224.00,224.00,100%,100%,2020,,,12/1/2019,65.83057804
Greece 2021 Technology-Neutral Renewables Auction ,Completed,Greece,Europe,Renewables_Other,Standalone,Auction,Pay_As_Bid,Unknown,20.00,0.00,EUR,Fixed,,37.60,42.87,,0.00,350.00,,Solar and wind,Technology neutral,0.00,349.91,349.91,100%,100%,2020,,,12/31/2023,42.86854407
Greece 2020 PV-Wind (only PV winners),Completed,Greece,Europe,Solar,,Auction,Pay_As_Bid,Unknown,20.00,0.00,EUR,Fixed,Capacity target includes wind and solar,50.30,57.35,,0.00,508.00,,PV,Unknown,0.00,350.00,350.00,100%,69%,2020,,,12/31/2022,57.3480789
Greece 2020 Small-scale Wind Auction Round 1,Completed,Greece,Europe,Wind,,Auction,Pay_As_Bid,Unknown,20.00,0.00,EUR,Fixed,,55.67,63.47,,0.00,480.00,,Onshore wind,Technology specific,0.00,471.83,748.00,159%,98%,2020,,,,63.47052788
Greece 2022 Technology-Neutral Renewables Auction 1 (3Q),Completed,Greece,Europe,Renewables_Other,Standalone,Auction,Pay_As_Bid,Unknown,20.00,0.00,EUR,Fixed,"Part of Greece's support mechanism for renewable energy plant s with a total capacity of 4.2GW between 2022 and 2025. Weighted average price for wind projects was 57.66 euros/MWh, for solar it was 47.98 euros/MWh",,,,,1000.00,,Solar and wind,Technology neutral,,538.41,969.14,180%,54%,2022,2021,9/5/2022,,
Greece 2022 Technology-Neutral Renewables Auction 2 (4Q),Delayed,Greece,Europe,Renewables_Other,Standalone,Auction,Pay_As_Bid,Unknown,20.00,0.00,EUR,Fixed,,,,,,600.00,,Solar and wind,Technology neutral,,,,,,2022,2021,,,
Greece 2022 Wind- and Solar-Plus-Storage Auction,Delayed,Greece,Europe,Co_Located,Co-located,Auction,Unknown,Unknown,20.00,0.00,EUR,Fixed,Greece is working on the design of a pilot tender for 200 MW of renewable energy projects coupled with battery storage,,,,0.00,200.00,,Solar and wind and storage,Unknown,,,,,,2022,2021,,,
Greece 2022 Small-Scale PV Auction,Delayed,Greece,Europe,Solar,,Auction,Pay_As_Bid,Unknown,20.00,0.00,EUR,Fixed,Projects below 1MW in size,,,,,100.00,,PV,Unknown,,,,,,2022,2021,,,
Greece 2023 Battery Storage Auction Round 1,Completed,Greece,Europe,Energy_Storage,Standalone,Auction,Pay_As_Bid,Hybrid,10.00,0.00,EUR,Fixed,"Contracts are contracts for difference (two way, calculated in Euros/MW/year) combined with a Capex subsidy.",,,49.00,0.00,400.00,,Battery storage,Technology specific,,411.80,3300.00,801%,103%,2023,2022,7/10/2023,12/31/2025,
Greece 2023 Technology-Neutral Renewables Auction 1,Delayed,Greece,Europe,Renewables_Other,Standalone,Auction,Pay_As_Bid,Unknown,20.00,0.00,EUR,Fixed,Storage requirements TBC,,,,,600.00,,Solar and wind,Technology neutral,,,,,,2023,2021,,,
Greece 2023 Battery Storage Auction Round 2,Completed,Greece,Europe,Energy_Storage,,Auction,Pay_As_Bid,Hybrid,10.00,0.00,EUR,Fixed,Contracts are contracts for difference (two way) combined with a Capex subsidy.,,,46.70,0.00,300.00,,Battery storage,Technology specific,,299.80,1500.00,500%,100%,2024,2022,1/8/2024,12/31/2025,
Greece 2023 Technology-Neutral Renewables Auction 2,Delayed,Greece,Europe,Renewables_Other,Standalone,Auction,Pay_As_Bid,Unknown,20.00,0.00,EUR,Fixed,,,,,,600.00,,Solar and wind,Technology neutral,,,,,,2023,2021,,,
Greece 2023 Battery Storage Auction Round 3,Delayed,Greece,Europe,Energy_Storage,,Auction,Pay_As_Bid,Hybrid,10.00,0.00,EUR,Fixed,"Contracts are contracts for difference (two way) combined with a Capex subsidy. Max CAPEX subsidy of EUR 200,000 per MW. The decree announcing the auction stipulates that projects that would participate in the third auction can only be located in the country’s coal regions: Western Macedonia in the north and Megalopolis in the Peloponnese. The quota for the latter is 50 MW.",,,,0.00,200.00,,Battery storage,Technology specific,,,,,,2024,2022,,4/1/2026,
Greece 2024 Technology-Neutral Renewables Auction 1,Delayed,Greece,Europe,Renewables_Other,Standalone,Auction,Pay_As_Bid,Unknown,20.00,0.00,EUR,Fixed,Part of Greece's support mechanism for renewable energy plant s with a total capacity of 4.2GW between 2022 and 2025,,,,,500.00,,Solar and wind,Technology neutral,,,,,,2024,2021,,,
Greece 2024 Technology-Neutral Renewables Auction 2,Delayed,Greece,Europe,Renewables_Other,Standalone,Auction,Pay_As_Bid,Unknown,20.00,0.00,EUR,Fixed,,,,,,1062.00,,Solar and wind,Technology neutral,,,,,,2024,,,,
Greece 2024 Wind Auction,Delayed,Greece,Europe,Wind,,Auction,Pay_As_Bid,Unknown,20.00,0.00,EUR,Fixed,,,,,,100.00,,Onshore wind,Technology specific,,,,,,2024,,,,
Greece 2025 Technology-Neutral Renewables Auction ,Announced,Greece,Europe,Renewables_Other,Standalone,Auction,Pay_As_Bid,Unknown,20.00,0.00,EUR,Fixed,Part of Greece's support mechanism for renewable energy plant s with a total capacity of 4.2GW between 2022 and 2025,,,,,,,Solar and wind,Technology neutral,,,,,,2025,2021,,,
Hungary Renewables  METÁR Tender Category 2 (1MW to 20MW),Completed,Hungary,Europe,Solar,,Auction,Pay_As_Bid,Contract_For_Difference_Two_Way,15.00,0.00,HUF,Indexed,,21690.00,74.62,,,,134000,PV,Unknown,127400.00,88.60,88.60,100%,#N/A,2019,,10/29/2019,12/31/2023,74.61556985
Hungary Renewables  METÁR Tender Category 1 (300kW to 1MW) - 2019,Completed,Hungary,Europe,Solar,,Auction,Pay_As_Bid,Contract_For_Difference_Two_Way,15.00,0.00,HUF,Indexed,,24810.00,85.35,,,,66000,PV,Unknown,65585.00,42.80,42.80,100%,#N/A,2019,,10/29/2019,12/31/2023,85.3486532
Hungary Renewables  METÁR Tender Category 2 (1MW to 50MW),Completed,Hungary,Europe,Solar,,Auction,Pay_As_Bid,Contract_For_Difference_Two_Way,15.00,0.00,HUF,Indexed,,17200.00,55.87,,,,350000,PV,Unknown,302661.00,185.00,185.00,100%,#N/A,2020,,,12/31/2023,55.86773638
Hungary Renewables  METÁR Tender Category 1 (300kW to 1MW) - 2020,Completed,Hungary,Europe,Solar,,Auction,Pay_As_Bid,Contract_For_Difference_Two_Way,15.00,0.00,HUF,Indexed,,22400.00,72.76,,,,40000,PV,Unknown,40000.00,25.00,25.00,100%,#N/A,2020,,,12/31/2023,72.75798227
Hungary Renewables  METÁR Tender - November 2021,Completed,Hungary,Europe,Biomass_And_Waste,,Auction,Pay_As_Bid,Contract_For_Difference_Two_Way,15.00,0.00,HUF,Indexed,"The reference price is set every month to correspond to average wholesale price, hence it is indexed. The limit of the green premium type eligibility that can be allocated in this application is HUF 17,000 million. Annual new subsidy and 870 GWh / year subsidized electricity volume.",,,,,,,Biomass,Unknown,0.00,120.00,120.00,100%,#N/A,2021,2021,11/2/2021,12/31/2024,
Hungary Renewables  METÁR Tender October 2021,Cancelled,Hungary,Europe,Solar,,Auction,Pay_As_Bid,Contract_For_Difference_Two_Way,15.00,0.00,HUF,Indexed,Cancelled due to administrative issues,0.00,,,,,,PV,Unknown,0.00,0.00,,,,2021,2021,10/1/2021,12/31/2024,#N/A
Hungary Renewables  METÁR Tender April 2021 Category 3M small projects (<1MW),Completed,Hungary,Europe,Solar,,Auction,Pay_As_Bid,Contract_For_Difference_Two_Way,15.00,0.00,HUF,Indexed,"The reference price is set every month to correspond to average wholesale price, hence it is indexed. Hungarian Energy and Utilities Regulatory Authority announced another METÁR tender on 30 April 2021, in the framework of which support is available for the production of electricity from renewable energy sources. Tender dossiers could be submitted electronically from 1 July to 30 July 2021. There was a significant oversubscription in the tender, a total of about three and a half times, the applicants applied for support for 1009 GWh compared to the 300 GWh that could be allocated. Applicants plan to build solar power plants, but a tender has also been received for a 0.5 MW power plant using gas from a landfill. The total capacity of the applicant power plants is 629 MW. The tender can support a maximum of 300GWh. The final result is expected in October or November 2021.",21216.67,69.94,,,,50000,PV,Unknown,49332.00,36.00,36.00,100%,#N/A,2021,2021,7/1/2021,12/31/2024,69.94121202
Hungary Renewables  METÁR Tender April 2021 Category Large (>1MW),Completed,Hungary,Europe,Solar,,Auction,Pay_As_Bid,Contract_For_Difference_Two_Way,15.00,0.00,HUF,Indexed,"The reference price is set every month to correspond to average wholesale price, hence it is indexed. Hungarian Energy and Utilities Regulatory Authority announced another METÁR tender on 30 April 2021, in the framework of which support is available for the production of electricity from renewable energy sources. Tender dossiers could be submitted electronically from 1 July to 30 July 2021. There was a significant oversubscription in the tender, a total of about three and a half times, the applicants applied for support for 1009 GWh compared to the 300 GWh that could be allocated. Applicants plan to build solar power plants, but a tender has also been received for a 0.5 MW power plant using gas from a landfill. The total capacity of the applicant power plants is 629 MW. The tender can support a maximum of 300GWh. The final result is expected in October or November 2021.",16176.67,53.33,,,,250000,PV,Unknown,250000.00,189.00,189.00,100%,#N/A,2021,2021,7/1/2021,12/31/2024,53.32674029
Hungary Renewables  METÁR Tender March 2022 - Large category,Completed,Hungary,Europe,Solar,,Auction,Pay_As_Bid,Contract_For_Difference_Two_Way,15.00,0.00,HUF,Indexed,"The reference price is set every month to correspond to average wholesale price, hence it is indexed. ? Green premium with tender procedure: o 1 billion HUF/year between 2017-2019, o 2.5 billion HUF in 2020, o 12.26 billion HUF in 2021, o 0.548 billion HUF/year between 2022-2026.",24920.00,66.84,,,,720000,PV,Unknown,303000.00,186.00,186.00,100%,#N/A,2022,2022,3/2/2022,,66.83652944
Hungary Renewables  METÁR Tender March 2022 - Small category,Completed,Hungary,Europe,Solar,,Auction,Pay_As_Bid,Contract_For_Difference_Two_Way,15.00,0.00,HUF,Indexed,"The reference price is set every month to correspond to average wholesale price, hence it is indexed. ? Green premium with tender procedure: o 1 billion HUF/year between 2017-2019, o 2.5 billion HUF in 2020, o 12.26 billion HUF in 2021, o 0.548 billion HUF/year between 2022-2026.",25730.00,69.01,,,,144000,PV,Unknown,132000.00,85.00,85.00,100%,#N/A,2022,2022,3/2/2022,,69.00898485
RESS Round 1 (PV),Completed,Ireland,Europe,Solar,,Auction,Pay_As_Bid,Contract_For_Difference_Two_Way,16.00,0.00,EUR,Fixed,,72.92,83.14,,,,,PV,Unknown,767300.00,796.00,796.00,100%,#N/A,2020,,,,83.13761259
RESS Round 1 (Onshore Wind),Completed,Ireland,Europe,Wind,,Auction,Pay_As_Bid,Contract_For_Difference_Two_Way,16.00,0.00,EUR,Fixed,,74.08,84.46,,,,,Onshore wind,Unknown,1469400.00,479.00,479.00,100%,#N/A,2020,,,,84.46015278
RESS Round 2 (PV),Completed,Ireland,Europe,Solar,,Auction,Pay_As_Bid,Contract_For_Difference_Two_Way,16.00,0.00,EUR,Fixed,,97.87,102.87,,,,,PV,Unknown,1269630.00,1534.10,2504.00,163%,#N/A,2022,,,,102.8694555
RESS Round 2 (Onshore Wind),Completed,Ireland,Europe,Wind,,Auction,Pay_As_Bid,Contract_For_Difference_Two_Way,16.00,0.00,EUR,Fixed,,97.87,102.87,,,,,Onshore wind,Unknown,1265630.00,414.10,443.15,107%,#N/A,2022,,,,102.8694555
Ireland ORESS Auction Round 1,Completed,Ireland,Europe,Wind,Standalone,Auction,Pay_As_Bid,Contract_For_Difference_Two_Way,20.00,0.00,EUR,Fixed,Weighted average strike price for the auction in nominal terms was disclosed for Ireland's first offshore wind auction.,86.05,93.05,,,,10000000,Offshore wind,Technology specific,12117000.00,3075.00,4250.00,138%,#N/A,2023,2018,1/11/2023,12/31/2030,93.04714533
Ireland RESS Auction Round 3 2023,Completed,Ireland,Europe,Solar,,Auction,Pay_As_Bid,Contract_For_Difference_Two_Way,15.00,0.00,EUR,Indexed,"Wind and Solar in this auction bid into the same pot, the target capacity was for both wind and solar. Due to low participation, only a price (weightred average strike price) for the whole auction was published and not seperated by technology",100.47,108.64,,0.00,,-,PV,Technology specific,479490.00,497.60,721.25,145%,#N/A,2023,2018,5/30/2023,4/30/2027,108.6397059
Ireland RESS Auction Round 3 2023,Completed,Ireland,Europe,Wind,,Auction,Pay_As_Bid,Contract_For_Difference_Two_Way,15.00,0.00,EUR,Indexed,"Wind and Solar in this auction bid into the same pot, the target capacity was for both wind and solar. Due to low participation, only a price (weightred average strike price) for the whole auction was published and not seperated by technology",100.47,108.64,,0.00,,500000,Onshore wind,Technology specific,454990.00,148.40,172.40,116%,#N/A,2023,2018,5/30/2023,4/30/2027,108.6397059
Ireland ORESS Auction Round 2.1 (Tonn Nua),Announced,Ireland,Europe,Wind,Standalone,Auction,Pay_As_Bid,Contract_For_Difference_Two_Way,20.00,0.00,EUR,Indexed,Ireland's second offshore wind auction will follow a different scheme than its first by only allowing projects to bid in renewable energy areas defined by the government and having the ttransmission operator build the offshore transmission.,,,,,900.00,,Offshore wind,Technology specific,,,,,,2025,2018,,12/31/2030,
Ireland RESS Auction Round 4 2024,Completed,Ireland,Europe,Solar,,Auction,Pay_As_Bid,Contract_For_Difference_Two_Way,15.00,0.00,EUR,Indexed,"The target energy published is for both wind and solar (whole auction), given both technologies bid into the same pot.  Ireland plans to hold a further RESS auction rounds (technology neutral, pay as clear) at regular intervals  to secure total capacity equivalent to 11-13.5TWh of annual generation by end-2030. Successful bidders receive a two-way floating feed-in premium that is indexed annually to the HICP (Harmonised Index of Consumer Prices for EU27). Payments are adjusted to account for any capacity market revenues.",104.76,113.32,,,,-,PV,Technology specific,924900.00,959.84,1463.72,152%,#N/A,2024,2018,5/20/2024,12/31/2029,113.3153056
Ireland RESS Auction Round 5 2025,Announced,Ireland,Europe,Solar,Standalone,Auction,Pay_As_Bid,Contract_For_Difference_Two_Way,15.00,0.00,EUR,Indexed,RESS 5 auction is out for consultation. Terms and conditions can expect to be finalised in May,,,,,,,PV,Technology specific,,,,,,2025,2025,8/21/2025,,
Ireland RESS Auction Round 4 2024,Completed,Ireland,Europe,Wind,,Auction,Pay_As_Bid,Contract_For_Difference_Two_Way,15.00,0.00,EUR,Indexed,"Ireland plans to hold a further RESS auction rounds (technology neutral, pay as clear) at regular intervals  to secure total capacity equivalent to 11-13.5TWh of annual generation by end-2030. Successful bidders receive a two-way floating feed-in premium that is indexed annually to the HICP (Harmonised Index of Consumer Prices for EU27). Payments are adjusted to account for any capacity market revenues.",90.47,97.86,,0.00,,1300000,Onshore wind,Technology specific,1146070.00,373.80,382.83,102%,#N/A,2024,2018,5/20/2024,12/31/2029,97.85830178
Ireland RESS Auction Round 5 2025,Announced,Ireland,Europe,Wind,Standalone,Auction,Pay_As_Bid,Contract_For_Difference_Two_Way,15.00,0.00,EUR,Indexed,RESS 5 auction is out for consultation. Terms and conditions can expect to be finalised in May,,,,0.00,,,Onshore wind,Technology specific,,,,,,2025,2025,5/20/2024,12/31/2029,
Ireland ORESS Auction Round 2.2 (Li Ban),Announced,Ireland,Europe,Wind,Standalone,Auction,Pay_As_Bid,Contract_For_Difference_Two_Way,20.00,0.00,EUR,Indexed,Ireland's second offshore wind auction will follow a different scheme than its first by only allowing projects to bid in renewable energy areas defined by the government and having the transmission operator build the offshore transmission.,,,,1100.00,1500.00,,Offshore wind,Technology specific,,,,,,2026,2023,8/21/2025,,
Italy Biomass 2012 Auction,Completed,Italy,Europe,Biomass_And_Waste,,Auction,Pay_As_Bid,Contract_For_Difference_Two_Way,20.00,0.00,EUR,Unknown,,115.00,152.70,,0.00,120.00,,Energy from waste,Unknown,0.00,13.00,13.00,100%,11%,2013,,,,152.7021644
Italy Biogas 2012 Auction,Completed,Italy,Europe,Clean_Fuels,,Auction,Pay_As_Bid,Contract_For_Difference_Two_Way,20.00,0.00,EUR,Unknown,,103.09,136.89,,0.00,350.00,,Biogas,Unknown,0.00,33.00,33.00,100%,9%,2013,,,,136.8875315
Italy Geothermal 2012 Auction,Completed,Italy,Europe,Renewables_Other,,Auction,Pay_As_Bid,Contract_For_Difference_Two_Way,20.00,0.00,EUR,Unknown,,83.30,110.61,,0.00,40.00,,Geothermal,Unknown,0.00,40.00,40.00,100%,100%,2013,,,,110.6094808
Offshore wind 2012,Completed,Italy,Europe,Wind,,Auction,Pay_As_Bid,Contract_For_Difference_Two_Way,20.00,0.00,EUR,Unknown,,161.70,214.71,,0.00,650.00,,Offshore wind,Unknown,0.00,30.00,30.00,100%,5%,2013,,,,214.7125216
Onshore Wind 2012,Completed,Italy,Europe,Wind,,Auction,Pay_As_Bid,Contract_For_Difference_Two_Way,20.00,0.00,EUR,Unknown,,117.39,155.88,,0.00,500.00,,Onshore wind,Unknown,0.00,442.00,442.00,100%,88%,2013,,,,155.8757137
Italy Biomass 2013 Auction,Completed,Italy,Europe,Biomass_And_Waste,,Auction,Pay_As_Bid,Contract_For_Difference_Two_Way,20.00,0.00,EUR,Unknown,,119.95,159.27,,0.00,107.00,,Energy from waste,Unknown,0.00,34.00,34.00,100%,32%,2013,,,,159.2749967
Onshore Wind 2013,Completed,Italy,Europe,Wind,,Auction,Pay_As_Bid,Contract_For_Difference_Two_Way,20.00,0.00,EUR,Unknown,,110.50,146.55,,0.00,465.00,,Onshore wind,Unknown,0.00,400.00,400.00,100%,86%,2014,,,,146.5517241
Italy Biogas 2014 Auction,Completed,Italy,Europe,Clean_Fuels,,Auction,Pay_As_Bid,Contract_For_Difference_Two_Way,20.00,0.00,EUR,Unknown,,99.00,131.30,,0.00,249.00,,Biogas,Unknown,0.00,18.00,18.00,100%,7%,2014,,,,131.3041048
Onshore Wind 2014,Completed,Italy,Europe,Wind,,Auction,Pay_As_Bid,Contract_For_Difference_Two_Way,20.00,0.00,EUR,Unknown,,87.57,96.88,,0.00,356.00,,Onshore wind,Unknown,0.00,356.00,356.00,100%,100%,2016,,,,96.88018586
Italy Round 4 (Biomass),Completed,Italy,Europe,Biomass_And_Waste,,Auction,Pay_As_Bid,Contract_For_Difference_Two_Way,20.00,0.00,EUR,Unknown,,112.90,124.90,,0.00,50.00,,Biomass,Unknown,0.00,20.00,20.00,100%,40%,2016,,,,124.9031973
Italy Round 4 (Geothermal),Completed,Italy,Europe,Renewables_Other,,Auction,Pay_As_Bid,Contract_For_Difference_Two_Way,25.00,0.00,EUR,Unknown,,82.32,91.07,,0.00,20.00,,Geothermal,Unknown,0.00,19.80,19.80,100%,99%,2016,,,,91.07202124
Italy Round 4 (Solar Thermal),Completed,Italy,Europe,Solar,,Auction,Pay_As_Bid,Contract_For_Difference_Two_Way,25.00,0.00,EUR,Unknown,,,,,0.00,100.00,,Solar thermal,Unknown,0.00,0.00,0.00,,,2016,,,,
Italy Round 4 (Wind Offshore),Completed,Italy,Europe,Wind,,Auction,Pay_As_Bid,Contract_For_Difference_Two_Way,20.00,0.00,EUR,Unknown,,161.70,178.89,,0.00,30.00,,Offshore wind,Unknown,0.00,30.00,30.00,100%,100%,2016,,,,178.8914703
FER Round 1 Hydro (Group C),Completed,Italy,Europe,Hydro,,Auction,Pay_As_Bid,Contract_For_Difference_Two_Way,20.00,0.00,EUR,Fixed,,49.26,55.13,,0.00,60.00,,Run of river,Unknown,0.00,6.30,6.30,100%,11%,2019,,,1/29/2023,55.13135602
FER Round 1 PV (Group A),Completed,Italy,Europe,Solar,,Auction,Pay_As_Bid,Contract_For_Difference_Two_Way,20.00,0.00,EUR,Fixed,,60.00,67.15,,0.00,500.00,,PV,Group of technologies,0.00,5.10,5.10,100%,1%,2019,,,1/29/2022,67.15165081
FER Round 1 Onshore Wind (Group C),Completed,Italy,Europe,Wind,,Auction,Pay_As_Bid,Contract_For_Difference_Two_Way,20.00,0.00,EUR,Fixed,,56.61,63.35,,0.00,60.00,,Onshore wind,Group of technologies,0.00,15.25,15.25,100%,25%,2019,,,5/29/2021,63.35209258
Italy Round 4 (Wind Onshore),Completed,Italy,Europe,Wind,,Auction,Pay_As_Bid,Contract_For_Difference_Two_Way,20.00,0.00,EUR,Unknown,,66.00,73.87,,0.00,800.00,,Onshore wind,Group of technologies,0.00,800.00,800.00,100%,100%,2019,,,,73.86681589
FER Round 1 Onshore Wind (Group A),Completed,Italy,Europe,Wind,,Auction,Pay_As_Bid,Contract_For_Difference_Two_Way,20.00,0.00,EUR,Fixed,,56.61,64.54,,0.00,500.00,,Onshore wind,Group of technologies,0.00,494.93,494.93,100%,99%,2020,,,8/29/2022,64.53664887
FER Round 2 Hydro (Group B),Completed,Italy,Europe,Hydro,,Auction,Pay_As_Bid,Contract_For_Difference_Two_Way,20.00,0.00,EUR,Fixed,,78.00,88.93,,0.00,10.00,,Run of river,Group of technologies,0.00,2.47,2.47,100%,25%,2020,,,5/28/2023,88.92942652
FER Round 2 Hydro (Group C),Completed,Italy,Europe,Hydro,,Auction,Pay_As_Bid,Contract_For_Difference_Two_Way,20.00,0.00,EUR,Fixed,,74.48,84.92,,0.00,99.00,,Run of river,Group of technologies,0.00,15.00,15.00,100%,15%,2020,,,5/28/2023,84.91994291
FER Round 2 PV (Group A),Completed,Italy,Europe,Solar,,Auction,Pay_As_Bid,Contract_For_Difference_Two_Way,20.00,0.00,EUR,Fixed,,62.60,71.37,,0.00,500.00,,PV,Group of technologies,0.00,19.40,19.40,100%,4%,2020,,,5/28/2022,71.37066833
FER Round 2 Onshore Wind (Group A),Completed,Italy,Europe,Wind,,Auction,Pay_As_Bid,Contract_For_Difference_Two_Way,20.00,0.00,EUR,Fixed,,64.71,73.78,,0.00,500.00,,Onshore wind,Group of technologies,0.00,406.00,406.00,100%,81%,2020,,,12/28/2022,73.77722039
FER Round 3 Hydro (Group C),Completed,Italy,Europe,Hydro,,Auction,Pay_As_Bid,Contract_For_Difference_Two_Way,20.00,0.00,EUR,Fixed,,78.31,89.29,,0.00,144.00,,Run of river,Group of technologies,0.00,23.10,23.10,100%,16%,2020,,,5/28/2023,89.28721594
FER Round 3 PV (Group A),Completed,Italy,Europe,Solar,,Auction,Pay_As_Bid,Contract_For_Difference_Two_Way,20.00,0.00,EUR,Fixed,,68.27,77.84,,0.00,775.00,,PV,Group of technologies,0.00,95.63,95.63,100%,12%,2020,,,5/28/2022,77.84054744
FER Round 6 Onshore Wind (Group A),Completed,Italy,Europe,Wind,,Auction,Pay_As_Bid,Contract_For_Difference_Two_Way,20.00,0.00,EUR,Fixed,,65.29,74.44,,0.00,2308.00,,Onshore wind,Group of technologies,0.00,296.10,296.10,100%,13%,2020,,,12/28/2022,74.43985471
FER Round 3 Onshore Wind (Group A),Completed,Italy,Europe,Wind,,Auction,Pay_As_Bid,Contract_For_Difference_Two_Way,20.00,0.00,EUR,Fixed,,68.08,80.48,,0.00,775.00,,Onshore wind,Group of technologies,0.00,218.25,218.25,100%,28%,2021,,,12/28/2022,80.47819013
FER Round 4 Hydro (Group C),Completed,Italy,Europe,Hydro,,Auction,Pay_As_Bid,Contract_For_Difference_Two_Way,20.00,0.00,EUR,Fixed,,78.39,92.67,,0.00,181.00,,Run of river,Group of technologies,0.00,27.20,27.20,100%,15%,2021,,,5/28/2023,92.67289278
FER Round 4 PV (Group A),Completed,Italy,Europe,Solar,,Auction,Pay_As_Bid,Contract_For_Difference_Two_Way,20.00,0.00,EUR,Fixed,,68.41,80.87,,0.00,1161.00,,PV,Group of technologies,0.00,19.90,19.90,100%,2%,2021,,,5/28/2022,80.87244355
FER Round 4 Onshore Wind (Group A),Completed,Italy,Europe,Wind,,Auction,Pay_As_Bid,Contract_For_Difference_Two_Way,20.00,0.00,EUR,Fixed,,68.53,81.01,,0.00,1161.00,,Onshore wind,Group of technologies,0.00,259.40,259.40,100%,22%,2021,,,12/28/2022,81.00920327
FER Round 5 Hydro (Group C),Completed,Italy,Europe,Hydro,,Auction,Pay_As_Bid,Contract_For_Difference_Two_Way,20.00,0.00,EUR,Fixed,,78.39,92.67,,0.00,234.00,,Run of river,Group of technologies,0.00,20.95,20.95,100%,9%,2021,,,5/28/2023,92.67374605
FER Round 5 PV (Group A),Completed,Italy,Europe,Solar,,Auction,Pay_As_Bid,Contract_For_Difference_Two_Way,20.00,0.00,EUR,Fixed,,65.15,77.02,,0.00,1582.00,,PV,Group of technologies,0.00,32.26,32.26,100%,2%,2021,,,12/28/2022,77.01848347
FER Round 5 Onshore Wind (Group A),Completed,Italy,Europe,Wind,,Auction,Pay_As_Bid,Contract_For_Difference_Two_Way,20.00,0.00,EUR,Fixed,,65.17,77.04,,0.00,1582.00,,Onshore wind,Group of technologies,0.00,41.40,41.40,100%,3%,2021,,,12/28/2022,77.04175733
FER Round 6 Hydro (Group C),Completed,Italy,Europe,Hydro,,Auction,Pay_As_Bid,Contract_For_Difference_Two_Way,20.00,0.00,EUR,Fixed,,78.39,92.67,,0.00,280.00,,Run of river,Group of technologies,0.00,32.58,32.58,100%,12%,2021,,,5/28/2023,92.67374605
FER Round 6 PV (Group A),Completed,Italy,Europe,Solar,,Auction,Pay_As_Bid,Contract_For_Difference_Two_Way,20.00,0.00,EUR,Fixed,,65.20,77.08,,0.00,2308.00,,PV,Group of technologies,0.00,299.22,299.22,100%,13%,2021,,,12/28/2022,77.0789409
FER Round 7 Hydro (Group B),Completed,Italy,Europe,Hydro,,Auction,Pay_As_Bid,Contract_For_Difference_Two_Way,20.00,0.00,EUR,Fixed,,76.83,80.76,,0.00,105.00,,Run of river,Group of technologies,0.00,1.20,1.20,100%,1%,2022,,,8/28/2024,80.75677948
FER Round 7 Hydro (Group C),Completed,Italy,Europe,Hydro,,Auction,Pay_As_Bid,Contract_For_Difference_Two_Way,20.00,0.00,EUR,Fixed,,78.40,82.40,,0.00,480.00,,Run of river,Group of technologies,0.00,117.20,117.20,100%,24%,2022,,,8/28/2024,82.40205783
FER Round 7 PV (Group A),Completed,Italy,Europe,Solar,,Auction,Pay_As_Bid,Contract_For_Difference_Two_Way,20.00,0.00,EUR,Fixed,,65.10,68.43,,0.00,3313.00,,PV,Group of technologies,0.00,706.00,706.00,100%,21%,2022,,,3/28/2023,68.43001809
FER Round 7 Onshore Wind (Group A),Completed,Italy,Europe,Wind,,Auction,Pay_As_Bid,Contract_For_Difference_Two_Way,20.00,0.00,EUR,Fixed,,65.15,68.48,,0.00,3313.00,,Onshore wind,Group of technologies,0.00,484.60,484.60,100%,15%,2022,,,6/28/2023,68.48064783
FER Round 8 Hydro (Group B),Completed,Italy,Europe,Hydro,,Auction,Pay_As_Bid,Contract_For_Difference_Two_Way,20.00,0.00,EUR,Fixed,,76.83,80.76,,0.00,103.00,,Run of river,Group of technologies,0.00,1.50,1.50,100%,1%,2022,2022,,,80.75677948
FER Round 8 PV (Group A),Completed,Italy,Europe,Solar,,Auction,Pay_As_Bid,Contract_For_Difference_Two_Way,20.00,0.00,EUR,Fixed,,65.13,68.45,,0.00,2338.00,,PV,Group of technologies,0.00,266.53,266.50,100%,11%,2022,2022,,,68.45333881
FER Round 8 Onshore Wind (Group A),Completed,Italy,Europe,Wind,,Auction,Pay_As_Bid,Contract_For_Difference_Two_Way,20.00,0.00,EUR,Fixed,The average price was calculated based on the percentual reduction from the reference tariff of 66.5EUR/MWh,65.14,68.47,,0.00,2338.00,,Onshore wind,Group of technologies,0.00,40.00,40.00,100%,2%,2022,2019,2/4/2022,,68.47249317
FER Round 9 Hydro (Group C),Completed,Italy,Europe,Hydro,,Auction,Pay_As_Bid,Contract_For_Difference_Two_Way,20.00,0.00,EUR,Fixed,,63.70,66.95,,0.00,363.00,,Run of river,Group of technologies,0.00,5.00,5.00,100%,1%,2022,2022,,,66.95396258
FER Round 9 PV (Group A),Completed,Italy,Europe,Solar,,Auction,Pay_As_Bid,Contract_For_Difference_Two_Way,20.00,0.00,EUR,Fixed,,65.13,68.46,,0.00,1905.00,,PV,Group of technologies,0.00,262.20,262.20,100%,14%,2022,2022,,,68.45566258
FER Round 9 Onshore Wind (Group A),Completed,Italy,Europe,Wind,,Auction,Pay_As_Bid,Contract_For_Difference_Two_Way,20.00,0.00,EUR,Fixed,The average price was calculated based on the percentual reduction from the reference tariff of 66.5EUR/MWh,65.15,68.48,,0.00,1905.00,,Onshore wind,Group of technologies,0.00,151.00,151.00,100%,8%,2022,2019,9/30/2022,,68.4789922
FER Round 10 PV (Group A),Completed,Italy,Europe,Solar,,Auction,Pay_As_Bid,Contract_For_Difference_Two_Way,20.00,0.00,EUR,Fixed,,65.15,68.48,,0.00,1412.00,,PV,Group of technologies,0.00,88.89,262.20,295%,6%,2022,2022,,,68.47508963
FER Round 10 Onshore Wind (Group A),Completed,Italy,Europe,Wind,,Auction,Pay_As_Bid,Contract_For_Difference_Two_Way,20.00,0.00,EUR,Fixed,,65.15,68.48,,0.00,1412.00,,Onshore wind,Group of technologies,0.00,22.40,262.20,1171%,2%,2022,2022,,,68.47833456
FER Round 11 Hydro (Group C),Completed,Italy,Europe,Hydro,,Auction,Pay_As_Bid,Contract_For_Difference_Two_Way,20.00,0.00,EUR,Fixed,,78.40,84.78,,0.00,358.00,,Run of river,Group of technologies,0.00,2.90,2.90,100%,1%,2023,2022,1/31/2023,,84.77508651
FER Round 11 PV (Group A),Completed,Italy,Europe,Solar,,Auction,Pay_As_Bid,Contract_For_Difference_Two_Way,20.00,0.00,EUR,Fixed,,65.16,70.46,,0.00,1254.00,,PV,Group of technologies,0.00,154.34,154.34,100%,12%,2023,2022,1/31/2023,,70.46382425
FER Round 11 Onshore Wind (Group A),Completed,Italy,Europe,Wind,,Auction,Pay_As_Bid,Contract_For_Difference_Two_Way,20.00,0.00,EUR,Fixed,,65.15,70.44,,0.00,1254.40,,Onshore wind,Group of technologies,0.00,213.85,213.85,100%,17%,2023,2022,1/31/2023,,70.44430547
FER Round 12 PV (Group A),Completed,Italy,Europe,Solar,,Auction,Pay_As_Bid,Contract_For_Difference_Two_Way,20.00,0.00,EUR,Fixed,,65.15,70.44,,0.00,859.00,,PV,Group of technologies,0.00,48.31,48.31,100%,6%,2023,2022,3/31/2023,,70.44248844
FER Round 12 Onshore Wind (Group A),Completed,Italy,Europe,Wind,,Auction,Pay_As_Bid,Contract_For_Difference_Two_Way,20.00,0.00,EUR,Fixed,,65.16,70.46,,0.00,859.00,,Onshore wind,Group of technologies,0.00,10.00,10.00,100%,1%,2023,2022,3/31/2023,,70.46209991
FER Round 13 Hydro (Group B),Completed,Italy,Europe,Hydro,,Auction,Pay_As_Bid,Contract_For_Difference_Two_Way,20.00,0.00,EUR,Fixed,Reference price increased to  91.479 Euro/MWh to account for inflation (group B),,,,0.00,100.50,,Run of river,Group of technologies,0.00,0.00,0.00,,,2023,2023,10/20/2023,,
FER Round 13 Hydro (Group C),Completed,Italy,Europe,Hydro,,Auction,Pay_As_Bid,Contract_For_Difference_Two_Way,20.00,0.00,EUR,Fixed,Reference price increased to  81.678 for wind and93.346 for hydro and gas to account for inflation (group C),,,,0.00,354.80,,Run of river,Group of technologies,0.00,0.00,0.00,,,2023,2023,10/21/2023,,
FER Round 13 PV (Group A),Completed,Italy,Europe,Solar,,Auction,Pay_As_Bid,Contract_For_Difference_Two_Way,20.00,0.00,EUR,Fixed,Reference price increased from 66.5 to 77.594 Euro/MWh to account for inflation,75.37,81.50,,0.00,772.50,,PV,Group of technologies,0.00,327.70,327.70,100%,42%,2023,2023,10/18/2023,,81.49610272
FER Round 13 Onshore Wind (Group A),Completed,Italy,Europe,Wind,,Auction,Pay_As_Bid,Contract_For_Difference_Two_Way,20.00,0.00,EUR,Fixed,,74.76,80.84,,0.00,773.00,,Onshore wind,Group of technologies,0.00,673.40,673.40,100%,87%,2023,2023,10/19/2023,,80.83643378
FER Round 13 Onshore Wind (Group C),Completed,Italy,Europe,Wind,,Auction,Pay_As_Bid,Contract_For_Difference_Two_Way,20.00,0.00,EUR,Fixed,,NA,,,0.00,354.80,,Onshore wind,Group of technologies,0.00,0.00,0.00,,,2023,2023,10/22/2023,,
FER Round 14 PV (Group A),Completed,Italy,Europe,Solar,,Auction,Pay_As_Bid,Contract_For_Difference_Two_Way,20.00,0.00,EUR,Fixed,,75.01,81.14,,0.00,287.00,,PV,Group of technologies,0.00,145.51,145.51,100%,51%,2024,2024,2/27/2024,,81.14016102
FER Round 14 Onshore Wind (Group A),Completed,Italy,Europe,Wind,,Auction,Pay_As_Bid,Contract_For_Difference_Two_Way,20.00,0.00,EUR,Fixed,,75.68,81.86,,0.00,90.00,,Onshore wind,Group of technologies,0.00,97.80,97.80,100%,109%,2024,2024,2/27/2024,,81.86157088
FER Round 15 PV (Group A),Completed,Italy,Europe,Solar,,Auction,Pay_As_Bid,Contract_For_Difference_Two_Way,20.00,0.00,EUR,Fixed,,75.82,82.01,,0.00,0.00,,PV,Group of technologies,0.00,322.20,322.20,100%,#N/A,2024,2024,7/26/2024,,82.01234151
FER Round 15 Onshore Wind (Group A),Completed,Italy,Europe,Wind,,Auction,Pay_As_Bid,Contract_For_Difference_Two_Way,20.00,0.00,EUR,Fixed,,76.11,82.32,,0.00,0.00,,Onshore wind,Group of technologies,0.00,88.40,88.40,100%,#N/A,2024,2024,7/26/2024,,82.32059029
FER Round 15 Onshore Wind (Group A),Completed,Italy,Europe,Wind,,Auction,Pay_As_Bid,Contract_For_Difference_Two_Way,20.00,0.00,EUR,Fixed,,75.39,81.55,,0.00,0.00,,Onshore wind,Group of technologies,0.00,145.40,145.40,100%,#N/A,2024,2024,12/26/2024,,81.5479687
FER Round 15 PV (Group A),Completed,Italy,Europe,Solar,,Auction,Pay_As_Bid,Contract_For_Difference_Two_Way,20.00,0.00,EUR,Fixed,,74.70,80.80,,0.00,0.00,,PV,Group of technologies,0.00,278.50,278.50,100%,#N/A,2024,2024,12/26/2024,,80.79510449
PNRR Agrivoltaic Auction,Completed,Italy,Europe,Solar,,Auction,Pay_As_Bid,Fixed_Feed_In_Tariff,20.00,0.00,EUR,Unknown,Successful projects will receive a 20-year feed-in tariff as well as a 40% CAPEX grant. Projects located in central Italy will receive an additional EUR 5/MWh premium on their FiT while projects in the north will receive an additional EUR 10/MWh premium to account for reduced sunshine in those areas.,79.86,86.38,,0.00,740.00,,Agrivoltaic,Technology specific,0.00,1369.00,1550.00,113%,185%,2024,2024,6/4/2024,6/30/2026,86.38182802
PNRR Agrivoltaic Auction,Completed,Italy,Europe,Solar,,Auction,Pay_As_Bid,Fixed_Feed_In_Tariff,20.00,0.00,EUR,Unknown,Successful projects will receive a 20-year feed-in tariff as well as a 40% CAPEX grant. Projects located in central Italy will receive an additional EUR 5/MWh premium on their FiT while projects in the north will receive an additional EUR 10/MWh premium to account for reduced sunshine in those areas.,88.92,96.18,,0.00,300.00,,Agrivoltaic,Technology specific,0.00,178.80,229.00,128%,60%,2024,2024,6/4/2024,6/30/2026,96.18171985
Kosovo 2024 Wind Auction - Phase 1,Delayed,Kosovo,Europe,Wind,,Auction,Pay_As_Bid,Power_Purchase_Agreement,15.00,0.00,EUR,Indexed,"Auction to be held in two rounds and with a qualification and subsequent proposal phase. The first call for qualifications is expected to be published in October and the qualified bidders will be invited to submit proposals early next year, the ministry revealed. It added that it intends to kickstart the second procedure in 2025.  The selected Bidder will conclude a PPA with the Market Operator that shall be converted into a Contract for Difference (CfD) upon the confirmation of the Energy Regulatory Office that a liquid functional day-ahead market has been established in the Republic of Kosovo. The awarded bid price will be indexed ever 12 months according to the inflation rate for the sector. Curtailment will be compensated.",,,,50.00,100.00,,Onshore wind,Technology specific,,,,,,2024,2023,12/18/2024,,
Kosovo 2024 Solar PV Auction,Completed,Kosovo,Europe,Solar,,Project_Tender,Pay_As_Bid,Power_Purchase_Agreement,15.00,0.00,EUR,Unknown,"In February 2024, the Ministry of Economy of Kosovo* opened the applications that it received from companies and consortiums seeking to qualify for its first solar power auction. The electronic bidding was held in March 2024, and the fourth session determined the winner with a closing price of 48.88 Euro/MWh. The selected Bidder will conclude a PPA with the Market Operator that shall be converted into a Contract for Difference (CfD) upon the confirmation of the Energy Regulatory Office that a liquid functional day-ahead market has been established in the Republic of Kosovo.",48.88,52.87,,90.00,105.00,,PV,Technology specific,,100.00,100.00,100%,95%,2024,2023,5/12/2023,3/4/2026,52.87182261
Lithuania Renewable Energy Auction Round 1,Completed,Lithuania,Europe,Renewables_Other,,Auction,Pay_As_Bid,Unknown,12.00,0.00,EUR,Fixed,,0.00,,,,,,Unknown technology,Unknown,300000.00,200.00,200.00,100%,#N/A,2019,2019,,,#N/A
Lithuania Renewable Energy Auction Round 2,Cancelled,Lithuania,Europe,Renewables_Other,,Auction,Unknown,Unknown,10.00,0.00,EUR,Fixed,Lithuania's second auction in 2019 was cancelled due to few bids. The 700GWh quota was moved to 2021. Selected projects awarded a 12-year feed-in premium tariff.,,,,0.00,0.00,700000,Unknown technology,Unknown,,,,,,2019,,,,
Lithuania Offshore Wind Tender Round 1,Completed,Lithuania,Europe,Wind,,Project_Tender,Pay_As_Bid,Merchant,,0.00,EUR,Unknown,Lithuania's first offshore wind auction offered no subsidies and instead had developers compete fo the highest willingness-to-pay to develop the project - 20 million euros.,,,,580.00,700.00,,Offshore wind,Technology specific,,700.00,700.00,100%,100%,2023,2020,3/31/2023,12/31/2028,
Lithuania Offshore Wind Tender Round 2,Delayed,Lithuania,Europe,Wind,,Project_Tender,Unknown,Contract_For_Difference_Two_Way,15.00,0.00,EUR,Unknown,"Lithuania's second offshore wind auction offers subsidies in the form of a two-way CfD with 193 million euros allocated for support over the contract duration. Tender was cancelled in April 2024 after only one bid was recieved but was relaunched in November 2024. Results expected May 2, 2025",,,,580.00,700.00,,Offshore wind,Technology specific,,,,,,2025,2020,,12/31/2028,
Luxembourg  PV Auction - Round 1,Completed,Luxembourg,Europe,Solar,,Auction,Unknown,Unknown,15.00,0.00,EUR,Unknown,Tender had two pots: one for ground mounted installations in industrial areas and another for rooftop or parking lot installations,105.30,124.22,,0.00,20.00,,PV,Technology specific,0.00,15.16,15.16,100%,76%,2018,2017,2/24/2018,2/28/2020,124.2184735
Luxembourg  PV Auction - Round 2,Completed,Luxembourg,Europe,Solar,,Auction,Unknown,Unknown,25.00,0.00,EUR,Unknown,"Luxembourg’s Minister of Energy launched a tender for the development of 40MW of solar capacity.  The procurement is divided into five lots. There are 10 MW slices of capacity available for solar arrays on industrial sites and for two sizes of rooftop capacity and two 5 MW, capacity-determined sections of the tender devoted to PV systems on parking lots and water basins.",112.18,125.55,,0.00,40.00,,PV,Technology specific,,30.78,30.78,100%,77%,2019,2019,9/11/2019,9/16/2021,125.5512031
Luxembourg  PV Auction - Round 3,Completed,Luxembourg,Europe,Solar,,Auction,Unknown,Unknown,15.00,0.00,EUR,Unknown,"Tender had five pots: two for buildings, one for ground mounted on industrial land, and one for canopy mounted or water basins.",109.31,124.63,,0.00,40.00,,PV,Technology specific,0.00,14.64,14.64,100%,37%,2020,2020,10/10/2020,10/15/2022,124.6266104
Luxembourg  PV Auction - Round 4,Completed,Luxembourg,Europe,Solar,,Auction,Unknown,Unknown,15.00,0.00,EUR,Unknown,"Tender had five pots: two for buildings, one for ground mounted on industrial land, and one for canopy mounted or water basins. No data on bid capacity.",110.07,115.69,,0.00,55.00,,PV,Technology specific,0.00,14.34,,0%,26%,2022,2021,9/25/2021,8/15/2023,115.6926634
Luxembourg  PV Auction - Round 5,Completed,Luxembourg,Europe,Solar,,Auction,Unknown,Unknown,15.00,0.00,EUR,Unknown,"Tender had five pots: two for buildings, one for ground mounted on industrial land, and one for canopy mounted or water basins. No data on bid capacity.",107.78,116.54,,0.00,55.00,,PV,Technology specific,0.00,5.86,,0%,11%,2023,2022,12/3/2022,4/14/2025,116.5441176
Luxembourg Agri-PV Pilot Tender,Completed,Luxembourg,Europe,Solar,,Auction,Unknown,Unknown,15.00,0.00,EUR,Unknown,"Tender had three lots: bifacial or tracking, canopy, and ground mounted. No data on bid capacity.",117.70,127.27,,0.00,50.00,,PV,Technology specific,0.00,52.73,,0%,105%,2023,2022,10/22/2022,8/1/2025,127.2707612
North Macedonia Oslomej Solar PV Tender Phase 1,Completed,North Macedonia,Europe,Solar,,Project_Tender,Unknown,Fixed_Feed_In_Premium,4.00,0.00,EUR,Fixed,ELEM (State-owned macedonian utility) tendered 10 MW for a solar power plant in Oslomej. The plant was se to be  adjacent to the existing Oslomej thermal power plant. Tendering attracted 17 bids with the Turkish EPC contractor Giri?im Elektrik signing the contract in november 2019.  The contract was set for 10 months (EPC) + 36 months (O&M).,,,,,10.00,,PV,Technology specific,,10.00,,#N/A,100%,2019,2019,,9/1/2020,
North Macedonia Solar PV Tender Phase 1,Completed,North Macedonia,Europe,Solar,,Project_Tender,Unknown,Fixed_Feed_In_Premium,15.00,0.00,EUR,Fixed,"The Government of North Macedonia has launched tendering for the construction of  solar PV plants with a combined capacity of 35MW on state land.  Construction of PV plants for 25 MW were offered in the municipality of Sveti Nikole and the remaining 10 MW in the municipality of Makedonski Brod. The ceiling price is set at EUR 15 per MWh. Plants can have a capacity of 10 MW, 5 MW, 2 MW, and 1 MW. 82 companies submitted bids with 11 agreements being reached. GEN-I doo was signed the biggest contract for 17MW.  Investors were granted rights to build and produce energy for 50 years.",,,,,35.00,,PV,Technology specific,,,,,,2020,2019,,,
North Macedonia Oslomej Solar PV Tender Phase 2 ,Completed,North Macedonia,Europe,Solar,,Project_Tender,Unknown,Fixed_Feed_In_Premium,15.00,0.00,EUR,Fixed,"The Government of North Macedonia tendered for the construction of  solar PV plants in 16 municipalities with a combined capacity of 27MW on private land. 44 bids wew submitted with contracts being signed with 23 investors on 29 locations. The tender was divided into four lots: 0 – 200 kW, 7 contracts for 800 kW; 201 – 500 kW, 6 contracts for 2.4 MW; 501 – 1,000 kW, 12 contracts for 10.2 MW; 1,001 – 3,000 kW, 4 contracts for 8.16 MW. Contracts for premiuns were set for 15 years and investors have three years to complete plant construction.",,,,,27.00,,PV,Technology specific,,21.00,21.00,100%,78%,2020,2019,,5/20/2023,
North Macedonia Solar PV Tender Phase 2 ,Completed,North Macedonia,Europe,Solar,,Project_Tender,Unknown,Capacity_Payment,15.00,0.00,EUR,Fixed,"After launching an usucessful tender from February to October 2020, the government of North Macedonia tendered two solar plants with a combnined 100 MW (50 MW each). The failure of the first tender was attributed to the only two bidders submitting invalid applications. The plants are allocated in the abandoned open pits of the REK Oslomej mine.  ESM will get 18.51% of the electricity produced by Fortis Energy Electric, and 18.01% of the power generated by Solarpro Holding.",,,,,100.00,,PV,Technology specific,,100.00,100.00,100%,100%,2021,2019,,,
Moldova Solar Auction,Announced,Moldova,Europe,Solar,,Auction,Pay_As_Bid,Power_Purchase_Agreement,15.00,0.00,MDL,Unknown,,,,,,60.00,,PV,Technology specific,,,,,,2025,2020,,,
Moldova Onshore Wind Auction,Announced,Moldova,Europe,Wind,,Auction,Pay_As_Bid,Power_Purchase_Agreement,15.00,0.00,MDL,Unknown,"Moldova announced an auction to deploy 230MW of renewables. The quotas were as follows:  70MW for PV; 15 MW for Wind;  100MW Biogas, 30MW for Waste; and 5 MW for Hydro. THe projects were to be selected on a first come-first serve basis with a 15 year fixed tariff. It is expected that this will be launched in 2024.",,,,,105.00,,Onshore wind,Technology specific,,,,,,2025,2020,,,
Montenegro Briska Gora Land Lease for Solar Project,Completed,Montenegro,Europe,Solar,,Project_Tender,Unknown,Unknown,30.00,0.00,EUR,Unknown,,,,,0.00,200.00,,PV,Unknown,,,0.00,,,2016,,,,
Montenegro Brajici Land Lease for 70 MW Wind Project,Completed,Montenegro,Europe,Wind,,Project_Tender,Unknown,Unknown,,0.00,EUR,Unknown,Montenegro's economy ministry has invited bids for the construction of a 50MW wind farm with a capacity of at least 70 MW in Brajici locality.,,,,0.00,70.00,,Onshore wind,Unknown,,70.00,,#N/A,100%,2019,2019,8/13/2019,,
SDE 2008 - Waste to Energy,Completed,Netherlands,Europe,Biomass_And_Waste,,Auction,Pay_As_Bid,Fixed_Feed_In_Tariff,15.00,0.00,EUR,Fixed,,39.22,57.41,,,,,Energy from waste,Unknown,0.00,77.75,77.75,100%,#N/A,2008,,,12/31/2012,57.40559328
SDE 2008 - Solar PV,Completed,Netherlands,Europe,Solar,,Auction,Pay_As_Bid,Fixed_Feed_In_Tariff,15.00,0.00,EUR,Fixed,,347.16,508.14,,,,,PV,Unknown,0.00,9.22,9.22,100%,#N/A,2008,,,12/31/2012,508.1359203
SDE 2008 - Onshore Wind,Completed,Netherlands,Europe,Wind,,Auction,Pay_As_Bid,Fixed_Feed_In_Tariff,15.00,0.00,EUR,Fixed,,58.43,85.53,,,,,Onshore wind,Unknown,0.00,46.44,46.44,100%,#N/A,2008,,,12/31/2012,85.52896222
SDE 2009 - Bioenergy (includes Biomass),Completed,Netherlands,Europe,Biomass_And_Waste,,Auction,Pay_As_Bid,Fixed_Feed_In_Tariff,12.00,0.00,EUR,Fixed,,65.13,95.32,,,,,Biomass,Unknown,0.00,64.20,64.20,100%,#N/A,2008,,,12/31/2013,95.32424455
SDE+ 2011 - Bioenergy (includes Biomass),Completed,Netherlands,Europe,Biomass_And_Waste,,Auction,Pay_As_Bid,Contract_For_Difference_One_Way,12.00,0.00,EUR,Fixed,,53.18,73.97,,,,,Biomass,Unknown,0.00,63.43,63.43,100%,#N/A,2009,,,12/31/2015,73.9716701
SDE 2009 - Waste to Energy,Completed,Netherlands,Europe,Biomass_And_Waste,,Auction,Pay_As_Bid,Fixed_Feed_In_Tariff,15.00,0.00,EUR,Fixed,,42.66,59.34,,,,,Energy from waste,Unknown,0.00,63.70,63.70,100%,#N/A,2009,,,12/31/2013,59.33871208
SDE 2009 - Hydro,Completed,Netherlands,Europe,Hydro,,Auction,Pay_As_Bid,Fixed_Feed_In_Tariff,15.00,0.00,EUR,Fixed,,70.69,98.34,,,,,Run of river,Unknown,0.00,0.00,0.00,,,2009,,,12/31/2013,98.33739093
SDE 2009 - Solar PV,Completed,Netherlands,Europe,Solar,,Auction,Pay_As_Bid,Fixed_Feed_In_Tariff,15.00,0.00,EUR,Fixed,,346.52,482.01,,,,,PV,Unknown,0.00,22.14,22.14,100%,#N/A,2009,,,12/31/2013,482.0094479
SDE 2009 - Onshore Wind,Completed,Netherlands,Europe,Wind,,Auction,Pay_As_Bid,Fixed_Feed_In_Tariff,15.00,0.00,EUR,Fixed,,75.97,105.67,,,,,Onshore wind,Unknown,0.00,466.17,466.17,100%,#N/A,2009,,,12/31/2013,105.6745267
SDE 2010 - Bioenergy (includes Biomass),Completed,Netherlands,Europe,Biomass_And_Waste,,Auction,Pay_As_Bid,Fixed_Feed_In_Tariff,12.00,0.00,EUR,Fixed,,76.62,106.58,,,,,Biomass,Unknown,0.00,48.44,48.44,100%,#N/A,2009,,,12/31/2014,106.5789207
SDE Tender Wind op zee 2009 - Offshore Wind,Completed,Netherlands,Europe,Wind,,Auction,Pay_As_Bid,Feed_In_Tariff,15.00,0.00,EUR,Fixed,,162.36,214.96,,,,,Offshore wind,Unknown,0.00,719.23,719.23,100%,#N/A,2010,,,12/31/2013,214.9607896
SDE 2010 - Waste to Energy,Completed,Netherlands,Europe,Biomass_And_Waste,,Auction,Pay_As_Bid,Fixed_Feed_In_Tariff,15.00,0.00,EUR,Fixed,,41.99,55.60,,,,,Energy from waste,Unknown,0.00,74.00,74.00,100%,#N/A,2010,,,12/31/2014,55.59999579
SDE 2010 - Solar PV,Completed,Netherlands,Europe,Solar,,Auction,Pay_As_Bid,Fixed_Feed_In_Tariff,15.00,0.00,EUR,Fixed,,292.11,386.74,,,,,PV,Unknown,0.00,17.48,17.48,100%,#N/A,2010,,,12/31/2014,386.7438928
SDE 2010 - Onshore Wind,Completed,Netherlands,Europe,Wind,,Auction,Pay_As_Bid,Fixed_Feed_In_Tariff,15.00,0.00,EUR,Fixed,,69.77,92.38,,,,,Onshore wind,Unknown,0.00,449.56,449.56,100%,#N/A,2010,,,12/31/2014,92.37802045
SDE+ 2011 - Solar PV,Completed,Netherlands,Europe,Solar,,Auction,Pay_As_Bid,Contract_For_Difference_One_Way,15.00,0.00,EUR,Fixed,,46.58,64.79,,,,,PV,Unknown,0.00,18.45,18.45,100%,#N/A,2011,,,12/31/2015,64.79401514
SDE+ 2011 - Onshore Wind,Completed,Netherlands,Europe,Wind,,Auction,Pay_As_Bid,Contract_For_Difference_One_Way,15.00,0.00,EUR,Fixed,,66.48,92.48,,,,,Onshore wind,Unknown,0.00,107.70,107.70,100%,#N/A,2011,,,12/31/2015,92.47650234
SDE+ 2012 - Bioenergy (includes Biomass),Completed,Netherlands,Europe,Biomass_And_Waste,,Auction,Pay_As_Bid,Contract_For_Difference_One_Way,10.00,0.00,EUR,Fixed,,43.57,60.61,,,,,Biomass,Unknown,0.00,150.69,150.69,100%,#N/A,2011,,,12/31/2016,60.60583453
SDE+ 2012 - Waste to Energy,Completed,Netherlands,Europe,Biomass_And_Waste,,Auction,Pay_As_Bid,Contract_For_Difference_One_Way,15.00,0.00,EUR,Fixed,,14.34,18.43,,,,,Energy from waste,Unknown,0.00,413.10,413.10,100%,#N/A,2012,,,12/31/2016,18.43020267
SDE+ 2012 - Geothermal,Completed,Netherlands,Europe,Renewables_Other,,Auction,Pay_As_Bid,Contract_For_Difference_One_Way,15.00,0.00,EUR,Fixed,,20.94,26.92,,,,,Geothermal,Unknown,0.00,143.35,143.35,100%,#N/A,2012,,,12/31/2016,26.91651827
SDE+ 2012 - Solar PV,Completed,Netherlands,Europe,Solar,,Auction,Pay_As_Bid,Contract_For_Difference_One_Way,15.00,0.00,EUR,Fixed,,12.90,16.58,,,,,PV,Unknown,0.00,4.53,4.53,100%,#N/A,2012,,,12/31/2016,16.58308193
SDE+ 2012 - Onshore Wind,Completed,Netherlands,Europe,Wind,,Auction,Pay_As_Bid,Contract_For_Difference_One_Way,15.00,0.00,EUR,Fixed,,37.59,48.31,,,,,Onshore wind,Unknown,0.00,2.30,2.30,100%,#N/A,2012,,,12/31/2016,48.31021784
SDE+ 2013 - Bioenergy (includes Biomass),Completed,Netherlands,Europe,Biomass_And_Waste,,Auction,Pay_As_Bid,Contract_For_Difference_One_Way,12.00,0.00,EUR,Fixed,,39.35,50.57,,,,,Biomass,Unknown,0.00,480.04,480.04,100%,#N/A,2012,,,12/31/2017,50.57005695
SDE+ 2013 - Waste to Energy,Completed,Netherlands,Europe,Biomass_And_Waste,,Auction,Pay_As_Bid,Contract_For_Difference_One_Way,15.00,0.00,EUR,Fixed,,17.28,22.95,,,,,Energy from waste,Unknown,0.00,155.21,155.21,100%,#N/A,2013,,,12/31/2017,22.94516001
SDE+ 2013 - Hydro,Completed,Netherlands,Europe,Hydro,,Auction,Pay_As_Bid,Contract_For_Difference_One_Way,15.00,0.00,EUR,Fixed,,33.00,43.82,,,,,Run of river,Unknown,0.00,1.00,1.00,100%,#N/A,2013,,,12/31/2017,43.81888195
SDE+ 2013 - Geothermal,Completed,Netherlands,Europe,Renewables_Other,,Auction,Pay_As_Bid,Contract_For_Difference_One_Way,15.00,0.00,EUR,Fixed,,29.16,38.72,,,,,Geothermal,Unknown,0.00,12.71,12.71,100%,#N/A,2013,,,12/31/2017,38.71995751
SDE+ 2013 - Solar PV,Completed,Netherlands,Europe,Solar,,Auction,Pay_As_Bid,Contract_For_Difference_One_Way,15.00,0.00,EUR,Fixed,,69.79,92.67,,,,,PV,Unknown,0.00,59.58,59.58,100%,#N/A,2013,,,12/31/2017,92.67304849
SDE+ 2013 - Onshore Wind,Completed,Netherlands,Europe,Wind,,Auction,Pay_As_Bid,Contract_For_Difference_One_Way,15.00,0.00,EUR,Fixed,,48.66,64.61,,,,,Onshore wind,Unknown,0.00,359.10,359.10,100%,#N/A,2013,,,12/31/2017,64.6080614
SDE+ 2014 - Bioenergy (includes Biomass),Completed,Netherlands,Europe,Biomass_And_Waste,,Auction,Pay_As_Bid,Contract_For_Difference_One_Way,12.00,0.00,EUR,Fixed,,60.11,79.82,,,,,Biomass,Unknown,0.00,285.09,285.09,100%,#N/A,2013,,,12/31/2018,79.8185947
SDE+ 2014 - Waste to Energy,Completed,Netherlands,Europe,Biomass_And_Waste,,Auction,Pay_As_Bid,Contract_For_Difference_One_Way,15.00,0.00,EUR,Fixed,,15.84,21.01,,,,,Energy from waste,Unknown,0.00,30.00,30.00,100%,#N/A,2014,,,12/31/2018,21.00795853
SDE+ 2014 - Hydro,Completed,Netherlands,Europe,Hydro,,Auction,Pay_As_Bid,Contract_For_Difference_One_Way,15.00,0.00,EUR,Fixed,,108.17,143.46,,,,,Run of river,Unknown,0.00,0.00,0.00,,,2014,,,12/31/2018,143.4631574
SDE+ 2014 - Geothermal,Completed,Netherlands,Europe,Renewables_Other,,Auction,Pay_As_Bid,Contract_For_Difference_One_Way,15.00,0.00,EUR,Fixed,,28.07,37.22,,,,,Geothermal,Unknown,0.00,33.21,33.21,100%,#N/A,2014,,,12/31/2018,37.22425805
SDE+ 2014 - Solar PV,Completed,Netherlands,Europe,Solar,,Auction,Pay_As_Bid,Contract_For_Difference_One_Way,15.00,0.00,EUR,Fixed,,98.78,131.00,,,,,PV,Unknown,0.00,575.31,575.31,100%,#N/A,2014,,,12/31/2018,131.0024078
SDE+ 2014 - Onshore Wind,Completed,Netherlands,Europe,Wind,,Auction,Pay_As_Bid,Contract_For_Difference_One_Way,15.00,0.00,EUR,Fixed,,66.62,88.35,,,,,Onshore wind,Unknown,0.00,134.77,134.77,100%,#N/A,2014,,,12/31/2018,88.35460765
SDE+ 2015 - Bioenergy (includes Biomass),Completed,Netherlands,Europe,Biomass_And_Waste,,Auction,Pay_As_Bid,Contract_For_Difference_One_Way,12.00,0.00,EUR,Fixed,,47.36,62.81,,,,,Biomass,Unknown,0.00,645.55,645.55,100%,#N/A,2014,,,12/31/2019,62.80672205
SDE+ 2015 - Hydro,Completed,Netherlands,Europe,Hydro,,Auction,Pay_As_Bid,Contract_For_Difference_One_Way,15.00,0.00,EUR,Fixed,,31.00,34.39,,,,,Run of river,Unknown,0.00,0.00,0.00,,,2015,,,12/31/2019,34.39476312
SDE+ 2015 - Geothermal,Completed,Netherlands,Europe,Renewables_Other,,Auction,Pay_As_Bid,Contract_For_Difference_One_Way,15.00,0.00,EUR,Fixed,,46.30,51.37,,,,,Geothermal,Unknown,0.00,57.93,57.93,100%,#N/A,2015,,,12/31/2019,51.37339611
SDE+ 2015 - Solar PV,Completed,Netherlands,Europe,Solar,,Auction,Pay_As_Bid,Contract_For_Difference_One_Way,15.00,0.00,EUR,Fixed,,54.46,60.42,,,,,PV,Unknown,0.00,8.11,8.11,100%,#N/A,2015,,,12/31/2019,60.42255205
SDE+ 2015 - Onshore Wind,Completed,Netherlands,Europe,Wind,,Auction,Pay_As_Bid,Contract_For_Difference_One_Way,15.00,0.00,EUR,Fixed,,56.88,63.11,,,,,Onshore wind,Unknown,0.00,592.49,592.49,100%,#N/A,2015,,,12/31/2019,63.10802843
SDE+ 2016 I - Bioenergy (includes Biomass),Completed,Netherlands,Europe,Biomass_And_Waste,,Auction,Pay_As_Bid,Contract_For_Difference_One_Way,11.00,0.00,EUR,Fixed,,47.11,52.27,,,,,Biomass,Unknown,0.00,974.29,974.29,100%,#N/A,2015,,,12/31/2020,52.27261899
Borselle I & II,Completed,Netherlands,Europe,Wind,,Project_Tender,Unknown,Contract_For_Difference_One_Way,15.00,0.00,EUR,Fixed,,72.60,80.32,,0.00,700.00,,Offshore wind,Unknown,0.00,700.00,700.00,100%,100%,2016,,,,80.31861932
SDE 2008 - Bioenergy (includes Biomass),Completed,Netherlands,Europe,Biomass_And_Waste,,Auction,Pay_As_Bid,Fixed_Feed_In_Tariff,12.00,0.00,EUR,Fixed,,59.89,66.26,,,,,Biomass,Unknown,0.00,4.08,4.08,100%,#N/A,2016,,,12/31/2012,66.26079324
SDE+ 2016 I - Geothermal,Completed,Netherlands,Europe,Renewables_Other,,Auction,Pay_As_Bid,Contract_For_Difference_One_Way,15.00,0.00,EUR,Fixed,,46.67,51.63,,,,,Geothermal,Unknown,0.00,183.91,183.91,100%,#N/A,2016,,,12/31/2020,51.62687814
SDE+ 2016 I - Solar PV,Completed,Netherlands,Europe,Solar,,Auction,Pay_As_Bid,Contract_For_Difference_One_Way,15.00,0.00,EUR,Fixed,,68.02,75.26,,,,,PV,Unknown,0.00,122.33,122.33,100%,#N/A,2016,,,12/31/2020,75.2563902
SDE+ 2016 I - Onshore Wind,Completed,Netherlands,Europe,Wind,,Auction,Pay_As_Bid,Contract_For_Difference_One_Way,15.00,0.00,EUR,Fixed,,40.20,44.47,,,,,Onshore wind,Unknown,0.00,5.55,5.55,100%,#N/A,2016,,,12/31/2020,44.47017512
SDE+ 2016 II - Bioenergy (includes Biomass),Completed,Netherlands,Europe,Biomass_And_Waste,,Auction,Pay_As_Bid,Contract_For_Difference_One_Way,11.00,0.00,EUR,Fixed,,47.60,52.66,,,,,Biomass,Unknown,0.00,950.72,950.72,100%,#N/A,2016,,,12/31/2020,52.6595189
SDE+ 2016 II - Geothermal,Completed,Netherlands,Europe,Renewables_Other,,Auction,Pay_As_Bid,Contract_For_Difference_One_Way,15.00,0.00,EUR,Fixed,,42.00,46.47,,,,,Geothermal,Unknown,0.00,18.27,18.27,100%,#N/A,2016,,,12/31/2020,46.46531696
SDE+ 2016 II - Solar PV,Completed,Netherlands,Europe,Solar,,Auction,Pay_As_Bid,Contract_For_Difference_One_Way,15.00,0.00,EUR,Fixed,,70.50,77.99,,,,,PV,Unknown,0.00,586.58,586.58,100%,#N/A,2016,,,12/31/2020,77.99021291
SDE+ 2016 II - Onshore Wind,Completed,Netherlands,Europe,Wind,,Auction,Pay_As_Bid,Contract_For_Difference_One_Way,15.00,0.00,EUR,Fixed,,51.77,57.27,,,,,Onshore wind,Unknown,0.00,275.90,275.90,100%,#N/A,2016,,,12/31/2020,57.27193441
SDE+ 2017 I - Bioenergy (includes Biomass),Completed,Netherlands,Europe,Biomass_And_Waste,,Auction,Pay_As_Bid,Contract_For_Difference_One_Way,1.00,0.00,EUR,Fixed,,48.24,53.36,,,,,Biomass,Unknown,0.00,89.65,89.65,100%,#N/A,2016,,,12/31/2021,53.36355394
Borselle III & IV,Completed,Netherlands,Europe,Wind,,Project_Tender,Unknown,Contract_For_Difference_One_Way,15.00,0.00,EUR,Indexed,,54.50,61.46,,0.00,700.00,,Offshore wind,Unknown,0.00,700.00,700.00,100%,100%,2017,,,,61.45692377
Hollandse Kust (Zuid) Wind Sites III and IV,Completed,Netherlands,Europe,Wind,,Project_Tender,Unknown,Contract_For_Difference_One_Way,15.00,0.00,EUR,Fixed,,0.00,,,0.00,700.00,,Offshore wind,Unknown,0.00,760.00,760.00,100%,109%,2017,,,12/31/2023,#N/A
SDE+ 2017 I - Hydro,Completed,Netherlands,Europe,Hydro,,Auction,Pay_As_Bid,Contract_For_Difference_One_Way,15.00,0.00,EUR,Fixed,,90.45,102.00,,,,,Run of river,Unknown,0.00,1.51,1.51,100%,#N/A,2017,,,12/31/2021,101.9964351
SDE+ 2017 I - Geothermal,Completed,Netherlands,Europe,Renewables_Other,,Auction,Pay_As_Bid,Contract_For_Difference_One_Way,15.00,0.00,EUR,Fixed,,41.00,46.23,,,,,Geothermal,Unknown,0.00,36.89,36.89,100%,#N/A,2017,,,12/31/2021,46.23364908
SDE+ 2017 I - Solar PV,Completed,Netherlands,Europe,Solar,,Auction,Pay_As_Bid,Contract_For_Difference_One_Way,15.00,0.00,EUR,Fixed,,85.94,96.91,,,,,PV,Unknown,0.00,1639.00,1639.00,100%,#N/A,2017,,,12/31/2021,96.91381393
SDE+ 2017 I - Onshore Wind,Completed,Netherlands,Europe,Wind,,Auction,Pay_As_Bid,Contract_For_Difference_One_Way,15.00,0.00,EUR,Fixed,,61.58,69.44,,,,,Onshore wind,Unknown,0.00,627.01,627.01,100%,#N/A,2017,,,12/31/2021,69.44180402
SDE+ 2017 II - Bioenergy (includes Biomass),Completed,Netherlands,Europe,Biomass_And_Waste,,Auction,Pay_As_Bid,Contract_For_Difference_One_Way,12.00,0.00,EUR,Fixed,,44.89,50.62,,,,,Biomass,Unknown,0.00,103.87,103.87,100%,#N/A,2017,,,12/31/2021,50.61972334
SDE+ 2017 II - Hydro,Completed,Netherlands,Europe,Hydro,,Auction,Pay_As_Bid,Contract_For_Difference_One_Way,15.00,0.00,EUR,Fixed,,71.89,81.07,,,,,Run of river,Unknown,0.00,0.00,0.00,,,2017,,,12/31/2021,81.07151241
SDE+ 2017 II - Geothermal,Completed,Netherlands,Europe,Renewables_Other,,Auction,Pay_As_Bid,Contract_For_Difference_One_Way,15.00,0.00,EUR,Fixed,,41.00,46.23,,,,,Geothermal,Unknown,0.00,128.74,128.74,100%,#N/A,2017,,,12/31/2021,46.23364908
SDE+ 2017 II - Solar PV,Completed,Netherlands,Europe,Solar,,Auction,Pay_As_Bid,Contract_For_Difference_One_Way,15.00,0.00,EUR,Fixed,,85.70,96.64,,,,,PV,Unknown,0.00,1444.77,1444.77,100%,#N/A,2017,,,12/31/2021,96.63936976
SDE+ 2017 II - Onshore Wind,Completed,Netherlands,Europe,Wind,,Auction,Pay_As_Bid,Contract_For_Difference_One_Way,15.00,0.00,EUR,Fixed,,49.43,55.73,,,,,Onshore wind,Unknown,0.00,1072.32,1072.32,100%,#N/A,2017,,,12/31/2021,55.73457776
SDE+ 2018 I - Bioenergy (includes Biomass),Completed,Netherlands,Europe,Biomass_And_Waste,,Auction,Pay_As_Bid,Contract_For_Difference_One_Way,12.00,0.00,EUR,Fixed,,50.37,56.80,,,,,Biomass,Unknown,0.00,487.58,487.58,100%,#N/A,2017,,,12/31/2022,56.80047142
Hollande Kust (zuid) Sites I & II,Completed,Netherlands,Europe,Wind,,Project_Tender,Pay_As_Bid,Contract_For_Difference_One_Way,15.00,0.00,EUR,Fixed,,0.00,,,0.00,700.00,,Offshore wind,Unknown,,700.00,700.00,100%,100%,2018,,,1/1/2022,#N/A
SDE+ 2018 I - Hydro,Completed,Netherlands,Europe,Hydro,,Auction,Pay_As_Bid,Contract_For_Difference_One_Way,15.00,0.00,EUR,Fixed,,84.33,99.49,,,,,Run of river,Unknown,0.00,0.00,0.00,,,2018,,,12/31/2022,99.48534056
SDE+ 2018 I - Geothermal,Completed,Netherlands,Europe,Renewables_Other,,Auction,Pay_As_Bid,Contract_For_Difference_One_Way,15.00,0.00,EUR,Fixed,,37.00,43.65,,,,,Geothermal,Unknown,0.00,65.01,65.01,100%,#N/A,2018,,,12/31/2022,43.64751681
SDE+ 2018 I - Solar PV,Completed,Netherlands,Europe,Solar,,Auction,Pay_As_Bid,Contract_For_Difference_One_Way,15.00,0.00,EUR,Fixed,,82.94,97.84,,,,,PV,Unknown,0.00,939.85,939.85,100%,#N/A,2018,,,12/31/2022,97.8396599
SDE+ 2018 I - Onshore Wind,Completed,Netherlands,Europe,Wind,,Auction,Pay_As_Bid,Contract_For_Difference_One_Way,15.00,0.00,EUR,Fixed,,42.85,50.54,,,,,Onshore wind,Unknown,0.00,67.04,67.04,100%,#N/A,2018,,,12/31/2022,50.54298392
SDE+ 2018 II - Bioenergy (includes Biomass),Completed,Netherlands,Europe,Biomass_And_Waste,,Auction,Pay_As_Bid,Contract_For_Difference_One_Way,12.00,0.00,EUR,Fixed,,33.64,39.68,,,,,Biomass,Unknown,0.00,120.33,120.33,100%,#N/A,2018,,,12/31/2022,39.67945449
SDE+ 2018 II - Hydro,Completed,Netherlands,Europe,Hydro,,Auction,Pay_As_Bid,Contract_For_Difference_One_Way,15.00,0.00,EUR,Fixed,,80.82,95.33,,,,,Run of river,Unknown,0.00,0.00,0.00,,,2018,,,12/31/2022,95.33445016
SDE+ 2018 II - Solar PV,Completed,Netherlands,Europe,Solar,,Auction,Pay_As_Bid,Contract_For_Difference_One_Way,15.00,0.00,EUR,Fixed,,77.76,91.73,,,,,PV,Unknown,0.00,2323.98,2323.98,100%,#N/A,2018,,,12/31/2022,91.73014516
SDE+ 2018 II - Onshore Wind,Completed,Netherlands,Europe,Wind,,Auction,Pay_As_Bid,Contract_For_Difference_One_Way,15.00,0.00,EUR,Fixed,,46.42,54.76,,,,,Onshore wind,Unknown,0.00,766.16,766.16,100%,#N/A,2018,,,12/31/2022,54.76159608
SDE+ 2019 I - Bioenergy (includes Biomass),Completed,Netherlands,Europe,Biomass_And_Waste,,Auction,Pay_As_Bid,Contract_For_Difference_One_Way,12.00,0.00,EUR,Fixed,,41.87,49.40,,,,,Biomass,Unknown,0.00,225.52,225.52,100%,#N/A,2018,,,12/31/2023,49.3971251
SDE+ Tender Monomest 2017 - Bioenergy (includes Biomass),Completed,Netherlands,Europe,Biomass_And_Waste,,Auction,Pay_As_Bid,Contract_For_Difference_One_Way,12.00,0.00,EUR,Fixed,,84.40,99.57,,,,,Biomass,Unknown,0.00,20.40,20.40,100%,#N/A,2018,,,12/31/2021,99.56905759
Borselle V,Completed,Netherlands,Europe,Wind,,Project_Tender,Unknown,Contract_For_Difference_One_Way,15.00,0.00,EUR,Fixed,,54.49,60.98,,0.00,20.00,,Offshore wind,Unknown,0.00,19.50,19.50,100%,98%,2019,,,6/30/2021,60.98489088
SDE+ 2019 I - Hydro,Completed,Netherlands,Europe,Hydro,,Auction,Pay_As_Bid,Contract_For_Difference_One_Way,15.00,0.00,EUR,Fixed,,97.95,109.62,,,,,Run of river,Unknown,0.00,2.49,2.49,100%,#N/A,2019,,,12/31/2023,109.6230108
SDE+ 2019 I - Geothermal,Completed,Netherlands,Europe,Renewables_Other,,Auction,Pay_As_Bid,Contract_For_Difference_One_Way,15.00,0.00,EUR,Fixed,,39.00,43.65,,,,,Geothermal,Unknown,0.00,68.65,68.65,100%,#N/A,2019,,,12/31/2023,43.64857303
SDE+ 2019 I - Solar PV,Completed,Netherlands,Europe,Solar,,Auction,Pay_As_Bid,Contract_For_Difference_One_Way,15.00,0.00,EUR,Fixed,,70.48,78.88,,,,,PV,Unknown,0.00,2022.78,2022.78,100%,#N/A,2019,,,12/31/2023,78.88222009
SDE+ 2019 I - Onshore Wind,Completed,Netherlands,Europe,Wind,,Auction,Pay_As_Bid,Contract_For_Difference_One_Way,15.00,0.00,EUR,Fixed,,40.74,45.59,,,,,Onshore wind,Unknown,0.00,138.60,138.60,100%,#N/A,2019,,,12/31/2023,45.59369738
SDE+ 2019 II - Bioenergy (includes Biomass),Completed,Netherlands,Europe,Biomass_And_Waste,,Auction,Pay_As_Bid,Contract_For_Difference_One_Way,12.00,0.00,EUR,Fixed,,44.54,49.85,,,,,Biomass,Unknown,0.00,288.38,288.38,100%,#N/A,2019,,,12/31/2023,49.85208958
SDE+ 2019 II - Geothermal,Completed,Netherlands,Europe,Renewables_Other,,Auction,Pay_As_Bid,Contract_For_Difference_One_Way,15.00,0.00,EUR,Fixed,,39.00,43.65,,,,,Geothermal,Unknown,0.00,277.51,277.51,100%,#N/A,2019,,,12/31/2023,43.64857303
SDE+ 2019 II - Solar PV,Completed,Netherlands,Europe,Solar,,Auction,Pay_As_Bid,Contract_For_Difference_One_Way,15.00,0.00,EUR,Fixed,,62.25,69.67,,,,,PV,Unknown,0.00,1913.91,1913.91,100%,#N/A,2019,,,12/31/2023,69.67100005
SDE+ 2019 II - Onshore Wind,Completed,Netherlands,Europe,Wind,,Auction,Pay_As_Bid,Contract_For_Difference_One_Way,15.00,0.00,EUR,Fixed,,39.32,44.00,,,,,Onshore wind,Unknown,0.00,600.55,600.55,100%,#N/A,2019,,,12/31/2023,44.00211217
SDE+ 2020 I - Bioenergy (includes Biomass),Completed,Netherlands,Europe,Biomass_And_Waste,,Auction,Pay_As_Bid,Contract_For_Difference_One_Way,12.00,0.00,EUR,Fixed,,46.22,51.73,,,,,Biomass,Unknown,0.00,225.27,225.27,100%,#N/A,2019,,,12/31/2024,51.72764779
SDE+ Innovatietender Wind op zee 2018 - Offshore Wind,Completed,Netherlands,Europe,Wind,,Auction,Pay_As_Bid,Unknown,15.00,0.00,EUR,Fixed,,41.94,47.82,,,,,Offshore wind,Unknown,0.00,19.00,19.00,100%,#N/A,2020,,,12/31/2022,47.82041028
SDE++ 2020 II Bioenergy (Includes Biomass),Completed,Netherlands,Europe,Biomass_And_Waste,,Auction,Pay_As_Bid,Contract_For_Difference_One_Way,12.00,0.00,EUR,Fixed,,39.80,45.38,,,,,Biomass,Unknown,,72.20,72.20,100%,#N/A,2020,,,12/31/2024,45.37680994
SDE++ 2020 II Solar PV,Completed,Netherlands,Europe,Solar,,Auction,Pay_As_Bid,Contract_For_Difference_One_Way,15.00,0.00,EUR,Fixed,,46.24,52.71,,,,,PV,Unknown,,2656.90,2656.90,100%,#N/A,2020,,,12/31/2024,52.71356059
SDE++ 2020 II Onshore wind,Completed,Netherlands,Europe,Wind,,Auction,Pay_As_Bid,Contract_For_Difference_One_Way,15.00,0.00,EUR,Fixed,,17.50,19.95,,,,,Onshore wind,Unknown,,93.30,93.30,100%,#N/A,2020,,,12/31/2024,19.95211492
SDE+ 2020 I - Hydro,Completed,Netherlands,Europe,Hydro,,Auction,Pay_As_Bid,Contract_For_Difference_One_Way,15.00,0.00,EUR,Fixed,,73.92,84.28,,,,,Run of river,Unknown,0.00,0.00,0.00,,,2020,,,12/31/2024,84.27650088
SDE+ 2020 I - Geothermal,Completed,Netherlands,Europe,Renewables_Other,,Auction,Pay_As_Bid,Contract_For_Difference_One_Way,15.00,0.00,EUR,Fixed,,27.00,30.78,,,,,Geothermal,Unknown,0.00,100.72,100.72,100%,#N/A,2020,,,12/31/2024,30.78326303
SDE+ 2020 I - Solar PV,Completed,Netherlands,Europe,Solar,,Auction,Pay_As_Bid,Contract_For_Difference_One_Way,15.00,0.00,EUR,Fixed,,43.82,49.96,,,,,PV,Unknown,0.00,3399.22,3399.22,100%,#N/A,2020,,,12/31/2024,49.95611905
SDE+ 2020 I - Onshore Wind,Completed,Netherlands,Europe,Wind,,Auction,Pay_As_Bid,Contract_For_Difference_One_Way,15.00,0.00,EUR,Fixed,,24.12,27.50,,,,,Onshore wind,Unknown,0.00,116.10,116.10,100%,#N/A,2020,,,12/31/2024,27.50456328
SDE++ 2021 Bioenergy (Includes Biomass),Completed,Netherlands,Europe,Biomass_And_Waste,,Auction,Pay_As_Bid,Contract_For_Difference_One_Way,12.00,0.00,EUR,Fixed,Results were released in 2022,40.82,42.91,,,,,Biomass,Unknown,,136.07,136.07,100%,#N/A,2022,,,12/31/2025,42.90519235
SDE++ 2021 Solar PV,Completed,Netherlands,Europe,Solar,,Auction,Pay_As_Bid,Contract_For_Difference_One_Way,15.00,0.00,EUR,Fixed,,46.17,48.53,,,,,PV,Unknown,,3742.03,3742.03,100%,#N/A,2022,,,12/31/2025,48.53089753
SDE++ 2021 Onshore wind,Completed,Netherlands,Europe,Wind,,Auction,Pay_As_Bid,Contract_For_Difference_One_Way,15.00,0.00,EUR,Fixed,,39.92,41.96,,,,,Onshore wind,Unknown,,127.10,127.10,100%,#N/A,2022,,,12/31/2025,41.95921799
SDE++ 2022 Biomass,Completed,Netherlands,Europe,Biomass_And_Waste,Standalone,Auction,Pay_As_Bid,Contract_For_Difference_One_Way,15.00,0.00,EUR,Fixed,,,,,,,,Biomass,Group of technologies,,159.56,159.56,100%,#N/A,2023,2022,6/28/2022,5/17/2026,
SDE++ 2022 Solar thermal,Completed,Netherlands,Europe,Solar,Standalone,Auction,Pay_As_Bid,Contract_For_Difference_One_Way,15.00,0.00,EUR,Fixed,,,,,,,,Solar thermal,Group of technologies,,9.90,9.90,100%,#N/A,2023,2022,6/28/2022,5/17/2026,
SDE++ 2022 Solar PV,Completed,Netherlands,Europe,Solar,Standalone,Auction,Pay_As_Bid,Contract_For_Difference_One_Way,15.00,0.00,EUR,Fixed,Results were released in 2023,,,,,,,PV,Group of technologies,,1913.00,1913.00,100%,#N/A,2023,2022,6/28/2022,5/17/2026,
SDE++ 2022 Onshore wind,Completed,Netherlands,Europe,Wind,Standalone,Auction,Pay_As_Bid,Contract_For_Difference_One_Way,15.00,0.00,EUR,Fixed,,,,,,,,Onshore wind,Group of technologies,,39.00,39.00,100%,#N/A,2023,2022,6/28/2022,5/17/2026,
SDE++ 2023 Solar PV,Completed,Netherlands,Europe,Solar,Standalone,Auction,Pay_As_Bid,Contract_For_Difference_One_Way,15.00,0.00,EUR,Fixed,,,,,,,,PV,Group of technologies,,3128.00,3128.00,100%,#N/A,2024,2023,9/5/2023,6/30/2028,
SDE++ 2023 Onshore wind,Completed,Netherlands,Europe,Wind,Standalone,Auction,Pay_As_Bid,Contract_For_Difference_One_Way,15.00,0.00,EUR,Fixed,,,,,,,,Onshore wind,Group of technologies,,411.00,411.00,100%,#N/A,2024,2023,9/5/2023,6/30/2028,
SDE++ 2023 Biomass,Completed,Netherlands,Europe,Biomass_And_Waste,Standalone,Auction,Pay_As_Bid,Contract_For_Difference_One_Way,12.00,0.00,EUR,Fixed,,,,,,,,Biomass,Group of technologies,,6.96,6.96,100%,#N/A,2024,2023,9/5/2023,6/30/2028,
Hollandse Kust West Wind Sites VI and VII,Completed,Netherlands,Europe,Wind,,Project_Tender,Unknown,Merchant,,0.00,EUR,Fixed,,0.00,,,1400.00,1520.00,,Offshore wind,Technology specific,0.00,1516.00,1516.00,100%,100%,2022,2021,5/12/2022,12/31/2026,#N/A
Ijmuiden Ver - sites Alpha and Beta,Completed,Netherlands,Europe,Wind,,Project_Tender,Pay_As_Bid,Merchant,,0.00,EUR,Fixed,,0.00,,,4000.00,4000.00,,Offshore wind,Technology specific,,4000.00,4000.00,100%,100%,2024,2023,4/29/2024,12/31/2029,#N/A
Netherlands Offshore Wind (Ten noorden van de Waddeneilanden),Announced,Netherlands,Europe,Wind,Unknown,Project_Tender,Unknown,Merchant,,0.00,EUR,Fixed,Wind-to-hydrogen project combining a 700MW wind farm and a 500MW electrolyzer ,,,,700.00,700.00,,Offshore wind,Technology specific,,,,,,2027,,,,
"Netherlands Offshore Wind (Ijmuiden Ver Gamma A, Ijmuiden Ver Gamma B, Nederwiek IA)",Announced,Netherlands,Europe,Wind,Unknown,Project_Tender,Unknown,Merchant,,0.00,EUR,Fixed,,,,,3000.00,3000.00,,Offshore wind,Technology specific,,,,,,2025,2024,,,
"Netherlands Offshore Wind (Nederwiek I-B, Nederwiek II, Nederwiek III)",Announced,Netherlands,Europe,Wind,Unknown,Project_Tender,Unknown,Merchant,,,EUR,Unknown,,,,,5000.00,5000.00,,Offshore wind,Technology specific,,,,,,2026,2024,,,
"Netherlands Offshore Wind (DDWWS I, DDWWFS II)",Announced,Netherlands,Europe,Wind,Unknown,Project_Tender,Unknown,Merchant,,,EUR,Unknown,,,,,4000.00,4000.00,,Offshore wind,Technology specific,,,,,,2027,,,,
Sorlige Nordsjo II Offshore Wind Tender,Completed,Norway,Europe,Wind,Standalone,Project_Tender,Unknown,Contract_For_Difference_One_Way,15.00,0.00,NOK,Indexed,,1150.00,106.92,,0.00,1500.00,,Offshore wind,Technology specific,,1500.00,1500.00,100%,100%,2024,2021,3/18/2024,12/21/2030,106.9160755
Utsira Nord Floating Offshore Wind Tender,Delayed,Norway,Europe,Wind,Standalone,Project_Tender,Unknown,Unknown,15.00,0.00,NOK,Unknown,The Norwegian Ministry of Oil and Energy is preparing to tender areas where floating wind farms of up to 3500 MW will be installed. The first area eligible for bidding is Utsira Nord on the shores of Rogaland with a capacity of 500 MW to 1500 MW. ,,,,0.00,1500.00,,Floating offshore wind,Technology specific,,,,,,2025,2019,,,
Sorlige Nordsjo II Phase 2 Offshore Wind Tender,Announced,Norway,Europe,Wind,Unknown,Project_Tender,Unknown,Contract_For_Difference_One_Way,15.00,0.00,NOK,Unknown,,,,,0.00,1500.00,,Offshore wind,Technology specific,,,,,,2027,2021,,,
1st Auction Results Solar Small-scale AZ /3/2016,Completed,Poland,Europe,Solar,,Auction,Pay_As_Bid,Unknown,20.00,0.00,USD,Indexed,"Ordinary Auction No. AZ / 3/2016, joined by electricity producers in new RES installations  with a total installed electrical capacity of no more than 1 MW. Art 78 point 8 of RES act 2015 (updated in 2022): solar plants must commission within 24 months, onshore wind within 33 months",353.78,353.78,,,,,PV,Technology specific,1567288.82,100.00,100.00,100%,#N/A,2016,,,,353.7794927
1st Auction Results Biogas Ordinary Auction No. AZ / 1/2016 - 7 successfully submitted bids;,Completed,Poland,Europe,Clean_Fuels,,Auction,Pay_As_Bid,Unknown,20.00,0.00,USD,Indexed,The first auction was for existing agricultural biogas plants with an installed electrical capacity of no more than 1 MW,503.69,503.69,,0.00,8000.00,2113887,Biogas,Technology specific,824629.00,10.00,10.00,100%,0%,2017,,,,503.6910686
1st Auction Results Small Hydro AZ / 2/2017,Completed,Poland,Europe,Hydro,,Auction,Pay_As_Bid,Unknown,20.00,0.00,USD,Indexed,energy from existing hydropower plants with a capacity of up to 1 MW,371.05,371.05,,,,,Run of river,Group of technologies,312441.33,10.00,10.00,100%,#N/A,2017,,,,371.0522752
2nd Auction Results Solar Small-scale AZ / 1/2017,Completed,Poland,Europe,Solar,,Auction,Pay_As_Bid,Unknown,20.00,0.00,USD,Indexed,"Auctions award generation, capacity is estimated. Assuming 50/50 solar and wind split",372.83,372.83,,,,,PV,Group of technologies,2360480.91,160.00,160.00,100%,#N/A,2017,,,,372.8312064
2nd Auction Results Wind Small-scale AZ / 1/2017,Completed,Poland,Europe,Wind,,Auction,Pay_As_Bid,Unknown,20.00,0.00,USD,Indexed,"Auctions award generation, capacity is estimated. Assuming 50/50 solar and wind split",372.83,372.83,,,,,Onshore wind,Technology specific,2360480.91,60.00,60.00,100%,#N/A,2017,,,,372.8312064
Poland Biomass/Biogas Auction 2018,Completed,Poland,Europe,Biomass_And_Waste,,Auction,Pay_As_Bid,Contract_For_Difference_Two_Way,20.00,0.00,PLN,Indexed,"Auctions award generation, capacity is estimated",397.95,110.13,,,,,Biomass,Group of technologies,975000.00,9.00,9.00,100%,#N/A,2018,,,,110.134425
Poland 2018 small hydro and geothermal auction „AZ/12/2018”,Completed,Poland,Europe,Hydro,,Auction,Pay_As_Bid,Unknown,15.00,0.00,PLN,Indexed,"Auctions award generation, capacity is estimated",464.48,128.55,,,,,Run of river,Group of technologies,815750.08,10.00,10.00,100%,#N/A,2018,,,,128.5484772
Poland 2018 Technology Neutral Auction  „AZ/6/2018”,Completed,Poland,Europe,Renewables_Other,,Auction,Pay_As_Bid,Contract_For_Difference_Two_Way,15.00,0.00,PLN,Indexed,"Auctions award generation, capacity is estimated",208.23,57.63,,,,,Unknown technology,Group of technologies,39563070.05,1162.00,1162.00,100%,#N/A,2018,,,5/5/2021,57.62986743
Poland Small-scale Renewables Auction 2018,Completed,Poland,Europe,Renewables_Other,,Auction,Pay_As_Bid,Unknown,15.00,0.00,PLN,Indexed,"Auctions award generation, capacity is estimated",352.34,97.51,,,,,Unknown technology,Group of technologies,8169917.02,450.00,450.00,100%,#N/A,2018,,,,97.51088803
Poland 2019 Biomass/Biogas auction „AZ/7/2019”,Completed,Poland,Europe,Biomass_And_Waste,,Auction,Pay_As_Bid,Contract_For_Difference_Two_Way,15.00,0.00,PLN,Indexed,"Auctions award generation, capacity is estimated",400.00,104.20,,,,,Biomass,Group of technologies,975000.00,12.00,12.00,100%,#N/A,2019,,,,104.1965146
Poland 2019 Technology Neutral Auction „AZ/6/2019”,Completed,Poland,Europe,Renewables_Other,,Auction,Pay_As_Bid,Contract_For_Difference_Two_Way,15.00,0.00,PLN,Indexed,"Auctions award generation, capacity is estimated",193.57,50.42,,0.00,8000.00,,Unknown technology,Group of technologies,83837229.72,3500.00,3500.00,100%,44%,2019,,,,50.4228552
Poland Small-scale Renewables Auction 2019 „AZ/9/2019”,Completed,Poland,Europe,Renewables_Other,,Auction,Pay_As_Bid,Unknown,15.00,0.00,PLN,Indexed,"Auctions award generation, capacity is estimated",328.37,85.54,,,,,Unknown technology,Group of technologies,11064766.59,700.00,700.00,100%,#N/A,2019,,,,85.53704987
Poland Biomass/Biogas Auction 2020 AZ/2/2020”,Completed,Poland,Europe,Biomass_And_Waste,,Auction,Pay_As_Bid,Contract_For_Difference_Two_Way,15.00,0.00,PLN,Indexed,"Auctions award generation, capacity is estimated",300.12,77.02,,,,,Biomass,Group of technologies,410605.60,10.00,10.00,100%,#N/A,2020,,,,77.01696261
Poland 2020 Large-scale Solar and Wind Auction „AZ/7/2020”,Completed,Poland,Europe,Renewables_Other,,Auction,Pay_As_Bid,Contract_For_Difference_Two_Way,15.00,0.00,PLN,Indexed,"Auctions award generation, capacity is estimated",224.24,57.54,,0.00,8000.00,,Unknown technology,Group of technologies,41939088799.00,1700.00,1700.00,100%,21%,2020,,,,57.54465202
Poland Small-scale Renewables Auction 2020 „AZ/8/2020”,Completed,Poland,Europe,Renewables_Other,,Auction,Pay_As_Bid,Unknown,15.00,0.00,PLN,Indexed,"Auctions award generation, capacity is estimated",275.66,70.74,,,,,Unknown technology,Group of technologies,10973009.21,750.00,750.00,100%,#N/A,2020,,,,70.73943656
Poland Offshore Wind Act Phase 1,Completed,Poland,Europe,Wind,,Auction,Pay_As_Clear,Contract_For_Difference_Two_Way,25.00,0.00,PLN,Indexed,Offshore wind contracts awarded to capacity,319.60,82.73,,0.00,5900.00,,Offshore wind,Technology specific,0.00,5900.00,5900.00,100%,100%,2021,,,12/31/2030,82.73362671
Poland Biomass/Biogas Auction 2021 „AZ/3/2021”,Completed,Poland,Europe,Biomass_And_Waste,,Auction,Pay_As_Bid,Contract_For_Difference_Two_Way,15.00,0.00,PLN,Indexed,"Auctions award generation, capacity is estimated",371.75,96.23,,,,,Biomass,Group of technologies,217900.00,5.00,5.00,100%,#N/A,2021,,,,96.23226889
Poland 2021 Large-scale Solar and Wind Auction „AZ/12/2021” ,Completed,Poland,Europe,Renewables_Other,,Auction,Pay_As_Bid,Contract_For_Difference_Two_Way,15.00,0.00,PLN,Indexed,"Auctions award generation, capacity is estimated",246.25,63.75,,,,,Unknown technology,Group of technologies,11032791.65,1000.00,1000.00,100%,#N/A,2021,,,,63.7462172
"Poland Small Hydro/Geothermal Auction 2021  ""AZ / 13/2021""",Completed,Poland,Europe,Hydro,,Auction,Pay_As_Bid,Contract_For_Difference_Two_Way,15.00,0.00,PLN,Indexed,"Art 78 point 8 of RES act 2015 (updated in 2022): solar plants must commission within 24 months, onshore wind within 33 months, otherwise min 42 months. Auctions award generation, capacity is estimated, Auction AZ / 13/2021, dedicated to hydropower plants , installations using bioliquids and installations using geothermal energy, with an installed electrical capacity of no more than 1 MW, has traditionally been of interest only to producers generating electricity in installations using hydropower. Three manufacturers joined it by submitting five bids. As part of the basket, 143 GWh of energy worth PLN 70.2 million was allocated for the purchase. As a result of the auction, 76.5 GWh of electricity (53% of the total amount intended for sale) was sold as part of four offers submitted by three producers, with a total value of nearly PLN 49 million (70% of the value of energy intended for sale).",671.78,173.90,,,,,Run of river,Group of technologies,72850.00,2.00,2.00,100%,#N/A,2021,,,,173.9003385
Poland 2021 Large-scale Solar and Wind Auction „AZ/7/2021”,Completed,Poland,Europe,Renewables_Other,,Auction,Pay_As_Bid,Contract_For_Difference_Two_Way,15.00,0.00,PLN,Indexed,"Auctions award generation, capacity is estimated",229.20,59.33,,,,,Unknown technology,Group of technologies,24687409.91,1500.00,1500.00,100%,#N/A,2021,,,,59.33292999
Poland Small-scale Renewables Auction „AZ/11/2021” ,Completed,Poland,Europe,Renewables_Other,,Auction,Pay_As_Bid,Contract_For_Difference_Two_Way,15.00,0.00,PLN,Indexed,"Auctions award generation, capacity is estimated",246.25,63.75,,,,,Unknown technology,Group of technologies,2749819.40,300.00,300.00,100%,#N/A,2021,,,12/1/2023,63.74631116
Poland Small-scale Renewables Auction „AZ/8/2021”,Completed,Poland,Europe,Renewables_Other,,Auction,Pay_As_Bid,Contract_For_Difference_Two_Way,15.00,0.00,PLN,Indexed,"Auctions award generation, capacity is estimated",231.00,59.80,,,,,Unknown technology,Group of technologies,"11 949 598,377",1000.00,1000.00,100%,#N/A,2021,,,8/1/2024,59.79808439
"Poland  Biomass/Biogas Auction 2022 ""AZ/7/2022""",Cancelled,Poland,Europe,Biomass_And_Waste,,Auction,Pay_As_Bid,Contract_For_Difference_Two_Way,15.00,0.00,PLN,Indexed,"ordinary auction for the sale of electricity from renewable energy sources marked
in the announcement of November 7, 2022 as:
""AZ/7/2022"" carried out on December 16, 2022, remains unresolved, due to failure to submit the required number of tenders meeting the specified requirements in the act on renewable energy sources.",0.00,,,,,,Biomass,Group of technologies,0.00,0.00,,,,2022,,,,#N/A
"Poland small-scale hydro and geothermal auction ""AZ/3/2022""",Cancelled,Poland,Europe,Clean_Fuels,,Auction,Pay_As_Bid,Contract_For_Difference_Two_Way,15.00,0.00,PLN,Indexed,"""AZ/3/2022""
carried out on December 12, 2022,
remains unresolved,
due to failure to submit the required number of tenders meeting the requirements specified
in the act on renewable energy sources",0.00,,,,,,Biogas,Group of technologies,0.00,0.00,0.00,,,2022,,,,#N/A
"Poland Large-scale biogas Auction 2022 ""AZ/5/2022""",Cancelled,Poland,Europe,Clean_Fuels,,Auction,Pay_As_Bid,Contract_For_Difference_Two_Way,15.00,0.00,PLN,Indexed,"""AZ/5/2022"" carried out on December 14, 2022, remains unresolved, due to failure to submit the required number of tenders meeting the requirements specified in the act on renewable energy sources.",0.00,,,,,585266.07,Biogas,Group of technologies,0.00,0.00,0.00,,,2022,,,,#N/A
"Poland Biomass/Biogass/Waste to Energy Auction 2022 ""AZ/6/2022""",Cancelled,Poland,Europe,Clean_Fuels,,Auction,Pay_As_Bid,Contract_For_Difference_Two_Way,15.00,0.00,PLN,Indexed,"""AZ/6/2022"" carried out on December 15, 2022, remains unresolved, due to failure to submit the required number of tenders meeting the requirements specified in the act on renewable energy sources.",0.00,,,0.00,0.00,1110000,Biogas,Technology specific,0.00,0.00,0.00,,,2022,,,,#N/A
"Poland Large-Scale Hydro/Geothermal Auction 2022 ""AZ/4/2022""",Completed,Poland,Europe,Hydro,,Auction,Pay_As_Bid,Contract_For_Difference_Two_Way,15.00,0.00,PLN,Indexed,"Art 78 point 8 of RES act 2015 (updated in 2022): solar plants must commission within 24 months, onshore wind within 33 months, otherwise min 42 months. Auctions award generation, capacity is estimated,",630.43,141.36,,0.00,0.00,,Run of river,Group of technologies,460000.00,14.00,14.00,100%,#N/A,2022,,12/13/2022,12/31/2025,141.362599
"Poland Large-Scale Solar and Wind ""AZ/2/2022"" (solar winners)",Completed,Poland,Europe,Solar,,Auction,Pay_As_Bid,Contract_For_Difference_Two_Way,15.00,0.00,PLN,Indexed,"Assumed 70% of target solar, 30% wind based on announced solar capacity and 12% capacity factor. AZ/2/2022 mainly PV winners, but a few wind farms as well. Total allocated energy of 6,400,524 Mwh over 15 years",269.50,60.43,,0.00,0.00,7875000,PV,Group of technologies,4480366.80,336.00,336.00,100%,#N/A,2022,,,,60.43092462
"Poland Large-Scale Solar and Wind ""AZ/2/2022"" (onshore wind winners)",Completed,Poland,Europe,Wind,,Auction,Pay_As_Bid,Contract_For_Difference_Two_Way,15.00,0.00,PLN,Indexed,"Note! URE announced 240MW of wind but makes no sense -- energy only enough for max 100MW assuming low capacity factor of 25%. Assumed 70% of target solar, 30% wind based on announced solar capacity and 12% capacity factor. AZ/2/2022 mainly PV winners, but a few wind farms as well. Total allocated energy of 6,400,524 Mwh over 15 years",269.50,60.43,,0.00,0.00,3375000,Onshore wind,Group of technologies,1920157.20,245.00,245.00,100%,#N/A,2022,,,,60.43092462
"Poland Small-Scale Solar and Wind Auction ""AZ/1/2022"" (only solar winners)",Completed,Poland,Europe,Solar,,Auction,Pay_As_Bid,Contract_For_Difference_Two_Way,15.00,0.00,PLN,Indexed,Only solar PV winners in small-scale category,,,,,,11250000,PV,Group of technologies,1593047.38,150.00,150.00,100%,#N/A,2022,2022,,,
Poland wind and solar auctions 2023 - nearly all won by solar,Completed,Poland,Europe,Wind,,Auction,Pay_As_Bid,Power_Purchase_Agreement,15.00,0.00,PLN,Indexed,Poland wind and solar auctions 2023 - nearly all won by solar,325.00,77.39,,,1118.00,,Onshore wind,Group of technologies,,24.50,618.00,2522%,2%,2023,2023,1/7/2023,1/7/2025,77.38647999
Poland wind and solar auctions 2023 - nearly all won by solar,Completed,Poland,Europe,Solar,,Auction,Pay_As_Bid,Power_Purchase_Agreement,15.00,0.00,PLN,Indexed,Poland wind and solar auctions 2023 - nearly all won by solar,325.00,77.39,,,1118.00,,PV,Group of technologies,,593.40,618.00,104%,53%,2023,2023,1/7/2023,1/7/2025,77.38647999
Poland wind and solar auctions 2024 - large,Completed,Poland,Europe,Solar,,Auction,Pay_As_Bid,Power_Purchase_Agreement,15.00,0.00,PLN,Indexed,Tech neutral,316.77,79.58,,,,44600000,PV,Group of technologies,16000000.00,1481.00,2136.67,144%,#N/A,2024,,12/1/2024,1/1/2025,79.58450025
Poland wind and solar auctions 2024 - large,Completed,Poland,Europe,Wind,,Auction,Pay_As_Bid,Power_Purchase_Agreement,15.00,0.00,PLN,Indexed,Tech neutral,316.77,79.58,,,,44600000,Onshore wind,Group of technologies,16000000.00,90.80,2136.67,2353%,#N/A,2024,,12/1/2024,1/1/2025,79.58450025
Poland wind and solar auctions 2024 - small,Completed,Poland,Europe,Solar,,Auction,Pay_As_Bid,Power_Purchase_Agreement,15.00,0.00,PLN,Indexed,,,,,,,,PV,Group of technologies,,,,,,,,,,
Poland wind and solar auctions 2024 - small,Completed,Poland,Europe,Wind,,Auction,Pay_As_Bid,Power_Purchase_Agreement,15.00,0.00,PLN,Indexed,,,,,,,0,Onshore wind,Group of technologies,,0.00,,,,,,,,
Poland solar auction 2017,Completed,Poland,Europe,Solar,,Auction,Pay_As_Bid,Power_Purchase_Agreement,15.00,0.00,PLN,Indexed,,380.00,100.65,,,,,PV,Technology specific,,349.00,,0%,#N/A,2017,,,,100.6489207
Poland onshore wind auction 2017,Completed,Poland,Europe,Wind,,Auction,Pay_As_Bid,Power_Purchase_Agreement,15.00,0.00,PLN,Indexed,,380.00,100.65,,,,,Onshore wind,Technology specific,,67.00,,0%,#N/A,2017,,,,100.6489207
Poland solar auction 2018,Completed,Poland,Europe,Solar,,Auction,Pay_As_Bid,Power_Purchase_Agreement,15.00,0.00,PLN,Indexed,,252.67,69.93,,,,,PV,Technology specific,,700.00,,0%,#N/A,2018,,,,69.92750094
Poland onshore wind auction 2018,Completed,Poland,Europe,Wind,,Auction,Pay_As_Bid,Power_Purchase_Agreement,15.00,0.00,PLN,Indexed,,252.67,69.93,,,,,Onshore wind,Technology specific,,1150.00,,0%,#N/A,2018,,,,69.92750094
Poland solar auction 2019,Completed,Poland,Europe,Solar,,Auction,Pay_As_Bid,Power_Purchase_Agreement,15.00,0.00,PLN,Indexed,,226.87,59.10,,,,,PV,Technology specific,,550.00,,0%,#N/A,2019,,,,59.09824343
Poland onshore wind auction 2019,Completed,Poland,Europe,Wind,,Auction,Pay_As_Bid,Power_Purchase_Agreement,15.00,0.00,PLN,Indexed,,226.87,59.10,,,,,Onshore wind,Technology specific,,2230.00,,0%,#N/A,2019,,,,59.09824343
Poland solar auction 2020,Completed,Poland,Europe,Solar,,Auction,Pay_As_Bid,Power_Purchase_Agreement,15.00,0.00,PLN,Indexed,,236.70,60.74,,,,,PV,Technology specific,,1515.00,,0%,#N/A,2020,,,,60.74144111
Poland onshore wind auction 2020,Completed,Poland,Europe,Wind,,Auction,Pay_As_Bid,Power_Purchase_Agreement,15.00,0.00,PLN,Indexed,,231.23,59.34,,,,,Onshore wind,Technology specific,,938.00,,0%,#N/A,2020,,,,59.3372245
Poland solar auction 2021,Completed,Poland,Europe,Solar,,Auction,Pay_As_Bid,Power_Purchase_Agreement,15.00,0.00,PLN,Indexed,,231.23,59.86,,,,,PV,Technology specific,,3000.00,,0%,#N/A,2021,,,,59.85640602
Poland onshore wind auction 2021,Completed,Poland,Europe,Wind,,Auction,Pay_As_Bid,Power_Purchase_Agreement,15.00,0.00,PLN,Indexed,,,,,,,,Onshore wind,Technology specific,,780.00,,0%,#N/A,2021,,,,
Poland Offshore Wind Act Phase 2 2025,Announced,Poland,Europe,Wind,Standalone,Auction,Unknown,Contract_For_Difference_Two_Way,25.00,0.00,PLN,Indexed,,,,,0.00,4000.00,,Offshore wind,Technology specific,,,,,,2025,2023,,,
Poland Offshore Wind Act Phase 2 2027,Announced,Poland,Europe,Wind,Standalone,Auction,Unknown,Contract_For_Difference_Two_Way,25.00,0.00,PLN,Indexed,,,,,,4000.00,,Offshore wind,Technology specific,,,,,,2027,2023,,,
Poland Offshore Wind Act Phase 2 2029,Announced,Poland,Europe,Wind,Standalone,Auction,Unknown,Contract_For_Difference_Two_Way,25.00,0.00,PLN,Indexed,,,,,,2000.00,,Offshore wind,Technology specific,,,,,,2029,2023,,,
Poland Offshore Wind Act Phase 2 2031,Announced,Poland,Europe,Wind,Standalone,Auction,Unknown,Contract_For_Difference_Two_Way,25.00,0.00,PLN,Indexed,,,,,,2000.00,,Offshore wind,Technology specific,,,,,,2031,2023,,,
Portugal PV Round 1,Completed,Portugal,Europe,Solar,,Project_Tender,Pay_As_Bid,Hybrid,15.00,0.00,EUR,Indexed,"Portugal's government passed decree 72/2022 (of October 19, 2022) allowing for the prices of winning solar bids in the past auctions to be inflation-linked. According to the original rules of the auction rounds held in 2019, 2020 and 2021, developers had to commit to a fixed, non-inflation-adjusted price contract over a 15-year period, amongst other remuneration options. The government will also allow projects to sell all of the electricity generated during their first year of operations at the wholesale power price, which in 2022 averaged 180 euros per MWh. ",23.01,25.75,,0.00,1400.00,,PV,Technology specific,0.00,1150.00,1150.00,100%,82%,2019,2019,,6/30/2022,25.75265809
Portugal PV Round 2,Completed,Portugal,Europe,Solar,,Project_Tender,Pay_As_Bid,Hybrid,15.00,0.00,EUR,Indexed,"Portugal's government passed decree 72/2022 (of October 19, 2022) allowing for the prices of winning solar bids in the past auctions to be inflation-linked. According to the original rules of the auction rounds held in 2019, 2020 and 2021, developers had to commit to a fixed, non-inflation-adjusted price contract over a 15-year period, amongst other remuneration options. The government will also allow projects to sell all of the electricity generated during their first year of operations at the wholesale power price, which in 2022 averaged 180 euros per MWh. ",11.14,12.70,,,,,PV,Technology specific,0.00,197.00,197.00,100%,#N/A,2020,2019,6/8/2020,6/30/2024,12.7009463
Portugal PV Round 2 (PV Plus Storage),Completed,Portugal,Europe,Solar,,Project_Tender,Pay_As_Bid,Hybrid,15.00,0.00,EUR,Indexed,"Portugal's government passed decree 72/2022 (of October 19, 2022) allowing for the prices of winning solar bids in the past auctions to be inflation-linked. According to the original rules of the auction rounds held in 2019, 2020 and 2021, developers had to commit to a fixed, non-inflation-adjusted price contract over a 15-year period, amongst other remuneration options. The government will also allow projects to sell all of the electricity generated during their first year of operations at the wholesale power price, which in 2022 averaged 180 euros per MWh. ",,,,,,,PV,Technology specific,0.00,483.00,483.00,100%,#N/A,2020,2019,6/8/2020,,
Portugal Pego Coal Plant Co-located Grid Connection Tender - Solar,Completed,Portugal,Europe,Co_Located,Unknown,Project_Tender,Pay_As_Bid,Merchant,,0.00,EUR,Unknown,Portugal launched a tender to allow for new units (renewable tech only) to replace the capacity of the last coal plant of the country (at the grid connection of the Pego coal plant) which has now been decommissioned. The tender offers 224MW capacity at the grid connection point; and the winning bids from Endesa's proposal includes 365MW of solar combined with 264MW of wind (surplus) which will be managed with both energy storage and hydrogen production. This translates into a 67% availability factor of production throughout the year.,,,,,325.00,,Solar and wind and storage,Co-location,,365.00,1544.00,423%,112%,2022,2021,9/17/2021,,
Portugal Pego Coal Plant Co-located Grid Connection Tender - Wind,Completed,Portugal,Europe,Co_Located,Unknown,Project_Tender,Pay_As_Bid,Merchant,,0.00,EUR,Unknown,Portugal launched a tender to allow for new units (renewable tech only) to replace the capacity of the last coal plant of the country (at the grid connection of the Pego coal plant) which has now been decommissioned. The tender offers 224MW capacity at the grid connection point; and the winning bids from Endesa's proposal includes 365MW of solar combined with 264MW of wind (surplus) which will be managed with both energy storage and hydrogen production. This translates into a 67% availability factor of production throughout the year.,,,,,485.00,,Solar and wind and storage,Co-location,,264.00,1544.00,585%,54%,2022,2021,9/17/2021,,
Portugal PV Round 3 (Floating PV),Completed,Portugal,Europe,Solar,,Project_Tender,Pay_As_Bid,Hybrid,15.00,0.00,EUR,Indexed,"Portugal's government passed decree 72/2022 (of October 19, 2022) allowing for the prices of winning solar bids in the past auctions to be inflation-linked. According to the original rules of the auction rounds held in 2019, 2020 and 2021, developers had to commit to a fixed, non-inflation-adjusted price contract over a 15-year period, amongst other remuneration options. The government will also allow projects to sell all of the electricity generated during their first year of operations at the wholesale power price, which in 2022 averaged 180 euros per MWh. ",10.34,10.87,,0.00,263.00,,PV,Technology specific,,183.00,183.00,100%,70%,2022,2021,,6/30/2024,10.86819424
Portugal Floating Offshore Wind Tender,Delayed,Portugal,Europe,Wind,,Auction,Unknown,Unknown,,0.00,EUR,Unknown,Announcement from the Ministry of Environment about the upcoming offshore wind tender published in June but there is no clarity yet on the dates and subsidy mechanism.,,,,,3500.00,,Offshore wind,Technology specific,,,,,,2023,2023,,,
Romania Capex Support Tender,Delayed,Romania,Europe,Renewables_Other,,Auction,Unknown,Capex_Support,,0.00,EUR,Unknown, 458 million euros new projects grants to be awarded over April and May 2022. ,,,,0.00,1000.00,,Unknown technology,Unknown,,,,,,2023,2022,,,
Solar Contracts for Difference 2,Announced,Romania,Europe,Solar,,Auction,Pay_As_Bid,Contract_For_Difference_Two_Way,15.00,0.00,EUR,Indexed,"The strike price will be indexed every three years but only if the Eurozone Consumer Price Index at that time is higher by 10% or more compared to the CPI index applicable at the date of signing the CfD contract or the date of the last applied indexation. The first indexation will not take place earlier than 2027.
",,,,,2000.00,,PV,Technology specific,,,,,,2025,2023,,8/31/2028,
Onshore Wind Contracts for Difference 2,Announced,Romania,Europe,Wind,,Auction,Pay_As_Bid,Contract_For_Difference_Two_Way,15.00,0.00,EUR,Indexed,"The strike price will be indexed every three years but only if the Eurozone Consumer Price Index at that time is higher by 10% or more compared to the CPI index applicable at the date of signing the CfD contract or the date of the last applied indexation. The first indexation will not take place earlier than 2027.
",,,,,1500.00,,Onshore wind,Technology specific,,,,,,2025,2023,,8/31/2028,
Solar Contracts for Difference 1,Completed,Romania,Europe,Solar,,Auction,Pay_As_Bid,Contract_For_Difference_Two_Way,15.00,0.00,EUR,Indexed,"The strike price will be indexed every three years but only if the Eurozone Consumer Price Index at that time is higher by 10% or more compared to the CPI index applicable at the date of signing the CfD contract or the date of the last applied indexation. The first indexation will not take place earlier than 2027.
",51.00,55.16,,0.00,500.00,,PV,Technology specific,,432.00,1062.00,246%,86%,2024,2023,9/10/2024,8/31/2027,55.16495403
Onshore Wind Contracts for Difference 1,Completed,Romania,Europe,Wind,,Auction,Pay_As_Bid,Contract_For_Difference_Two_Way,15.00,0.00,EUR,Indexed,"The strike price will be indexed every three years but only if the Eurozone Consumer Price Index at that time is higher by 10% or more compared to the CPI index applicable at the date of signing the CfD contract or the date of the last applied indexation. The first indexation will not take place earlier than 2027.
",65.00,70.31,,0.00,1000.00,,Onshore wind,Technology specific,,1100.00,1200.00,109%,110%,2024,2023,9/10/2024,8/31/2027,70.30827474
Serbia Wind Auction 2023,Completed,Serbia,Europe,Wind,,Auction,Pay_As_Clear,Contract_For_Difference_Two_Way,15.00,0.00,EUR,Indexed,Awarded bid price is indexed annually to Eurozone inflation (source: email from the Serbian energy ministry),68.21,73.76,,0.00,400.00,,Onshore wind,Technology specific,,400.00,519.10,130%,100%,2023,2022,6/14/2023,,73.75648789
Serbia Wind Auction 2024,Completed,Serbia,Europe,Wind,,Auction,Pay_As_Clear,Contract_For_Difference_Two_Way,15.00,0.00,EUR,Indexed,Awarded bid price is indexed annually to Eurozone inflation (source: email from the Serbian energy ministry),62.19,66.84,,0.00,300.00,,Onshore wind,Technology specific,,300.00,458.13,153%,100%,2025,2022,11/28/2024,,66.8422184
Serbia Wind Auction 2025,Announced,Serbia,Europe,Wind,,Auction,Pay_As_Clear,Contract_For_Difference_Two_Way,15.00,0.00,EUR,Indexed,Awarded bid price is indexed annually to Eurozone inflation (source: email from the Serbian energy ministry),,,,,,,Onshore wind,Technology specific,,,,,,2025,2022,,,
Serbia Solar Auction 2023,Completed,Serbia,Europe,Solar,,Auction,Pay_As_Bid,Contract_For_Difference_Two_Way,15.00,0.00,EUR,Indexed,Awarded bid price is indexed annually to Eurozone inflation (source: email from the Serbian energy ministry). Price in column AE is weighted average price of all winning bids.,89.56,96.84,,0.00,50.00,,PV,Technology specific,,25.20,25.20,100%,50%,2023,2022,6/14/2023,,96.84256055
Serbia Solar Auction 2024,Announced,Serbia,Europe,Solar,,Auction,Pay_As_Bid,Contract_For_Difference_Two_Way,15.00,0.00,EUR,Indexed,Awarded bid price is indexed annually to Eurozone inflation (source: email from the Serbian energy ministry),,,,0.00,124.80,,PV,Technology specific,,,,,,2025,2022,11/28/2024,,
Serbia Solar Auction 2025,Announced,Serbia,Europe,Solar,,Auction,Pay_As_Bid,Contract_For_Difference_Two_Way,15.00,0.00,EUR,Indexed,Awarded bid price is indexed annually to Eurozone inflation (source: email from the Serbian energy ministry),,,,,,,PV,Technology specific,,,,,,2025,2022,,,
Slovakia Renewables Tender Round 1 ,Cancelled,Slovakia,Europe,Renewables_Other,,Auction,Unknown,Fixed_Feed_In_Premium,15.00,0.00,EUR,,Canclled in 2020 due to covid-19. No update since,,,,,30.00,,Unknown technology,Unknown,,,,,,2020,2020,,,
Slovenia Mixed Renewables Round 1,Completed,Slovenia,Europe,Renewables_Other,,Auction,Unknown,Unknown,,0.00,EUR,Unknown,,,,,,,,Unknown technology,Unknown,,61.36,61.36,100%,#N/A,2017,,,,
Slovenia Mixed Renewables Round 2,Completed,Slovenia,Europe,Renewables_Other,,Auction,Unknown,Unknown,,0.00,EUR,Unknown,,,,,,,,Unknown technology,Unknown,,98.03,98.03,100%,#N/A,2017,,,,
Slovenia Mixed Renewables Round 3,Completed,Slovenia,Europe,Renewables_Other,,Auction,Unknown,Unknown,,0.00,EUR,Unknown,41 winning projects,80.30,94.73,,,,,Unknown technology,Unknown,,128.43,128.43,100%,#N/A,2018,,,,94.7269081
Slovenia Mixed Renewables Round 4,Completed,Slovenia,Europe,Renewables_Other,,Auction,Unknown,Unknown,,0.00,EUR,Unknown,,94.48,105.74,,,,,Unknown technology,Unknown,,10.40,10.40,100%,#N/A,2019,,,,105.7414661
Slovenia Mixed Renewables Round 5,Completed,Slovenia,Europe,Renewables_Other,,Auction,Unknown,Unknown,,0.00,EUR,Unknown,,99.98,111.90,,,,,Unknown technology,Unknown,,26.70,26.70,100%,#N/A,2019,,,,111.8970341
Slovenia Mixed Renewables Round 6,Completed,Slovenia,Europe,Biomass_And_Waste,,Auction,Unknown,Unknown,,0.00,EUR,Unknown,Biomass,93.06,104.15,,,,,Biomass,Unknown,,1.42,1.42,100%,#N/A,2019,,,,104.1522104
Slovenia Mixed Renewables Round 6,Completed,Slovenia,Europe,Clean_Fuels,,Auction,Unknown,Unknown,,0.00,EUR,Unknown,Biogas,93.06,104.15,,,,,Biogas,Unknown,,0.00,0.00,,,2019,,,,104.1522104
Slovenia Mixed Renewables Round 6,Completed,Slovenia,Europe,Hydro,,Auction,Unknown,Unknown,,0.00,EUR,Unknown,Run_of_river,93.06,104.15,,,,,Run of river,Unknown,,0.35,0.35,100%,#N/A,2019,,,,104.1522104
Slovenia Mixed Renewables Round 6,Completed,Slovenia,Europe,Solar,,Auction,Unknown,Unknown,,0.00,EUR,Unknown,PV,93.06,104.15,,,,,PV,Unknown,,3.30,3.30,100%,#N/A,2019,,,,104.1522104
Slovenia Mixed Renewables Round 6,Completed,Slovenia,Europe,Wind,,Auction,Unknown,Unknown,,0.00,EUR,Unknown,Onshore,93.06,104.15,,,,,Onshore wind,Unknown,,0.00,0.00,,,2019,,,,104.1522104
Slovenia Mixed Renewables Round 7,Completed,Slovenia,Europe,Biomass_And_Waste,,Auction,Unknown,Unknown,,0.00,EUR,Unknown,Note: fossil CHP not included,78.05,88.99,,,3.00,,Biomass,Unknown,,3.00,3.30,110%,100%,2020,,,,88.98643256
Slovenia Mixed Renewables Round 7,Completed,Slovenia,Europe,Clean_Fuels,,Auction,Unknown,Unknown,,0.00,EUR,Unknown,Note: fossil CHP not included,78.05,88.99,,,0.20,,Biogas,Unknown,,0.20,0.20,100%,100%,2020,,,,88.98643256
Slovenia Mixed Renewables Round 7,Completed,Slovenia,Europe,Hydro,,Auction,Unknown,Unknown,,0.00,EUR,Unknown,Note: fossil CHP not included,78.05,88.99,,,1.00,,Run of river,Unknown,,1.00,1.90,190%,100%,2020,,,,88.98643256
Slovenia Mixed Renewables Round 7,Completed,Slovenia,Europe,Solar,,Auction,Unknown,Unknown,,0.00,EUR,Unknown,Note: fossil CHP not included,78.05,88.99,,,10.30,,PV,Unknown,,10.30,12.30,119%,100%,2020,,,,88.98643256
Slovenia Mixed Renewables Round 8,Completed,Slovenia,Europe,Biomass_And_Waste,,Auction,Unknown,Unknown,,0.00,EUR,Unknown,Note: fossil CHP not included,77.42,88.27,,,3.20,,Biomass,Unknown,,3.20,3.20,100%,100%,2020,,,,88.26815642
Slovenia Mixed Renewables Round 8,Completed,Slovenia,Europe,Clean_Fuels,,Auction,Unknown,Unknown,,0.00,EUR,Unknown,Note: fossil CHP not included,77.42,88.27,,,1.00,,Biogas,Unknown,,1.00,1.00,100%,100%,2020,,,,88.26815642
Slovenia Mixed Renewables Round 8,Completed,Slovenia,Europe,Hydro,,Auction,Unknown,Unknown,,0.00,EUR,Unknown,Note: fossil CHP not included,77.42,88.27,,,1.00,,Run of river,Unknown,,0.80,1.00,125%,80%,2020,,,,88.26815642
Slovenia Mixed Renewables Round 8,Completed,Slovenia,Europe,Solar,,Auction,Unknown,Unknown,,0.00,EUR,Unknown,Note: fossil CHP not included,77.42,88.27,,,18.00,,PV,Unknown,,15.00,18.00,120%,83%,2020,,,,88.26815642
Slovenia Mixed Renewables Round 8,Completed,Slovenia,Europe,Wind,,Auction,Unknown,Unknown,,0.00,EUR,Unknown,Note: fossil CHP not included,77.42,88.27,,,77.00,,Onshore wind,Unknown,,77.00,77.00,100%,100%,2020,,,,88.26815642
Slovenia Mixed Renewables Round 9,Completed,Slovenia,Europe,Clean_Fuels,,Auction,Unknown,Unknown,,0.00,EUR,Unknown,Note: fossil CHP not included,55.78,65.94,,,0.40,,Biogas,Unknown,,0.40,0.40,100%,100%,2021,2021,,,65.94160066
Slovenia Mixed Renewables Round 9,Completed,Slovenia,Europe,Hydro,,Auction,Unknown,Unknown,,0.00,EUR,Unknown,Note: fossil CHP not included,55.78,65.94,,,0.10,,Run of river,Unknown,,0.10,0.10,100%,100%,2021,2021,,,65.94160066
Slovenia Mixed Renewables Round 9,Completed,Slovenia,Europe,Solar,,Auction,Unknown,Unknown,,0.00,EUR,Unknown,Note: fossil CHP not included,55.78,65.94,,,11.40,,PV,Unknown,,9.60,11.40,119%,84%,2021,2021,,,65.94160066
Slovenia RES and CHP Support Scheme Tender Round 10,Completed,Slovenia,Europe,Renewables_Other,,Project_Tender,Unknown,Unknown,,0.00,EUR,Unknown,,,,,,,,Unknown technology,Unknown,,,,,,2022,2021,12/1/2021,,
Slovenia RES and CHP Support Scheme Tender Round 11,Completed,Slovenia,Europe,Biomass_And_Waste,,Project_Tender,Unknown,Unknown,,0.00,EUR,Unknown,,,,,,,,Biomass,Unknown,,0.14,0.55,393%,#N/A,2022,2022,10/1/2022,,
Slovenia RES and CHP Support Scheme Tender Round 11,Completed,Slovenia,Europe,Clean_Fuels,,Project_Tender,Unknown,Unknown,,0.00,EUR,Unknown,,,,,,,,Biogas,Unknown,,0.00,0.27,#N/A,#N/A,2022,2022,10/1/2022,,
Slovenia RES and CHP Support Scheme Tender Round 11,Completed,Slovenia,Europe,Hydro,,Project_Tender,Unknown,Unknown,,0.00,EUR,Unknown,,51.00,53.61,,,,,Run of river,Unknown,,0.11,0.28,247%,#N/A,2022,2022,10/1/2022,,53.60521337
Slovenia RES and CHP Support Scheme Tender Round 11,Completed,Slovenia,Europe,Solar,,Project_Tender,Unknown,Unknown,,0.00,EUR,Unknown,,75.47,79.33,,,,,PV,Unknown,,11.87,12.60,106%,#N/A,2022,2022,10/1/2022,,79.32520496
Slovenia RES and CHP Support Scheme Tender Round 11,Completed,Slovenia,Europe,Wind,,Project_Tender,Unknown,Unknown,,0.00,EUR,Unknown,,,,,,,,Onshore wind,Unknown,,0.00,0.00,,,2022,2022,10/1/2022,,
First Round 2016 - Biomass,Completed,Spain,Europe,Biomass_And_Waste,,Auction,Pay_As_Bid,Merchant,10.00,0.00,EUR,Fixed,Market tariff,,,,,,,Biomass,Unknown,0.00,200.00,200.00,100%,#N/A,2016,2016,,3/28/2020,
First Round 2016 - Onshore Wind,Completed,Spain,Europe,Wind,,Auction,Pay_As_Bid,Merchant,10.00,0.00,EUR,Unknown,Market tariff,,,,,,,Onshore wind,Unknown,0.00,500.00,500.00,100%,#N/A,2016,2016,,3/28/2020,
Second Round 2017 (Renewables Auction),Completed,Spain,Europe,Renewables_Other,,Auction,Pay_As_Bid,Contract_For_Difference_Two_Way,25.00,0.00,EUR,Indexed,Remuneration parameters - https://www.boe.es/diario_boe/txt.php?id=BOE-A-2017-3880,43.00,48.49,,0.00,3000.00,,Unknown technology,Unknown,0.00,3000.00,3000.00,100%,100%,2017,2016,,3/31/2020,48.48894903
Second Round 2017 (Renewables Auction) - PV,Completed,Spain,Europe,Solar,,Auction,Pay_As_Bid,Unknown,25.00,0.00,EUR,Indexed,"Spain's auction system offer participants to bid a per cent reduction off the country's regulated investment return policy. The policy provides that projects will have their return level guaranteed at ""300 basis points above the yield on 10-year government bonds over the last ten years"", which will amount to around 7.5% pre-tax for the period 2014-19.  Remuneration parameters - https://www.boe.es/diario_boe/txt.php?id=BOE-A-2017-3880",43.00,48.49,,0.00,3000.00,,PV,Unknown,0.00,1.01,1.01,100%,0%,2017,2016,,3/31/2020,48.48894903
Second Round 2017 (Renewables Auction) - Wind,Completed,Spain,Europe,Wind,,Auction,Pay_As_Bid,Unknown,25.00,0.00,EUR,Indexed,"Spain's auction system offer participants to bid a per cent reduction off the country's regulated investment return policy. The policy provides that projects will have their return level guaranteed at ""300 basis points above the yield on 10-year government bonds over the last ten years"", which will amount to around 7.5% pre-tax for the period 2014-19. ",43.00,48.49,,0.00,3000.00,,Onshore wind,Unknown,0.00,2979.65,2979.65,100%,99%,2017,2016,,3/31/2020,48.48894903
Third Round 2017 (Renewables Auction),Completed,Spain,Europe,Renewables_Other,,Auction,Pay_As_Bid,Contract_For_Difference_Two_Way,25.00,0.00,EUR,Indexed,Remuneration parameters - https://www.boe.es/diario_boe/txt.php?id=BOE-A-2017-3880,25.40,28.64,,0.00,3000.00,,Unknown technology,Unknown,0.00,5000.00,5000.00,100%,167%,2017,2017,,3/31/2020,28.64230943
Third Round 2017 (Renewables Auction) - PV,Completed,Spain,Europe,Solar,,Auction,Pay_As_Bid,Unknown,25.00,0.00,EUR,Indexed,"Spain's auction system offer participants to bid a per cent reduction off the country's regulated investment return policy. The policy provides that projects will have their return level guaranteed at ""300 basis points above the yield on 10-year government bonds over the last ten years"", which will amount to around 7.5% pre-tax for the period 2014-19.  Remuneration parameters - https://www.boe.es/diario_boe/txt.php?id=BOE-A-2017-3880",25.40,28.64,,0.00,3000.00,,PV,Unknown,0.00,4009.00,4009.00,100%,134%,2017,2017,,3/31/2020,28.64230943
Third Round 2017 (Renewables Auction) - Wind,Completed,Spain,Europe,Wind,,Auction,Pay_As_Bid,Unknown,25.00,0.00,EUR,Indexed,"Spain's auction system offer participants to bid a per cent reduction off the country's regulated investment return policy. The policy provides that projects will have their return level guaranteed at ""300 basis points above the yield on 10-year government bonds over the last ten years"", which will amount to around 7.5% pre-tax for the period 2014-19. ",25.40,28.64,,0.00,3000.00,,Onshore wind,Unknown,0.00,1127.82,1127.82,100%,38%,2017,2017,,3/31/2020,28.64230943
Round 1 2021 (REER) PV,Completed,Spain,Europe,Solar,,Auction,Pay_As_Bid,Contract_For_Difference_Two_Way,12.00,0.00,EUR,Fixed,,24.47,28.93,,1000.00,1000.00,,PV,Unknown,0.00,2036.00,2036.00,100%,204%,2021,2020,,2/28/2023,28.92776924
Round 1 2021 (REER) Wind,Completed,Spain,Europe,Wind,,Auction,Pay_As_Bid,Contract_For_Difference_Two_Way,12.00,0.00,EUR,Fixed,,25.31,29.92,,1000.00,1000.00,,Onshore wind,Unknown,0.00,998.00,998.00,100%,100%,2021,2020,,2/29/2024,29.92079442
Round 2 2021 (REER) PV,Completed,Spain,Europe,Solar,,Auction,Pay_As_Bid,Contract_For_Difference_Two_Way,12.00,0.00,EUR,Fixed,,31.65,37.42,,1700.00,1700.00,,PV,Unknown,0.00,865.70,865.70,100%,51%,2021,2020,,6/30/2023,37.41577019
Round 2 2021 (REER) Wind,Completed,Spain,Europe,Wind,,Auction,Pay_As_Bid,Contract_For_Difference_Two_Way,12.00,0.00,EUR,Fixed,,30.23,35.74,,1500.00,1500.00,,Onshore wind,Unknown,0.00,2258.00,2258.00,100%,151%,2021,2020,,6/30/2024,35.73708476
Round 3 2022 (REER) Distributed PV,Completed,Spain,Europe,Solar,,Auction,Pay_As_Bid,Contract_For_Difference_Two_Way,12.00,0.00,EUR,Fixed,"The round will assign up to 220MW to solar thermal, 140MW to small-scale distributed solar, 140MW to biomass, and 20MW to other renewable energy technologies",,,,140.00,140.00,,PV,Unknown,,31.00,31.00,100%,22%,2022,2020,10/25/2022,,
Round 3 2022 (REER) Biomass,Completed,Spain,Europe,Biomass_And_Waste,,Auction,Pay_As_Bid,Contract_For_Difference_Two_Way,12.00,0.00,EUR,Fixed,,,,,140.00,148.40,,Biomass,Unknown,,146.00,146.00,100%,98%,2022,2020,10/25/2022,,
Round 3 2022 (REER) Solar Thermal Electricity Generation (STEG),Completed,Spain,Europe,Solar,,Auction,Pay_As_Bid,Contract_For_Difference_Two_Way,12.00,0.00,EUR,Fixed,"The round will assign up to 220MW to solar thermal, 140MW to small-scale distributed solar, 140MW to biomass, and 20MW to other renewable energy technologies",,,,220.00,220.00,,Solar thermal,Unknown,,0.00,0.00,,,2022,2020,10/25/2022,,
Round 4 2022 (REER) PV,Completed,Spain,Europe,Solar,,Auction,Pay_As_Bid,Contract_For_Difference_Two_Way,12.00,0.00,EUR,Fixed,,,,,1800.00,1908.00,,PV,Unknown,,0.00,0.00,,,2022,2020,11/22/2022,,
Round 4 2022 (REER) Wind,Completed,Spain,Europe,Wind,,Auction,Pay_As_Bid,Contract_For_Difference_Two_Way,12.00,0.00,EUR,Fixed,,42.78,44.97,,,1500.00,,Onshore wind,Unknown,,45.50,45.50,100%,3%,2022,2020,11/22/2022,,44.96531427
Round 5 2023 (REER) Biomass,Delayed,Spain,Europe,Biomass_And_Waste,,Auction,Pay_As_Bid,Contract_For_Difference_Two_Way,12.00,0.00,EUR,Fixed,,,,,120.00,127.20,,Biomass,Unknown,,,,,,2023,2020,,,
Round 5 2023 (REER) PV,Delayed,Spain,Europe,Solar,,Auction,Pay_As_Bid,Contract_For_Difference_Two_Way,12.00,0.00,EUR,Fixed,,,,,1800.00,1908.00,,PV,Unknown,,,,,,2023,2020,,,
Round 5 2023 (REER) Solar Thermal,Delayed,Spain,Europe,Solar,,Auction,Pay_As_Bid,Contract_For_Difference_Two_Way,12.00,0.00,EUR,Fixed,,,,,200.00,212.00,,Solar thermal,Unknown,,,,,,2023,2020,,,
Round 5 2023 (REER) Wind,Delayed,Spain,Europe,Wind,,Auction,Pay_As_Bid,Contract_For_Difference_Two_Way,12.00,0.00,EUR,Fixed,,,,,1500.00,1590.00,,Onshore wind,Unknown,,,,,,2023,2020,,,
Round 6 2024 (REER) PV,Delayed,Spain,Europe,Solar,,Auction,Pay_As_Bid,Contract_For_Difference_Two_Way,12.00,0.00,EUR,Fixed,,,,,1800.00,1908.00,,PV,Unknown,,,,,,2023,2020,,,
Round 6 2024 (REER) Wind,Delayed,Spain,Europe,Wind,,Auction,Pay_As_Bid,Contract_For_Difference_Two_Way,12.00,0.00,EUR,Fixed,,,,,1500.00,1590.00,,Onshore wind,Unknown,,,,,,2023,2020,,,
Round 7 2025 (REER) Biomass,Delayed,Spain,Europe,Biomass_And_Waste,,Auction,Pay_As_Bid,Contract_For_Difference_Two_Way,12.00,0.00,EUR,Fixed,,,,,120.00,127.20,,Biomass,Unknown,,,,,,2023,2020,,,
Round 7 2025 (REER) PV,Delayed,Spain,Europe,Solar,,Auction,Pay_As_Bid,Contract_For_Difference_Two_Way,12.00,0.00,EUR,Fixed,,,,,1500.00,1590.00,,PV,Unknown,,,,,,2023,2020,,,
Round 7 2025 (REER) Solar Thermal,Delayed,Spain,Europe,Solar,,Auction,Pay_As_Bid,Contract_For_Difference_Two_Way,12.00,0.00,EUR,Fixed,,,,,600.00,636.00,,Solar thermal,Unknown,,,,,,2023,2020,,,
Round 7 2025 (REER) Wind,Delayed,Spain,Europe,Wind,,Auction,Pay_As_Bid,Contract_For_Difference_Two_Way,12.00,0.00,EUR,Fixed,,,,,1500.00,1590.00,,Onshore wind,Unknown,,,,,,2023,2020,,,
Ukraine Solar Auction Round 1,Announced,Ukraine,Europe,Solar,,Auction,Unknown,Unknown,15.00,0.00,UAH,Unknown,"Ukraine's parliament has registered a bill proposing amendments to laws to introduce competitive auctions. As part of this, mandatory auctions for solar capacity over 10MW has been proposed.  The process has been delayed and no quota has been agreed upon. Auctions are to be held until 2029 in two rounds per year, ending in May and October, respectively, but dates for the first rounds have still not been set.",,,,0.00,50.00,,PV,Unknown,,,,,,,2018,,,
Ukraine Wind Auction Round 1,Cancelled,Ukraine,Europe,Wind,,Auction,Unknown,Unknown,15.00,0.00,UAH,Unknown,"Ukraine's parliament has registered a bill proposing amendments to particular laws to introduce competitive auctions. As part of this, mandatory auctions for wind capacity over 20MW has been proposed, but no quota has been agreed upon and the process has been significantly delayed. Auctions will be held until 2029 in two rounds per year, ending in May and October, respectively.",,,,0.00,50.00,,Onshore wind,Unknown,,,,,,,2018,,,
Ukraine Solar Auction Round 2,Announced,Ukraine,Europe,Solar,,Auction,Unknown,Unknown,15.00,0.00,UAH,Unknown,"Ukraine's parliament has registered a bill proposing amendments to laws to introduce competitive auctions. As part of this, mandatory auctions for solar capacity over 10MW has been proposed.  The process has been delayed and no quota has been agreed upon. Auctions are to be held until 2029 in two rounds per year, ending in May and October, respectively, but dates for the first rounds have still not been set.",,,,0.00,55.00,,PV,Unknown,,,,,,,2018,,,
Ukraine Wind Auction Round 2,Cancelled,Ukraine,Europe,Wind,,Auction,Unknown,Unknown,15.00,0.00,UAH,Unknown,"Ukraine's parliament has registered a bill proposing amendments to particular laws to introduce competitive auctions. As part of this, mandatory auctions for wind capacity over 20MW has been proposed, but no quota has been agreed upon and the process has been significantly delayed. Auctions will be held until 2029 in two rounds per year, ending in May and October, respectively.",,,,0.00,100.00,,Onshore wind,Unknown,,,,,,,2018,,,
Ukraine Solar Auction Round 3,Announced,Ukraine,Europe,Solar,,Auction,Unknown,Unknown,15.00,0.00,UAH,Unknown,"Ukraine's parliament has registered a bill proposing amendments to laws to introduce competitive auctions. As part of this, mandatory auctions for solar capacity over 10MW has been proposed.  The process has been delayed and no quota has been agreed upon. Auctions are to be held until 2029 in two rounds per year, ending in May and October, respectively, but dates for the first rounds have still not been set.",,,,0.00,50.00,,PV,Unknown,,,,,,,2018,,,
Ukraine Pilot Auction,Announced,Ukraine,Europe,Renewables_Other,,Auction,Unknown,Unknown,15.00,0.00,UAH,Unknown,"As part of Ukraine's renewables legislation, competitive auctions were to kick off with a pilot round to be held in 4Q 2019, or 1Q 2020. Ongoing renegotiations around the feed-in tariff and political issues have delayed the implementation process. It is unlikely a pilot round will be held before 2021.",,,,0.00,0.00,,Unknown technology,Unknown,,,,,,,2018,,,
Ukraine Renewables Auction Round 1,Announced,Ukraine,Europe,Renewables_Other,,Auction,Unknown,Unknown,15.00,0.00,UAH,Unknown,"Ukraine's parliament has registered a bill proposing amendments to laws to introduce competitive auctions. As part of this, mandatory auctions for solar capacity over 10MW has been proposed.  The process has been delayed and no quota has been agreed upon. Auctions are to be held until 2029 in two rounds per year, ending in May and October, respectively, but dates for the first rounds have still not been set.",,,,0.00,60.00,,Unknown technology,Unknown,,,,,,,2021,,,
Advanced Conversion Technologies Contracts for Difference 1 2017/18 delivery,Completed,United Kingdom,Europe,Biomass_And_Waste,,Auction,Pay_As_Clear,Contract_For_Difference_Two_Way,15.00,0.00,GBP,Indexed,,119.89,183.21,,,,,Energy from waste,Unknown,0.00,36.00,36.00,100%,#N/A,2015,,,3/31/2018,183.2059902
Advanced Conversion Technologies Contracts for Difference 1 2018/19 delivery,Completed,United Kingdom,Europe,Biomass_And_Waste,,Auction,Pay_As_Clear,Contract_For_Difference_Two_Way,15.00,0.00,GBP,Indexed,,114.39,174.80,,,,,Energy from waste,Unknown,0.00,26.00,26.00,100%,#N/A,2015,,,3/31/2019,174.8013447
Energy from waste Contracts for Difference 1 2018/19 delivery,Completed,United Kingdom,Europe,Biomass_And_Waste,,Auction,Pay_As_Clear,Contract_For_Difference_Two_Way,15.00,0.00,GBP,Indexed,,80.00,122.25,,,,,Energy from waste,Unknown,0.00,94.75,94.75,100%,#N/A,2015,,,3/31/2019,122.2493888
Solar PV Contracts for Difference 1 2016/17 delivery,Completed,United Kingdom,Europe,Solar,,Auction,Pay_As_Clear,Contract_For_Difference_Two_Way,15.00,0.00,GBP,Indexed,,79.23,121.07,,,,,PV,Unknown,0.00,38.67,38.67,100%,#N/A,2015,,,3/31/2017,121.0727384
Offshore Wind Contracts for Difference 1 2017/18 delivery,Completed,United Kingdom,Europe,Wind,,Auction,Pay_As_Clear,Contract_For_Difference_Two_Way,15.00,0.00,GBP,Indexed,,119.89,183.21,,,,,Offshore wind,Unknown,0.00,714.00,714.00,100%,#N/A,2015,,,3/31/2018,183.2059902
Offshore Wind Contracts for Difference 1 2018/19 delivery,Completed,United Kingdom,Europe,Wind,,Auction,Pay_As_Clear,Contract_For_Difference_Two_Way,15.00,0.00,GBP,Indexed,,114.39,174.80,,,,,Offshore wind,Unknown,0.00,448.00,448.00,100%,#N/A,2015,,,3/31/2019,174.8013447
Onshore Wind Contracts for Difference 1 2016/17 delivery,Completed,United Kingdom,Europe,Wind,,Auction,Pay_As_Clear,Contract_For_Difference_Two_Way,15.00,0.00,GBP,Indexed,,79.23,121.07,,,,,Onshore wind,Unknown,0.00,45.00,45.00,100%,#N/A,2015,,,3/31/2017,121.0727384
Onshore Wind Contracts for Difference 1 2017/18 delivery,Completed,United Kingdom,Europe,Wind,,Auction,Pay_As_Clear,Contract_For_Difference_Two_Way,15.00,0.00,GBP,Indexed,,79.99,122.23,,,,,Onshore wind,Unknown,0.00,77.50,77.50,100%,#N/A,2015,,,3/31/2018,122.2341076
Onshore Wind Contracts for Difference 1 2018/19 delivery,Completed,United Kingdom,Europe,Wind,,Auction,Pay_As_Clear,Contract_For_Difference_Two_Way,15.00,0.00,GBP,Indexed,,82.50,126.07,,,,,Onshore wind,Unknown,0.00,626.05,626.05,100%,#N/A,2015,,,3/31/2019,126.0696822
Advanced Conversion Technologies Contracts for Difference 3 2024/25 delivery,Completed,United Kingdom,Europe,Biomass_And_Waste,,Auction,Pay_As_Clear,Contract_For_Difference_Two_Way,15.00,0.00,GBP,Indexed,,41.61,63.58,,,,,Energy from waste,Unknown,0.00,6.10,6.10,100%,#N/A,2015,,,12/31/2025,63.58496333
Solar PV Contracts for Difference 1 2015/16 delivery,Completed,United Kingdom,Europe,Solar,,Auction,Pay_As_Clear,Contract_For_Difference_Two_Way,15.00,0.00,GBP,Indexed,,50.00,64.39,,,,,PV,Unknown,0.00,32.88,32.88,100%,#N/A,2017,,,3/31/2016,64.39150032
Advanced Conversion Technologies Contracts for Difference 2 2021/22 delivery,Completed,United Kingdom,Europe,Biomass_And_Waste,,Auction,Pay_As_Clear,Contract_For_Difference_Two_Way,15.00,0.00,GBP,Indexed,,74.75,96.27,,,,,Energy from waste,Unknown,0.00,32.16,32.16,100%,#N/A,2017,,,12/12/2022,96.26529298
Energy from waste Contracts for Difference 2 2021/22 delivery,Completed,United Kingdom,Europe,Biomass_And_Waste,,Auction,Pay_As_Clear,Contract_For_Difference_Two_Way,15.00,0.00,GBP,Indexed,,74.75,96.27,,,,,Energy from waste,Unknown,0.00,86.00,86.00,100%,#N/A,2017,,,12/12/2022,96.26529298
Offshore Wind Contracts for Difference 2 2021/22 delivery,Completed,United Kingdom,Europe,Wind,,Auction,Pay_As_Clear,Contract_For_Difference_Two_Way,15.00,0.00,GBP,Indexed,,74.75,96.27,,,,,Offshore wind,Unknown,0.00,860.00,860.00,100%,#N/A,2017,,,12/12/2022,96.26529298
Offshore Wind Contracts for Difference 2 2022/23 delivery,Completed,United Kingdom,Europe,Wind,,Auction,Pay_As_Clear,Contract_For_Difference_Two_Way,15.00,0.00,GBP,Indexed,,57.50,74.05,,,,,Offshore wind,Unknown,0.00,2336.00,2336.00,100%,#N/A,2017,,,12/12/2023,74.05022537
Advanced Conversion Technologies Contracts for Difference 2 2022/23 delivery,Completed,United Kingdom,Europe,Biomass_And_Waste,,Auction,Pay_As_Clear,Contract_For_Difference_Two_Way,15.00,0.00,GBP,Indexed,,40.00,51.04,,,,,Energy from waste,Technology specific,0.00,32.16,32.16,100%,#N/A,2019,,,12/12/2023,51.03993875
Advanced Conversion Technologies Contracts for Difference 3 2023/24 delivery,Completed,United Kingdom,Europe,Biomass_And_Waste,,Auction,Pay_As_Clear,Contract_For_Difference_Two_Way,15.00,0.00,GBP,Indexed,,39.65,50.59,,,,,Energy from waste,Group of technologies,0.00,27.50,27.50,100%,#N/A,2019,,,12/31/2024,50.59333929
Offshore Wind Contracts for Difference 3 2023/24 delivery,Completed,United Kingdom,Europe,Wind,,Auction,Pay_As_Clear,Contract_For_Difference_Two_Way,15.00,0.00,GBP,Indexed,,39.65,50.59,,,,,Offshore wind,Unknown,0.00,2612.00,2612.00,100%,#N/A,2019,,,12/31/2024,50.59333929
Offshore Wind Contracts for Difference 3 2024/25 delivery,Completed,United Kingdom,Europe,Wind,,Auction,Pay_As_Clear,Contract_For_Difference_Two_Way,15.00,0.00,GBP,Indexed,,41.61,53.09,,,,,Offshore wind,Unknown,0.00,2854.00,2854.00,100%,#N/A,2019,,,12/31/2025,53.09429629
Onshore Wind Contracts for Difference 3 2023/24 delivery (remote island),Completed,United Kingdom,Europe,Wind,,Auction,Pay_As_Clear,Contract_For_Difference_Two_Way,15.00,0.00,GBP,Indexed,,39.65,50.59,,,,,Onshore wind,Unknown,0.00,225.72,225.72,100%,#N/A,2019,,,12/31/2024,50.59333929
Onshore Wind Contracts for Difference 3 2024/25 delivery (remote island),Completed,United Kingdom,Europe,Wind,,Auction,Pay_As_Clear,Contract_For_Difference_Two_Way,15.00,0.00,GBP,Indexed,,41.61,53.09,,,,,Onshore wind,Unknown,0.00,49.50,49.50,100%,#N/A,2019,,,12/31/2025,53.09429629
Energy from waste Contracts for Difference 4 2024/25 delivery,Completed,United Kingdom,Europe,Biomass_And_Waste,,Auction,Pay_As_Clear,Contract_For_Difference_Two_Way,15.00,0.00,GBP,Indexed,,45.99,56.66,,,,,Energy from waste,Group of technologies,,30.00,30.00,100%,#N/A,2022,2020,,,56.65886411
Tidal Stream Contracts for Difference 4 2025/26 delivery,Completed,United Kingdom,Europe,Renewables_Other,,Auction,Pay_As_Clear,Contract_For_Difference_Two_Way,15.00,0.00,GBP,Indexed,,178.54,219.96,,,,,Tidal,Group of technologies,,5.62,5.62,100%,#N/A,2022,2020,,,219.9581126
Tidal Stream Contracts for Difference 4 2026/27 delivery,Completed,United Kingdom,Europe,Renewables_Other,,Auction,Pay_As_Clear,Contract_For_Difference_Two_Way,15.00,0.00,GBP,Indexed,,178.54,219.96,,,,,Tidal,Group of technologies,,35.20,35.20,100%,#N/A,2022,2020,,,219.9581126
Solar PV Contracts for Difference 4 2023/24 delivery,Completed,United Kingdom,Europe,Solar,,Auction,Pay_As_Clear,Contract_For_Difference_Two_Way,15.00,0.00,GBP,Indexed,,45.99,56.66,,,,,PV,Group of technologies,,251.38,251.38,100%,#N/A,2022,2020,,,56.65886411
Solar PV Contracts for Difference 4 2024/25 delivery,Completed,United Kingdom,Europe,Solar,,Auction,Pay_As_Clear,Contract_For_Difference_Two_Way,15.00,0.00,GBP,Indexed,,45.99,56.66,,,,,PV,Group of technologies,,1958.03,1958.03,100%,#N/A,2022,2020,,,56.65886411
Floating Offshore Wind Contracts for Difference 4 2026/27 delivery,Completed,United Kingdom,Europe,Wind,,Auction,Pay_As_Clear,Contract_For_Difference_Two_Way,15.00,0.00,GBP,Indexed,,87.30,107.55,,0.00,,,Offshore wind,Group of technologies,,32.00,32.00,100%,#N/A,2022,2020,5/1/2021,,107.5520513
Offshore Wind Contracts for Difference 4 2026/27 delivery,Completed,United Kingdom,Europe,Wind,,Auction,Pay_As_Clear,Contract_For_Difference_Two_Way,15.00,0.00,GBP,Indexed,,37.35,46.01,,,,,Offshore wind,Group of technologies,,6994.34,6994.34,100%,#N/A,2022,2020,,,46.01453739
Onshore Wind Contracts for Difference 4 2023/24 delivery,Completed,United Kingdom,Europe,Wind,,Auction,Pay_As_Clear,Contract_For_Difference_Two_Way,15.00,0.00,GBP,Indexed,,42.47,52.32,,,,,Onshore wind,Group of technologies,,887.96,887.96,100%,#N/A,2022,2020,,,52.32228656
Onshore Wind Contracts for Difference 4 2026/27 delivery (remote island),Completed,United Kingdom,Europe,Wind,,Auction,Pay_As_Clear,Contract_For_Difference_Two_Way,15.00,0.00,GBP,Indexed,,46.39,57.15,,,,,Onshore wind,Group of technologies,,597.60,597.60,100%,#N/A,2022,2020,,,57.15165702
Offshore Wind Contracts for Difference 5 2027/28 delivery,Completed,United Kingdom,Europe,Wind,,Auction,Pay_As_Clear,Contract_For_Difference_Two_Way,15.00,0.00,GBP,Indexed,No bids for offshore wind were received ,,,,,,,Offshore wind,Technology specific,,0.00,0.00,,,2023,2022,3/30/2023,3/31/2028,
Offshore Wind Contracts for Difference 5 2028/29 delivery,Completed,United Kingdom,Europe,Wind,,Auction,Pay_As_Clear,Contract_For_Difference_Two_Way,15.00,0.00,GBP,Indexed,No bids for offshore wind were received ,,,,,,,Offshore wind,Technology specific,,0.00,0.00,,,2023,2022,3/30/2023,3/31/2029,
Offshore Wind Contracts for Difference 5 2029/30 delivery,Completed,United Kingdom,Europe,Wind,,Auction,Pay_As_Clear,Contract_For_Difference_Two_Way,15.00,0.00,GBP,Indexed,No bids for offshore wind were received ,,,,,,,Offshore wind,Technology specific,,0.00,0.00,,,2023,2022,3/30/2023,3/31/2030,
Onshore Wind Contracts for Difference 5 2027/28 delivery (remote island),Completed,United Kingdom,Europe,Wind,,Auction,Pay_As_Clear,Contract_For_Difference_Two_Way,15.00,0.00,GBP,Indexed,,52.29,65.01,,,,,Onshore wind,Group of technologies,,224.00,,0%,#N/A,2023,,,3/31/2028,65.01305483
Onshore Wind Contracts for Difference 5 2025/26 delivery,Completed,United Kingdom,Europe,Wind,,Auction,Pay_As_Clear,Contract_For_Difference_Two_Way,15.00,0.00,GBP,Indexed,,52.29,65.01,,,,,Onshore wind,Group of technologies,,31.00,,0%,#N/A,2023,,,3/31/2026,65.01305483
Onshore Wind Contracts for Difference 5 2026/27 delivery,Completed,United Kingdom,Europe,Wind,,Auction,Pay_As_Clear,Contract_For_Difference_Two_Way,15.00,0.00,GBP,Indexed,,52.29,65.01,,,,,Onshore wind,Group of technologies,,204.00,,0%,#N/A,2023,,,3/31/2027,65.01305483
Onshore Wind Contracts for Difference 5 2027/28 delivery,Completed,United Kingdom,Europe,Wind,,Auction,Pay_As_Clear,Contract_For_Difference_Two_Way,15.00,0.00,GBP,Indexed,,52.29,65.01,,,,,Onshore wind,Group of technologies,,1245.00,,0%,#N/A,2023,,,3/31/2028,65.01305483
Solar PV Contracts for Difference 5 2025/26 delivery,Completed,United Kingdom,Europe,Solar,,Auction,Pay_As_Clear,Contract_For_Difference_Two_Way,15.00,0.00,GBP,Indexed,,47.00,58.44,,,,,PV,Group of technologies,,394.00,394.00,100%,#N/A,2023,2022,3/30/2023,3/31/2026,58.435907
Solar PV Contracts for Difference 5 2026/27 delivery,Completed,United Kingdom,Europe,Solar,,Auction,Pay_As_Clear,Contract_For_Difference_Two_Way,15.00,0.00,GBP,Indexed,,47.00,58.44,,,,,PV,Group of technologies,,151.00,151.00,100%,#N/A,2023,2022,3/30/2023,3/31/2027,58.435907
Solar PV Contracts for Difference 5 2027/28 delivery,Completed,United Kingdom,Europe,Solar,,Auction,Pay_As_Clear,Contract_For_Difference_Two_Way,15.00,0.00,GBP,Indexed,,47.00,58.44,,,,,PV,Group of technologies,,1383.00,1383.00,100%,#N/A,2023,2022,3/30/2023,3/31/2028,58.435907
Tidal Stream Contracts for Difference 5 2026/27 delivery,Completed,United Kingdom,Europe,Renewables_Other,,Auction,Pay_As_Clear,Contract_For_Difference_Two_Way,15.00,0.00,GBP,Indexed,,198.00,246.18,,,,,Tidal,Group of technologies,,5.00,5.00,100%,#N/A,2023,2022,3/30/2023,3/31/2027,246.1767997
Tidal Stream Contracts for Difference 5 2027/28 delivery,Completed,United Kingdom,Europe,Renewables_Other,,Auction,Pay_As_Clear,Contract_For_Difference_Two_Way,15.00,0.00,GBP,Indexed,,198.00,246.18,,,,,Tidal,Group of technologies,,49.00,49.00,100%,#N/A,2023,2022,3/30/2023,3/31/2028,246.1767997
Geothermal Contracts for Difference 5 2026/27 delivery,Completed,United Kingdom,Europe,Renewables_Other,,Auction,Pay_As_Clear,Contract_For_Difference_Two_Way,15.00,0.00,GBP,Indexed,,119.00,147.95,,,,,Geothermal,Group of technologies,,7.00,7.00,100%,#N/A,2023,2022,3/30/2023,3/31/2027,147.9547433
Geothermal Contracts for Difference 5 2027/28 delivery,Completed,United Kingdom,Europe,Renewables_Other,,Auction,Pay_As_Clear,Contract_For_Difference_Two_Way,15.00,0.00,GBP,Indexed,,119.00,147.95,,,,,Geothermal,Group of technologies,,5.00,5.00,100%,#N/A,2023,2022,3/30/2023,3/31/2028,147.9547433
Offshore Wind Contracts for Difference 6 2028/29 delivery,Completed,United Kingdom,Europe,Wind,,Auction,Pay_As_Clear,Contract_For_Difference_Two_Way,15.00,0.00,GBP,Indexed,,54.23,69.29,,,,,Offshore wind,Technology specific,,1579.00,,#N/A,#N/A,2024,2022,3/27/2024,,69.29465883
Offshore Wind Contracts for Difference 6 2027/28 delivery,Completed,United Kingdom,Europe,Wind,,Auction,Pay_As_Clear,Contract_For_Difference_Two_Way,15.00,0.00,GBP,Indexed,,58.87,75.22,,,,,Offshore wind,Technology specific,,3363.00,4942.00,147%,#N/A,2024,2022,3/27/2024,3/31/2029,75.2236136
Onshore Wind Contracts for Difference 6 2026/27 delivery,Completed,United Kingdom,Europe,Wind,,Auction,Pay_As_Clear,Contract_For_Difference_Two_Way,15.00,0.00,GBP,Indexed,,50.90,65.04,,,,,Onshore wind,Group of technologies,,273.00,273.00,100%,#N/A,2024,2022,3/27/2024,,65.03961155
Onshore Wind Contracts for Difference 6 2027/28 delivery,Completed,United Kingdom,Europe,Wind,,Auction,Pay_As_Clear,Contract_For_Difference_Two_Way,15.00,0.00,GBP,Indexed,,50.90,65.04,,,,,Onshore wind,Group of technologies,,718.00,718.00,100%,#N/A,2024,2022,3/27/2024,,65.03961155
Onshore Wind Contracts for Difference 6 2028/29 delivery,Completed,United Kingdom,Europe,Wind,,Auction,Pay_As_Clear,Contract_For_Difference_Two_Way,15.00,0.00,GBP,Indexed,,,,,,,,Onshore wind,Group of technologies,,,,,,2024,2022,3/27/2024,,
Floating Offshore Wind Contracts for Difference 6 2028/29 delivery,Completed,United Kingdom,Europe,Wind,,Auction,Pay_As_Clear,Contract_For_Difference_Two_Way,15.00,0.00,GBP,Indexed,,139.40,178.12,,,,,Floating offshore wind,Group of technologies,,400.00,400.00,100%,#N/A,2024,2022,3/27/2024,3/31/2029,178.1242014
Solar PV Contracts for Difference 6 2026/27 delivery,Completed,United Kingdom,Europe,Solar,,Auction,Pay_As_Clear,Contract_For_Difference_Two_Way,15.00,0.00,GBP,Indexed,,50.07,63.98,,,,,PV,Group of technologies,,1092.00,1092.00,100%,#N/A,2024,2022,3/27/2024,3/31/2027,63.97904421
Solar PV Contracts for Difference 6 2027/28 delivery,Completed,United Kingdom,Europe,Solar,,Auction,Pay_As_Clear,Contract_For_Difference_Two_Way,15.00,0.00,GBP,Indexed,,50.07,63.98,,,,,PV,Group of technologies,,2197.00,2197.00,100%,#N/A,2024,2022,3/27/2024,3/31/2028,63.97904421
Tidal Stream Contracts for Difference 6 2027/28 delivery,Completed,United Kingdom,Europe,Renewables_Other,,Auction,Pay_As_Clear,Contract_For_Difference_Two_Way,15.00,0.00,GBP,Indexed,,172.00,219.78,,,,,Tidal,Group of technologies,,10.00,10.00,100%,#N/A,2024,2022,3/28/2024,3/31/2028,219.7802198
Tidal Stream Contracts for Difference 6 2028/29 delivery,Completed,United Kingdom,Europe,Renewables_Other,,Auction,Pay_As_Clear,Contract_For_Difference_Two_Way,15.00,0.00,GBP,Indexed,,172.00,219.78,,,,,Tidal,Group of technologies,,18.00,18.00,100%,#N/A,2024,2022,3/29/2024,3/31/2029,219.7802198
80MW Karnataka,Completed,India,India,Solar,,Auction,Pay_As_Bid,Power_Purchase_Agreement,25.00,0.00,INR,Unknown,,8880.91,166.05,,0.00,80.00,,PV,Unknown,0.00,80.00,80.00,100%,100%,2012,,,,166.0482704
UPNEDA 500MW Solar,Completed,India,India,Solar,,Auction,Pay_As_Bid,Power_Purchase_Agreement,25.00,0.00,INR,Fixed,,3177.28,59.41,,0.00,500.00,,PV,Unknown,0.00,184.00,225.00,122%,37%,2012,,,3/31/2022,59.40628862
130MW Karnataka,Completed,India,India,Solar,,Auction,Pay_As_Bid,Power_Purchase_Agreement,25.00,0.00,INR,Unknown,,7065.29,120.57,,0.00,130.00,,PV,Unknown,0.00,130.00,130.00,100%,100%,2013,,,,120.5669245
130MW Uttar Pradesh,Completed,India,India,Solar,,Auction,Pay_As_Bid,Power_Purchase_Agreement,25.00,0.00,INR,Unknown,,8892.86,151.75,,0.00,200.00,,PV,Unknown,0.00,130.00,140.00,108%,65%,2013,,,,151.7536876
200MW Madhya Pradesh,Completed,India,India,Solar,,Auction,Pay_As_Bid,Power_Purchase_Agreement,25.00,0.00,INR,Unknown,,8020.00,136.86,,0.00,200.00,,PV,Unknown,0.00,200.00,200.00,100%,100%,2013,,,,136.858667
National Solar Mission Phase I (STEG),Completed,India,India,Solar,,Auction,Pay_As_Bid,Power_Purchase_Agreement,25.00,0.00,INR,Fixed,,11480.00,195.90,,,,,Solar thermal,Unknown,108400.00,500.00,500.00,100%,#N/A,2013,,,,195.902431
100MW Madhya Pradesh,Completed,India,India,Solar,,Auction,Pay_As_Bid,Power_Purchase_Agreement,25.00,0.00,INR,Unknown,,6751.67,110.63,,0.00,100.00,,PV,Unknown,0.00,100.00,100.00,100%,100%,2014,,,,110.6257523
300MW Punjab,Completed,India,India,Solar,,Auction,Pay_As_Bid,Power_Purchase_Agreement,25.00,0.00,INR,Unknown,,8364.06,137.04,,0.00,300.00,,PV,Unknown,0.00,250.00,250.00,100%,83%,2014,,,,137.0446712
500MW Andhra Pradesh,Completed,India,India,Solar,,Auction,Pay_As_Bid,Power_Purchase_Agreement,25.00,0.00,INR,Unknown,,5810.06,95.20,,0.00,500.00,,PV,Unknown,0.00,500.00,1291.00,258%,100%,2014,,,,95.19761075
500MW Karnataka,Completed,India,India,Solar,,Auction,Pay_As_Bid,Power_Purchase_Agreement,25.00,0.00,INR,Unknown,,6945.50,113.80,,0.00,500.00,,PV,Unknown,0.00,485.00,485.00,100%,97%,2014,,,,113.8017027
National Solar Mission Phase I (PV),Completed,India,India,Solar,,Auction,Pay_As_Bid,Power_Purchase_Agreement,25.00,0.00,INR,Fixed,,8770.00,143.70,,,,,PV,Unknown,165600.00,650.00,650.00,100%,#N/A,2014,,,,143.6960525
National Solar Mission Phase II Batch I,Completed,India,India,Solar,,Auction,Pay_As_Bid,Power_Purchase_Agreement,25.00,0.00,INR,Fixed,,5450.00,89.30,,,,,PV,Unknown,0.00,750.00,750.00,100%,#N/A,2014,,,10/1/2015,89.298003
150MW Haryana,Completed,India,India,Solar,,Auction,Pay_As_Bid,Power_Purchase_Agreement,25.00,0.00,INR,Unknown,,5080.00,79.19,,0.00,150.00,,PV,Unknown,0.00,150.00,150.00,100%,100%,2015,,,,79.18520297
215MW Uttar Pradesh,Completed,India,India,Solar,,Auction,Pay_As_Bid,Power_Purchase_Agreement,25.00,0.00,INR,Unknown,,8050.62,125.49,,0.00,215.00,,PV,Unknown,0.00,210.00,210.00,100%,98%,2015,,,,125.4901384
250MW Punjab,Completed,India,India,Solar,,Auction,Pay_As_Bid,Power_Purchase_Agreement,25.00,0.00,INR,Unknown,,7400.18,115.35,,0.00,250.00,,PV,Unknown,0.00,250.00,250.00,100%,100%,2015,,,,115.3513581
300MW Madhya Pradesh,Completed,India,India,Solar,,Auction,Pay_As_Bid,Power_Purchase_Agreement,25.00,0.00,INR,Unknown,,5385.30,83.94,,0.00,300.00,,PV,Unknown,0.00,300.00,300.00,100%,100%,2015,,,,83.94405521
500MW Punjab,Completed,India,India,Solar,,Auction,Pay_As_Bid,Power_Purchase_Agreement,25.00,0.00,INR,Unknown,,5620.00,87.60,,0.00,500.00,,PV,Unknown,0.00,500.00,500.00,100%,100%,2015,,,,87.60252769
500MW Telangana,Completed,India,India,Solar,,Auction,Pay_As_Bid,Power_Purchase_Agreement,25.00,0.00,INR,Unknown,,6791.17,105.86,,0.00,500.00,,PV,Unknown,0.00,471.00,471.00,100%,94%,2015,,,,105.8582502
National Solar Mission Phase II Batch II Tranche I Andra Pradesh I,Completed,India,India,Solar,,Auction,Pay_As_Bid,Power_Purchase_Agreement,25.00,0.00,INR,Fixed,,4630.00,72.17,,0.00,500.00,,PV,Unknown,0.00,500.00,500.00,100%,100%,2015,,,3/31/2017,72.1707657
National Solar Mission Phase II Batch II Tranche I Andra Pradesh III,Completed,India,India,Solar,,Auction,Pay_As_Bid,Power_Purchase_Agreement,25.00,0.00,INR,Fixed,,5123.33,79.86,,0.00,150.00,,PV,Unknown,0.00,150.00,150.00,100%,100%,2015,,,10/1/2017,79.86061534
100MW Rajasthan (Domestic content requirement),Completed,India,India,Solar,,Auction,Pay_As_Bid,Power_Purchase_Agreement,25.00,0.00,INR,Unknown,,5068.00,75.41,,,,,PV,Unknown,0.00,100.00,100.00,100%,#N/A,2016,,,,75.40892379
1200MW Karnataka,Completed,India,India,Solar,,Auction,Pay_As_Bid,Power_Purchase_Agreement,25.00,0.00,INR,Unknown,,5188.53,77.20,,0.00,1200.00,,PV,Unknown,0.00,1200.00,1200.00,100%,100%,2016,,,,77.20227597
National Solar Mission Phase II Batch II Tranche I Andra Pradesh II,Completed,India,India,Solar,,Auction,Pay_As_Bid,Power_Purchase_Agreement,25.00,0.00,INR,Fixed,,4630.00,68.89,,0.00,350.00,,PV,Unknown,0.00,350.00,350.00,100%,100%,2016,,,3/31/2017,68.89173582
National Solar Mission Phase II Batch II Tranche I Karnataka I,Completed,India,India,Solar,,Auction,Pay_As_Bid,Power_Purchase_Agreement,25.00,0.00,INR,Fixed,,4790.00,71.27,,0.00,500.00,,PV,Unknown,0.00,450.00,450.00,100%,90%,2016,,,3/1/2018,71.27244375
National Solar Mission Phase II Batch II Tranche I Karnataka II,Completed,India,India,Solar,,Auction,Pay_As_Bid,Power_Purchase_Agreement,25.00,0.00,INR,Fixed,,4790.00,71.27,,0.00,100.00,,PV,Unknown,0.00,100.00,100.00,100%,100%,2016,,,3/1/2018,71.27244375
National Solar Mission Phase II Batch II Tranche I Rajasthan I,Completed,India,India,Solar,,Auction,Pay_As_Bid,Power_Purchase_Agreement,25.00,0.00,INR,Fixed,,4350.00,64.73,,0.00,420.00,,PV,Unknown,0.00,420.00,420.00,100%,100%,2016,,,4/1/2017,64.72549694
National Solar Mission Phase II Batch II Tranche I Rajasthan II,Completed,India,India,Solar,,Auction,Pay_As_Bid,Power_Purchase_Agreement,25.00,0.00,INR,Fixed,,5068.00,75.41,,0.00,230.00,,PV,Unknown,0.00,100.00,100.00,100%,43%,2016,,,4/1/2017,75.40892379
National Solar Mission Phase II Batch II Tranche I Telangana I,Completed,India,India,Solar,,Auction,Pay_As_Bid,Power_Purchase_Agreement,25.00,0.00,INR,Fixed,,4665.00,69.41,,0.00,350.00,,PV,Unknown,0.00,350.00,350.00,100%,100%,2016,,,12/31/2017,69.41251568
National Solar Mission Phase II Batch II Tranche I Uttar Pradesh I,Completed,India,India,Solar,,Auction,Pay_As_Bid,Power_Purchase_Agreement,25.00,0.00,INR,Fixed,,4780.00,71.12,,0.00,100.00,,PV,Unknown,0.00,100.00,100.00,100%,100%,2016,,,6/1/2017,71.12364951
National Solar Mission Phase II Batch II Tranche I Uttar Pradesh II,Completed,India,India,Solar,,Auction,Pay_As_Bid,Power_Purchase_Agreement,25.00,0.00,INR,Fixed,,4430.00,65.92,,0.00,50.00,,PV,Unknown,0.00,50.00,50.00,100%,100%,2016,,,6/1/2017,65.9158509
National Solar Mission Phase II Batch II Tranche I Uttar Pradesh III,Completed,India,India,Solar,,Auction,Pay_As_Bid,Power_Purchase_Agreement,25.00,0.00,INR,Fixed,,4430.00,65.92,,0.00,75.00,,PV,Unknown,0.00,75.00,75.00,100%,100%,2016,,,6/1/2017,65.9158509
National Solar Mission Phase II Batch III Tranche I,Completed,India,India,Solar,,Auction,Pay_As_Bid,Power_Purchase_Agreement,25.00,0.00,INR,Indexed,Annual increase of INR 50/MWh to maximum of INR 6430/MWh,4430.00,65.92,,0.00,500.00,,PV,Unknown,0.00,450.00,450.00,100%,90%,2016,,,3/1/2018,65.9158509
National Solar Mission Phase II Batch III Tranche III,Completed,India,India,Solar,,Auction,Pay_As_Bid,Power_Purchase_Agreement,25.00,0.00,INR,Indexed,Annual increase of INR 50/MWh to maximum of INR 6430/MWh,4430.00,65.92,,0.00,125.00,,PV,Unknown,0.00,125.00,125.00,100%,100%,2016,,,3/1/2018,65.9158509
National Solar Mission Phase II Batch III Tranche IV,Completed,India,India,Solar,,Auction,Pay_As_Bid,Power_Purchase_Agreement,25.00,0.00,INR,Indexed,Annual increase of INR 50/MWh to maximum of INR 6430/MWh,4430.00,65.92,,0.00,400.00,,PV,Unknown,0.00,400.00,400.00,100%,100%,2016,,,3/1/2018,65.9158509
National Solar Mission Phase II Batch III Tranche VI,Completed,India,India,Solar,,Auction,Pay_As_Bid,Power_Purchase_Agreement,25.00,0.00,INR,Indexed,Annual increase of INR 50/MWh to maximum of INR 6430/MWh,4430.00,65.92,,0.00,100.00,,PV,Unknown,0.00,100.00,100.00,100%,100%,2016,,,3/1/2018,65.9158509
National Solar Mission Phase II Batch IV Odisha,Completed,India,India,Solar,,Auction,Pay_As_Bid,Power_Purchase_Agreement,25.00,0.00,INR,Fixed,,4430.00,65.92,,0.00,250.00,,PV,Unknown,0.00,246.00,246.00,100%,98%,2016,,,3/1/2018,65.9158509
National Solar Mission Phase II Batch IV Tranche II,Completed,India,India,Solar,,Auction,Pay_As_Bid,Power_Purchase_Agreement,25.00,0.00,INR,Indexed,Annual increase of INR 50/MWh to maximum of INR 6430/MWh,5430.00,80.80,,0.00,250.00,,PV,Unknown,0.00,225.00,225.00,100%,90%,2016,,,3/1/2018,80.79527549
Gujarat Alkalies and Chemicals Solar EPC tender,Completed,India,India,Solar,,Auction,Pay_As_Bid,Power_Purchase_Agreement,25.00,0.00,INR,Unknown,,,,,0.00,15.00,,PV,Unknown,0.00,15.00,15.00,100%,100%,2017,,,,
Gujarat Tender for 500MW Grid Connected Solar Projects (2017),Completed,India,India,Solar,,Auction,Pay_As_Bid,Power_Purchase_Agreement,25.00,0.00,INR,Fixed,,2660.00,40.85,,0.00,500.00,,PV,Unknown,0.00,500.00,500.00,100%,100%,2017,,,3/1/2019,40.85180623
Hindustal Aeronautics  Solar EPC Tender,Completed,India,India,Solar,,Auction,Pay_As_Bid,Power_Purchase_Agreement,25.00,0.00,INR,Unknown,,,,,0.00,15.00,,PV,Unknown,0.00,15.00,15.00,100%,100%,2017,,,,
India - GUVNL- I 500MW Wind,Completed,India,India,Wind,,Auction,Pay_As_Bid,Power_Purchase_Agreement,25.00,0.00,INR,Fixed,,2437.00,37.43,,0.00,500.00,,Onshore wind,Unknown,0.00,500.00,500.00,100%,100%,2017,,,8/31/2019,37.42701195
India - SECI 200MW Azure Bhadla Solar Park Phase-II Batch-IV Tranche-XIV,Completed,India,India,Solar,,Auction,Pay_As_Bid,Power_Purchase_Agreement,25.00,0.00,INR,Fixed,,2480.00,38.09,,0.00,200.00,,PV,Unknown,0.00,200.00,200.00,100%,100%,2017,,,11/21/2019,38.08739829
India - SECI 500MW Bhadla Solar Park ,Completed,India,India,Solar,,Auction,Pay_As_Bid,Power_Purchase_Agreement,25.00,0.00,INR,Fixed,,2850.00,43.77,,,,,PV,Unknown,0.00,500.00,500.00,100%,#N/A,2017,,,12/31/2019,43.76979239
India - SECI Tranche II 1000MW ISTS Connected Wind ,Completed,India,India,Wind,,Auction,Pay_As_Bid,Power_Purchase_Agreement,25.00,0.00,INR,Fixed,,2646.00,40.64,,,,,Onshore wind,Unknown,0.00,1000.00,1000.00,100%,#N/A,2017,,,5/30/2019,40.63679673
India - Tender for 100MW Punjab State Power Corporation,Completed,India,India,Solar,,Auction,Pay_As_Bid,Power_Purchase_Agreement,25.00,0.00,INR,Unknown,,,,,,,,PV,Unknown,0.00,100.00,100.00,100%,#N/A,2017,,,,
India - Tender for 150MW GIPCL Solar,Completed,India,India,Solar,,Auction,Pay_As_Bid,Power_Purchase_Agreement,25.00,0.00,INR,Unknown,,,,,,,,PV,Unknown,0.00,150.00,150.00,100%,#N/A,2017,,,,
India - Tender for 15MW NTPC Kayamkulam Solar Project,Completed,India,India,Solar,,Auction,Pay_As_Bid,Power_Purchase_Agreement,25.00,0.00,INR,Unknown,,,,,,,,PV,Unknown,0.00,15.00,15.00,100%,#N/A,2017,,,,
India - Tender for 15MW REIL Solar Project,Completed,India,India,Solar,,Auction,Pay_As_Bid,Power_Purchase_Agreement,25.00,0.00,INR,Unknown,,,,,,,,PV,Unknown,0.00,15.00,15.00,100%,#N/A,2017,,,12/31/2022,
India - Tender for 18MW RREC Solar PV Project,Completed,India,India,Solar,,Auction,Pay_As_Bid,Power_Purchase_Agreement,25.00,0.00,INR,Unknown,,,,,,,,PV,Unknown,0.00,18.00,18.00,100%,#N/A,2017,,,12/31/2022,
India - Tender for 200MW KREDL Solar Park,Completed,India,India,Solar,,Auction,Pay_As_Bid,Power_Purchase_Agreement,25.00,0.00,INR,Unknown,,,,,,,,PV,Unknown,0.00,200.00,200.00,100%,#N/A,2017,,,,
India - Tender for 200MW SECI Neemuch Mandsaur Solar Park,Completed,India,India,Solar,,Auction,Pay_As_Bid,Power_Purchase_Agreement,25.00,0.00,INR,Unknown,,,,,,,,PV,Unknown,0.00,200.00,200.00,100%,#N/A,2017,,,,
India - Tender for 225MW NTPC Bilhaur Solar Project,Completed,India,India,Solar,,Auction,Pay_As_Bid,Power_Purchase_Agreement,25.00,0.00,INR,Unknown,,,,,,,,PV,Unknown,0.00,225.00,225.00,100%,#N/A,2017,,,,
India - Tender for 25MW NSPCL Solar Project,Completed,India,India,Solar,,Auction,Pay_As_Bid,Power_Purchase_Agreement,25.00,0.00,INR,Unknown,,,,,,,,PV,Unknown,0.00,25.00,25.00,100%,#N/A,2017,,,,
India - Tender for 32MW REMCL Solar Rooftop Project,Completed,India,India,Solar,,Auction,Pay_As_Bid,Power_Purchase_Agreement,25.00,0.00,INR,Fixed,,4740.00,72.80,,,,,PV,Unknown,0.00,32.00,32.00,100%,#N/A,2017,,,,72.79607577
India - Tender for 35MW NTPC Simhadri Solar Project,Completed,India,India,Solar,,Auction,Pay_As_Bid,Power_Purchase_Agreement,25.00,0.00,INR,Unknown,,,,,,,,PV,Unknown,0.00,35.00,35.00,100%,#N/A,2017,,,,
India - Tender for 40MW MPUVNL Rooftop Solar,Completed,India,India,Solar,,Auction,Pay_As_Bid,Power_Purchase_Agreement,25.00,0.00,INR,Unknown,,,,,,,,PV,Unknown,0.00,40.00,40.00,100%,#N/A,2017,,,,
India - Tender for 4MW Delhi Jal Board Rooftop Solar,Completed,India,India,Solar,,Auction,Pay_As_Bid,Power_Purchase_Agreement,25.00,0.00,INR,Unknown,,,,,,,,PV,Unknown,0.00,4.00,4.00,100%,#N/A,2017,,,,
India - Tender for 6MW BEL Solar PV,Completed,India,India,Solar,,Auction,Pay_As_Bid,Power_Purchase_Agreement,25.00,0.00,INR,Unknown,,,,,,,,PV,Unknown,0.00,6.00,6.00,100%,#N/A,2017,,,,
India - Tender for 7.5MW IOCL Solar Project,Completed,India,India,Solar,,Auction,Pay_As_Bid,Power_Purchase_Agreement,25.00,0.00,INR,Unknown,,,,,,,,PV,Unknown,0.00,7.50,7.50,100%,#N/A,2017,,,,
India - Tender for 7MW NSPCL Solar Project,Completed,India,India,Solar,,Auction,Pay_As_Bid,Power_Purchase_Agreement,25.00,0.00,INR,Unknown,,,,,,,,PV,Unknown,0.00,7.00,7.00,100%,#N/A,2017,,,,
India - Tender for 9.9MW Grid Connected Solar PV CIAL Project,Completed,India,India,Solar,,Auction,Pay_As_Bid,Power_Purchase_Agreement,25.00,0.00,INR,Unknown,,,,,,,,PV,Unknown,0.00,9.90,9.90,100%,#N/A,2017,,,,
India NVVN Solar Auction,Completed,India,India,Solar,,Auction,Pay_As_Bid,Power_Purchase_Agreement,25.00,0.00,INR,Fixed,,3140.00,48.22,,,,,PV,Unknown,0.00,250.00,250.00,100%,#N/A,2017,,,,48.22356074
India SECI 1000MW Wind Auction (Tranche I),Completed,India,India,Wind,,Auction,Pay_As_Bid,Power_Purchase_Agreement,25.00,0.00,INR,Fixed,,3460.00,53.14,,0.00,1000.00,,Onshore wind,Unknown,0.00,1050.00,1050.00,100%,105%,2017,,,3/31/2019,53.13806375
India SECI Bhadla Phase IV(NSM Phase II Batch IV Tranche XII),Completed,India,India,Solar,,Auction,Pay_As_Bid,Power_Purchase_Agreement,25.00,0.00,INR,Fixed,,2480.00,38.09,,0.00,250.00,,PV,Unknown,0.00,250.00,250.00,100%,100%,2017,,,12/30/2019,38.08739829
India- Tender for 1000MW Rooftop Solar PV Scheme Phase I,Completed,India,India,Solar,,Auction,Pay_As_Bid,Power_Purchase_Agreement,25.00,0.00,INR,Fixed,,,,,,,,PV,Unknown,0.00,500.00,500.00,100%,#N/A,2017,,,,
Indian Railways 30MW Rooftop,Completed,India,India,Solar,,Auction,Pay_As_Bid,Power_Purchase_Agreement,25.00,0.00,INR,Unknown,,6319.00,97.05,,0.00,30.00,,PV,Unknown,0.00,30.00,30.00,100%,100%,2017,,,12/31/2018,97.04607654
Madhya Pradesh SECI 750MW Auction,Completed,India,India,Solar,,Auction,Pay_As_Bid,Power_Purchase_Agreement,25.00,0.00,INR,Fixed,,3310.00,50.83,,0.00,750.00,,PV,Unknown,0.00,500.00,500.00,100%,67%,2017,,,12/31/2018,50.83439046
National Solar Mission Phase II Batch IV Tranche III Maharashtra,Completed,India,India,Solar,,Auction,Pay_As_Bid,Power_Purchase_Agreement,25.00,0.00,INR,Fixed,,4430.00,68.04,,0.00,350.00,,PV,Unknown,0.00,350.00,350.00,100%,100%,2017,,,12/1/2017,68.03515098
NHPC Solar EPC project in Tamil Nadu,Completed,India,India,Solar,,Auction,Pay_As_Bid,Power_Purchase_Agreement,25.00,0.00,INR,Unknown,,,,,0.00,50.00,,PV,Unknown,0.00,50.00,50.00,100%,100%,2017,,,3/31/2018,
NTPC Phase II Batch II Tranche I Andhra Pradesh Kadapa,Completed,India,India,Solar,,Auction,Pay_As_Bid,Power_Purchase_Agreement,25.00,0.00,INR,Fixed,,3150.00,48.38,,0.00,250.00,,PV,Unknown,0.00,250.00,250.00,100%,100%,2017,,,12/31/2018,48.37713896
NTPC Solar EPC tender (DCR) - Pavagada solar park,Completed,India,India,Solar,,Auction,Pay_As_Bid,Power_Purchase_Agreement,25.00,0.00,INR,Unknown,,,,,0.00,250.00,,PV,Unknown,0.00,250.00,250.00,100%,100%,2017,,,,
SECI - 500MW Rooftop tender,Completed,India,India,Solar,,Auction,Pay_As_Bid,Power_Purchase_Agreement,25.00,0.00,INR,Unknown,,5512.00,84.65,,0.00,500.00,,PV,Unknown,0.00,500.00,500.00,100%,100%,2017,,,12/31/2018,84.65231427
SECI Phase II Batch IV Badla Phase III,Completed,India,India,Solar,,Auction,Pay_As_Bid,Power_Purchase_Agreement,25.00,0.00,INR,Fixed,,2445.00,37.55,,0.00,500.00,,PV,Unknown,0.00,500.00,500.00,100%,100%,2017,,,12/31/2018,37.54987453
SECI Phase II Batch IV Badla Phase IV,Completed,India,India,Solar,,Auction,Pay_As_Bid,Power_Purchase_Agreement,25.00,0.00,INR,Fixed,,2623.00,40.28,,0.00,250.00,,PV,Unknown,0.00,250.00,250.00,100%,100%,2017,,,4/27/2019,40.28356682
Tamil Nadu 500MW Wind Power Procurement Tender,Completed,India,India,Wind,,Auction,Pay_As_Bid,Power_Purchase_Agreement,25.00,0.00,INR,Fixed,,3420.00,52.52,,0.00,500.00,,Onshore wind,Unknown,0.00,450.00,450.00,100%,90%,2017,,,3/31/2019,52.52375087
Tamil Nadu Generation and Distribution Corporation Tender 1,Completed,India,India,Solar,,Auction,Pay_As_Bid,Power_Purchase_Agreement,25.00,0.00,INR,Fixed,,3470.00,53.29,,0.00,1500.00,,PV,Unknown,0.00,1525.00,1525.00,100%,102%,2017,,,9/26/2019,53.29164197
Gridco 200MW Solar Power Tender,Completed,India,India,Solar,,Auction,Pay_As_Bid,Power_Purchase_Agreement,25.00,0.00,INR,Fixed,,3041.00,44.47,,0.00,200.00,,PV,Unknown,0.00,200.00,200.00,100%,100%,2018,,,4/21/2020,44.47278327
GUVNL 500MW Grid connected solar Phase II-R,Completed,India,India,Solar,,Auction,Pay_As_Bid,Power_Purchase_Agreement,25.00,0.00,INR,Fixed,,2442.00,35.71,,0.00,500.00,,PV,Unknown,0.00,500.00,500.00,100%,100%,2018,,,9/6/2020,35.71277104
Hubballi Airport 8 MW ground mounted grid connected,Completed,India,India,Solar,,Auction,Pay_As_Bid,Power_Purchase_Agreement,25.00,0.00,INR,Fixed,,,,,0.00,8.00,,PV,Unknown,,0.00,0.00,,,2018,,,,
India - CEL 5 MW Solar,Completed,India,India,Solar,,Auction,Pay_As_Bid,Power_Purchase_Agreement,25.00,0.00,INR,Fixed,,,,,0.00,5.00,,PV,Unknown,,0.00,0.00,,,2018,,,,
India - DMRC 8 MW Solar,Completed,India,India,Solar,,Auction,Pay_As_Bid,Power_Purchase_Agreement,25.00,0.00,INR,Fixed,,,,,0.00,8.00,,PV,Unknown,,0.00,0.00,,,2018,,,,
India - KREDL 1200MW Pavagada Solar Park Phase I,Completed,India,India,Solar,,Auction,Pay_As_Bid,Power_Purchase_Agreement,25.00,0.00,INR,Fixed,,2920.00,42.70,,0.00,1200.00,,PV,Unknown,0.00,550.00,550.00,100%,46%,2018,,,3/25/2019,42.70323155
India - KREDL 860 MW Grid Connected Solar PV,Completed,India,India,Solar,,Auction,Pay_As_Bid,Power_Purchase_Agreement,25.00,0.00,INR,Fixed,,,,,0.00,860.00,,PV,Unknown,,640.00,0.00,0%,74%,2018,,,,
India - NHPC 8MW Wind,Completed,India,India,Solar,,Auction,Pay_As_Bid,Power_Purchase_Agreement,25.00,0.00,INR,Fixed,,,,,0.00,8.00,,PV,Unknown,,8.00,0.00,0%,100%,2018,,,,
India - NMRC 10 MW Solar,Completed,India,India,Solar,,Auction,Pay_As_Bid,Power_Purchase_Agreement,25.00,0.00,INR,Fixed,,3250.00,47.53,,0.00,10.00,,PV,Unknown,,10.00,0.00,0%,100%,2018,,,,47.52928169
India - NREDCAP RfS for BOO Solar Park,Completed,India,India,Solar,,Auction,Pay_As_Bid,Power_Purchase_Agreement,25.00,0.00,INR,Fixed,,,,,,,,PV,Unknown,,0.00,0.00,,,2018,,,,
India - SECI 5MW Solar PV Plant,Completed,India,India,Solar,,Auction,Pay_As_Bid,Power_Purchase_Agreement,25.00,0.00,INR,Fixed,,,,,0.00,5.00,,PV,Unknown,,0.00,0.00,,,2018,,,,
India - SECI Tranche III 2000MW ISTS Connected Wind,Completed,India,India,Wind,,Auction,Pay_As_Bid,Power_Purchase_Agreement,25.00,0.00,INR,Fixed,,2443.01,35.73,,0.00,2000.00,,Onshore wind,Unknown,0.00,2000.00,2000.00,100%,100%,2018,,,12/31/2019,35.72754168
India - SECI Tranche IV 2000MW ISTS Connected Wind,Completed,India,India,Wind,,Auction,Pay_As_Bid,Power_Purchase_Agreement,25.00,0.00,INR,Fixed,,2512.83,36.75,,0.00,2000.00,,Onshore wind,Unknown,0.00,2000.00,2000.00,100%,100%,2018,,,3/31/2020,36.7486169
India - SPDCAP 4Mwp Roof Top Solar PV Plant,Completed,India,India,Solar,,Auction,Pay_As_Bid,Power_Purchase_Agreement,25.00,0.00,INR,Fixed,,,,,0.00,4.00,,PV,Unknown,,0.00,0.00,,,2018,,,,
India - Tender for 2 MW CREDA Solar Project,Completed,India,India,Solar,,Auction,Pay_As_Bid,Power_Purchase_Agreement,25.00,0.00,INR,Fixed,,,,,0.00,2.08,,PV,Unknown,,0.00,0.00,,,2018,,,2/1/2019,
India - Tender for 8MW DMRC Rooftop Solar,Completed,India,India,Solar,,Auction,Pay_As_Bid,Power_Purchase_Agreement,25.00,0.00,INR,Fixed,,,,,0.00,8.00,,PV,Unknown,,0.00,0.00,,,2018,,,,
India - Uttar Pradesh Jal Nigam 1.492 MW Solar,Completed,India,India,Solar,,Auction,Pay_As_Bid,Power_Purchase_Agreement,25.00,0.00,INR,Fixed,,,,,0.00,1.49,,PV,Unknown,,0.00,0.00,,,2018,,,,
India NTPC 2000 MW ISTS Solar PV Tender,Completed,India,India,Solar,,Auction,Pay_As_Bid,Power_Purchase_Agreement,25.00,0.00,INR,Fixed,,2593.00,37.92,,0.00,2000.00,,PV,Unknown,0.00,2000.00,2000.00,100%,100%,2018,,,8/3/2020,37.92105459
India SECI Bhadla Phase III (NSM Phase II Batch IV Tranche XI),Completed,India,India,Solar,,Auction,Pay_As_Bid,Power_Purchase_Agreement,25.00,0.00,INR,Fixed,,2470.00,36.12,,0.00,500.00,,PV,Unknown,0.00,500.00,500.00,100%,100%,2018,,,12/30/2019,36.12225409
Kadapa 750MW Solar Tender under NSM Phase II Batch IV,Completed,India,India,Solar,,Auction,Pay_As_Bid,Power_Purchase_Agreement,25.00,0.00,INR,Fixed,,2700.00,39.49,,0.00,750.00,,PV,Unknown,0.00,750.00,750.00,100%,100%,2018,,,6/25/2020,39.48586479
KREDL 100MW Solar,Completed,India,India,Solar,,Auction,Pay_As_Bid,Power_Purchase_Agreement,25.00,0.00,INR,Fixed,,2910.00,42.56,,0.00,100.00,,PV,Unknown,0.00,100.00,100.00,100%,100%,2018,,,12/31/2020,42.55698761
KREDL 1200MW Pavagada Solar Park Phase II,Completed,India,India,Solar,,Auction,Pay_As_Bid,Power_Purchase_Agreement,25.00,0.00,INR,Fixed,,2850.00,41.68,,0.00,650.00,,PV,Unknown,0.00,500.00,500.00,100%,77%,2018,,,7/25/2019,41.67952395
KREDL 200MW Grid connected PV tender,Completed,India,India,Solar,,Auction,Pay_As_Bid,Power_Purchase_Agreement,25.00,0.00,INR,Fixed,,2890.00,42.26,,0.00,200.00,,PV,Unknown,0.00,100.00,100.00,100%,50%,2018,,,7/31/2020,42.26449972
KSEB 200MW Solar,Completed,India,India,Solar,,Auction,Pay_As_Bid,Power_Purchase_Agreement,25.00,0.00,INR,Fixed,,,,,0.00,200.00,,PV,Unknown,,200.00,0.00,0%,100%,2018,,,,
MAHAGENCO 250 MW Solar AG Feeder,Completed,India,India,Solar,,Auction,Pay_As_Bid,Power_Purchase_Agreement,25.00,0.00,INR,Fixed,,3108.00,45.45,,0.00,250.00,,PV,Unknown,0.00,250.00,250.00,100%,100%,2018,,,9/23/2019,45.45261769
MAHAGENCO 50MW grid connected Solar Tender I,Completed,India,India,Solar,,Auction,Pay_As_Bid,Power_Purchase_Agreement,25.00,0.00,INR,Fixed,,,,,0.00,50.00,,PV,Unknown,,50.00,0.00,0%,100%,2018,,,,
MAHAGENCO 50MW grid connected Solar Tender II,Cancelled,India,India,Solar,,Auction,Pay_As_Bid,Power_Purchase_Agreement,25.00,0.00,INR,Fixed,,,,,0.00,50.00,,PV,Unknown,,,0.00,,,2018,,,,
MAHAGENCO 65 MW Grid Interactive Solar PV Plant,Cancelled,India,India,Solar,,Auction,Pay_As_Bid,Power_Purchase_Agreement,25.00,0.00,INR,Fixed,,,,,0.00,65.00,,PV,Unknown,,,0.00,,,2018,,,,
MSEDCL 1000 MW Solar Tender,Completed,India,India,Solar,,Auction,Pay_As_Bid,Power_Purchase_Agreement,25.00,0.00,INR,Fixed,,2718.00,39.75,,0.00,1000.00,,PV,Unknown,0.00,1000.00,1000.00,100%,100%,2018,,,11/6/2019,39.74910389
MSEDCL 1000MW Floating PV Solar,Cancelled,India,India,Solar,,Auction,Pay_As_Bid,Power_Purchase_Agreement,25.00,0.00,INR,Fixed,,,,,0.00,1000.00,,PV,Unknown,,,0.00,,,2018,,,,
MSEDCL 250MW Wind,Cancelled,India,India,Wind,,Auction,Pay_As_Bid,Power_Purchase_Agreement,25.00,0.00,INR,Fixed,,,,,0.00,250.00,,Onshore wind,Unknown,,,0.00,,,2018,,,,
MSEDCL 500 MW Grid connected Wind,Completed,India,India,Wind,,Auction,Pay_As_Bid,Power_Purchase_Agreement,25.00,0.00,INR,Fixed,,2859.49,41.82,,0.00,500.00,,Onshore wind,Unknown,0.00,500.00,500.00,100%,100%,2018,,,2/28/2020,41.81830945
NTPC 2000 MW ISTS Wind Tender,Completed,India,India,Wind,,Auction,Pay_As_Bid,Power_Purchase_Agreement,25.00,0.00,INR,Fixed,,2800.00,40.95,,0.00,2000.00,,Onshore wind,Unknown,0.00,1150.00,1150.00,100%,58%,2018,,,8/31/2020,40.94830423
NTPC Ananthapuramu 750MW Solar Tender,Completed,India,India,Solar,,Auction,Pay_As_Bid,Power_Purchase_Agreement,25.00,0.00,INR,Fixed,,2730.00,39.92,,0.00,750.00,,PV,Unknown,0.00,750.00,750.00,100%,100%,2018,,,4/29/2020,39.92459662
Pavagada 200MW Solar Tender under NSM Phase II Batch IV,Completed,India,India,Solar,,Auction,Pay_As_Bid,Power_Purchase_Agreement,25.00,0.00,INR,Fixed,,2820.00,41.24,,0.00,200.00,,PV,Unknown,0.00,200.00,200.00,100%,100%,2018,,,5/7/2020,41.24079212
REMCL 50MW Solar PV,Completed,India,India,Solar,,Auction,Pay_As_Bid,Power_Purchase_Agreement,25.00,0.00,INR,Fixed,,,,,0.00,50.00,,PV,Unknown,,50.00,0.00,0%,100%,2018,,,,
SECI 150 MW Floating Solar,Completed,India,India,Solar,,Auction,Pay_As_Bid,Power_Purchase_Agreement,25.00,0.00,INR,Fixed,,3290.00,48.11,,0.00,150.00,,PV,Unknown,0.00,150.00,150.00,100%,100%,2018,,,6/30/2020,48.11425747
SECI 2.5GW Wind-Solar Hybrid Tranche I,Completed,India,India,Renewables_Other,,Auction,Pay_As_Bid,Power_Purchase_Agreement,25.00,0.00,INR,Fixed,,2679.28,39.18,,0.00,2500.00,,Solar and wind,Unknown,0.00,840.00,840.00,100%,34%,2018,,,12/31/2020,39.18284734
SECI 2000 MW ISTS Solar Tender,Completed,India,India,Solar,,Auction,Pay_As_Bid,Power_Purchase_Agreement,25.00,0.00,INR,Fixed,,2502.00,36.59,,0.00,2000.00,,PV,Unknown,0.00,2000.00,2000.00,100%,100%,2018,,,7/4/2020,36.59023471
SECI 275 MW UP Solar Park NSM Phase II Batch IV,Completed,India,India,Solar,,Auction,Pay_As_Bid,Power_Purchase_Agreement,25.00,0.00,INR,Fixed,,3320.00,48.55,,0.00,275.00,,PV,Unknown,0.00,75.00,75.00,100%,27%,2018,,,5/28/2020,48.5529893
SECI 3000 MW ISTS-connected Solar Tender,Completed,India,India,Solar,,Auction,Pay_As_Bid,Power_Purchase_Agreement,25.00,0.00,INR,Fixed,,2440.00,35.68,,0.00,3000.00,,PV,Unknown,0.00,600.00,600.00,100%,20%,2018,,,7/2/2020,35.68352226
SECI Tranche V 2000MW ISTS Connected Wind,Completed,India,India,Wind,,Auction,Pay_As_Bid,Power_Purchase_Agreement,25.00,0.00,INR,Fixed,,2766.00,40.45,,0.00,2000.00,,Onshore wind,Unknown,0.00,1190.00,1190.00,100%,60%,2018,,,9/30/2020,40.45107482
UPNEDA 500MW grid connected Solar PV,Completed,India,India,Solar,,Auction,Pay_As_Bid,Power_Purchase_Agreement,25.00,0.00,INR,Fixed,,3196.00,46.74,,0.00,500.00,,PV,Unknown,0.00,500.00,500.00,100%,100%,2018,,,9/29/2020,46.7395644
UPNEDA 550MW Grid connected PV Tender,Completed,India,India,Solar,,Auction,Pay_As_Bid,Power_Purchase_Agreement,25.00,0.00,INR,Fixed,,3059.82,44.75,,0.00,550.00,,PV,Unknown,0.00,550.00,550.00,100%,100%,2018,,,11/3/2020,44.74801437
APDISCOM 600MW Hybrid with Energy Storage,Cancelled,India,India,Renewables_Other,,Auction,Pay_As_Bid,Power_Purchase_Agreement,25.00,0.00,INR,Fixed,,,,,0.00,600.00,,Solar and wind,Unknown,,,0.00,,,2019,,,,
APGCL 70MW Amguri Solar Park,Completed,India,India,Solar,,Auction,Pay_As_Bid,Power_Purchase_Agreement,25.00,0.00,INR,Fixed,,3990.00,56.67,,0.00,70.00,,PV,Unknown,,70.00,0.00,0%,100%,2019,,,,56.66953565
GUVNL 1GW Dholera Solar Park,Completed,India,India,Solar,,Auction,Pay_As_Bid,Power_Purchase_Agreement,25.00,0.00,INR,Fixed,,2750.00,39.06,,0.00,1000.00,,PV,Unknown,0.00,250.00,300.00,120%,25%,2019,,,6/30/2021,39.05795064
GUVNL 1GW Wind (Phase II -R),Completed,India,India,Wind,,Auction,Pay_As_Bid,Power_Purchase_Agreement,25.00,0.00,INR,Fixed,,2903.00,41.23,,0.00,1000.00,,Onshore wind,Unknown,0.00,745.00,930.00,125%,75%,2019,,,3/31/2021,41.23099298
GUVNL 200MW Raghanesda Solar Park,Completed,India,India,Solar,,Auction,Pay_As_Bid,Power_Purchase_Agreement,25.00,0.00,INR,Fixed,,2650.00,37.64,,0.00,200.00,,PV,Unknown,0.00,100.00,100.00,100%,50%,2019,,,12/30/2021,37.63766152
GUVNL 500MW grid connected Phase IV PV,Completed,India,India,Solar,,Auction,Pay_As_Bid,Power_Purchase_Agreement,25.00,0.00,INR,Fixed,,2660.10,37.78,,0.00,500.00,,PV,Unknown,0.00,500.00,795.00,159%,100%,2019,,,12/31/2020,37.78111072
GUVNL 700MW Solar Raghanesda Solar Park Phase III,Completed,India,India,Solar,,Auction,Pay_As_Bid,Power_Purchase_Agreement,25.00,0.00,INR,Fixed,,2672.00,37.95,,0.00,700.00,,PV,Unknown,0.00,500.00,600.00,120%,71%,2019,,,5/30/2021,37.95012513
GUVNL 750MW Dholera Solar Park,Completed,India,India,Solar,,Auction,Pay_As_Bid,Power_Purchase_Agreement,25.00,0.00,INR,Fixed,,2750.00,39.06,,0.00,750.00,,PV,Unknown,0.00,50.00,300.00,600%,7%,2019,,,12/30/2021,39.05795064
HPPC 300MW grid connected solar,Completed,India,India,Solar,,Auction,Pay_As_Bid,Power_Purchase_Agreement,25.00,0.00,INR,Fixed,,2730.00,38.77,,0.00,300.00,,PV,Unknown,,240.00,0.00,0%,80%,2019,,,,38.77389281
Kargil 7MW Solar and 21MWh BESS,Completed,India,India,Co_Located,,Auction,Pay_As_Bid,Power_Purchase_Agreement,25.00,0.00,INR,Unknown,Setting up 7MW solar power plant with 21MWh BESS at Kargil,,,,0.00,7.00,,Solar and storage,Unknown,,7.00,,#N/A,100%,2019,,1/31/2020,,
Leh 7MW Solar and 21MWh BESS,Completed,India,India,Co_Located,,Auction,Pay_As_Bid,Power_Purchase_Agreement,25.00,0.00,INR,Unknown,Setting up 7MW solar power plant with 21MWh BESS at Leh,,,,0.00,7.00,,Solar and storage,Unknown,,7.00,,#N/A,100%,2019,,1/31/2020,,
MSEDCL 1000MW Grid connected Solar PV,Completed,India,India,Solar,,Auction,Pay_As_Bid,Power_Purchase_Agreement,25.00,0.00,INR,Fixed,,2746.50,39.01,,0.00,1000.00,,PV,Unknown,0.00,1000.00,1900.00,190%,100%,2019,,,3/31/2021,39.00824052
MSEDCL 1350MW Solar Phase I,Completed,India,India,Solar,,Auction,Pay_As_Bid,Power_Purchase_Agreement,25.00,0.00,INR,Fixed,,3140.00,44.60,,0.00,1350.00,,PV,Unknown,0.00,5.00,5.00,100%,0%,2019,,,12/30/2021,44.59707818
MSEDCL 500MW Solar,Completed,India,India,Solar,,Auction,Pay_As_Bid,Power_Purchase_Agreement,25.00,0.00,INR,Fixed,,2897.00,41.15,,0.00,500.00,,PV,Unknown,0.00,500.00,650.00,130%,100%,2019,,,12/30/2021,41.14577563
MSEDCL Distributed 1400MW Phase I,Completed,India,India,Solar,,Auction,Pay_As_Bid,Power_Purchase_Agreement,25.00,0.00,INR,Fixed,,,,,0.00,1400.00,,PV,Unknown,0.00,,0.00,,,2019,,,,
MSEDCL Distributed 1400MW Phase II,Completed,India,India,Solar,,Auction,Pay_As_Bid,Power_Purchase_Agreement,25.00,0.00,INR,Fixed,,3298.00,46.84,,0.00,1400.00,,PV,Unknown,0.00,180.00,180.00,100%,13%,2019,,,1/31/2021,46.84113498
MSPGCL 184MW Solar,Completed,India,India,Solar,,Auction,Pay_As_Bid,Power_Purchase_Agreement,25.00,0.00,INR,Fixed,,,,,0.00,184.00,,PV,Unknown,,184.00,0.00,0%,100%,2019,,,,
MSPGCL 50MW Solar,Completed,India,India,Solar,,Auction,Pay_As_Bid,Power_Purchase_Agreement,25.00,0.00,INR,Fixed,,2990.00,42.47,,0.00,50.00,,PV,Unknown,0.00,50.00,50.00,100%,100%,2019,,,12/31/2021,42.46664451
NTPC 1200MW Solar,Completed,India,India,Solar,,Auction,Pay_As_Bid,Power_Purchase_Agreement,25.00,0.00,INR,Fixed,,2630.00,37.35,,0.00,1200.00,,PV,Unknown,0.00,300.00,600.00,200%,25%,2019,,,3/31/2022,37.3536037
SECI 1200MW ISTS connected tranche VI Wind,Completed,India,India,Wind,,Auction,Pay_As_Bid,Power_Purchase_Agreement,25.00,0.00,INR,Fixed,,2824.00,40.11,,0.00,1200.00,,Onshore wind,Unknown,0.00,1200.00,2325.60,194%,100%,2019,,,1/30/2021,40.10896458
SECI 1200MW ISTS-Connected Solar (ISTS-V),Completed,India,India,Solar,,Auction,Pay_As_Bid,Power_Purchase_Agreement,25.00,0.00,INR,Fixed,,2612.50,37.11,,0.00,1200.00,,PV,Unknown,0.00,480.00,600.00,125%,40%,2019,,,9/30/2021,37.1050531
SECI 1200MW ISTS-Connected Solar (ISTS-VI),Completed,India,India,Solar,,Auction,Pay_As_Bid,Power_Purchase_Agreement,25.00,0.00,INR,Fixed,,2710.00,38.49,,0.00,1200.00,,PV,Unknown,0.00,900.00,1200.00,133%,75%,2019,,,12/30/2021,38.48983499
SECI 250MW (50MW X 5) Grid connected Solar PV,Completed,India,India,Solar,,Auction,Pay_As_Bid,Power_Purchase_Agreement,25.00,0.00,INR,Fixed,,2890.00,41.05,,0.00,250.00,,PV,Unknown,0.00,250.00,400.00,160%,100%,2019,,,5/14/2021,41.0463554
SECI 2GW Solar under CPSU scheme Phase II Tranche I,Completed,India,India,Solar,,Auction,Pay_As_Bid,Capex_Support,25.00,0.00,INR,Fixed,Capital subsidy,,,,0.00,2000.00,,PV,Unknown,0.00,922.00,922.00,100%,46%,2019,,,12/31/2021,
SECI 2GW Solar under CPSU scheme Phase II Tranche II,Completed,India,India,Solar,,Auction,Pay_As_Bid,Capex_Support,25.00,0.00,INR,Fixed,Capital subsidy,,,,0.00,2000.00,,PV,Unknown,0.00,1104.00,1104.00,100%,55%,2019,,,12/31/2021,
SECI 6GW ISTS Connected Solar and 2GW Manufacturing,Completed,India,India,Solar,,Auction,Pay_As_Bid,Power_Purchase_Agreement,25.00,0.00,INR,Fixed,,2920.00,41.47,,0.00,7000.00,,PV,Unknown,0.00,12000.00,14000.00,117%,171%,2019,,,12/31/2025,41.47244213
SECI 750MW Grid Connected solar Rajasthan,Completed,India,India,Solar,,Auction,Pay_As_Bid,Power_Purchase_Agreement,25.00,0.00,INR,Fixed,,2481.47,35.24,,0.00,750.00,,PV,Unknown,0.00,750.00,1620.00,216%,100%,2019,,,3/31/2021,35.24400567
SECI 750MW Grid Connected solar Rajasthan - Tranche II,Completed,India,India,Solar,,Auction,Pay_As_Bid,Power_Purchase_Agreement,25.00,0.00,INR,Fixed,,2500.00,35.51,,0.00,750.00,,PV,Unknown,0.00,680.00,850.00,125%,91%,2019,,,6/30/2021,35.50722785
SECI ISTS 1.2GW Solar (ISTS-III),Completed,India,India,Solar,,Auction,Pay_As_Bid,Power_Purchase_Agreement,25.00,0.00,INR,Fixed,,2585.00,36.71,,0.00,1200.00,,PV,Unknown,0.00,1200.00,1500.00,125%,100%,2019,,,3/31/2021,36.7144736
SECI ISTS 1.2GW Solar (ISTS-IV),Completed,India,India,Solar,,Auction,Pay_As_Bid,Power_Purchase_Agreement,25.00,0.00,INR,Fixed,,2540.00,36.08,,0.00,1200.00,,PV,Unknown,0.00,1150.00,1800.00,157%,96%,2019,,,6/30/2021,36.0753435
SECI ISTS 1.2GW Wind Solar Hybrid Tranche II,Completed,India,India,Renewables_Other,,Auction,Pay_As_Bid,Power_Purchase_Agreement,25.00,0.00,INR,Fixed,,2690.00,38.21,,0.00,1200.00,,Solar and wind,Unknown,0.00,600.00,900.00,150%,50%,2019,,,5/30/2021,38.20577717
SECI ISTS Wind Tranche VII,Completed,India,India,Wind,,Auction,Pay_As_Bid,Power_Purchase_Agreement,25.00,0.00,INR,Fixed,,2809.00,39.90,,0.00,1200.00,,Onshore wind,Unknown,0.00,480.00,600.00,125%,40%,2019,,,3/31/2021,39.89592121
SECI ISTS Wind Tranche VIII,Completed,India,India,Wind,,Auction,Pay_As_Bid,Power_Purchase_Agreement,25.00,0.00,INR,Fixed,,2834.31,40.26,,0.00,1800.00,,Onshore wind,Unknown,0.00,441.00,550.00,125%,25%,2019,,,12/31/2021,40.25539639
Tata Power Distribution Company 150MW Solar,Completed,India,India,Solar,,Auction,Pay_As_Bid,Power_Purchase_Agreement,25.00,0.00,INR,Fixed,,2830.00,40.19,,0.00,150.00,,PV,Unknown,0.00,150.00,150.00,100%,100%,2019,,,6/30/2021,40.19418193
UPNEDA Grid connected 500MW Solar,Completed,India,India,Solar,,Auction,Pay_As_Bid,Power_Purchase_Agreement,25.00,0.00,INR,Fixed,,3033.00,43.08,,0.00,500.00,,PV,Unknown,0.00,72.00,90.00,125%,14%,2019,,,6/30/2021,43.07736883
Adani Electricity Mumbai Ltd 350MW Hybrid,Completed,India,India,Solar,,Auction,Pay_As_Bid,Power_Purchase_Agreement,25.00,0.00,INR,Fixed,,3240.00,43.74,,0.00,350.00,,PV,Unknown,0.00,700.00,700.00,100%,200%,2020,,,3/31/2022,43.7387447
APGECL Chakryapet 600MW PV,Cancelled,India,India,Solar,,Auction,Pay_As_Bid,Power_Purchase_Agreement,25.00,0.00,INR,Unknown,"Selection of Solar Power Developers for development of 600 MW of grid connected Solar Photo Voltaic Projects [Ultra Mega Solar Power Project (UMSPP)] for APGECL at Chakrayapet Ultra Mega Solar Park in Chakrayapet Mandal, YSR Kadapa District, Andhra Pradesh",,,,0.00,600.00,,PV,Unknown,,0.00,,,,2020,2020,11/30/2020,,
APGECL CS Puram 600MW PV,Cancelled,India,India,Solar,,Auction,Pay_As_Bid,Power_Purchase_Agreement,25.00,0.00,INR,Unknown,"Selection of Solar Power Developers for development of 600 MW of grid connected Solar Photo Voltaic Projects [Ultra Mega Solar Power Project (UMSPP)] for APGECL at CS Puram Ultra Mega Solar Park in CS Puram Mandal, Prakasam District, Andhra Pradesh",,,,0.00,600.00,,PV,Unknown,,0.00,,,,2020,2020,11/30/2020,,
APGECL Kambadur 1200MW PV,Cancelled,India,India,Solar,,Auction,Pay_As_Bid,Power_Purchase_Agreement,25.00,0.00,INR,Unknown,"Selection of Solar Power Developers for development of 1,200 MW of grid connected Solar Photo Voltaic Projects [Ultra Mega Solar Power Project (UMSPP)] for APGECL at Kambadur Ultra Mega Solar Park",,,,0.00,1200.00,,PV,Unknown,,0.00,,,,2020,2020,11/30/2020,,
APGECL Kolimigundla 600MW PV,Cancelled,India,India,Solar,,Auction,Pay_As_Bid,Power_Purchase_Agreement,25.00,0.00,INR,Unknown,"Selection of Solar Power Developers for development of 600 MW of grid connected Solar Photo Voltaic Projects [Ultra Mega Solar Power Project (UMSPP)] for APGECL at Kolimigundla Ultra Mega Solar Park in Kolimigundla Mandal, Kurnool District, Andhra Pradesh",,,,0.00,600.00,,PV,Unknown,,0.00,,,,2020,2020,11/30/2020,,
APGECL Mudigubba 600MW PV,Cancelled,India,India,Solar,,Auction,Pay_As_Bid,Power_Purchase_Agreement,25.00,0.00,INR,Unknown,"Selection of Solar Power Developers for development of 600 MW of grid connected Solar Photo Voltaic Projects [Ultra Mega Solar Power Project (UMSPP)] for APGECL at Mudigubba Ultra Mega Solar Park in Mudigubba Mandal, Anantapuram District, Andhra Pradesh",,,,0.00,600.00,,PV,Unknown,,0.00,,,,2020,2020,11/30/2020,,
APGECL Mylavaram 600MW PV,Cancelled,India,India,Solar,,Auction,Pay_As_Bid,Power_Purchase_Agreement,25.00,0.00,INR,Unknown,"Selection of Solar Power Developers for development of 600 MW of grid connected Solar Photo Voltaic Projects [Ultra Mega Solar Power Project (UMSPP)] for APGECL at M.Kambaladinne Ultra Mega Solar Park in Mylavaram Mandal, YSR Kadapa District, Andhra Pradesh",,,,0.00,600.00,,PV,Unknown,,0.00,,,,2020,2020,11/30/2020,,
APGECL Pendlimarri 600MW PV,Cancelled,India,India,Solar,,Auction,Pay_As_Bid,Power_Purchase_Agreement,25.00,0.00,INR,Unknown,"Selection of Solar Power Developers for development of 600 MW of grid connected Solar Photo Voltaic Projects [Ultra Mega Solar Power Project (UMSPP)] for APGECL at Pendlimarri Ultra Mega Solar Park in Pendlimarri Mandal, YSR Kadapa District, Andhra Pradesh",,,,0.00,600.00,,PV,Unknown,,0.00,,,,2020,2020,11/30/2020,,
APGECL Rudrasamudram 600MW PV,Cancelled,India,India,Solar,,Auction,Pay_As_Bid,Power_Purchase_Agreement,25.00,0.00,INR,Unknown,"Selection of Solar Power Developers for development of 600 MW of grid connected Solar Photo Voltaic Projects [Ultra Mega Solar Power Project (UMSPP)] for APGECL at Rudrasamudram Ultra Mega Solar Park in Donakonda Mandal, Prakasam District, Andhra Pradesh",,,,0.00,600.00,,PV,Unknown,,0.00,,,,2020,2020,11/30/2020,,
APGECL Thondur 400MW PV,Cancelled,India,India,Solar,,Auction,Pay_As_Bid,Power_Purchase_Agreement,25.00,0.00,INR,Unknown,"Selection of Solar Power Developers for development of 400 MW of grid connected Solar Photo Voltaic Projects [Ultra Mega Solar Power Project (UMSPP)] for APGECL at Thondur Ultra Mega Solar Park in Thondur Mandal, YSR Kadapa District, Andhra Pradesh",,,,0.00,400.00,,PV,Unknown,,0.00,,,,2020,2020,11/30/2020,,
APGECL Uruchintala 600MW PV,Cancelled,India,India,Solar,,Auction,Pay_As_Bid,Power_Purchase_Agreement,25.00,0.00,INR,Unknown,"Selection of Solar Power Developers for development of 600 MW of grid connected Solar Photo Voltaic Projects [Ultra Mega Solar Power Project (UMSPP)] for APGECL at Uruchintala Ultra Mega Solar Park in Tadipatri Mandal, Anantapuram District, Andhra Pradesh",,,,0.00,600.00,,PV,Unknown,,0.00,,,,2020,2020,11/30/2020,,
GUVNL 100MW Raghanesda Solar Park Phase X,Completed,India,India,Solar,,Auction,Pay_As_Bid,Power_Purchase_Agreement,25.00,0.00,INR,Fixed,,2730.00,36.85,,0.00,100.00,,PV,Unknown,0.00,100.00,100.00,100%,100%,2020,,,6/30/2022,36.85394229
GUVNL 500MW Phase XI Solar PV,Completed,India,India,Solar,,Auction,Pay_As_Bid,Power_Purchase_Agreement,25.00,0.00,INR,Fixed,,1990.00,26.86,,0.00,500.00,,PV,Unknown,0.00,500.00,520.00,104%,100%,2020,,,9/30/2022,26.864229
GUVNL 500MW Solar,Completed,India,India,Solar,,Auction,Pay_As_Bid,Power_Purchase_Agreement,25.00,0.00,INR,Fixed,,2631.11,35.52,,0.00,500.00,,PV,Unknown,0.00,350.00,430.00,123%,70%,2020,,,12/31/2021,35.51896561
GUVNL 700MW Dholera Solar Park Phase IX,Completed,India,India,Solar,,Auction,Pay_As_Bid,Power_Purchase_Agreement,25.00,0.00,INR,Fixed,,2794.29,37.72,,0.00,700.00,,PV,Unknown,0.00,700.00,1000.00,143%,100%,2020,,,6/30/2022,37.72183238
Kalpong Dam 4MW Floating Solar with 2MW/1MWh BESS,Completed,India,India,Solar,,Auction,Pay_As_Bid,Power_Purchase_Agreement,25.00,0.00,INR,Fixed,,,,,0.00,4.00,,PV,Unknown,0.00,4.00,4.00,100%,100%,2020,,,9/30/2022,
KSEB 200MW Solar PV,Completed,India,India,Solar,,Auction,Pay_As_Bid,Power_Purchase_Agreement,25.00,0.00,INR,Fixed,,2970.00,40.09,,0.00,200.00,,PV,Unknown,0.00,200.00,200.00,100%,100%,2020,,,9/30/2022,40.09384931
MSEDCL 1350MW Solar,Completed,India,India,Solar,,Auction,Pay_As_Bid,Power_Purchase_Agreement,25.00,0.00,INR,Fixed,,3297.74,44.52,,0.00,1350.00,,PV,Unknown,0.00,283.00,283.00,100%,21%,2020,,,3/31/2022,44.51821233
MSEDCL 500MW Solar Phase V,Completed,India,India,Solar,,Auction,Pay_As_Bid,Power_Purchase_Agreement,25.00,0.00,INR,Fixed,,2900.00,39.15,,0.00,500.00,,PV,Unknown,0.00,350.00,350.00,100%,70%,2020,,,3/31/2022,39.14887643
NHPC 2000MW Solar,Completed,India,India,Solar,,Auction,Pay_As_Bid,Power_Purchase_Agreement,25.00,0.00,INR,Fixed,,2551.60,34.45,,0.00,2000.00,,PV,Unknown,0.00,2000.00,2600.00,130%,100%,2020,,,12/31/2022,34.44561141
NTPC 1200MW ISTS-Connected Solar ,Completed,India,India,Solar,,Auction,Pay_As_Bid,Power_Purchase_Agreement,25.00,0.00,INR,Fixed,,2430.85,32.82,,0.00,1200.00,,PV,Unknown,0.00,1170.00,1170.00,100%,98%,2020,,,6/30/2022,32.81553319
SECI 1070MW Solar PV,Completed,India,India,Solar,,Auction,Pay_As_Bid,Power_Purchase_Agreement,25.00,0.00,INR,Fixed,,2004.39,27.06,,0.00,1070.00,,PV,Unknown,0.00,1070.00,4350.00,407%,100%,2020,,,9/30/2022,27.05848842
SECI 10MW PV Solar,Completed,India,India,Solar,,Auction,Pay_As_Bid,Power_Purchase_Agreement,25.00,0.00,INR,Fixed,,2580.00,34.83,,0.00,10.00,,PV,Unknown,0.00,10.00,10.00,100%,100%,2020,,,6/30/2022,34.82900041
SECI 1200MW ISTS-Connected Solar (ISTS-VII),Completed,India,India,Solar,,Auction,Pay_As_Bid,Power_Purchase_Agreement,25.00,0.00,INR,Fixed,,4102.00,55.38,,0.00,1200.00,,PV,Unknown,0.00,1200.00,1620.00,135%,100%,2020,,,6/30/2022,55.37541073
SECI 1200MW ISTS-Connected Solar (ISTS-VIII),Completed,India,India,Solar,,Auction,Pay_As_Bid,Power_Purchase_Agreement,25.00,0.00,INR,Fixed,,2501.67,33.77,,0.00,1200.00,,PV,Unknown,0.00,1200.00,3100.00,258%,100%,2020,,,3/31/2022,33.77157576
SECI 1200MW Wind Solar Hybrid Tranche III,Completed,India,India,Renewables_Other,,Auction,Pay_As_Bid,Power_Purchase_Agreement,25.00,0.00,INR,Fixed,,2410.75,32.54,,0.00,1200.00,,Solar and wind,Unknown,0.00,1200.00,3310.00,276%,100%,2020,,,9/30/2022,32.54419098
SECI 2000MW ISTS-Connected Solar (Tranche IX),Completed,India,India,Solar,,Auction,Pay_As_Bid,Power_Purchase_Agreement,25.00,0.00,INR,Fixed,,2372.00,32.02,,0.00,2000.00,,PV,Unknown,0.00,2000.00,3800.00,190%,100%,2020,,,12/31/2022,32.02108099
SECI 2000MW ISTS-Connected Wind (Tranche IX),Completed,India,India,Wind,,Auction,Pay_As_Bid,Power_Purchase_Agreement,25.00,0.00,INR,Fixed,,2998.35,40.48,,0.00,2500.00,,Onshore wind,Unknown,0.00,970.00,1210.00,125%,39%,2020,,,6/30/2022,40.47656332
SECI 400MW RTC RE Power,Completed,India,India,Renewables_Other,,Auction,Pay_As_Bid,Power_Purchase_Agreement,25.00,0.00,INR,Fixed,,3600.00,48.60,,0.00,400.00,,Unknown technology,Unknown,0.00,400.00,850.00,213%,100%,2020,,,3/31/2022,48.59860522
Tata Power 225MW Wind-Solar Hybrid,Completed,India,India,Renewables_Other,,Auction,Pay_As_Bid,Power_Purchase_Agreement,25.00,0.00,INR,Fixed,,2590.00,34.96,,0.00,225.00,,Solar and wind,Unknown,0.00,225.00,225.00,100%,100%,2020,,,6/30/2022,34.96399653
BREDA 250MW PV,Completed,India,India,Solar,,Auction,Pay_As_Bid,Power_Purchase_Agreement,25.00,0.00,INR,Unknown,Procurement of power from Grid connected solar PV projects through tariff based competitive bidding for a total of 250MW,3110.00,42.07,,0.00,250.00,,PV,Unknown,0.00,200.00,200.00,100%,80%,2021,2020,12/28/2020,,42.0677304
GUVNL Tranche XII 500MW PV,Completed,India,India,Solar,,Auction,Pay_As_Bid,Power_Purchase_Agreement,25.00,0.00,INR,Fixed,,2201.40,29.78,,0.00,500.00,,PV,Unknown,0.00,500.00,1010.00,202%,100%,2021,,,12/30/2022,29.77746035
GUVNL Tranche X-R 100MW PV,Completed,India,India,Solar,,Auction,Pay_As_Bid,Power_Purchase_Agreement,25.00,0.00,INR,Fixed,,2640.00,35.71,,0.00,100.00,,PV,Unknown,0.00,100.00,100.00,100%,100%,2021,,,9/30/2023,35.71022773
IREDA 5GW Solar under CPSU scheme Phase II Tranche III,Completed,India,India,Solar,,Auction,Pay_As_Bid,Power_Purchase_Agreement,25.00,0.00,INR,Fixed,Capital subsidy allocation.,,,,0.00,5000.00,,PV,Unknown,0.00,6200.00,6960.00,112%,124%,2021,,,,
MAHAGENCO 250MW PV,Completed,India,India,Solar,,Auction,Pay_As_Bid,Power_Purchase_Agreement,25.00,0.00,INR,Fixed,,2510.00,33.95,,0.00,250.00,,PV,Unknown,0.00,250.00,250.00,100%,100%,2021,,,3/31/2023,33.95176955
MCGM 100MW Solar Hydro Hybrid,Completed,India,India,Renewables_Other,,Auction,Pay_As_Bid,Power_Purchase_Agreement,25.00,0.00,INR,Unknown,Development of Renewable Hybrid Energy Project Facilities of Hydro Electric Power Plant and Floating Solar PV Power Project at Middle Vaitarna Dam,4750.00,64.25,,0.00,100.00,,Unknown technology,Unknown,,80.00,,#N/A,80%,2021,,11/18/2020,,64.25135672
MSEDCL 500MW Hybrid,Completed,India,India,Renewables_Other,,Auction,Pay_As_Bid,Power_Purchase_Agreement,25.00,0.00,INR,Fixed,,2620.00,35.44,,0.00,500.00,,Unknown technology,Unknown,0.00,500.00,1450.00,290%,100%,2021,,,3/31/2023,35.43969571
MSEDCL 500MW Solar (2021),Completed,India,India,Solar,,Auction,Pay_As_Bid,Power_Purchase_Agreement,25.00,0.00,INR,Fixed,,2424.00,32.79,,0.00,500.00,,PV,Unknown,0.00,500.00,3065.00,613%,100%,2021,,,3/31/2023,32.78848183
MSEDCL Tranche II 300MW Wind,Completed,India,India,Wind,,Auction,Pay_As_Bid,Power_Purchase_Agreement,25.00,0.00,INR,Fixed,,3434.00,46.45,,0.00,300.00,,Onshore wind,Unknown,0.00,300.00,300.00,100%,100%,2021,,,,46.45034926
NTPC Nokh Solar Park 190MW PV,Completed,India,India,Solar,,Auction,Pay_As_Bid,Power_Purchase_Agreement,25.00,0.00,INR,Fixed,,2250.00,30.43,,0.00,190.00,,PV,Unknown,0.00,190.00,190.00,100%,100%,2021,,,9/30/2022,30.43485318
PSPCL 250 MW Punjab Solar,Completed,India,India,Solar,,Auction,Pay_As_Bid,Power_Purchase_Agreement,25.00,0.00,INR,Fixed,,2676.66,36.21,,,250.00,,PV,Unknown,,150.00,150.00,100%,60%,2021,,,,36.20611294
PSPCL Pan India 250 MW solar,Completed,India,India,Solar,,Auction,Pay_As_Bid,Power_Purchase_Agreement,25.00,0.00,INR,Fixed,,2336.00,31.60,,0.00,250.00,,PV,Unknown,0.00,250.00,250.00,100%,100%,2021,2021,,,31.5981409
Rewa Ultra Mega Solar Park Agar 550MW Solar,Completed,India,India,Solar,,Auction,Pay_As_Bid,Power_Purchase_Agreement,25.00,0.00,INR,Fixed,Auction by Rewa Ultra Mega Solar Park Ltd for 550MW of PV projects in Agar solar park,2447.27,33.10,,0.00,550.00,,PV,Unknown,0.00,550.00,3150.00,573%,100%,2021,,,,33.10324584
Rewa Ultra Mega Solar Park Shajapur 450MW Solar,Completed,India,India,Solar,,Auction,Pay_As_Bid,Power_Purchase_Agreement,25.00,0.00,INR,Fixed,Auction by Rewa Ultra Mega Solar Park Ltd for 450MW of PV projects in Shajapur solar park,2337.17,31.61,,0.00,450.00,,PV,Unknown,0.00,450.00,1755.00,390%,100%,2021,,,,31.61396703
RUMSL - 500MW Neemuch solar park,Completed,India,India,Solar,,Auction,Pay_As_Bid,Power_Purchase_Agreement,25.00,0.00,INR,Fixed,Auction by Rewa Ultra Mega Solar Park Ltd for 500MW of PV projects in Neemuch solar park,2146.28,29.03,,0.00,500.00,,PV,Unknown,0.00,500.00,3340.00,668%,100%,2021,,,,29.03187408
SECI 1200MW ISTS Wind-Solar Hybrid Tranche IV,Completed,India,India,Renewables_Other,,Auction,Pay_As_Bid,Power_Purchase_Agreement,25.00,0.00,INR,Fixed,,2341.25,31.67,,0.00,1200.00,,Solar and wind,Unknown,0.00,1200.00,1200.00,100%,100%,2021,,,9/30/2023,31.66915556
SECI 1200MW Wind Tranche XI,Completed,India,India,Wind,,Auction,Pay_As_Bid,Power_Purchase_Agreement,25.00,0.00,INR,Fixed,,2692.66,36.42,,0.00,1200.00,,Onshore wind,Unknown,0.00,1200.00,2600.00,217%,100%,2021,,,9/1/2023,36.42253856
SECI 2500MW RTC Power with Coal based Thermal (RTC-II),Completed,India,India,Renewables_Other,,Auction,Pay_As_Bid,Power_Purchase_Agreement,25.00,0.00,INR,Indexed,,3202.49,43.32,,0.00,2500.00,,Unknown technology,Unknown,0.00,2500.00,2500.00,100%,100%,2021,,,3/1/2024,43.31880576
SECI Rajasthan Tranche IV,Completed,India,India,Solar,,Auction,Pay_As_Bid,Power_Purchase_Agreement,25.00,0.00,INR,Fixed,Selection of Solar Power Developers for setting up 1785MW of solar PV Projects in Rajasthan Tranche IV,2175.46,29.43,,0.00,1785.00,,PV,Unknown,0.00,1765.00,1785.00,101%,99%,2021,,,9/30/2023,29.42658031
SECI Tranche X Wind,Completed,India,India,Wind,,Auction,Pay_As_Bid,Power_Purchase_Agreement,25.00,0.00,INR,Fixed,,2777.50,37.57,,0.00,1200.00,,Onshore wind,Unknown,0.00,1200.00,3150.00,263%,100%,2021,,,3/31/2023,37.57013543
Torrent Power 300MW Solar,Completed,India,India,Solar,,Auction,Pay_As_Bid,Power_Purchase_Agreement,25.00,0.00,INR,Fixed,,2220.00,30.03,,0.00,300.00,,PV,Unknown,0.00,450.00,450.00,100%,150%,2021,,,9/30/2022,30.02905514
UPNEDA 200MW Solar PV,Completed,India,India,Solar,,Auction,Pay_As_Bid,Power_Purchase_Agreement,25.00,0.00,INR,Fixed,"selection of Solar Project Developers for setting up
of total 200 MW capacity Grid connected SPV Power Projects in UP Solar Park located at Kanpur
Dehat and Jalaun districts of Uttar Pradesh",2980.00,40.31,,0.00,200.00,,PV,Unknown,0.00,125.00,200.00,160%,63%,2021,2021,9/9/2021,,40.30927221
UPNEDA 275MW Solar PV,Completed,India,India,Solar,,Auction,Pay_As_Bid,Power_Purchase_Agreement,25.00,0.00,INR,Fixed,,2680.00,36.25,,0.00,275.00,,PV,Unknown,0.00,75.00,75.00,100%,27%,2021,,,3/31/2023,36.25129179
WBPDCL 5MW Solar,Cancelled,India,India,Solar,,Auction,Pay_As_Bid,Power_Purchase_Agreement,25.00,0.00,INR,Fixed,Bids Invited to Set Up a 5 MW Floating Solar Project at  Santhaldih Thermal Power Station.,,,,0.00,5.00,,PV,Unknown,,0.00,,,,2021,2021,2/24/2021,,
SECI IV 1.2GW hybrid ,Completed,India,India,Renewables_Other,,Auction,Unknown,Unknown,25.00,0.00,INR,Fixed,,,,,,1200.00,,Solar and wind,0,,950.00,,0%,79%,2021,2021,,,
"GUVNL - III 500MW, Wind , Gujarat ",Completed,India,India,Wind,,Auction,Pay_As_Bid,Power_Purchase_Agreement,25.00,0.00,INR,Fixed,Tender to purchase power from 500MW grid connected wind project to be set up in Gujarat with a horse shoe option of additional upto 500MW,2873.60,36.53,,,1000.00,,Onshore wind,Unknown,,1000.00,1000.00,100%,100%,2022,2022,,,36.53144506
GUVNL - XVI 750MW ,Completed,India,India,Solar,,Auction,Pay_As_Bid,Power_Purchase_Agreement,25.00,0.00,INR,Fixed,Rfs for purchase of power from 750MW grod connected solar projects with greenshoe option. The minimum capacity should be 25MW.,2490.00,31.65,,,750.00,,PV,Unknown,,520.00,520.00,100%,69%,2022,2022,,,31.65482259
GUVNL Phase XIV 500 MW,Completed,India,India,Solar,,Auction,Pay_As_Bid,Power_Purchase_Agreement,25.00,0.00,INR,Unknown,Bid for procurement of 500 MW solar power in Gujarat,2301.60,29.26,,0.00,500.00,,PV,Unknown,,1000.00,1000.00,100%,200%,2022,2022,,,29.25973481
GUVNL Tranche XIII Solar,Completed,India,India,Solar,,Project_Tender,Unknown,Power_Purchase_Agreement,,,INR,Unknown,Tender to develop 500 MW solar power in Gujarat,2290.00,29.11,,0.00,500.00,,PV,Unknown,0.00,500.00,500.00,100%,100%,2022,2022,,,29.11226656
KSEB 10MW/20MWh BESS Kerala,Completed,India,India,Energy_Storage,,Auction,Pay_As_Bid,Power_Purchase_Agreement,25.00,0.00,INR,Fixed,,,,,,10.00,,Battery storage,Unknown,,10.00,10.00,100%,100%,2022,2021,,,
MSEDCL 250MW Renewable Power with  Energy Storage,Completed,India,India,Renewables_Other,,Auction,Pay_As_Bid,Power_Purchase_Agreement,25.00,0.00,INR,Fixed,MSEDCL has invited bids to procure 250MW of power from renewable projects with energy storage facility with green shoe option,9000.00,114.42,,,250.00,,Unknown technology,Unknown,,250.00,250.00,100%,100%,2022,2022,,,114.4150214
MSEDCL 500 MW Phase VII Solar,Completed,India,India,Solar,,Auction,Pay_As_Bid,Power_Purchase_Agreement,25.00,0.00,INR,Fixed,"Bid to design, finance, procure land, construction, O&M ",2904.00,36.92,,,500.00,,PV,Unknown,,500.00,500.00,100%,100%,2022,2022,,,36.91791358
MSEDCL Phase IX - 500MW Solar,Completed,India,India,Solar,,Auction,Pay_As_Bid,Power_Purchase_Agreement,25.00,0.00,INR,Fixed,MSEDCL has invited bids to procure 500MW of power ,2948.00,37.48,,,500.00,,PV,Unknown,,500.00,500.00,100%,100%,2022,2022,,,37.47727591
MSEDCL VIII Solar - 500MW,Completed,India,India,Solar,,Auction,Pay_As_Bid,Power_Purchase_Agreement,25.00,0.00,INR,Fixed,MSEDCL has inveited bids for 500MW grid connected solar PV projects,2826.00,35.93,,,500.00,,PV,Unknown,,500.00,500.00,100%,100%,2022,2022,,,35.92631673
MSPGCL 105MW floating,Completed,India,India,Solar,,Auction,Pay_As_Bid,Unknown,,,INR,Unknown,"Bids for selection of solar project developer for setting up 105MW grid connected floating solar PV at Erai Dam, Chandrapur Maharashtra",,,,,105.00,,PV,Unknown,,105.00,105.00,100%,100%,2022,2022,,,
REMCL 50MW Wind,Completed,India,India,Wind,,Auction,Pay_As_Bid,Power_Purchase_Agreement,25.00,0.00,INR,Fixed,,3110.00,39.54,,,50.00,,Onshore wind,Unknown,,50.00,50.00,100%,100%,2022,2021,,,39.53674629
RUMSL - 750MW Hybrid Madhya Pradesh,Cancelled,India,India,Renewables_Other,,Project_Tender,Unknown,Power_Purchase_Agreement,,,INR,Unknown,Bid for development of 750 MW grid connected wind solar hybrid power projects in Madhya Pradesh,,,,0.00,750.00,,Unknown technology,Unknown,,750.00,750.00,100%,100%,2022,2022,,,
RUMSL floating Omkareshwar Phase - I Solar,Completed,India,India,Solar,,Auction,Pay_As_Bid,Power_Purchase_Agreement,25.00,0.00,INR,Fixed,The Rewa Ultra Mega Solar Limited (RUMSL) has invited bids to develop a 600 MW floating solar park at the Omkareshwar reservoir in Madhya Pradesh.,3229.00,41.05,,0.00,600.00,,PV,Unknown,,290.00,290.00,100%,48%,2022,,,,41.04956713
SECI 1200MW ISTS Wind-Solar Hybrid Tranche V,Completed,India,India,Renewables_Other,,Auction,Pay_As_Bid,Power_Purchase_Agreement,25.00,0.00,INR,Fixed,RfS for 1200 MW ISTS-conencted Wind-Solar Hybrid Power Projects in India (Tranche-V) under Tariff-based competitive bidding has been issued,2530.00,32.16,,0.00,1200.00,,Solar and wind,Unknown,,1170.00,1170.00,100%,98%,2022,2022,,,32.1633338
SECI 1200MW Wind - Tranche XIII,Completed,India,India,Wind,,Auction,Pay_As_Bid,Power_Purchase_Agreement,25.00,0.00,INR,Fixed,"Bids to develop 1,200 MW ISTS wind power projects in India",2941.17,37.39,,,1200.00,,Onshore wind,Unknown,,600.00,600.00,100%,50%,2022,2022,,,37.39044762
SECI 15MW Floating Solar,Completed,India,India,Solar,,Auction,Pay_As_Bid,Power_Purchase_Agreement,25.00,0.00,INR,Unknown,"Selection of project developer for 15MW Floating solar PV Plant at Nangal Pond, Bilaspur district under Domestic competitive bidding",3260.00,41.44,,0.00,15.00,,PV,Unknown,0.00,15.00,15.00,100%,100%,2022,2020,3-Jul-20,,41.44366331
SECI 2500MW ISTS-Connected Solar (Tranche X),Completed,India,India,Solar,,Auction,Pay_As_Bid,Power_Purchase_Agreement,25.00,0.00,INR,Unknown,"Selection of developers for 2500MW ISTS connected Solar PV projects under Tariff based competitive bidding for  Ultra Mega Renewable Energy Power Park in Koppal, Karnataka (ISTS X). In September 2021, tender was downsized to 1,200MW.",2360.00,30.00,,0.00,1200.00,,PV,Unknown,0.00,1200.00,1200.00,100%,100%,2022,2020,6/25/2020,,30.00216117
SECI 500MW/1GWh Rajasthan,Completed,India,India,Energy_Storage,,Auction,Pay_As_Bid,Power_Purchase_Agreement,25.00,0.00,INR,Fixed,Bid to develop 500 MW BESS with 1000 MWh of storage capacity in Rajasthan,,,,,500.00,,Battery storage,Unknown,,500.00,500.00,100%,100%,2022,2022,,,
SECI Tranche XII Wind,Completed,India,India,Wind,,Auction,Pay_As_Bid,Power_Purchase_Agreement,25.00,0.00,INR,Fixed,RfS for Selection of Wind Power Developers for Setting up of 1200 MW ISTS-connected Wind Power Projects (Tranche-XII),2928.18,37.23,,0.00,1200.00,,Onshore wind,Unknown,,1100.00,1100.00,100%,92%,2022,2021,,,37.2253086
TPDDL 255 MW Wind Solar Hybrid with green shoe option,Completed,India,India,Renewables_Other,,Auction,Pay_As_Bid,Power_Purchase_Agreement,25.00,0.00,INR,Fixed,TPDDL has invited bids to set up 225MW of hybrid projects Pan India with a green shoe option of additional 225MW,3000.00,38.14,,,255.00,,Solar and wind,Unknown,,255.00,255.00,100%,100%,2022,2022,,,38.13834047
APDCL 200MW solar Assam,Completed,India,India,Solar,,Auction,Pay_As_Bid,Power_Purchase_Agreement,25.00,0.00,INR,Unknown,APDCL has invited bids for 200MW grid connected solar PV projects in Assam,3900.00,47.22,,,200.00,,PV,Unknown,,200.00,200.00,100%,100%,2023,2023,,,47.21549637
APDCL 50MW Solar Assam,Completed,India,India,Solar,,Auction,Pay_As_Bid,Power_Purchase_Agreement,25.00,0.00,INR,Unknown,APDCL has invited bids for 50MW grid connected solar PV projects in Assam,3920.00,47.46,,,50.00,,PV,Unknown,,50.00,50.00,100%,100%,2023,2023,,,47.45762712
APDCL 70MW Solar Assam,Completed,India,India,Solar,,Auction,Pay_As_Bid,Power_Purchase_Agreement,25.00,0.00,INR,Unknown,APDCL has invited bids for 70MW grid connected solar PV projects in Assam,3920.00,47.46,,,70.00,,PV,Unknown,,70.00,70.00,100%,100%,2023,2023,,,47.45762712
Bhakra Beas 18MW PV,Cancelled,India,India,Solar,,Auction,Pay_As_Bid,Power_Purchase_Agreement,25.00,0.00,INR,Fixed,Punjab Energy Development Agency (PEDA) on behalf of Bhakra Beas Management Board (BBMB) is selecting IPPs to setup 4 Number 18 MW Cummulative Grid Connected Solar PV Power Projects solar power plant on Build Own and Operate (BOO) basis ,,,,0.00,18.00,,PV,Unknown,,,,,,2023,2021,,,
CESC 150MW hybrid Pan India,Completed,India,India,Renewables_Other,,Auction,Pay_As_Bid,Power_Purchase_Agreement,25.00,0.00,INR,Unknown,CESC has invited bids to develop 150MW wind solar hybrid power projects anywhere in India.,3070.00,37.17,,,150.00,,Solar and wind,Unknown,,150.00,150.00,100%,100%,2023,2023,,,37.16707022
DMRC 2MWp Solar PV,Cancelled,India,India,Solar,,Auction,Pay_As_Bid,Power_Purchase_Agreement,25.00,0.00,INR,Fixed,"Contract CE/SPV-08: Design, Engineering, Supply, Storage, Civil work, Erection of suitable raised structure, Installation, Testing and Commissioning of the 2 MWp Rooftop Solar PV project including Operation and Comprehensive Maintenance (O&M) of the project in RESCO Model for a period of 25 years on Staff Quarters and Other RCC Building of DMRC Ltd",,,,0.00,2.00,,PV,Unknown,,,,,,2023,2021,1/8/2021,,
EESL 70MW PV Solar,Cancelled,India,India,Solar,,Auction,Pay_As_Bid,Power_Purchase_Agreement,25.00,0.00,INR,Fixed,"Design, Engineering, Supply and construction, commissioning of various Solar Power Generating Systems at various locations in Goa",,,,0.00,70.00,,PV,Unknown,,,,,,2023,2021,2/11/2021,,
GAIL 2.64MW Auraiya Rooftop Solar,Cancelled,India,India,Solar,,Auction,Pay_As_Bid,Power_Purchase_Agreement,25.00,0.00,INR,Fixed,"GAIL Invites Bids for 2.64 MW of Rooftop Solar Projects at its premises in Auraiya district of Uttar Pradesh
",,,,0.00,2.64,,PV,Unknown,,,,,,2023,2021,4/27/2021,,
GUVNL 500MW Wind India (Greenshoe),Completed,India,India,Wind,,Auction,Pay_As_Bid,Power_Purchase_Agreement,25.00,0.00,INR,Unknown,GUVNL has invited bids to procure 500MW of wind  with a greenshoe option of additional 500MW.,3152.50,38.17,,,500.00,,Onshore wind,Unknown,,240.00,,0%,48%,2023,2023,,,38.16585956
GUVNL IV Wind 300 MW  India,Completed,India,India,Wind,,Auction,Pay_As_Bid,Power_Purchase_Agreement,25.00,0.00,INR,Unknown,GUVNL has invited bids for 300MW wind projects with additional green shoe option of 300 MW ,2998.33,36.30,,,300.00,,Onshore wind,Unknown,,300.00,300.00,100%,100%,2023,2022,,,36.29939467
GUVNL Tranche IX-R 700MW PV,Cancelled,India,India,Solar,,Auction,Pay_As_Bid,Power_Purchase_Agreement,25.00,0.00,INR,Fixed,Purchase OF Power Through competitive bidding process followed by reverse e-auction from 700MW grid solar pv project to be developed in 1000MW Dholera Solar Park,,,,0.00,700.00,,PV,Unknown,,,,,,2023,2021,3/15/2021,,
GUVNL XIX solar India (Greenshoe additional 500MW),Completed,India,India,Solar,,Auction,Pay_As_Bid,Power_Purchase_Agreement,25.00,0.00,INR,Unknown,GUVNL has invited bids to procure 500MW of solar to be set up anywhere in India with a greenshoe option of additional 500MW.,2720.40,32.93,,,500.00,,PV,Unknown,,1000.00,1000.00,100%,200%,2023,2023,,,32.9346247
GUVNL XVII 600MW Khavda Solar Park Gujarat (Greenshoe 600MW),Completed,India,India,Solar,,Auction,Pay_As_Bid,Power_Purchase_Agreement,25.00,0.00,INR,Unknown,GUVNL XVII  has invited bids for 600MW with green show option of additional 600MW at Khavda solar Park Gujarat,2781.66,33.68,,,600.00,,PV,Unknown,,1200.00,1200.00,100%,200%,2023,2022,,,33.67627119
GUVNL XVIII 500MW Solar Gujarat,Completed,India,India,Solar,,Auction,Pay_As_Bid,Power_Purchase_Agreement,25.00,0.00,INR,Unknown,GUVNL has invited bids to procure 500MW of grid connected solar  with green shoe option of 500MW,2513.49,30.43,,,500.00,,PV,Unknown,,860.00,,0%,172%,2023,2022,,,30.42966102
GUVNL XX 800MW Khavda solar park (Greenshoe 800MW) ,Completed,India,India,Solar,,Auction,Pay_As_Bid,Power_Purchase_Agreement,25.00,0.00,INR,Unknown,GUVNL has launched a tender to procure 800MW of solar projects in Khavda solar park with an additional 800MW greenshoe option.,2707.78,32.78,,,800.00,,PV,Unknown,,1600.00,1600.00,100%,200%,2023,2023,,,32.78184019
GUVNL XXII solar India,Completed,India,India,Solar,,Auction,Pay_As_Bid,Power_Purchase_Agreement,25.00,0.00,INR,Fixed,GUVNL has invited bids to purchase power from 500MW grid connected renewable project with a green shoe option of 500MW ,2641.28,31.98,,,500.00,,PV,0,,780.00,,#N/A,156%,2023,2023,,,31.97675545
JBVNL 25MW Rooftop Solar,Cancelled,India,India,Solar,,Auction,Pay_As_Bid,Power_Purchase_Agreement,25.00,0.00,INR,Fixed, Jharkhand Bijli Vitran Nigam Limited (JBVNL) has invited bids to empanel agencies to develop 25 MW of residential rooftop solar power projects under the renewable energy service company (RESCO) model.,,,,0.00,25.00,,PV,Unknown,,,,,,2023,2021,4/13/2021,,
Kerala 100MW floating PV,Cancelled,India,India,Solar,,Auction,Pay_As_Bid,Power_Purchase_Agreement,25.00,0.00,INR,Fixed,"Request for Qualification (RFQ) for Setting up of Grid connected Floating Solar Plants in 8 reservoirs owned by KSEBL & 2 reservoirs of Kerala Water Authority on tariff-based bids for a period for 25 years, on Design, Build, Own and Operate Model",,,,0.00,100.00,,PV,Unknown,,,,,,2023,2021,,,
"Maharashtra 1,250MW distributed PV",Cancelled,India,India,Solar,,Auction,Pay_As_Bid,Power_Purchase_Agreement,25.00,0.00,INR,Fixed,"For procurement of 1,250MW (AC) solar power from projects to be developed in Maharashtra through competitive bidding process",,,,0.00,1250.00,,PV,Unknown,,,,,,2023,2021,,,
MANIREDA 50MW Solar,Cancelled,India,India,Solar,,Auction,Pay_As_Bid,Power_Purchase_Agreement,25.00,0.00,INR,Fixed,The Manipur Renewable Energy Development Agency (MANIREDA) has invited bids to set up a 50 MW grid-connected solar project at Jiribam in Manipur. The ceiling tariff for the project has been set at ?3 (~$0.041)/kWh.,,,,0.00,50.00,,PV,Unknown,,,,,,2023,2021,6/9/2021,,
MEDA 1.28MW Nagpur Rooftop Solar,Cancelled,India,India,Solar,,Auction,Pay_As_Bid,Power_Purchase_Agreement,25.00,0.00,INR,Fixed,"The Maharashtra Energy Development Agency (MEDA) has invited bids for the design, supply, installation, testing, and commissioning of 1.28 MW (640 kW X 2) of grid-connected rooftop solar projects with net metering at the Government Medical College and Hospital in Nagpur.",,,,0.00,1.28,,PV,Unknown,,,,,,2023,2021,4/13/2021,,
MPUVNL 40MW Rooftop PV,Cancelled,India,India,Solar,,Auction,Pay_As_Bid,Power_Purchase_Agreement,25.00,0.00,INR,Fixed,"Online Request for Proposal (RfP) for ‘Tender cum Reverse Auction’ for Discovery of Tariff & Selection of Solar Power Developers for Design, Engineering, Supply, Financing, Installation, Testing and Commissioning along with Comprehensive Operation & Maintenance for twenty five (25) Operational Years of Grid Connected Roof Top Solar PV Projects of aggregate capacity of fourty (40) MW, for sale of Solar Power under RESCO Model, at various locations in the state of Madhya Pradesh, India.",,,,0.00,40.00,,PV,Unknown,,,,,,2023,2021,1/19/2021,,
MSEDCL 1300MW Maharashtra Solar,Cancelled,India,India,Solar,,Auction,Pay_As_Bid,Power_Purchase_Agreement,25.00,0.00,INR,Fixed,"The Maharashtra State Electricity Distribution Company Limited (MSEDCL) has invited bids to procure 1,300 MW solar power from projects to be connected at distribution network (11/22 kV) in 29 districts in Maharashtra. The projects will be developed under the ‘Mukhyamantri Saur Krishi Vahini Yojana.’

",,,,0.00,1300.00,,PV,Unknown,,,,,,2023,2021,4/26/2021,,
MSEDCL 500MW Solar (Greenshoe 500MW),Completed,India,India,Solar,,Auction,Pay_As_Bid,Power_Purchase_Agreement,25.00,0.00,INR,Unknown,MSEDCL has invited bids to procure 500MW of grid connected solar power projects with green shoe option of additional 500MW,2878.00,34.84,,,500.00,,PV,Unknown,,500.00,500.00,100%,100%,2023,2023,,,34.84261501
MSEDCL Tranche III 300MW Wind,Cancelled,India,India,Wind,,Auction,Pay_As_Bid,Power_Purchase_Agreement,25.00,0.00,INR,Fixed,"REQUEST FOR SELECTION (RfS)
FOR PROCUREMENT OF 300 MW WIND POWER ON LONG TERM BASIS THROUGH
COMPETITIVE BIDDING PROCESS (FOLLOWED BY REVERSE E- AUCTION) FROM
GRID CONNECTED NEW INTER-STATE AND INTRA-STATE WIND PROJECTS",,,,0.00,300.00,,Onshore wind,Unknown,,,,,,2023,2021,,,
NCRTC11MW Rooftop PV,Cancelled,India,India,Solar,,Auction,Pay_As_Bid,Power_Purchase_Agreement,25.00,0.00,INR,Fixed,"Design, Engineering, Supply, Installation, Testing, Commissioning and Comprehensive Operation & Maintenance of Roof Top Solar PV Project and associated support structure works on RESCO Model for a Period of 25 Years in Delhi – Ghaziabad – Meerut RRTS Corridor of NCRTC",,,,0.00,11.00,,PV,Unknown,,,,,,2023,2021,3/8/2021,,
NHPC 3GW solar  India,Completed,India,India,Solar,,Auction,Pay_As_Bid,Power_Purchase_Agreement,25.00,0.00,INR,Unknown,NHPC has issued Rfs for 3GW ISTS connected solar capacity anywhere in India,2529.17,30.62,,,3000.00,,PV,Unknown,,3000.00,3000.00,100%,100%,2023,2023,,,30.61949153
NOIDA 2.6MW Solar PV,Cancelled,India,India,Solar,,Auction,Pay_As_Bid,Power_Purchase_Agreement,25.00,0.00,INR,Fixed,"Design, Engineering, Procurement & Supply, Erection, Testing, Commissioning and Comprehensive Operation & Maintenance for 25 (Twenty-Five) years of 2.6 MW (AC) Solar PV Plant on RESCO Model at Identified Buildings of NOIDA",,,,0.00,2.60,,PV,Unknown,,,,,,2023,2021,2/25/2021,,
NTPC 1.5GW hybrid India ,Completed,India,India,Renewables_Other,,Auction,Pay_As_Bid,Power_Purchase_Agreement,25.00,0.00,INR,Fixed,NTPC has invited bids to set up 1.5GW of ISTS connected wind solar hybrid power projects in India,3355.23,40.62,,,1500.00,,Solar and wind,0,,1104.00,,#N/A,74%,2023,2023,,,40.62021792
NTPC 1000MW PV Solar,Cancelled,India,India,Solar,,Auction,Pay_As_Bid,Power_Purchase_Agreement,25.00,0.00,INR,Fixed,Invitation for Bids (IFB) for Selection of Solar Power Developers for Setting up 1000 MW ISTS-connected Solar PV Power Projects Anywhere in India,,,,0.00,1000.00,,PV,Unknown,,,,,,2023,2021,4/15/2021,,
NTPC 4MW Solar,Cancelled,India,India,Solar,,Auction,Pay_As_Bid,Power_Purchase_Agreement,25.00,0.00,INR,Fixed,NTPC Limited has invited bids to install a 4 MW ground-mounted solar project with a 1 MW/1 MWh battery energy storage system (BESS) and induction-based cooking system at the NTPC Energy Technology Research Alliance (NETRA) facility in Greater Noida.,,,,0.00,4.00,,PV,Unknown,,,,,,2023,2021,6/14/2021,,
PFC 1.25GW ISTS solar India,Completed,India,India,Solar,,Auction,Pay_As_Bid,Power_Purchase_Agreement,25.00,0.00,INR,Fixed,PFC consulting has invited bids to commission 1.25GW ISTS connected solar projects under the program of floexibility in generating thermal power stations through bundling of renewable energy with storage. The successful bidder will enter into a PPA with NTPC. ,2530.40,30.63,,,1250.00,,PV,0,,1250.00,,#N/A,100%,2023,2023,,,30.63438257
RECPDCL 1.25GW ISTS connected solar India ,Completed,India,India,Solar,,Auction,Pay_As_Bid,Power_Purchase_Agreement,25.00,0.00,INR,Unknown,"RECPDCL has invited bids for setting up 1,250MW of ISTS connected solar projects across India. NTPC will enter into a PPA for 25 years with successful bidders",2554.40,30.92,,,1250.00,,PV,Unknown,,1250.00,1250.00,100%,100%,2023,2022,,,30.92493947
RECPDCL 100MW Wind projects in India,Completed,India,India,Wind,,Auction,Pay_As_Bid,Power_Purchase_Agreement,25.00,0.00,INR,Fixed,RECPDCL has invited bids for selection of wind power developers for setting up 100MW ISTS connected wind projects in India,3585.00,43.40,,,100.00,,Onshore wind,0,,100.00,,#N/A,100%,2023,2023,,,43.40193705
RECPDCL 500 MW ISTS connected solar India ,Completed,India,India,Solar,,Auction,Pay_As_Bid,Power_Purchase_Agreement,25.00,0.00,INR,Unknown,RECPDCL has invited bids for setting up 500 MW of ISTS connected solar projects across India. DVC will enter into a PPA for 25 years with successful bidders,2696.00,32.64,,,500.00,,PV,Unknown,,500.00,500.00,100%,100%,2023,2022,,,32.63922518
REIL 8MW Rajasthan Rooftop Solar,Cancelled,India,India,Solar,,Auction,Pay_As_Bid,Power_Purchase_Agreement,25.00,0.00,INR,Fixed,"The Rajasthan Electronics and Instruments Limited (REIL), a joint venture between the Government of India and the Government of Rajasthan, has invited bids for 8 MW of grid-connected rooftop solar projects.",,,,0.00,8.00,,PV,Unknown,,,,,,2023,2021,4/30/2021,,
REMC 1GW Pan India,Completed,India,India,Solar,,Auction,Pay_As_Bid,Power_Purchase_Agreement,25.00,0.00,INR,Unknown,"REMC has invited bids to install 1GW grid connected renewable projects with or without storage. 
The RE generation can be solar, wind, and hydro. Minimum bid to be from 250MW ",4099.17,49.63,,,1000.00,,PV,Unknown,,960.00,960.00,100%,96%,2023,2022,,,49.62670702
REMCL 150MW Round-the-Clock power,Cancelled,India,India,Renewables_Other,,Auction,Pay_As_Bid,Power_Purchase_Agreement,25.00,0.00,INR,Fixed,"REMC Ltd. for & on behalf of Ministry of Railways invites eligible Bidders to participate in the bidding process for “Selection of Project Developers for Supply of 150 MW of Roundthe-Clock (RTC) Power from Grid-Connected Renewable Energy (RE) Power Projects, complemented with Power from any Other Source or Storage.",,,,0.00,150.00,,Unknown technology,Unknown,,,,,,2023,2021,,,
REMCL 740MW Solar,Cancelled,India,India,Solar,,Auction,Pay_As_Bid,Power_Purchase_Agreement,25.00,0.00,INR,Fixed,Invitation for Bids for setting up a 740MW ground-mount solar project on vacant lands belonging to Indian Railways.,,,,0.00,740.00,,PV,Unknown,,,,,,2023,2021,6/7/2021,,
REMCL15MW Solar,Cancelled,India,India,Solar,,Auction,Pay_As_Bid,Power_Purchase_Agreement,25.00,0.00,INR,Fixed,RFS for 15MW Solar with a 7MW/14MWh BESS at Butibori in Nagpur,,,,0.00,15.00,,PV,Unknown,,,,,,2023,2021,5/31/2021,,
RUMSL floating Omkareshwar Phase - II - 300MW Solar,Completed,India,India,Solar,,Auction,Pay_As_Bid,Power_Purchase_Agreement,25.00,0.00,INR,Unknown,Bids Invited for 300 MW of Floating Solar Projects (Phase -ii) 3*100MW in Madhya Pradesh Omkareshwar reservoir,3825.20,46.31,,,300.00,,PV,Unknown,,250.00,250.00,100%,83%,2023,2022,,,46.30992736
RUVNL 1000MW Solar Rajasthan,Completed,India,India,Solar,,Auction,Pay_As_Bid,Power_Purchase_Agreement,25.00,0.00,INR,Unknown,RUVNL has invited bids for setting up of 1000MW ISTS connected solar power projects in Rajasthan ,2613.00,31.63,,,1000.00,,PV,Unknown,,1000.00,1000.00,100%,100%,2023,2023,,,31.63438257
RUVNL 1200MW Solar with energy storage India,Completed,India,India,Solar,,Auction,Pay_As_Bid,Power_Purchase_Agreement,25.00,0.00,INR,Unknown,RUVNL has invited bids for 1200MW grid connected solar PV projects anywhere in India with a committed supply of atleast 6hours during peak demand from energy storage.,6688.33,80.97,,,1200.00,,PV,Unknown,,600.00,600.00,100%,50%,2023,2023,,,80.97251816
RVUNL 810MW solar tender Bikaner district,Completed,India,India,Solar,,Auction,Pay_As_Bid,Power_Purchase_Agreement,25.00,0.00,INR,Unknown,RVUNL has invited bids to develop 810MW of state transmission utility connected PV projects in Bikaner district,2640.00,31.96,,,810.00,,PV,Unknown,,810.00,,0%,100%,2023,2023,,,31.96125908
SECI - XIV 1200MW Wind India,Completed,India,India,Wind,,Auction,Pay_As_Bid,Power_Purchase_Agreement,25.00,0.00,INR,Unknown,"SECI has invited bids for 1,200MW of ISTS connected wind power projects in India",3223.47,39.03,,,1200.00,,Onshore wind,Unknown,,690.00,690.00,100%,58%,2023,2023,,,39.02506053
SECI 1.2GW wind solar storage hybrid Pan India (Tranche - VI),Completed,India,India,Co_Located,,Auction,Pay_As_Bid,Power_Purchase_Agreement,25.00,0.00,INR,Unknown,SECI has invited bids for 1.2GW wind solar storage hybrid for peak power supply anywhere in India.,4701.50,56.92,,,1200.00,,Solar and wind and storage,Unknown,,1200.00,1200.00,100%,100%,2023,2022,,,56.9188862
SECI 50MW PV,Cancelled,India,India,Solar,,Auction,Pay_As_Bid,Power_Purchase_Agreement,25.00,0.00,INR,Fixed,"Design, Engineering, Supply, Construction, Erection, Testing & Commissioning of 50 MW (AC) Solar PV along with 10 years O&M at Tamil Nadu, India",,,,0.00,50.00,,PV,Unknown,,,,,,2023,2021,1/6/2021,,
SECI XI 2000MW Solar,Completed,India,India,Solar,,Auction,Pay_As_Bid,Power_Purchase_Agreement,25.00,0.00,INR,Unknown,SECI has issued a tender for selection of solar power developers for setting up of 2GW ISTS connected solar power projects in India.,2601.00,31.49,,,2000.00,,PV,Unknown,,2000.00,2000.00,100%,100%,2023,2023,,,31.48910412
SECI XII 1GW solar projects India,Completed,India,India,Solar,,Auction,Pay_As_Bid,Power_Purchase_Agreement,25.00,0.00,INR,Fixed,SECI has issued tender to select aolar power developers for setting up 1GW ISTS solar projects in India,2521.50,30.53,,,1000.00,,PV,0,,1000.00,,#N/A,100%,2023,2023,,,30.52663438
SJVN 1.5GW renewable projects with storage,Completed,India,India,Co_Located,,Auction,Pay_As_Bid,Power_Purchase_Agreement,25.00,0.00,INR,Unknown,SJVN has invited bids to supply 1.5GW power from renewable power projects with energy storage systems. ,4384.50,53.08,,,1500.00,,Solar and wind and storage,Unknown,,1184.00,1300.00,110%,79%,2023,2023,,,53.0811138
Tata Power 225MW hybrid ,Completed,India,India,Renewables_Other,,Auction,Pay_As_Bid,Power_Purchase_Agreement,25.00,0.00,INR,Unknown,Tata Power has invited bids to develop and procure power from 225MW grid connected wind solar hybrid projects with green shoe option of additional capacity of 250MW,3276.66,39.67,,,225.00,,Solar and wind,Unknown,,225.00,225.00,100%,100%,2023,2023,,,39.66900726
TSCL 20MW Floating PV Solar,Cancelled,India,India,Solar,,Auction,Pay_As_Bid,Power_Purchase_Agreement,25.00,0.00,INR,Fixed,Implementation and maintenance of 20MW Floating Solar PV Plant at Bugudanahalli water reservoir in Tumakaru,,,,0.00,20.00,,PV,Unknown,,,,,,2023,2021,2/24/2021,,
UPNEDA 18MW Rooftop PV,Cancelled,India,India,Solar,,Auction,Pay_As_Bid,Power_Purchase_Agreement,25.00,0.00,INR,Fixed,"Design, engineering, supply, construction, erection, testing and commissioning of 18MW rooftop solar on govt buildings in Uttar Pradesh",,,,0.00,18.00,,PV,Unknown,,,,,,2023,2021,3/18/2021,,
UPNEDA 5MW Rooftop Solar,Cancelled,India,India,Solar,,Auction,Pay_As_Bid,Power_Purchase_Agreement,25.00,0.00,INR,Fixed, Uttar Pradesh New and Renewable Energy Development Agency (UPNEDA) has invited online bids for the installation of 5 MW grid-connected rooftop solar projects in Uttar Pradesh.,,,,0.00,5.00,,PV,Unknown,,,,,,2023,2021,6/15/2021,,
 HPPC 500MW solar tender,Delayed,India,India,Solar,,Auction,Pay_As_Bid,Power_Purchase_Agreement,25.00,0.00,INR,Fixed,HPPC has issued a tender for supply of 500MW of solar power from grid connected solar projects in Haryana,,,,,500.00,,PV,0,,,,,,2024,2023,,,
Adani 1500 MW RTC India,Delayed,India,India,Renewables_Other,,Auction,Pay_As_Bid,Unknown,,,INR,Unknown,Bids for supply of 1500MW (750MW + additional 750MW horse shoe) for RTC in India,,,,,1500.00,,Unknown technology,Unknown,,,,,,2024,2022,,,
APDCL 100 MW floating solar Assam,Delayed,India,India,Solar,,Auction,Pay_As_Bid,Unknown,,,INR,Unknown,APDCL has invited bids for 100MW floating solar in Assam,,,,,100.00,,PV,Unknown,,,,,,2024,2022,,,
APDCL 50 MW  solar Assam,Delayed,India,India,Solar,,Auction,Pay_As_Bid,Unknown,,,INR,Unknown,APDCL has invited bids for 50MW floating solar in Assam,,,,,50.00,,PV,Unknown,,,,,,2024,2022,,,
BMC 21MW Neemuch MP Solar,Delayed,India,India,Solar,,Auction,Pay_As_Bid,Power_Purchase_Agreement,25.00,0.00,INR,Fixed,"BMC has invited bids for design, Engineering, supply, construction commission of 21MW (2*10.5MW) at Neemuch MP",,,,,21.00,,PV,Unknown,,,,,,2024,2022,,,
BMRCL 20 MW Rooftop solar ,Delayed,India,India,Solar,,Auction,Pay_As_Bid,Power_Purchase_Agreement,25.00,0.00,INR,Fixed,Bids to install and commission 20 MW grid connected rooftop solar systems at stations and depot buildings under RESCO model,,,,,20.00,,PV,Unknown,,,,,,2024,2022,,,
CIDCO 4.18MW rooftop solar Maharashtra,Delayed,India,India,Solar,,Auction,Pay_As_Bid,Unknown,,,INR,Unknown,CIDCO has invited bids to install 4.18 MW rooftop solar at various properties in Navi Mumbai,,,,,4.18,,PV,Unknown,,,,,,2024,2022,,,
DMRC 1 MW rooftop solar at Khyber pass,Delayed,India,India,Solar,,Auction,Pay_As_Bid,Power_Purchase_Agreement,25.00,0.00,INR,Fixed,"Bid to design, supply, install, commission 1 MW rooftop solar project  under RESCO model",,,,,1.00,,PV,Unknown,,,,,,2024,2022,,,
GUVNL 500MW hybrid India,Completed,India,India,Renewables_Other,,Auction,Pay_As_Bid,Power_Purchase_Agreement,25.00,0.00,INR,Fixed,GUVNL has invited bids to procure power from 500MW hybrid renewable project with a green shoe option of 500MW ,3027.50,36.18,,,500.00,,Solar and wind,Technology specific,,200.00,200.00,100%,40%,2024,2023,,,36.17810982
GUVNL 500MW/1000MWh BESS Gujarat Phase I,Delayed,India,India,Energy_Storage,,Auction,Pay_As_Bid,Power_Purchase_Agreement,25.00,0.00,INR,Fixed,"Bids to develop 1,000 MWh (500 MW x two hours) of grid-connected battery energy storage systems in Gujarat. The selected developers will set up the projects under the build-own-operate model.The minimum bid size is 80 MWh (40 MW x two hours).",,,,,500.00,,Battery storage,Unknown,,,,,,2024,2022,,,
GUVNL VI 500MW Wind India (Greenshoe 500MW),Completed,India,India,Wind,,Auction,Pay_As_Bid,Power_Purchase_Agreement,25.00,0.00,INR,Fixed,GUVNL has announced invitation of bids for 500MW wind projects for Phase VI with a greenshoe option of additional 500MW anywhere in India.,3432.86,41.02,,,1000.00,,Onshore wind,0,,140.00,164.00,117%,14%,2024,2023,,,41.02209285
GUVNL VII wind 300MW (greenshow 300MW) India,Delayed,India,India,Wind,,Auction,Pay_As_Bid,Power_Purchase_Agreement,25.00,0.00,INR,Fixed,,,,,,300.00,,Onshore wind,0,,,,,,2024,2024,,,
"GUVNL XXI 600MW solar Khavda, Gujarat (Greenshoe 600MW)",Completed,India,India,Solar,,Auction,Pay_As_Bid,Power_Purchase_Agreement,25.00,0.00,INR,Fixed,GUVNL has announced invitation of bids for 600MW grid connected solar projects for Phase XXI with a greenshoe option of additional 600MW.,2544.17,30.40,,,1200.00,,PV,0,,1200.00,1200.00,100%,100%,2024,2023,,,30.40239857
GUVNL XXIII Solar 1125MW ,Delayed,India,India,Solar,,Auction,Pay_As_Bid,Power_Purchase_Agreement,25.00,0.00,INR,Fixed,,,,,,1125.00,,PV,0,,,,,,2024,2024,,,
"GUVNL, 500 MW, ESS , Gujarat (Phase XV)",Delayed,India,India,Energy_Storage,,Auction,Pay_As_Bid,Power_Purchase_Agreement,25.00,0.00,INR,Fixed,Bids to develop 500 MW grid connected renewable energy and ESS . Peak time and Off peak time tariffs will be paid to winning projects. Projects will be located in the state of Gujarat.,,,,,500.00,,Battery storage,Unknown,,,,,,2024,2022,,,
Haryana 30 MW rooftop solar ,Delayed,India,India,Solar,,Auction,Pay_As_Bid,Unknown,,,INR,Unknown,Haryana tenders 30MW rooftop solar on government facilities,,,,,30.00,,PV,Unknown,,,,,,2024,2022,,,
"JREDA , 18 MW Giridith Solar City",Delayed,India,India,Solar,,Auction,Pay_As_Bid,Power_Purchase_Agreement,25.00,0.00,INR,Fixed,Bids to develop 18 MW grid-connected solar power plant in Giridih Solar City using the Renewable Energy Service Company (RESCO) model,,,,,18.00,,PV,Unknown,,,,,,2024,2022,,,
KMF 100MW Solar Self consumption Karnataka,Delayed,India,India,Solar,,Auction,Pay_As_Bid,Power_Purchase_Agreement,25.00,0.00,INR,Fixed,KMF has invited bids to install 100MW group captive solar plant for self consumption ,,,,,100.00,,PV,Unknown,,,,,,2024,2022,,,
KSEBL 65MW Kerala,Delayed,India,India,Wind,,Auction,Pay_As_Bid,Power_Purchase_Agreement,25.00,0.00,INR,Fixed,Bid to set up 65MW grid connected wind project in Kerala,,,,,65.00,,Onshore wind,Unknown,,,,,,2024,2022,,,
"KSEBL and SECI 5-10,W ground mounted captive solar Kerala",Delayed,India,India,Solar,,Auction,Pay_As_Bid,Power_Purchase_Agreement,25.00,0.00,INR,Fixed,Bid to install a 5 - 10 MW ground mounted solar project at Kasargod solar park. Kerala,,,,,5.00,,PV,Technology specific,,,,,,2024,2022,,,
Maharashtra 105 MW floating solar,Delayed,India,India,Solar,,Auction,Pay_As_Bid,Power_Purchase_Agreement,25.00,0.00,INR,Fixed,,,,,,105.00,,PV,Technology specific,,,,,,2024,2022,,,
MPPMCL 500MW energy storage India,Delayed,India,India,Energy_Storage,,Auction,Pay_As_Bid,Power_Purchase_Agreement,25.00,0.00,INR,Fixed,MPPMCL has invited tenders for procurement of 500MW energy storage capacity for 6 hours of discharge with max of 4 hours of continous discharge for 40 years from ISTS connected pumped hydro storage  ,,,,,500.00,,Other storage,Technology specific,,,,,,2024,2023,,,
MPUVNL 10.72MW rooftop solar MP,Delayed,India,India,Solar,,Auction,Pay_As_Bid,Power_Purchase_Agreement,25.00,0.00,INR,Fixed,Bids to install 10.72 grid connected roof top solar in MP,,,,,10.72,,PV,Technology specific,,,,,,2024,2022,,,
MPUVNL 15 MW rooftop Madhya Pradesh,Delayed,India,India,Solar,,Auction,Pay_As_Bid,Unknown,,,INR,Unknown,MPUVNL has invited RFP for 15MW of grid connected rooftop solar plants at various locations in MP,,,,,15.00,,PV,Technology specific,,,,,,2024,2022,,,
MPUVNL 35 MW Rooftop solar ,Delayed,India,India,Solar,,Auction,Pay_As_Bid,Power_Purchase_Agreement,25.00,0.00,INR,Fixed,Bids to install and commission 35 MW grid connected rooftop solar systems under RESCO model,,,,,35.00,,PV,Technology specific,,,,,,2024,2022,,,
MSEDCL  1000MW solar projects to be developed in Maharashtra - VIII,Delayed,India,India,Solar,,Auction,Pay_As_Bid,Power_Purchase_Agreement,25.00,0.00,INR,Fixed,MSEDCL has inveited bids for 1000MW solar projects to be developed in Maharashtra,,,,,1000.00,,PV,Technology specific,,,,,,2024,2022,,,
"MSEDCL 1000 MW Maharashtra, Solar",Delayed,India,India,Solar,,Auction,Pay_As_Bid,Power_Purchase_Agreement,25.00,0.00,INR,Fixed,"Bids for design, finance, procurement of land, engineering, procurement, construction, O&M,  PPA to be entered into between the Solar Power Generator and MSEDCL.",,,,,1000.00,,PV,Technology specific,,,,,,2024,2022,,,
MSEDCL 230 MW Maharashtra,Delayed,India,India,Solar,,Auction,Pay_As_Bid,Unknown,,,INR,Unknown,MSEDCL invited bids for 230MW solar power in Maharashtra. The minimum capacity is 2 MW and maximum capacity is 10 MW. ,,,,,230.00,,PV,Technology specific,,,,,,2024,2022,,,
MSEDCL 450MW Solar Maharashtra,Delayed,India,India,Solar,,Auction,Pay_As_Bid,Unknown,,,INR,Unknown,Bids to procure 450MW power from solar projects in Maharashtra. MSEDCL has set a ceiling tariff for INR 3.2/KWh,,,,,450.00,,PV,Technology specific,,,,,,2024,2022,,,
MSEDCL 500MW Wind solar hybrid interstate projects,Delayed,India,India,Renewables_Other,,Auction,Pay_As_Bid,Power_Purchase_Agreement,25.00,0.00,INR,Fixed,MSEDCL has invited bids for procurement of 500MW of wind solar hybrid power,,,,,500.00,,Solar and wind,Technology specific,,,,,,2024,2022,,,
MSEDCL 550MW Solar Maharashtra,Delayed,India,India,Solar,,Auction,Pay_As_Bid,Unknown,,,INR,Unknown,MSEDCL issued bids to procure 550MW of solar project in Maharashtra. The individual project capacity should be between 1MW and 10MW,,,,,550.00,,PV,Technology specific,,,,,,2024,2022,,,
"MSEDCL 615MW Solar (Aurangabad, Pune, Konkan)",Delayed,India,India,Solar,,Auction,Pay_As_Bid,Power_Purchase_Agreement,25.00,0.00,INR,Fixed,MSEDCL has invited bids to develop multiple solar projects for cumulative capacity of 615MW on government owned land in Maharashtra.,,,,,615.00,,PV,Technology specific,,,,,,2024,2023,,,
MSEDCL 88MW Solar Nagpur,Delayed,India,India,Solar,,Auction,Pay_As_Bid,Power_Purchase_Agreement,25.00,0.00,INR,Fixed,MSEDCL has invited bids to develop 88MW of solar projects in Nagpur,,,,,88.00,,PV,Technology specific,,,,,,2024,2023,,,
MSEZL 4MW rooftop solar,Delayed,India,India,Solar,,Auction,Pay_As_Bid,Power_Purchase_Agreement,25.00,0.00,INR,Fixed,Bid to install 4MW rooftop solar ,,,,,4.00,,PV,Technology specific,,,,,,2024,2022,,,
NHPC 1.5GW wind solar hybrid India,Completed,India,India,Co_Located,,Auction,Pay_As_Bid,Power_Purchase_Agreement,25.00,0.00,INR,Fixed,NHPC has announced its intent to procure 1.5GW of power from ISTS connected wind solar hybrid power projects. NHPC aims to partner with Hybrid Power Developers/Hybrid Power Generators (HPD/HPG) for the establishment of ISTS-connected Solar-Wind Hybrid Power Projects with or without Energy Storage Systems (ESS) anywhere in India,3488.43,41.69,,,1500.00,,Solar and wind and storage,Technology specific,,960.00,960.00,100%,64%,2024,2023,,,41.68614489
NHPC 1500MW solar power with energy storage India (FDRE),Completed,India,India,Co_Located,,Auction,Pay_As_Bid,Power_Purchase_Agreement,25.00,0.00,INR,Fixed,NHPC will procure 1500MW of firm and dispatchable power coupled with energy storage across India.,4631.21,55.34,,,1500.00,,Solar and storage,Technology specific,,1400.00,1400.00,100%,93%,2024,2023,,,55.34217143
NMMC 1.5 MW hydroelectric and 100 MW Floating solar,Delayed,India,India,Solar,,Auction,Pay_As_Bid,Power_Purchase_Agreement,25.00,0.00,INR,Unknown,"NMMC has launched a tender for 1.5 MW hydroelectric and 100 MW floating solar power plant in Navi Mumbai (Morbe Dam, Raigad district)
Floating solar plant will be set up in 3 phases of 40 MW, 30 MW and 30 MW",,,,0.00,100.00,,PV,Technology specific,,,,,,2024,2022,,,
NTPC (tranche III) 1GW Wind Gujarat,Delayed,India,India,Wind,,Auction,Pay_As_Bid,Power_Purchase_Agreement,25.00,0.00,INR,Fixed,,,,,,1000.00,,Onshore wind,Technology specific,,,,,,2024,2023,,,
NTPC 1.5GW wind solar hybrid (IV),Completed,India,India,Renewables_Other,,Auction,Pay_As_Bid,Power_Purchase_Agreement,25.00,0.00,INR,Fixed,,3289.00,39.30,,,1500.00,,Solar and wind,Technology specific,,1500.00,1500.00,100%,100%,2024,2023,,,39.30299033
NTPC 1.5GW solar India (Tranche - I),Completed,India,India,Solar,,Auction,Pay_As_Bid,Power_Purchase_Agreement,25.00,0.00,INR,Fixed,NTPC has invited bids to set up 1.5GW of ISTS connected solar power projects in India. The minimum capacity is 50MW amd maximum 750MW.,2640.00,31.55,,,1500.00,,PV,Technology specific,,1500.00,1500.00,100%,100%,2024,2023,,,31.54755076
NTPC 10MW/40MWh Telangana Battery Energy Storage Project,Delayed,India,India,Energy_Storage,,Project_Tender,Unknown,Power_Purchase_Agreement,,,INR,Unknown,"The scope of work includes design, Engineering, supply, construction, erection, testing and commissioning of grid connected BESS 10MW/40MWh capacity. ",,,,0.00,10.00,,Battery storage,Technology specific,,,,,,2024,2022,,,
NTPC 1500MW Wind ISTS (NTPC tranche II),Delayed,India,India,Wind,,Auction,Pay_As_Bid,Power_Purchase_Agreement,25.00,0.00,INR,Fixed,NTPC has invited bids for selection of wind power developers for 1500MW ISTS connected wind power projects anywhere in India. ,,,,,1500.00,,Onshore wind,Technology specific,,,,,,2024,2023,,,
NTPC 2000MW PHES India,Delayed,India,India,Energy_Storage,,Auction,Pay_As_Bid,Power_Purchase_Agreement,25.00,0.00,INR,Fixed,NTPC has invited bids for 2000MW pumped hydro energy storage projects across India,,,,,2000.00,,Pumped hydro,Technology specific,,,,,,2024,2023,,,
NTPC 250MW/500MWh Rajasthan,Delayed,India,India,Energy_Storage,,Auction,Pay_As_Bid,Power_Purchase_Agreement,25.00,0.00,INR,Fixed,Bid to develop 250 MW BESS with 500 MWh of storage capacity in Rajasthan,,,,,250.00,,Battery storage,Technology specific,,,,,,2024,2022,,,
NTPC 500MW/3000 MWh Battery storage Pan India ,Delayed,India,India,Energy_Storage,,Auction,Pay_As_Bid,Power_Purchase_Agreement,25.00,0.00,INR,Unknown,500MW/ 3000 MWh ISTS connected battery storage system. It will be on build own operate basis any where in India,,,,0.00,500.00,,Battery storage,Technology specific,,,,,,2024,2022,,,
NTPC 9000MWh Energy storage projects India,Delayed,India,India,Energy_Storage,,Auction,Pay_As_Bid,Power_Purchase_Agreement,25.00,0.00,INR,Fixed,"NTPC has invited bids for ISTS connected energy storage projects of 9000MWh capacity with a minimum of 1,500MW capacity to be installed anywhere in India",,,,,1500.00,,Other storage,Technology specific,,,,,,2024,2023,,,
PEDA 100MW floating solar,Delayed,India,India,Solar,,Auction,Pay_As_Bid,Power_Purchase_Agreement,25.00,0.00,INR,Fixed,PEDA has invited bids to set up 100MW floating solar capacity across Punjab,,,,,100.00,,PV,Technology specific,,,,,,2024,2023,,,
PEDA 10MW rooftop government buildings Punjab ,Delayed,India,India,Solar,,Auction,Pay_As_Bid,Unknown,,,INR,Unknown,PEDA has invited bids for 10MW rooftop solar under RESCO model on government buildings in Punjab,,,,,10.00,,PV,Technology specific,,,,,,2024,2022,,,
PEDA 4.5MW rooftop Punjab,Delayed,India,India,Solar,,Auction,Pay_As_Bid,Power_Purchase_Agreement,25.00,0.00,INR,Fixed,PEDA has invited bids for procurement of 4.5MW  in Punjab under t he RESCO  model,,,,,4.50,,PV,Technology specific,,,,,,2024,2022,,,
"PSPCL 1000 MW Solar, PAN INDIA",Delayed,India,India,Solar,,Auction,Pay_As_Bid,Power_Purchase_Agreement,25.00,0.00,INR,Fixed, Bids to set up the solar project to  be installed anywhere in India. Project must have a minimum capacity of 50 MW and maximum of 1000 MW. Bids must be submitted in multiples of 10 MW.,,,,,1000.00,,PV,Technology specific,,,,,,2024,2022,,,
"PSPCL 1000 MW Solar, Punjab",Delayed,India,India,Solar,,Auction,Pay_As_Bid,Power_Purchase_Agreement,25.00,0.00,INR,Fixed,Bids to develop 1000 MW solar project anywhere in Punjab,,,,,1000.00,,PV,Technology specific,,,,,,2024,2022,,,
PSPCL 1000MW Punjab Solar,Delayed,India,India,Solar,,Auction,Pay_As_Bid,Power_Purchase_Agreement,25.00,0.00,INR,Fixed,,,,,,1000.00,,PV,Technology specific,,,,,,2024,2023,,,
PSPCL 100MW Solar,Delayed,India,India,Solar,,Auction,Pay_As_Bid,Power_Purchase_Agreement,25.00,0.00,INR,Fixed,,,,,,100.00,,PV,Technology specific,,,,,,2024,2023,,,
PSPCL 1GW ISTS solar projects India,Delayed,India,India,Solar,,Auction,Pay_As_Bid,Power_Purchase_Agreement,25.00,0.00,INR,Fixed,PSPCL has floated a tender to procure 1GW of ISTS connected projects anywhere in India,,,,,1000.00,,PV,Technology specific,,,,,,2024,2023,,,
PSPCL 200MW Solar,Delayed,India,India,Solar,,Auction,Pay_As_Bid,Power_Purchase_Agreement,25.00,0.00,INR,Fixed,,,,,,200.00,,PV,Technology specific,,,,,,2024,2023,,,
PSPCL 500MW solar Punjab,Delayed,India,India,Solar,,Auction,Pay_As_Bid,Power_Purchase_Agreement,25.00,0.00,INR,Fixed,PSPCL 500MW ground mounted floating solar projects in Punjab,,,,,500.00,,PV,Technology specific,,,,,,2024,2023,,,
"Railway 13.5MW rooftop solar : Odisha, Jharkhand, WB",Delayed,India,India,Solar,,Auction,Pay_As_Bid,Power_Purchase_Agreement,25.00,0.00,INR,Fixed,"South Eastern Railway has invited bids for setting up 13.5MW grid connected rooftop solar at railway zones of Odisha, Jharkhand, WB",,,,,13.50,,PV,Technology specific,,,,,,2024,2023,,,
RECPDCL 250MW solar India (greenshoe),Delayed,India,India,Solar,,Auction,Pay_As_Bid,Power_Purchase_Agreement,25.00,0.00,INR,Fixed,,,,,,250.00,,PV,Technology specific,,,,,,2024,2023,,,
RECPDCL 290MW Solar India (Greenshoe 290MW),Delayed,India,India,Solar,,Auction,Pay_As_Bid,Power_Purchase_Agreement,25.00,0.00,INR,Fixed,RECPDCL has invited bids for selection of solar power developers for setting up 290MW grid connected solar projects in India with greenshoe option of additional 290MW.  ,,,,,290.00,,PV,Technology specific,,,,,,2024,2023,,,
RECPDCL 290MW solar India (greenshoe),Delayed,India,India,Solar,,Auction,Pay_As_Bid,Power_Purchase_Agreement,25.00,0.00,INR,Fixed,,,,,,290.00,,PV,Technology specific,,,,,,2024,2023,,,
REMC 1.548GW Pan India,Delayed,India,India,Solar,,Auction,Pay_As_Bid,Power_Purchase_Agreement,25.00,0.00,INR,Fixed,REMC has invited bids to install 1.548GW ground mounted solar power projects. The projects will be set up close to transaction stations of 25kv connection across India.,,,,,1548.00,,PV,Technology specific,,,,,,2024,2022,,,
REMC 750MW RTC India,Completed,India,India,Co_Located,,Auction,Pay_As_Bid,Power_Purchase_Agreement,25.00,0.00,INR,Fixed,REMC has invited bids to procure 750MW RTC power from grid connected renewable projects with or without storage,4358.00,52.08,,,750.00,,Solar and wind and storage,Technology specific,,750.00,750.00,100%,100%,2024,2023,,,52.07735842
"REMCL, 50 MW Solar projects UP, MP",Delayed,India,India,Solar,,Auction,Pay_As_Bid,Power_Purchase_Agreement,25.00,0.00,INR,Fixed,REMC has invited bids to select project developers to set up 50MW of ground mounted solar projects near substations at 25kv connectivity in UP and MP.,,,,,50.00,,PV,Technology specific,,,,,,2024,2022,,,
"RPCKL, 10MW Kerala",Delayed,India,India,Solar,,Auction,Pay_As_Bid,Power_Purchase_Agreement,25.00,0.00,INR,Fixed,"Bid to participate in the Request for Proposal (RFP) of Bidders for build, own and operate including Engineering Design, manufacture, supply, erection, testing and
commissioning, operation & maintenance of Ground Mounted 5-10 MW Captive Solar PV
power system for 23 years at Nellithadam under Kasaragod Solar Park in Kasaragod , Kerala",,,,,10.00,,PV,Technology specific,,,,,,2024,2022,,,
RREC 50MWp rooftop solar Rajasthan,Delayed,India,India,Solar,,Auction,Pay_As_Bid,Unknown,,,INR,Unknown,RREC has invited bids for 50MWp of grid connected rooftop solar systems on government buildings in Rajasthan,,,,,50.00,,PV,Technology specific,,,,,,2024,2022,,,
RUMSL 114MW ground mounted MPPGCL,Delayed,India,India,Solar,,Auction,Pay_As_Bid,Power_Purchase_Agreement,25.00,0.00,INR,Fixed,RUMSL has floated tender of 114MW ground mounted solar projects at MPPGCL thermal power projects.,,,,,114.00,,PV,Technology specific,,,,,,2024,2023,,,
RUMSL 16.4GW Pumped hydro storage,Delayed,India,India,Energy_Storage,,Auction,Pay_As_Bid,Power_Purchase_Agreement,25.00,0.00,INR,Fixed,RUMSL has invited bids for 16.4GW pumped hydro storage projects in Madhya Pradesh,,,,,16400.00,,Pumped hydro,Technology specific,,,,,,2024,2023,,,
RUMSL 240MW floating solar Madhya Pradesh,Delayed,India,India,Solar,,Auction,Pay_As_Bid,Power_Purchase_Agreement,25.00,0.00,INR,Fixed,RUMSL has issued tender for development of 240MW floating solar park at Birsinghpur reservoir in Madhya Pradesh,,,,,240.00,,PV,Technology specific,,,,,,2024,2023,,,
RUMSL 250MW floating solar Madhya Pradesh,Delayed,India,India,Solar,,Auction,Pay_As_Bid,Power_Purchase_Agreement,25.00,0.00,INR,Fixed,RUMSL has issued tender for development of 250MW floating solar park at Birsinghpur reservoir in Madhya Pradesh,,,,,250.00,,PV,Technology specific,,,,,,2024,2023,,,
RUMSL 300MW floating Madhya Pradesh,Delayed,India,India,Solar,,Auction,Pay_As_Bid,Power_Purchase_Agreement,25.00,0.00,INR,Fixed,RUMSL has invited bids for 300MW floating at Omkareshwar,,,,,300.00,,PV,Technology specific,,,,,,2024,2023,,,
RUMSL 400MW FDRE mixed renewables,Delayed,India,India,Renewables_Other,,Auction,Pay_As_Bid,Power_Purchase_Agreement,25.00,0.00,INR,Fixed,,,,,,400.00,,Solar and wind,Technology specific,,,,,,2024,2024,,,
RUMSL 490MW floating solar projects,Delayed,India,India,Solar,,Auction,Pay_As_Bid,Power_Purchase_Agreement,25.00,0.00,INR,Fixed,,,,,,490.00,,PV,Technology specific,,,,,,2024,2024,,,
RUMSL 750MW hybrid Madhya Pradesh,Delayed,India,India,Renewables_Other,,Auction,Pay_As_Bid,Power_Purchase_Agreement,25.00,0.00,INR,Fixed,RUMSL has issued tender for development of 750MW wind solar hybrid project. Developers may also add storage capacity.,,,,,750.00,,Solar and wind,Technology specific,,,,,,2024,2023,,,
SECI - VII wind solar hybrid 2GW ,Completed,India,India,Renewables_Other,,Auction,Pay_As_Bid,Power_Purchase_Agreement,25.00,0.00,INR,Fixed,SECI has invited bids to develop 2GW ISTS connected wind solar hybrid projects in India.,3190.00,38.12,,,2000.00,,Solar and wind,Technology specific,,900.00,900.00,100%,45%,2024,2023,,,38.11995717
SECI 1.26GW ISTS connected FDRE - IV ,Completed,India,India,Co_Located,,Auction,Pay_As_Bid,Power_Purchase_Agreement,25.00,0.00,INR,Fixed,SECI has invited proposals for setting up 1.26GW firm and dispatchable  RE power (FDRE) to be supplied to Delhi and Gift city.,4983.17,59.55,,,1260.00,,Solar and wind and storage,Technology specific,,630.00,630.00,100%,50%,2024,2023,,,59.54803354
SECI 1.3GW XV Wind India,Delayed,India,India,Wind,,Auction,Pay_As_Bid,Power_Purchase_Agreement,25.00,0.00,INR,Fixed,SECI has issued tenders to set up 1.3GW ISTS connected wind projects (XV) on build own operate own basis.,,,,,1300.00,,Onshore wind,Technology specific,,,,,,2024,2023,,,
SECI 1.5GW XIII Solar India,Completed,India,India,Solar,,Auction,Pay_As_Bid,Power_Purchase_Agreement,25.00,0.00,INR,Fixed,,2561.67,30.61,,,1500.00,,PV,Technology specific,,1500.00,1500.00,100%,100%,2024,2023,,,30.61152059
SECI 1.5GW FDRE,Cancelled,India,India,Co_Located,,Auction,Pay_As_Bid,Power_Purchase_Agreement,25.00,0.00,INR,Fixed,SECI has invited bids to supply 1.5GW of dispatchable power from renewable power projects with energy storage,5597.50,66.89,,,1500.00,,Solar and wind and storage,Technology specific,,480.00,480.00,100%,32%,2024,2023,,,66.8891725
SECI 1GW FDRE India,Delayed,India,India,Solar,,Auction,Pay_As_Bid,Power_Purchase_Agreement,25.00,0.00,INR,Fixed,,,,,,1000.00,,PV,Technology specific,0.00,,,,,2024,2023,,,
SECI 2250MW hybrid India,Delayed,India,India,Renewables_Other,,Auction,Pay_As_Bid,Power_Purchase_Agreement,25.00,0.00,INR,Fixed,SECI has issued Rfs for 2250MW RTC (RTC - III) India,,,,,2250.00,,Unknown technology,Technology specific,,,,,,2024,2022,,,
SECI 500MW mixed renewables India (FDRE),Delayed,India,India,Co_Located,,Auction,Pay_As_Bid,Power_Purchase_Agreement,25.00,0.00,INR,Fixed,SECI has invited bids to supply 500MW of dispatchable power from renewable power projects with energy storage,,,,,500.00,,Solar and wind and storage,Technology specific,,,,,,2024,2023,,,
SECI 800MW ISTS Renewable Energy (FDRE),Delayed,India,India,Co_Located,,Auction,Pay_As_Bid,Power_Purchase_Agreement,25.00,0.00,INR,Fixed,SECI 800MW ISTS connected FDRE III program with ESS,,,,,800.00,,Solar and wind and storage,Technology specific,,,,,,2024,2023,,,
SECI Tranche XIII Wind,Delayed,India,India,Wind,,Auction,Pay_As_Bid,Power_Purchase_Agreement,25.00,0.00,INR,Fixed,RfS for Selection of Wind Power Developers for Setting up of 1200 MW ISTS-connected Wind Power Projects (Tranche-XIII),,,,0.00,1200.00,,Onshore wind,Technology specific,,,,,,2024,2022,,,
SECI XIV 1.5GW solar projects India,Completed,India,India,Solar,,Auction,Pay_As_Bid,Power_Purchase_Agreement,25.00,0.00,INR,Fixed,,2571.33,30.73,,,1500.00,,PV,Technology specific,,1500.00,1500.00,100%,100%,2024,2024,,,30.72695595
SECI XVI 1.35GW wind India,Completed,India,India,Wind,,Auction,Pay_As_Bid,Power_Purchase_Agreement,25.00,0.00,INR,Fixed,,3620.43,43.26,,,1350.00,,Onshore wind,Technology specific,,1175.00,1175.00,100%,87%,2024,2023,,,43.26352243
SJVN 1.5GW wind solar hybrid India,Completed,India,India,Renewables_Other,,Auction,Pay_As_Bid,Power_Purchase_Agreement,25.00,0.00,INR,Fixed,Rfs for 1500MW ISTS connected wind solar hybrid projects in India,3478.20,41.56,,,1500.00,,Solar and wind,Technology specific,,1500.00,1500.00,100%,100%,2024,2023,,,41.56389813
SJVN 1.5GW solar India,Completed,India,India,Solar,,Auction,Pay_As_Bid,Power_Purchase_Agreement,25.00,0.00,INR,Fixed,SJVN has invited bids to develop 1.5GW ISTS connected solar power projects in India,2527.33,30.20,,,1500.00,,PV,Technology specific,,1500.00,1500.00,100%,100%,2024,2023,,,30.20116344
Torrent Power 300MW hybrid (Greenshoe 150MW) ,Completed,India,India,Renewables_Other,,Auction,Pay_As_Bid,Power_Purchase_Agreement,25.00,0.00,INR,Fixed,,3650.00,43.62,,,450.00,,Solar and wind,Technology specific,,450.00,450.00,100%,100%,2024,2024,,,43.6168789
UPMRCL 2MW Rooftop Lucknow metro project,Delayed,India,India,Solar,,Auction,Pay_As_Bid,Power_Purchase_Agreement,25.00,0.00,INR,Fixed,UPMRCL invited bids to install and commission 2MW rooftop solar system on depots and station of Lucknow metro project,,,,,2.00,,PV,Technology specific,,,,,,2024,2022,,,
UPNEDA 50MW rooftop Uttar Pradesh Solar,Delayed,India,India,Solar,,Auction,Pay_As_Bid,Power_Purchase_Agreement,25.00,0.00,INR,Fixed,UPNEDA has invited bids to develop 50MW of grid connected rooftop solar projects on government and semi government buildings in UP under RESCO model,,,,,50.00,,PV,Technology specific,,,,,,2024,2022,,,
UPNEDA 75MW Solar Park,Delayed,India,India,Solar,,Auction,Pay_As_Bid,Power_Purchase_Agreement,25.00,0.00,INR,Fixed,"Bid to develop 75 MW of projects in UP Solar Park. The projects will be developed in Makrecha village (25 MW), Banghauli (20 MW), Tikar 1 & Tikat 2 (30 MW) in Jalaun district of UP",,,,,75.00,,PV,Technology specific,,,,,,2024,2022,,,
UPPCL 10MW/40MWh Uttar Pradesh,Delayed,India,India,Energy_Storage,,Auction,Pay_As_Bid,Unknown,,,INR,Unknown,Rfs to set up five standalone BESS of 10MW/40MWh in Uttar Pradesh,,,,,40.00,,Battery storage,Technology specific,,,,,,2024,2022,,,
HPGCL 57MW Solar,Cancelled,India,India,Solar,,Auction,Pay_As_Bid,Power_Purchase_Agreement,25.00,0.00,INR,Unknown,Design engineering procurement and supply construction commissioning for setting up of grid connected ground mounted Solar PV Plant with a capacity of 57MW at three different locations on bot for 25 years under International Competitive Bidding.,,,,0.00,57.00,,PV,Technology specific,,,,,,,2019,10/29/2019,,
MSEDCL 200MW Wind,Cancelled,India,India,Wind,,Auction,Pay_As_Bid,Power_Purchase_Agreement,25.00,0.00,INR,Unknown,Procurement of 200 MW Wind Power on Long Term basis through competitive bidding followed by e-reverse auctions from intra state wind projects,,,,0.00,200.00,,Onshore wind,Technology specific,,,,,,,2020,9/11/2020,,
MSEDCL 350MW solar Maharashtra,Delayed,India,India,Solar,,Auction,Pay_As_Bid,Unknown,,,INR,Unknown,MSEDCL has invited bids to procure 350MW of solar power projects in Maharashtra,,,,,350.00,,PV,Technology specific,,,,,,2023,2023,1/23/2023,,
NTPC 600MW ISTS-Connected Wind,Cancelled,India,India,Wind,,Auction,Pay_As_Bid,Power_Purchase_Agreement,25.00,0.00,INR,Unknown,Development of 600MW ISTS connected Wind projects anywhere in India,,,,0.00,600.00,,Onshore wind,Technology specific,,,,,,,2020,3/13/2020,,
OREDA 10MW RESCO Solar,Delayed,India,India,Solar,,Auction,Pay_As_Bid,Power_Purchase_Agreement,25.00,0.00,INR,Unknown,Bids for selection of solar power generator for development of RTS projects on governmrnt buildings under RESCO model in Odisha,,,,0.00,10.00,,PV,Technology specific,,,,,,2023,2023,,,
REIL 50MW rooftop solar India,Delayed,India,India,Solar,,Auction,Pay_As_Bid,Unknown,,0.00,INR,Unknown,Rajasthan Electronics & Instruments Ltd (REIL) is accepting bids to develop grid conneted rooftop solar on government buildings across India. The projects are to be developed in RESCO  model.,,,,0.00,50.00,,PV,Technology specific,,,,,,2023,2023,1/13/2023,,
RUVNL 1500MW Wind Solar Hybrid with Storage India,Delayed,India,India,Solar,,Auction,Pay_As_Bid,Unknown,,0.00,INR,Unknown,RUVNL has invited bids for setting up of 1500MW ISTS connected wind-solar hybrid power projects anywhere in India having storage access.,,,,,1500.00,,PV,Unknown,,,,,,2023,2023,,,
SECI 7500MW PV,Cancelled,India,India,Solar,,Auction,Pay_As_Bid,Power_Purchase_Agreement,25.00,0.00,INR,Unknown,"RfS for 7500 MW Solar Power Projects in Leh and Kargil, Jammu and Kashmir",,,,0.00,7500.00,,PV,Unknown,,,,,,2018,2018,12/31/2018,,
UJVNL  9.5MW Uttarakhand Kulhal powerhouse,Delayed,India,India,Solar,,Auction,Pay_As_Bid,Power_Purchase_Agreement,25.00,0.00,INR,Unknown,UJVNL has invited bids to set up 9.5MW of grid connected solar projects near Kulhal power house in Dehradun district,,,,,9.50,,PV,Unknown,,,,,,2023,2023,2/7/2023,2/1/2024,
UPDCC 40MW Solar PV,Cancelled,India,India,Solar,,Auction,Pay_As_Bid,Power_Purchase_Agreement,25.00,0.00,INR,Unknown,"Selection of Developer for setting of 40MW Aggregate Capacity Grid Connect Solar PV Power Projects near Haripura and Tumaria Reservoirs in District Udhamsingh Nagar, Uttarakhand.” on BOOT basis",,,,0.00,40.00,,PV,Unknown,,,,,,2020,2020,1/13/2020,,
"GUVNL 1,125MW Solar  (GSECL - 3)",Completed,India,India,Solar,,Auction,Pay_As_Bid,Power_Purchase_Agreement,25.00,0.00,INR,Fixed,,2654.89,31.73,,,1125.00,,PV,Technology specific,,1125.00,1125.00,100%,100%,2024,2024,,,31.72548373
SJVN 1.5GW wind solar hybrid II India,Completed,India,India,Renewables_Other,,Auction,Pay_As_Bid,Power_Purchase_Agreement,25.00,0.00,INR,Fixed,,3415.13,40.81,,,1500.00,,Solar and wind,Co-location,,1500.00,1500.00,100%,100%,2024,2024,,,40.81022236
APDCL 100MW floating solar Assam,Delayed,India,India,Solar,,Auction,Pay_As_Bid,Power_Purchase_Agreement,25.00,0.00,INR,Fixed,,,,,,100.00,,PV,Technology specific,,,,,,2024,2024,,,
NTPC 1.5GW solar India (ISTS - III),Completed,India,India,Solar,,Auction,Pay_As_Bid,Power_Purchase_Agreement,25.00,0.00,INR,Fixed,,2689.67,32.14,,,1500.00,,PV,Technology specific,,1500.00,1500.00,100%,100%,2024,2024,,,32.14109881
UPPCL 2000MW Solar India,Completed,India,India,Solar,,Auction,Pay_As_Bid,Power_Purchase_Agreement,25.00,0.00,INR,Fixed,,2563.50,29.73,,,2000.00,,PV,Technology specific,,2000.00,2000.00,100%,100%,2025,2024,,,29.73021871
SECI VIII 1.2GW hybrid,Completed,India,India,Renewables_Other,,Auction,Pay_As_Bid,Power_Purchase_Agreement,25.00,0.00,INR,Fixed,,3449.50,41.22,,,1200.00,,Solar and wind,Co-location,,1200.00,1200.00,100%,100%,2024,2024,,,41.22093801
NTPC 1000MW tranche V hybrid India,Completed,India,India,Renewables_Other,,Auction,Pay_As_Bid,Power_Purchase_Agreement,25.00,0.00,INR,Fixed,,3438.50,41.09,,,1000.00,,Solar and wind,Co-location,,1000.00,1000.00,100%,100%,2024,2024,,,41.08948989
GUVNL 500MW hybrid - II India (greenshoe 500MW),Completed,India,India,Renewables_Other,,Auction,Pay_As_Bid,Power_Purchase_Agreement,25.00,0.00,INR,Fixed,,3273.97,39.12,,,1000.00,,Solar and wind,Co-location,,832.00,832.00,100%,83%,2024,2024,,,39.12338438
KSPDCL 300MW Solar Pavgada solar park,Completed,India,India,Solar,,Auction,Pay_As_Bid,Power_Purchase_Agreement,25.00,0.00,INR,Fixed,,2890.00,34.54,,,300.00,,PV,Technology specific,,300.00,300.00,100%,100%,2024,2024,,,34.53500822
NTPC 1000MW tranche VI hybrid India,Completed,India,India,Renewables_Other,,Auction,Pay_As_Bid,Power_Purchase_Agreement,25.00,0.00,INR,Fixed,,3449.30,41.22,,,1000.00,,Solar and wind,Co-location,,1000.00,1000.00,100%,100%,2024,2024,,,41.21854805
SJVN 600MW Wind India,Completed,India,India,Wind,,Auction,Pay_As_Bid,Power_Purchase_Agreement,25.00,0.00,INR,Fixed,,3985.88,46.23,,,600.00,,Onshore wind,Technology specific,,170.00,170.00,100%,28%,2025,2024,,,46.22628599
SJVN 600MW FDRE II (Greenshoe 600MW),Completed,India,India,Co_Located,Co-located,Auction,Pay_As_Bid,Power_Purchase_Agreement,25.00,0.00,INR,Fixed,,4254.92,50.85,,,1200.00,,Solar and wind and storage,Co-location,,1200.00,1200.00,100%,100%,2024,2024,,,50.84556996
SECI 1.2GW solar with storage (tranche - XV)  ,Completed,India,India,Co_Located,Co-located,Auction,Pay_As_Bid,Power_Purchase_Agreement,25.00,0.00,INR,Fixed,,3419.17,40.86,,,1200.00,1200,Solar and storage,Co-location,1200.00,1200.00,1200.00,100%,100%,2024,2024,,,40.85849967
GUVNL 500MW solar (Phase XXIV),Completed,India,India,Solar,,Auction,Pay_As_Bid,Power_Purchase_Agreement,25.00,0.00,INR,Fixed,,2662.00,31.81,,,1000.00,,PV,Technology specific,,1000.00,1000.00,100%,100%,2024,2024,,,31.81044702
MSEDCL III 500MW wind solar hybrid ,Completed,India,India,Renewables_Other,,Auction,Pay_As_Bid,Power_Purchase_Agreement,25.00,0.00,INR,Fixed,,3619.41,43.25,,,500.00,,Solar and wind,Group of technologies,,426.00,500.00,117%,85%,2024,2024,,,43.2513336
Adani electricity Mumbai (AEML) 600MW India,Delayed,India,India,Wind,,Auction,Pay_As_Bid,Power_Purchase_Agreement,25.00,0.00,INR,Fixed,,,,,,600.00,,Onshore wind,Technology specific,,,,,,2024,2024,,,
NTPC 1GW hybrid (tranche - V),Delayed,India,India,Renewables_Other,,Auction,Pay_As_Bid,Power_Purchase_Agreement,25.00,0.00,INR,Fixed,,,,,,1000.00,,Solar and wind,Group of technologies,,,,,,2024,2024,,,
MSEDCL 5GW solar and Thermal ,Completed,India,India,Solar,,Auction,Pay_As_Bid,Power_Purchase_Agreement,25.00,0.00,INR,Fixed,,2700.00,32.26,,,5000.00,,PV,Technology specific,,5000.00,5000.00,100%,100%,2024,2024,,,32.26454055
"MSEDCL 1,000MW hybrid (greenshoe 1,000MW)",Delayed,India,India,Renewables_Other,,Auction,Pay_As_Bid,Power_Purchase_Agreement,25.00,0.00,INR,Fixed,,,,,,1000.00,,Solar and wind,Group of technologies,,,,,,2024,2024,,,
UPNEDA 600MW solar Uttar Pradesh,Delayed,India,India,Solar,,Auction,Pay_As_Bid,Power_Purchase_Agreement,25.00,0.00,INR,Fixed,,,,,,600.00,,PV,Technology specific,,,,,,2024,2024,,,
GUVNL 250MW/500MWh battery storage (Phase -III) Greenshoe 250MW/500MWh,Completed,India,India,Energy_Storage,,Auction,Pay_As_Bid,Power_Purchase_Agreement,25.00,0.00,INR,Fixed,,,,,,250.00,500,Battery storage,Technology specific,,250.00,250.00,100%,100%,2024,2024,,,
AEML 50MW solar,Delayed,India,India,Solar,,Auction,Pay_As_Bid,Power_Purchase_Agreement,25.00,0.00,INR,Fixed,,,,,,50.00,,PV,Technology specific,,,,,,2024,2024,,,
NTPC 1.5GW solar India (Tranche - II),Completed,India,India,Solar,,Auction,Pay_As_Bid,Power_Purchase_Agreement,25.00,0.00,INR,Fixed,,2598.00,31.05,,,1500.00,,PV,Technology specific,,1500.00,1500.00,100%,100%,2024,2023,,,31.04565791
NTPC 3GW FDRE (Tranche - II),Completed,India,India,Renewables_Other,,Auction,Pay_As_Bid,Power_Purchase_Agreement,25.00,0.00,INR,Fixed,,4696.60,56.12,,,3000.00,,Solar and wind,Technology specific,,1584.00,1584.00,100%,53%,2024,2023,,,56.1235708
GUVNL 250MW/500MWh battery storage (Phase -II),Completed,India,India,Energy_Storage,,Auction,Pay_As_Bid,Power_Purchase_Agreement,25.00,0.00,INR,Fixed,,,,,,250.00,500,Battery storage,Technology specific,,250.00,250.00,100%,100%,2024,2023,,,
REMC limited 695MW RTC renewable energy with or without storage,Delayed,India,India,Co_Located,,Auction,Pay_As_Bid,Power_Purchase_Agreement,25.00,0.00,INR,Fixed,,,,,,695.00,,Solar and storage,Technology neutral,,,,,,2024,2024,,,
SJVN 1.2GW Solar India,Completed,India,India,Solar,,Auction,Pay_As_Bid,Power_Purchase_Agreement,25.00,0.00,INR,Fixed,,2521.67,30.13,,,1200.00,,PV,Technology specific,,1200.00,1200.00,100%,100%,2024,2024,,,30.1335274
RECPDCL 223MW Solar India,Delayed,India,India,Solar,,Auction,Pay_As_Bid,Power_Purchase_Agreement,25.00,0.00,INR,Fixed,,,,,,223.00,,PV,Technology specific,,,,,,2024,2024,,,
RUMSL 170MW solar project Neemuch,Completed,India,India,Solar,,Auction,Pay_As_Bid,Power_Purchase_Agreement,25.00,0.00,INR,Fixed,,2150.00,25.69,,,170.00,,PV,Technology specific,,170.00,170.00,100%,100%,2024,2024,,,25.69213414
SECI XVII wind 500MW,Completed,India,India,Wind,,Auction,Pay_As_Bid,Power_Purchase_Agreement,25.00,0.00,INR,Fixed,,3810.00,45.53,,,500.00,,Onshore wind,Technology specific,,50.00,50.00,100%,10%,2024,2024,,,45.52885167
NHPC 600MW solar (greenshoe 600MW),Completed,India,India,Solar,,Auction,Pay_As_Bid,Power_Purchase_Agreement,25.00,0.00,INR,Fixed,,2562.71,30.62,,,1200.00,,PV,Technology specific,,2400.00,2400.00,100%,200%,2024,2024,,,30.62394841
RUVNL 8GW Solar Rajasthan,Delayed,India,India,Solar,,Auction,Pay_As_Bid,Power_Purchase_Agreement,25.00,0.00,INR,Fixed,,,,,,8000.00,,PV,Technology specific,,,,,,2024,2024,,,
SECI XVI 1.2GW Solar India,Completed,India,India,Solar,,Auction,Pay_As_Bid,Power_Purchase_Agreement,25.00,0.00,INR,Fixed,,2481.00,29.65,,,1200.00,,PV,Technology specific,,500.00,1200.00,240%,42%,2024,2024,,,29.64752782
SECI 25MW/50MWh solar with storage,Delayed,India,India,Co_Located,,Auction,Pay_As_Bid,Power_Purchase_Agreement,25.00,0.00,INR,Fixed,,,,,,25.00,,Solar and storage,Co-location,,,,,,2024,2024,,,
NTPC 1.2GW solar India,Completed,India,India,Solar,,Auction,Pay_As_Bid,Power_Purchase_Agreement,25.00,0.00,INR,Fixed,,2504.88,29.93,,,1200.00,,PV,Technology specific,,976.00,976.00,100%,81%,2024,2024,,,29.93288976
NHPC 1.2GW tranche- VI FDRE ,Completed,India,India,Co_Located,,Auction,Pay_As_Bid,Power_Purchase_Agreement,25.00,0.00,INR,Fixed,,4550.00,54.37,,,1200.00,,Solar and wind and storage,Co-location,,1200.00,1200.00,100%,100%,2024,2024,,,54.37172575
NVVN 100MW Hybrid India,Delayed,India,India,Renewables_Other,,Auction,Pay_As_Bid,Power_Purchase_Agreement,25.00,0.00,INR,Fixed,,,,,,100.00,,Solar and wind,Co-location,,,,,,2024,2024,,,
SECI IX 600MW  wind solar hybrid,Completed,India,India,Renewables_Other,,Auction,Pay_As_Bid,Power_Purchase_Agreement,25.00,0.00,INR,Fixed,,3252.50,38.87,,,600.00,,Solar and wind,Group of technologies,,600.00,600.00,100%,100%,2024,2024,,,38.86682154
SECI 1000MW/2000MWh BESS,Delayed,India,India,Energy_Storage,,Auction,Pay_As_Bid,Power_Purchase_Agreement,25.00,0.00,INR,Fixed,,,,,,1000.00,,Battery storage,Technology specific,,,,,,2024,2024,,,
NTPC 1.2GW hybrid India,Completed,India,India,Renewables_Other,,Auction,Pay_As_Bid,Power_Purchase_Agreement,25.00,0.00,INR,Fixed,,3287.75,39.29,,,1200.00,,Solar and wind,Co-location,,1200.00,1200.00,100%,100%,2024,2024,,,39.28805304
"NTPC 250MW/500MWh BESS - Gadarwara, Solapur ",Delayed,India,India,Energy_Storage,,Auction,Pay_As_Bid,Power_Purchase_Agreement,25.00,0.00,INR,Fixed,,,,,,250.00,,Battery storage,Technology specific,,,,,,2024,2024,,,
NHPC 1.2GW FDRE (tranche - II),Completed,India,India,Renewables_Other,,Auction,Pay_As_Bid,Power_Purchase_Agreement,25.00,0.00,INR,Fixed,,4372.62,52.25,,,1200.00,,Solar and wind,Co-location,,2100.00,2100.00,100%,175%,2024,2024,,,52.25206493
CESC 150MW solar (greenshoe 150MW),Completed,India,India,Solar,,Auction,Pay_As_Bid,Power_Purchase_Agreement,25.00,0.00,INR,Fixed,,,,,,300.00,,PV,Technology specific,,300.00,300.00,100%,100%,2024,2024,,,
MSEDCL I 2GW hybrid,Completed,India,India,Renewables_Other,,Auction,Pay_As_Bid,Power_Purchase_Agreement,25.00,0.00,INR,Fixed,,3606.26,43.09,,,2000.00,,Solar and wind,Group of technologies,,1601.00,1601.00,100%,80%,2024,2024,,,43.09419334
MSEDCL II 1.6GW hybrid,Completed,India,India,Renewables_Other,,Auction,Pay_As_Bid,Power_Purchase_Agreement,25.00,0.00,INR,Fixed,,3600.00,43.02,,,1650.00,,Solar and wind,Group of technologies,,1650.00,1650.00,100%,100%,2024,2024,,,43.0193874
KREDL 100MW 130MWh BESS Kalburgi,Announced,India,India,Co_Located,,Auction,Pay_As_Bid,Power_Purchase_Agreement,25.00,0.00,INR,Fixed,,,,,,100.00,130,Solar and storage,Co-location,,,,,,2025,2024,,,
SECI 400MW hybrid,Announced,India,India,Renewables_Other,,Auction,Pay_As_Bid,Power_Purchase_Agreement,25.00,0.00,INR,Fixed,,,,,,400.00,,Solar and wind,Co-location,,,,,,2025,2024,,,
NTPC 100MW hybrid ,Announced,India,India,Renewables_Other,,Auction,Pay_As_Bid,Power_Purchase_Agreement,25.00,0.00,INR,Fixed,,,,,,100.00,,Solar and wind,Co-location,,,,,,2025,2024,,,
CESC 150MW solar,Announced,India,India,Solar,,Auction,Pay_As_Bid,Power_Purchase_Agreement,25.00,0.00,INR,Fixed,,,,,,150.00,,PV,Technology specific,,,,,,2025,2024,,,
MSEDCL BESS 600MWh (300MW x 2hours) Maharashtra,Announced,India,India,Energy_Storage,,Auction,Pay_As_Bid,Power_Purchase_Agreement,25.00,0.00,INR,Fixed,,,,,,300.00,600,Battery storage,Technology specific,,,,,,2025,2024,,,
SECI 2GW/8GWh renewables plus storage (FDRE - VI),Completed,India,India,Co_Located,Co-located,Auction,Pay_As_Bid,Power_Purchase_Agreement,25.00,0.00,INR,Fixed,,,,,,2000.00,8000,Solar and wind and storage,Co-location,,200.00,800.00,400%,10%,2025,2024,,,
SECI 2GW solar PV with 1000MW/4000MWh ESS India (ISTS XVII),Completed,India,India,Co_Located,,Auction,Pay_As_Bid,Power_Purchase_Agreement,25.00,0.00,INR,Fixed,,3524.65,42.12,,,2000.00,4000,Solar and storage,Co-location,,2000.00,2000.00,100%,100%,2024,2024,,,42.11896773
SJVN 1.2GW wind solar hybrid tranche III,Completed,India,India,Renewables_Other,,Auction,Pay_As_Bid,Power_Purchase_Agreement,25.00,0.00,INR,Fixed,,3190.00,38.12,,,1200.00,,Solar and wind,Co-location,,1200.00,1200.00,100%,100%,2024,2024,,,38.11995717
"MSEDCL hybrid 1,150MW (Phase IV)",Announced,India,India,Renewables_Other,,Auction,Pay_As_Bid,Power_Purchase_Agreement,25.00,0.00,INR,Fixed,,,,,,1150.00,,Solar and wind,Co-location,,,,,,2025,2024,,,
GUVNL VIII wind 500MW with greenshoe additional 500MW,Completed,India,India,Wind,,Auction,Pay_As_Bid,Power_Purchase_Agreement,25.00,0.00,INR,Fixed,,3593.57,42.94,,,1000.00,,Onshore wind,Technology specific,,140.00,140.00,100%,14%,2024,2024,,,42.94255
NTPC 1.2GW hybrid II (600MW greenshoe),Completed,India,India,Renewables_Other,,Auction,Pay_As_Bid,Power_Purchase_Agreement,25.00,0.00,INR,Fixed,,3298.33,39.41,,,1800.00,,Solar and wind,Co-location,,1200.00,1200.00,100%,67%,2024,2024,,,39.41451809
ONGC 1000MW hybrid India,Announced,India,India,Renewables_Other,,Auction,Pay_As_Bid,Power_Purchase_Agreement,25.00,0.00,INR,Fixed,,,,,,1000.00,,Solar and wind,Co-location,,,,,,2025,2024,,,
GUVNL XXV 500MW solar (Greenshoe 500MW),Completed,India,India,Solar,,Auction,Pay_As_Bid,Power_Purchase_Agreement,25.00,0.00,INR,Fixed,,2550.00,30.47,,,1000.00,,PV,Technology specific,,1000.00,1000.00,100%,100%,2024,2024,,,30.47206608
UPPCL 300MW/1200MWh BESS,Announced,India,India,Energy_Storage,,Auction,Pay_As_Bid,Power_Purchase_Agreement,25.00,0.00,INR,Fixed,,,,,,300.00,1200,Battery storage,Technology specific,,,,,,2025,2024,,,
MSEDCL 300MW/600MWh BESS,Announced,India,India,Energy_Storage,,Auction,Pay_As_Bid,Power_Purchase_Agreement,25.00,0.00,INR,Fixed,,,,,,300.00,600,Battery storage,Technology specific,,,,,,2025,2024,,,
SJVN 1.2GW FDRE - III,Completed,India,India,Renewables_Other,,Auction,Pay_As_Bid,Power_Purchase_Agreement,25.00,0.00,INR,Fixed,,4863.57,56.41,,,2400.00,,Solar and wind,Co-location,,448.00,448.00,100%,19%,2025,2024,,,56.40530517
"SJVN 1.2GW, 600MW/2400MWh  ",Announced,India,India,Co_Located,,Auction,Pay_As_Bid,Power_Purchase_Agreement,25.00,0.00,INR,Fixed,,,,,,1200.00,2400,Solar and storage,Co-location,,,,,,2025,2024,,,
NHPC 1.2GW solar with 600MW/1.2MWh BESS,Completed,India,India,Co_Located,,Auction,Pay_As_Bid,Power_Purchase_Agreement,25.00,0.00,INR,Fixed,,3093.92,35.88,,,1200.00,1200,Solar and storage,Co-location,,1200.00,1200.00,100%,100%,2025,2024,,,35.88177034
SECI XVIII 1GW solar India,Completed,India,India,Solar,,Auction,Pay_As_Bid,Power_Purchase_Agreement,25.00,0.00,INR,Fixed,,3298.33,39.41,,,1000.00,600,PV,Technology specific,,600.00,600.00,100%,60%,2024,2024,,,39.41452207
"RUMSL 600MW solar with BESS , Morena solar park, Madhya Pradesh",Announced,India,India,Co_Located,,Auction,Pay_As_Bid,Power_Purchase_Agreement,25.00,0.00,INR,Fixed,,,,3050.00,,600.00,,Solar and storage,Co-location,,,,,,2025,2024,,,
SECI 500MW offshore wind India,Announced,India,India,Wind,,Auction,Pay_As_Bid,Power_Purchase_Agreement,25.00,0.00,INR,Fixed,,,,,,500.00,,Offshore wind,Technology specific,,,,,,2025,2024,,,
GUVNL 400MW/800MWh (Phase IV) BESS ,Completed,India,India,Energy_Storage,,Auction,Pay_As_Bid,Power_Purchase_Agreement,25.00,0.00,INR,Fixed,,,,,,400.00,800,Battery storage,Technology specific,1000.00,500.00,500.00,100%,125%,2024,2024,,,
UPNEDA 320MW UP Solar,Announced,India,India,Solar,,Auction,Pay_As_Bid,Power_Purchase_Agreement,25.00,0.00,INR,Fixed,,,,,,320.00,,PV,Technology specific,,,,,,2025,2024,,,
NVVN 500MW/1000MWh India,Completed,India,India,Energy_Storage,,Auction,Pay_As_Bid,Power_Purchase_Agreement,25.00,0.00,INR,Fixed,,,,,,500.00,1000,Battery storage,Technology specific,,500.00,500.00,100%,100%,2024,2024,,,
NHPC 1.2GW Solar India with greenshoe,Announced,India,India,Solar,,Auction,Pay_As_Bid,Power_Purchase_Agreement,25.00,0.00,INR,Fixed,,,,,,1200.00,,PV,Technology specific,,,,,,2025,2024,,,
SECI 4GW offshore wind Tamil Nadu,Announced,India,India,Wind,,Auction,Pay_As_Bid,Power_Purchase_Agreement,25.00,0.00,INR,Fixed,,,,,,4000.00,,Offshore wind,Technology specific,,,,,,2025,2024,,,
NTPC 1.2GW solar India II,Completed,India,India,Solar,,Auction,Pay_As_Bid,Power_Purchase_Agreement,25.00,0.00,INR,Fixed,,2568.87,30.70,,,1200.00,,PV,Technology specific,,816.00,816.00,100%,68%,2024,2024,,,30.69758983
NTPC 1.2GW Hybrid (FDRE),Completed,India,India,Renewables_Other,,Auction,Pay_As_Bid,Power_Purchase_Agreement,25.00,0.00,INR,Fixed,,4696.05,56.12,,,1200.00,,Solar and wind,Co-location,,760.00,760.00,100%,63%,2024,2024,,,56.11699839
"GUVNL 1,600MWh BESS Gujarat ",Announced,India,India,Energy_Storage,Standalone,Auction,Pay_As_Bid,Power_Purchase_Agreement,25.00,0.00,INR,Fixed,,,,,,200.00,1600,Battery storage,Technology specific,,,,,,2025,2024,,,
SECI RTC (IV) 1.2GW India,Announced,India,India,Co_Located,,Auction,Pay_As_Bid,Power_Purchase_Agreement,25.00,0.00,INR,Fixed,,,,,,1200.00,,Solar and wind and storage,Co-location,,,,,,2025,2024,,,
NTPC 1.2GW (greenshoe 600MW) hybrid III,Completed,India,India,Renewables_Other,,Auction,Pay_As_Bid,Power_Purchase_Agreement,25.00,0.00,INR,Fixed,,3351.67,38.87,,,1800.00,,Solar and wind,Co-location,,1200.00,1200.00,100%,67%,2025,2024,,,38.87102872
NHPC 1.2GW IX Solar (greenshoe - 1.2GW),Announced,India,India,Solar,,Auction,Pay_As_Bid,Power_Purchase_Agreement,25.00,0.00,INR,Fixed,,,,,,2400.00,,PV,Technology specific,,,,,,2025,2024,,,
NTPC FDRE II 1.2GW,Announced,India,India,Renewables_Other,,Auction,Pay_As_Bid,Power_Purchase_Agreement,25.00,0.00,INR,Fixed,,,,,,1200.00,,Solar and wind,Co-location,,,,,,2025,2024,,,
RVUNL 500MW/1000MWh BESS Rajasthan (greenshoe 500MW/1000MWh),Completed,India,India,Energy_Storage,,Auction,Pay_As_Bid,Power_Purchase_Agreement,25.00,0.00,INR,Fixed,,,,,,1000.00,2000,Battery storage,Technology specific,,500.00,1000.00,200%,50%,2025,2024,,,
KSEBL 125MW/500MWh BESS Kerala,Announced,India,India,Energy_Storage,,Auction,Pay_As_Bid,Power_Purchase_Agreement,25.00,0.00,INR,Fixed,,,,,,125.00,500,Battery storage,Technology specific,,,,,,2025,2024,,,
NTPC 1.5GW PV Rajasthan ,Announced,India,India,Solar,,Auction,Pay_As_Bid,Power_Purchase_Agreement,25.00,0.00,INR,Fixed,,,,,,1500.00,,PV,Technology specific,,,,,,2025,2024,,,
SJVN 6000MWh (1500MW X 4 hours) RE plus BESS ,Announced,India,India,Co_Located,,Auction,Pay_As_Bid,Power_Purchase_Agreement,25.00,0.00,INR,Fixed,,,,,,1500.00,6000,Solar and wind and storage,Co-location,,,,,,2025,2024,,,
NHPC 1.2GW hybrid tranche X (Greenshoe 1.2GW),Completed,India,India,Renewables_Other,,Auction,Pay_As_Bid,Power_Purchase_Agreement,25.00,0.00,INR,Fixed,,3411.75,39.57,,,2400.00,,Solar and wind,Co-location,,1200.00,1200.00,100%,50%,2025,2024,,,39.56780717
PSPCL 1GW FDRE,Announced,India,India,Renewables_Other,,Auction,Pay_As_Bid,Power_Purchase_Agreement,25.00,0.00,INR,Fixed,,,,,,1000.00,,Solar and wind,Co-location,,,,,,2025,2024,,,
SECI 125MW/500MWh BESS Kerala ,Completed,India,India,Energy_Storage,,Auction,Pay_As_Bid,Power_Purchase_Agreement,25.00,0.00,INR,Fixed,,,,,,125.00,500,Battery storage,Technology specific,,125.00,125.00,100%,100%,2025,2024,,,
GUVNL VI 500MW/1000MWh BESS,Announced,India,India,Energy_Storage,,Auction,Pay_As_Bid,Power_Purchase_Agreement,25.00,0.00,INR,Fixed,,,,,,500.00,1000,Battery storage,Technology specific,,,,,,2025,2025,,,
"NTPC 1,200MW solar with 600MW/2400MWh ESS",Announced,India,India,Co_Located,,Auction,Pay_As_Bid,Power_Purchase_Agreement,25.00,0.00,INR,Fixed,,,,,,1200.00,2400,Solar and storage,Co-location,,,,,,2025,2025,,,
HPPC 500MW solar Haryana,Announced,India,India,Solar,,Auction,Pay_As_Bid,Power_Purchase_Agreement,25.00,0.00,INR,Fixed,,,,,,500.00, ,PV,Technology specific,,,,,,2025,2025,,,
REMCL 500MW RTC for Indian Railways,Announced,India,India,Renewables_Other,,Auction,Pay_As_Bid,Power_Purchase_Agreement,25.00,0.00,INR,Fixed,,,,,,500.00, ,Solar and wind,Co-location,,,,,,2025,2025,,,
GUVNL VI BESS 500MW/1000MWh,Announced,India,India,Energy_Storage,,Auction,Pay_As_Bid,Power_Purchase_Agreement,25.00,0.00,INR,Fixed,,,,,,500.00,1000,Battery storage,Technology specific,,,,,,2025,2025,,,
TGGENCO 250MW/500MWh Standalone BESS Telangana,Completed,India,India,Energy_Storage,,Auction,Pay_As_Bid,Power_Purchase_Agreement,25.00,0.00,INR,Fixed,,,,,,250.00,500,Battery storage,Technology specific,,225.00,225.00,100%,90%,2025,2025,,,
GUVNL IX Wind 250MW (greenshoe 250MW),Announced,India,India,Wind,,Auction,Pay_As_Bid,Power_Purchase_Agreement,25.00,0.00,INR,Fixed,,,,,,500.00, ,Onshore wind,Technology specific,,,,,,2025,2025,,,
GUVNL XXVI 250MW solar (greenshoe 250MW),Completed,India,India,Solar,,Auction,Pay_As_Bid,Power_Purchase_Agreement,25.00,0.00,INR,Fixed,,2600.00,30.15,,,500.00, ,PV,Technology specific,,250.00,250.00,100%,50%,2025,2025,,,30.15352785
NHPC 125MW/500MWh BESS Kerala,Announced,India,India,Energy_Storage,,Auction,Pay_As_Bid,Power_Purchase_Agreement,25.00,0.00,INR,Fixed,,,,,,125.00,500,Battery storage,Technology specific,,,,,,2025,2025,,,
SECI XIX solar 500MW,Announced,India,India,Solar,,Auction,Pay_As_Bid,Power_Purchase_Agreement,25.00,0.00,INR,Fixed,,,,,,500.00, ,PV,Technology specific,,,,,,2025,2025,,,
NHPC 500MW/1000MWh,Announced,India,India,Energy_Storage,,Auction,Pay_As_Bid,Power_Purchase_Agreement,25.00,0.00,INR,Fixed,,,,,,500.00,1000,Battery storage,Technology specific,,,,,,2025,2025,,,
NTPC 250MW/1000MWh BESS,Announced,India,India,Energy_Storage,,Auction,Pay_As_Bid,Power_Purchase_Agreement,25.00,0.00,INR,Fixed,,,,,,250.00,1000,Battery storage,Technology specific,,,,,,2025,2025,,,
NVVN 500MW/1000MWh,Announced,India,India,Energy_Storage,,Auction,Pay_As_Bid,Power_Purchase_Agreement,25.00,0.00,INR,Fixed,,,,,,500.00,1000,Battery storage,Technology specific,,,,,,2025,2025,,,
SJVN 375MW/1500MWh BESS,Announced,India,India,Energy_Storage,,Auction,Pay_As_Bid,Power_Purchase_Agreement,25.00,0.00,INR,Fixed,,,,,,375.00,1500,Battery storage,Technology specific,,,,,,2025,2025,,,
NVVN 250MW/1000MWh BESS,Announced,India,India,Energy_Storage,,Auction,Pay_As_Bid,Power_Purchase_Agreement,25.00,0.00,INR,Fixed,,,,,,250.00,1000,Battery storage,Technology specific,,,,,,2025,2025,,,
NHPC 1.2GW with 600MW/2400MWh (tranche XI),Announced,India,India,Co_Located,,Auction,Pay_As_Bid,Power_Purchase_Agreement,25.00,0.00,INR,Fixed,,,,,,1200.00,2400,Solar and storage,Co-location,,,,,,2025,2025,,,
TNGECL 500MW/1000MWh BESS Tamil Nadu,Announced,India,India,Energy_Storage,,Auction,Pay_As_Bid,Power_Purchase_Agreement,25.00,0.00,INR,Fixed,,,,,,500.00,1000,Battery storage,Technology specific,,,,,,2025,2025,,,
SECI XVIII 400MW Wind,Announced,India,India,Wind,,Auction,Pay_As_Bid,Power_Purchase_Agreement,25.00,0.00,INR,Fixed,,,,,,400.00, ,Onshore wind,Technology specific,,,,,,2025,2025,,,
BSPGCL 125MW/500MWh BESS Bihar,Announced,India,India,Energy_Storage,,Auction,Pay_As_Bid,Power_Purchase_Agreement,25.00,0.00,INR,Fixed,,,,,,125.00,500,Battery storage,Technology specific,,,,,,2025,2025,,,
CESC 150MW hybrid Pan India II - greenshoe 150MW,Completed,India,India,Renewables_Other,,Auction,Pay_As_Bid,Power_Purchase_Agreement,25.00,0.00,INR,Unknown,,,,,,300.00,,Solar and wind,Co-location,,150.00,150.00,100%,50%,2025,2024,,,
SJVN 600MW Wind India (Tranche II),Completed,India,India,Wind,,Auction,Pay_As_Bid,Power_Purchase_Agreement,25.00,0.00,INR,Fixed,,,,,,600.00,,Onshore wind,Technology specific,,312.00,312.00,100%,52%,2025,2025,,,
Japan 4th Auction Solar PV >500kW,Completed,Japan,Japan,Solar,Standalone,Auction,Pay_As_Bid,Fixed_Feed_In_Tariff,20.00,0.00,JPY,Fixed,,12980.00,132.95,,0.00,500.00,,PV,Technology specific,0.00,195.80,195.80,100%,39%,2013,,,,132.9509372
Japan 5th Auction Solar PV >500kW,Completed,Japan,Japan,Solar,Standalone,Auction,Pay_As_Bid,Fixed_Feed_In_Tariff,20.00,0.00,JPY,Fixed,,12570.00,112.08,,0.00,416.00,,PV,Technology specific,0.00,39.82,39.82,100%,10%,2017,,,,112.082033
Japan 1st Biomass auction,Completed,Japan,Japan,Biomass_And_Waste,Standalone,Auction,Pay_As_Bid,Unknown,20.00,0.00,JPY,Fixed,,174.00,1.58,,0.00,180.00,,Biomass,Technology specific,0.00,35.00,35.00,100%,19%,2018,,,,1.575230853
Japan 1st Auction Solar PV >2MW,Completed,Japan,Japan,Solar,Standalone,Auction,Pay_As_Bid,Fixed_Feed_In_Tariff,20.00,0.00,JPY,Fixed,,19640.00,177.80,,0.00,500.00,,PV,Technology specific,0.00,141.00,141.00,100%,28%,2018,,,12/31/2021,177.8019192
Japan 2nd Auction Solar PV >2MW,Completed,Japan,Japan,Solar,Standalone,Auction,Pay_As_Bid,Fixed_Feed_In_Tariff,20.00,0.00,JPY,Fixed,"The Japanese Government has wrapped up its second of three planned solar auctions, with nine companies winning the rights to build a total of 196.96 MW of commercial PV capacity.",N/A,,,0.00,250.00,,PV,Technology specific,0.00,197.00,197.00,100%,79%,2018,,,,
Japan 3rd Auction Solar PV >2MW,Completed,Japan,Japan,Solar,Standalone,Auction,Pay_As_Bid,Fixed_Feed_In_Tariff,20.00,0.00,JPY,Fixed,,135.00,1.24,,0.00,250.00,,PV,Technology specific,0.00,197.00,197.00,100%,79%,2019,,,,1.238191323
Japan's Goto Floating Offshore wind Tender,Completed,Japan,Japan,Wind,Standalone,Auction,Pay_As_Bid,Fixed_Feed_In_Tariff,20.00,0.00,JPY,Fixed,,36000.00,337.17,,0.00,16.80,,Offshore wind,Technology specific,0.00,20.00,20.00,100%,119%,2020,,,12/31/2024,337.1733633
Japan 1st Onshore Wind Auction,Completed,Japan,Japan,Wind,Standalone,Auction,Pay_As_Bid,Unknown,20.00,0.00,JPY,Fixed,,16160.00,151.35,,0.00,1000.00,,Onshore wind,Technology specific,0.00,936.00,936.00,100%,94%,2020,,,,151.3533764
Japan 2nd Biomass auction,Completed,Japan,Japan,Biomass_And_Waste,Standalone,Auction,Pay_As_Bid,Unknown,20.00,0.00,JPY,Fixed,No capacity awarded,N/A,,,0.00,120.00,,Biomass,Technology specific,0.00,0.00,0.00,,,2020,,,,
Japan 6th Auction Solar PV >250kW,Completed,Japan,Japan,Solar,Standalone,Auction,Pay_As_Bid,Fixed_Feed_In_Tariff,20.00,0.00,JPY,Fixed,,11480.00,107.52,,0.00,750.00,,PV,Technology specific,0.00,368.37,368.37,100%,49%,2020,,,,107.5208392
Japan 7th Auction Solar PV >250kW,Completed,Japan,Japan,Solar,Standalone,Auction,Pay_As_Bid,Fixed_Feed_In_Tariff,20.00,0.00,JPY,Fixed,,11200.00,104.90,,0.00,750.00,,PV,Technology specific,0.00,69.40,69.40,100%,9%,2020,,,,104.8983797
Japan 8th Auction Solar PV > 250kW,Completed,Japan,Japan,Solar,Standalone,Auction,Pay_As_Bid,Fixed_Feed_In_Tariff,20.00,0.00,JPY,Fixed,,10820.00,101.34,,0.00,208.00,,PV,Technology specific,0.00,208.00,208.00,100%,100%,2020,,,,101.3393275
"Japan Offshore Wind Site Tender, Round 1 (bottom-fixed, Choshi)",Completed,Japan,Japan,Wind,Standalone,Project_Tender,Pay_As_Bid,Fixed_Feed_In_Tariff,20.00,0.00,JPY,Fixed,,16490.00,150.11,,370.00,370.00,,Offshore wind,Technology specific,0.00,390.60,390.60,100%,106%,2021,2020,11/30/2020,,150.1137915
"Japan Offshore Wind Site Tender, Round 1 (bottom-fixed, Noshiro)",Completed,Japan,Japan,Wind,Standalone,Project_Tender,Pay_As_Bid,Fixed_Feed_In_Tariff,20.00,0.00,JPY,Fixed,,13260.00,120.71,,415.00,415.00,,Offshore wind,Technology specific,0.00,478.80,478.80,100%,115%,2021,2020,11/30/2020,,120.7100592
"Japan Offshore Wind Site Tender, Round 1 (bottom-fixed, Yurihonjo)",Completed,Japan,Japan,Wind,Standalone,Project_Tender,Pay_As_Bid,Fixed_Feed_In_Tariff,20.00,0.00,JPY,Fixed,,11990.00,109.15,,730.00,730.00,,Offshore wind,Technology specific,0.00,819.00,819.00,100%,112%,2021,2020,11/30/2020,,109.1488393
Japan 1st Offshore Wind Auction (outside of promotion areas),Completed,Japan,Japan,Wind,Standalone,Auction,Pay_As_Bid,Unknown,20.00,0.00,JPY,Fixed,No capacity awarded,N/A,,,0.00,120.00,,Offshore wind,Technology specific,,0.00,0.00,,,2021,,,,
Japan 3rd Biomass auction,Completed,Japan,Japan,Biomass_And_Waste,Standalone,Auction,Pay_As_Bid,Unknown,20.00,0.00,JPY,Fixed,,18500.00,168.41,,0.00,120.00,,Biomass,Technology specific,0.00,1.92,1.92,100%,2%,2021,,,,168.4114702
Japan 4th Biomass auction,Completed,Japan,Japan,Biomass_And_Waste,Standalone,Auction,Pay_As_Bid,Unknown,20.00,0.00,JPY,Fixed,,18500.00,168.41,,0.00,120.00,,Biomass,Technology specific,0.00,51.09,51.09,100%,43%,2021,,,,168.4114702
Japan 9th Auction Solar PV > 250kW,Completed,Japan,Japan,Solar,Standalone,Auction,Pay_As_Bid,Fixed_Feed_In_Tariff,20.00,0.00,JPY,Fixed,,10600.00,96.50,,0.00,224.34,,PV,Technology specific,0.00,224.34,224.34,100%,100%,2021,,,,96.49522076
Japan 10th Auction Solar PV > 250kW,Completed,Japan,Japan,Solar,Standalone,Auction,Pay_As_Bid,Fixed_Feed_In_Tariff,20.00,0.00,JPY,Fixed,,10310.00,93.86,,0.00,242.62,,PV,Technology specific,0.00,242.62,242.62,100%,100%,2021,,,,93.85525717
Japan 2nd Onshore Wind Auction,Completed,Japan,Japan,Wind,Standalone,Auction,Pay_As_Bid,Fixed_Feed_In_Tariff,20.00,0.00,JPY,Fixed,,15604.81,118.62,,0.00,1300.00,,Onshore wind,Technology specific,,1289.80,1289.80,100%,99%,2022,2022,9/5/2022,,118.6226487
Japan 5th Biomass auction,Completed,Japan,Japan,Biomass_And_Waste,Standalone,Auction,Pay_As_Bid,Contract_For_Difference_One_Way,20.00,0.00,JPY,Fixed,No capacity awarded,N/A,,,0.00,120.00,,Biomass,Technology specific,,0.00,0.00,,,2022,,9/5/2022,,
Japan 11th Auction Solar PV >250kW,Completed,Japan,Japan,Solar,Standalone,Auction,Pay_As_Bid,Fixed_Feed_In_Tariff,20.00,0.00,JPY,Fixed,,9990.00,75.94,,,278.59,,PV,Technology specific,,268.71,268.71,100%,96%,2022,2021,1/4/2022,,75.94070696
Japan 12th Auction Solar PV 1MW+ (1st FiP auction),Completed,Japan,Japan,Solar,Standalone,Auction,Pay_As_Bid,Contract_For_Difference_One_Way,20.00,0.00,JPY,Fixed,,9870.00,75.03,,,175.00,,PV,Technology specific,,128.94,128.94,100%,74%,2022,,4/18/2022,,75.02850627
Japan 12th Auction Solar PV 250kW-1MW,Completed,Japan,Japan,Solar,Standalone,Auction,Pay_As_Bid,Fixed_Feed_In_Tariff,20.00,0.00,JPY,Fixed,,9930.00,75.48,,,50.00,,PV,Technology specific,,24.76,24.76,100%,50%,2022,,4/18/2022,,75.48460661
Japan 13th Auction Solar PV 1MW+ (2nd FiP auction),Completed,Japan,Japan,Solar,Standalone,Auction,Pay_As_Bid,Contract_For_Difference_One_Way,20.00,0.00,JPY,Fixed,,9812.73,74.59,,,175.00,,PV,Technology specific,,14.32,14.32,100%,8%,2022,2021,6/27/2022,,74.59318263
Japan 13th Auction Solar PV 250kW-1MW,Completed,Japan,Japan,Solar,Standalone,Auction,Pay_As_Bid,Fixed_Feed_In_Tariff,20.00,0.00,JPY,Fixed,,9787.98,74.41,,,50.00,,PV,Technology specific,,11.86,11.86,100%,24%,2022,2021,6/27/2022,,74.40503521
Japan 14th Auction Solar PV 1MW+ (3rd FiP auction),Completed,Japan,Japan,Solar,Standalone,Auction,Pay_As_Bid,Contract_For_Difference_One_Way,20.00,0.00,JPY,Fixed,,9727.14,73.94,,,175.00,,PV,Technology specific,,137.21,137.21,100%,78%,2022,2022,9/26/2022,,73.94256381
Japan 14th Auction Solar PV 250kW-1MW,Completed,Japan,Japan,Solar,Standalone,Auction,Pay_As_Bid,Fixed_Feed_In_Tariff,20.00,0.00,JPY,Fixed,,9704.94,73.77,,,50.00,,PV,Technology specific,,11.30,11.30,100%,23%,2022,2022,9/26/2022,,73.77378841
"Japan Offshore Wind Site Tender, Round 2 (bottom-fixed, Happo/Noshiro)",Completed,Japan,Japan,Wind,Standalone,Project_Tender,Pay_As_Bid,Contract_For_Difference_One_Way,20.00,0.00,JPY,Fixed,Result to be disclosed in March 2024. Price cap at 19 yen/kWh (Monopile foundation),3000.00,21.34,,285.00,356.00,,Offshore wind,Technology specific,,375.00,375.00,100%,105%,2023,2022,12/28/2022,,21.34016219
"Japan Offshore Wind Site Tender, Round 2 (bottom-fixed, Murakami/Tainai)",Completed,Japan,Japan,Wind,Standalone,Project_Tender,Pay_As_Bid,Contract_For_Difference_One_Way,20.00,0.00,JPY,Fixed,,3000.00,21.34,,282.00,1052.00,,Offshore wind,Technology specific,,684.00,684.00,100%,65%,2023,2022,12/28/2022,,21.34016219
"Japan Offshore Wind Site Tender, Round 2 (bottom-fixed,Oga/Katagami)",Completed,Japan,Japan,Wind,Standalone,Project_Tender,Pay_As_Bid,Contract_For_Difference_One_Way,20.00,0.00,JPY,Fixed,,3000.00,21.34,,269.00,336.00,,Offshore wind,Technology specific,,315.00,315.00,100%,94%,2023,2022,12/28/2022,,21.34016219
"Japan Offshore Wind Site Tender, Round 2 (bottom-fixed, Saikai)",Completed,Japan,Japan,Wind,Standalone,Project_Tender,Pay_As_Bid,Contract_For_Difference_One_Way,20.00,0.00,JPY,Fixed,,22180.00,157.77,,99.00,424.00,,Offshore wind,Technology specific,,420.00,420.00,100%,99%,2023,2022,12/28/2022,,157.7749324
Japan 2nd Offshore Wind Auction (outside of promotion areas),Completed,Japan,Japan,Wind,Standalone,Auction,Pay_As_Bid,Hybrid,20.00,0.00,JPY,Fixed,No capacity awarded,N/A,,,,190.00,,Offshore wind,Technology specific,,0.00,0.00,,,2023,2023,9/4/2023,,
Japan 3rd Onshore Wind Auction,Completed,Japan,Japan,Wind,Standalone,Auction,Pay_As_Bid,Contract_For_Difference_One_Way,20.00,0.00,JPY,Fixed,Additional auction to take place when this auction gets oversubsribed (by more than 300MW),14081.51,100.17,,,1000.00,,Onshore wind,Technology specific,,1000.00,1414.28,141%,100%,2023,2023,9/4/2023,,100.1672549
Japan 6th Biomass auction,Completed,Japan,Japan,Biomass_And_Waste,Standalone,Auction,Pay_As_Bid,Contract_For_Difference_One_Way,20.00,0.00,JPY,Fixed,No capacity awarded,N/A,,,,120.00,,Biomass,Technology specific,,0.00,0.00,,,2023,2023,9/4/2023,,
Japan 15th Auction Solar PV 1MW+ (4th FiP auction),Completed,Japan,Japan,Solar,Standalone,Auction,Pay_As_Bid,Contract_For_Difference_One_Way,20.00,0.00,JPY,Fixed,,9557.01,67.98,,,175.00,,PV,Technology specific,,16.20,16.20,100%,9%,2023,2022,1/10/2023,,67.98270545
Japan 15th Auction Solar PV 250kW-1MW,Completed,Japan,Japan,Solar,Standalone,Auction,Pay_As_Bid,Fixed_Feed_In_Tariff,20.00,0.00,JPY,Fixed,,9588.33,68.21,,,50.00,,PV,Technology specific,,15.84,15.83,100%,32%,2023,2022,1/10/2023,,68.2055163
Japan 16th Auction Solar PV 250kW+ ,Completed,Japan,Japan,Solar,Standalone,Auction,Pay_As_Bid,Hybrid,20.00,0.00,JPY,Fixed,,9344.76,66.47,,,105.00,,PV,Technology specific,,105.00,119.72,114%,100%,2023,2023,4/17/2023,,66.47287449
Japan 17th Auction Solar PV 250kW+ ,Completed,Japan,Japan,Solar,Standalone,Auction,Pay_As_Bid,Hybrid,20.00,0.00,JPY,Fixed,Auction size to be adjusted based on the previous auction result,9302.83,66.17,,,110.89,,PV,Technology specific,,69.07,69.07,100%,62%,2023,2023,6/26/2023,,66.17464406
Japan 3rd Onshore Wind Auction (Additional),Completed,Japan,Japan,Wind,Standalone,Auction,Pay_As_Bid,Contract_For_Difference_One_Way,20.00,0.00,JPY,Fixed,"Since the bidding volume exceeded the auction size by more than 500MW, Japan decided to host an additional onshore wind auction.",12419.98,81.99,,,165.71,,Onshore wind,Technology specific,,165.71,211.37,128%,100%,2024,2024,1/22/2024,,81.99089523
"Japan Offshore Wind Site Tender, Round 3 (bottom-fixed, Southern Aomori)",Completed,Japan,Japan,Wind,Standalone,Project_Tender,Pay_As_Bid,Contract_For_Difference_One_Way,20.00,0.00,JPY,Fixed,,3000.00,19.80,,96.00,600.00,,Offshore wind,Technology specific,,615.00,615.00,100%,103%,2024,2024,1/19/2024,,19.80459467
"Japan Offshore Wind Site Tender, Round 3 (bottom-fixed, Yuza)",Completed,Japan,Japan,Wind,Standalone,Project_Tender,Pay_As_Bid,Contract_For_Difference_One_Way,20.00,0.00,JPY,Fixed,,3000.00,19.80,,360.00,450.00,,Offshore wind,Technology specific,,450.00,450.00,100%,100%,2024,2024,1/19/2024,,19.80459467
Japan 3rd Offshore Wind Auction (outside of promotion areas),Completed,Japan,Japan,Wind,Standalone,Auction,Pay_As_Bid,Contract_For_Difference_One_Way,20.00,0.00,JPY,Fixed,No capacity awarded,N/A,,,,190.00,,Offshore wind,Technology specific,,0.00,0.00,,,2024,2024,9/2/2024,,
Japan 4th Onshore Wind Auction,Completed,Japan,Japan,Wind,Standalone,Auction,Pay_As_Bid,Contract_For_Difference_One_Way,20.00,0.00,JPY,Fixed,Additional auction to take place when this auction gets oversubsribed (by more than 300MW),12730.00,84.04,,,1000.00,,Onshore wind,Technology specific,,885.25,885.25,100%,89%,2024,2024,9/2/2024,,84.0374967
Japan 4th Offshore Wind Auction (outside of promotion areas),Announced,Japan,Japan,Wind,Standalone,Auction,Pay_As_Bid,Contract_For_Difference_One_Way,20.00,0.00,JPY,Fixed,,,,,,190.00,,Offshore wind,Technology specific,,,,,,2025,2025,9/1/2025,,
Japan 5th Onshore Wind Auction,Announced,Japan,Japan,Wind,Standalone,Auction,Pay_As_Bid,Contract_For_Difference_One_Way,20.00,0.00,JPY,Fixed,Additional auction to take place when this auction gets oversubsribed (by more than 300MW),,,,,900.00,,Onshore wind,Technology specific,,,,,,2025,2025,9/1/2025,,
Japan 7th Biomass auction,Completed,Japan,Japan,Biomass_And_Waste,Standalone,Auction,Pay_As_Bid,Contract_For_Difference_One_Way,20.00,0.00,JPY,Fixed,No capacity awarded,N/A,,,,120.00,,Biomass,Technology specific,,0.00,0.00,,,2024,2024,9/2/2024,,
Japan 8th Biomass auction,Announced,Japan,Japan,Biomass_And_Waste,Standalone,Auction,Pay_As_Bid,Contract_For_Difference_One_Way,20.00,0.00,JPY,Fixed,,,,,,140.00,,Biomass,Technology specific,,,,,,2025,2025,9/1/2025,,
Japan 18th Auction Solar PV 250kW+ ,Completed,Japan,Japan,Solar,Standalone,Auction,Pay_As_Bid,Hybrid,20.00,0.00,JPY,Fixed,Auction size to be adjusted based on the previous auction result,8554.32,56.47,,,105.00,,PV,Technology specific,,105.00,177.76,169%,100%,2024,2023,9/25/2023,,56.47163215
Japan 19th Auction Solar PV 250kW+ ,Completed,Japan,Japan,Solar,Standalone,Auction,Pay_As_Bid,Hybrid,20.00,0.00,JPY,Fixed,Auction size to be adjusted based on the previous auction result,5110.58,33.74,,,134.10,,PV,Technology specific,,134.10,311.76,232%,100%,2024,2023,1/8/2024,,33.73762954
Japan 20th Auction Solar PV 250kW+ ,Completed,Japan,Japan,Solar,Standalone,Auction,Pay_As_Bid,Contract_For_Difference_One_Way,20.00,0.00,JPY,Fixed,Auction size to be adjusted based on the previous auction result,6838.53,45.14,,,93.00,,PV,Technology specific,,93.00,118.44,127%,100%,2024,2024,4/15/2024,,45.14477102
Japan 21st Auction Solar PV 250kW+ ,Completed,Japan,Japan,Solar,Standalone,Auction,Pay_As_Bid,Contract_For_Difference_One_Way,20.00,0.00,JPY,Fixed,Auction size to be adjusted based on the previous auction result,8080.00,53.34,,,106.99,,PV,Technology specific,,33.67,33.67,100%,31%,2024,2024,6/24/2024,,53.34037497
Japan 22nd Auction Solar PV 250kW+ ,Completed,Japan,Japan,Solar,Standalone,Auction,Pay_As_Bid,Contract_For_Difference_One_Way,20.00,0.00,JPY,Fixed,Auction size to be adjusted based on the previous auction result,8170.00,53.93,,,93.00,,PV,Technology specific,,56.44,56.44,100%,61%,2024,2024,9/24/2024,,53.93451281
Japan 23rd Auction Solar PV 250kW+,Completed,Japan,Japan,Solar,Standalone,Auction,Pay_As_Bid,Contract_For_Difference_One_Way,20.00,0.00,JPY,Fixed,Auction size to be adjusted based on the previous auction result,5055.37,33.72,,,93.00,,PV,Technology specific,,93.00,114.36,123%,100%,2025,2024,1/6/2025,,33.7249349
Japan 24th Auction Solar PV 250kW+,Announced,Japan,Japan,Solar,Standalone,Auction,Pay_As_Bid,Contract_For_Difference_One_Way,20.00,0.00,JPY,Fixed,Auction size to be adjusted based on the previous auction result,,,,,79.00,,PV,Technology specific,,,,,,2025,2025,4/14/2025,,
Japan 25th Auction Solar PV 250kW+,Announced,Japan,Japan,Solar,Standalone,Auction,Pay_As_Bid,Contract_For_Difference_One_Way,20.00,0.00,JPY,Fixed,Auction size to be adjusted based on the previous auction result,,,,,,,PV,Technology specific,,,,,,2025,2025,6/23/2025,,
Japan 26th Auction Solar PV 250kW+,Announced,Japan,Japan,Solar,Standalone,Auction,Pay_As_Bid,Contract_For_Difference_One_Way,20.00,0.00,JPY,Fixed,Auction size to be adjusted based on the previous auction result,,,,,,,PV,Technology specific,,,,,,2025,2025,9/24/2025,,
Japan 27th Auction Solar PV 250kW+,Announced,Japan,Japan,Solar,Standalone,Auction,Pay_As_Bid,Contract_For_Difference_One_Way,20.00,0.00,JPY,Fixed,Auction size to be adjusted based on the previous auction result,,,,,,,PV,Technology specific,,,,,,2026,2025,1/5/2026,,
Japan 1st Long-term Decarbonized Capacity Auction (biomass),Completed,Japan,Japan,Biomass_And_Waste,,Auction,Pay_As_Bid,Unknown,20.00,0.00,JPY,Fixed,Price varies by tech,6650.04,43.90,,,1600.00,,Biomass,Group of technologies,,199.00,199.00,100%,12%,2024,2024,10/16/2023,,43.90045922
Japan 1st Long-term Decarbonized Capacity Auction (battery energy storage),Completed,Japan,Japan,Energy_Storage,,Auction,Pay_As_Bid,Unknown,20.00,0.00,JPY,Fixed,Price varies by tech,6650.04,43.90,,,1400.00,,Battery storage,Group of technologies,,1092.00,4559.00,417%,78%,2024,2024,10/16/2023,,43.90045922
Japan 1st Long-term Decarbonized Capacity Auction (pumped hydro),Completed,Japan,Japan,Energy_Storage,,Auction,Pay_As_Bid,Unknown,20.00,0.00,JPY,Fixed,Price varies by tech,6650.04,43.90,,,1400.00,,Pumped hydro,Group of technologies,,577.00,838.00,145%,41%,2024,2024,10/16/2023,,43.90045922
Japan 2nd Long-term Decarbonized Capacity Auction (pumped hydro),Announced,Japan,Japan,Energy_Storage,,Auction,Pay_As_Bid,Unknown,20.00,0.00,JPY,Fixed,Price varies by tech,,,,,1500.00,,Pumped hydro,Group of technologies,,,,,,2025,2024,1/20/2025,,
Japan 2nd Long-term Decarbonized Capacity Auction (battery energy storage),Announced,Japan,Japan,Energy_Storage,,Auction,Pay_As_Bid,Unknown,20.00,0.00,JPY,Fixed,Price varies by tech,,,,,1500.00,,Battery storage,Group of technologies,,,,,,2025,2024,1/20/2025,,
Japan 2nd Long-term Decarbonized Capacity Auction (biomass),Announced,Japan,Japan,Biomass_And_Waste,,Auction,Pay_As_Bid,Unknown,20.00,0.00,JPY,Fixed,Price varies by tech,,,,,500.00,,Biomass,Group of technologies,,,,,,2025,2024,1/20/2025,,
Japan 2nd Long-term Decarbonized Capacity Auction (solar),Announced,Japan,Japan,Solar,,Auction,Pay_As_Bid,Unknown,20.00,0.00,JPY,Fixed,Price varies by tech,,,,,500.00,,PV,Group of technologies,,,,,,2025,2024,1/20/2025,,
Japan 2nd Long-term Decarbonized Capacity Auction (wind),Announced,Japan,Japan,Wind,,Auction,Pay_As_Bid,Unknown,20.00,0.00,JPY,Fixed,Price varies by tech,,,,,500.00,,Onshore wind,Group of technologies,,,,,,2025,2024,1/20/2025,,
RenovAr Round 1 (Biomass),Completed,Argentina,Latin America,Biomass_And_Waste,Standalone,Auction,Pay_As_Bid,Power_Purchase_Agreement,20.00,0.00,USD,Indexed,,110.00,110.00,,,,,Biomass,Unknown,0.00,15.00,15.00,100%,#N/A,2016,,,,110
RenovAr Round 1 (Biogas),Completed,Argentina,Latin America,Clean_Fuels,Standalone,Auction,Pay_As_Bid,Power_Purchase_Agreement,20.00,0.00,USD,Indexed,,154.00,154.00,,,,,Biogas,Unknown,0.00,9.00,9.00,100%,#N/A,2016,,,,154
RenovAr Round 1 (Small Hydro),Completed,Argentina,Latin America,Hydro,Standalone,Auction,Pay_As_Bid,Power_Purchase_Agreement,20.00,0.00,USD,Indexed,,105.00,105.00,,,,,Run of river,Unknown,0.00,11.00,11.00,100%,#N/A,2016,,,,105
RenovAr Round 1 (Solar PV),Completed,Argentina,Latin America,Solar,Standalone,Auction,Pay_As_Bid,Power_Purchase_Agreement,20.00,0.00,USD,Indexed,,60.00,60.00,,,,,PV,Unknown,0.00,400.00,400.00,100%,#N/A,2016,,,,60
RenovAr Round 1.5 (Solar PV),Completed,Argentina,Latin America,Solar,Standalone,Auction,Pay_As_Bid,Power_Purchase_Agreement,20.00,0.00,USD,Indexed,,54.94,54.94,,,,,PV,Unknown,0.00,516.20,516.20,100%,#N/A,2016,,,,54.94
RenovAr Round 1 (Wind),Completed,Argentina,Latin America,Wind,Standalone,Auction,Pay_As_Bid,Power_Purchase_Agreement,20.00,0.00,USD,Indexed,,59.00,59.00,,,,,Onshore wind,Unknown,0.00,707.00,707.00,100%,#N/A,2016,,,,59
RenovAr Round 1.5 (Wind),Completed,Argentina,Latin America,Wind,Standalone,Auction,Pay_As_Bid,Power_Purchase_Agreement,20.00,0.00,USD,Indexed,,53.34,53.34,,,,,Onshore wind,Unknown,0.00,765.40,765.40,100%,#N/A,2016,,,,53.34
RenovAr Round 2 First Phase (Biomass),Completed,Argentina,Latin America,Biomass_And_Waste,Standalone,Auction,Pay_As_Bid,Power_Purchase_Agreement,20.00,0.00,USD,Indexed,,107.00,107.00,,,,,Biomass,Unknown,0.00,117.00,117.00,100%,#N/A,2017,,,,107
RenovAr Round 2 Second Phase (Biomass),Completed,Argentina,Latin America,Biomass_And_Waste,Standalone,Auction,Pay_As_Bid,Power_Purchase_Agreement,20.00,0.00,USD,Indexed,,110.00,110.00,,,,,Biomass,Unknown,0.00,26.00,26.00,100%,#N/A,2017,,,,110
RenovAr Round 2 First Phase (Biogas),Completed,Argentina,Latin America,Clean_Fuels,Standalone,Auction,Pay_As_Bid,Power_Purchase_Agreement,20.00,0.00,USD,Indexed,,157.00,157.00,,,,,Biogas,Unknown,0.00,35.00,35.00,100%,#N/A,2017,,,,157
RenovAr Round 2 First Phase (Landfill Biogas),Completed,Argentina,Latin America,Clean_Fuels,Standalone,Auction,Pay_As_Bid,Power_Purchase_Agreement,20.00,0.00,USD,Indexed,,129.00,129.00,,,,,Biogas,Unknown,0.00,13.00,13.00,100%,#N/A,2017,,,,129
RenovAr Round 2 Second Phase (Biogas),Completed,Argentina,Latin America,Clean_Fuels,Standalone,Auction,Pay_As_Bid,Power_Purchase_Agreement,20.00,0.00,USD,Indexed,,158.00,158.00,,,,,Biogas,Unknown,0.00,21.00,21.00,100%,#N/A,2017,,,,158
RenovAr Round 2 First Phase (Small Hydro),Completed,Argentina,Latin America,Hydro,Standalone,Auction,Pay_As_Bid,Power_Purchase_Agreement,20.00,0.00,USD,Indexed,,99.00,99.00,,,,,Run of river,Unknown,0.00,21.00,21.00,100%,#N/A,2017,,,,99
RenovAr Round 2 First Phase (Solar PV),Completed,Argentina,Latin America,Solar,Standalone,Auction,Pay_As_Bid,Power_Purchase_Agreement,20.00,0.00,USD,Indexed,,43.00,43.00,,,,,PV,Unknown,0.00,557.00,557.00,100%,#N/A,2017,,,,43
RenovAr Round 2 Second Phase (Solar PV),Completed,Argentina,Latin America,Solar,Standalone,Auction,Pay_As_Bid,Power_Purchase_Agreement,20.00,0.00,USD,Indexed,,41.00,41.00,,,,,PV,Unknown,0.00,260.00,260.00,100%,#N/A,2017,,,,41
RenovAr Round 2 First Phase (Wind),Completed,Argentina,Latin America,Wind,Standalone,Auction,Pay_As_Bid,Power_Purchase_Agreement,20.00,0.00,USD,Indexed,,41.00,41.00,,,,,Onshore wind,Unknown,0.00,666.00,666.00,100%,#N/A,2017,,,,41
RenovAr Round 2 Second Phase (Wind),Completed,Argentina,Latin America,Wind,Standalone,Auction,Pay_As_Bid,Power_Purchase_Agreement,20.00,0.00,USD,Indexed,,40.00,40.00,,,,,Onshore wind,Unknown,0.00,328.00,328.00,100%,#N/A,2017,,,,40
RenovAr MiniRen Round 3 (Biomass),Completed,Argentina,Latin America,Biomass_And_Waste,Standalone,Auction,Pay_As_Bid,Power_Purchase_Agreement,20.00,0.00,USD,Indexed,,106.10,106.10,,,,,Biomass,Unknown,0.00,8.50,8.50,100%,#N/A,2019,,,,106.1
RenovAr MiniRen Round 3 (Biogas),Completed,Argentina,Latin America,Clean_Fuels,Standalone,Auction,Pay_As_Bid,Power_Purchase_Agreement,20.00,0.00,USD,Indexed,,158.60,158.60,,,,,Biogas,Unknown,0.00,12.80,12.80,100%,#N/A,2019,,,,158.6
RenovAr MiniRen Round 3 (Landfill gas),Completed,Argentina,Latin America,Clean_Fuels,Standalone,Auction,Pay_As_Bid,Power_Purchase_Agreement,20.00,0.00,USD,Indexed,,129.50,129.50,,,,,Biogas,Unknown,0.00,5.00,5.00,100%,#N/A,2019,,,,129.5
RenovAr MiniRen Round 3 (Small Hydro),Completed,Argentina,Latin America,Hydro,Standalone,Auction,Pay_As_Bid,Power_Purchase_Agreement,20.00,0.00,USD,Indexed,,103.40,103.40,,,,,Run of river,Unknown,0.00,7.40,7.40,100%,#N/A,2019,,,,103.4
RenovAr MiniRen Round 3 (Solar),Completed,Argentina,Latin America,Solar,Standalone,Auction,Pay_As_Bid,Power_Purchase_Agreement,20.00,0.00,USD,Indexed,,57.58,57.58,,,,,PV,Unknown,0.00,96.80,96.80,100%,#N/A,2019,,,,57.58
RenovAr MiniRen Round 3 (Wind),Completed,Argentina,Latin America,Wind,Standalone,Auction,Pay_As_Bid,Power_Purchase_Agreement,20.00,0.00,USD,Indexed,,58.04,58.04,,,,,Onshore wind,Unknown,0.00,128.70,128.70,100%,#N/A,2019,,,,58.04
RenMDI - Renewable auction,Completed,Argentina,Latin America,Biomass_And_Waste,Standalone,Auction,Pay_As_Bid,Power_Purchase_Agreement,15.00,0.00,USD,Indexed,"On January 31, Argentina published the resolution for its next renewable auction, after a four-year hiatus. The process awarded a total of 634MW and focused on small renewable projects with up to 20MW capacity. CAMMESA, the power market administrator, allocated a maximum capacity per region, as the country faces transmission bottlenecks. The auction targeted solar with and without storage, wind with storage, biomass, and small hydro. The government will received bids on April 27 and awarded projects on July 24. Solar and wind projects paired with batteries secured offtake agreements for the first time. Solar was by far the most awarded technology, with 450MW, or 71% of total capacity.
awarded. ",146.00,146.00,,,500.00,,Biomass,Group of technologies,0.00,3.00,3.00,100%,1%,2023,2023,27/04/2023,12/31/2026,146
RenMDI - Renewable auction,Completed,Argentina,Latin America,Biomass_And_Waste,Standalone,Auction,Pay_As_Bid,Power_Purchase_Agreement,15.00,0.00,USD,Indexed,"On January 31, Argentina published the resolution for its next renewable auction, after a four-year hiatus. The process awarded a total of 634MW and focused on small renewable projects with up to 20MW capacity. CAMMESA, the power market administrator, allocated a maximum capacity per region, as the country faces transmission bottlenecks. The auction targeted solar with and without storage, wind with storage, biomass, and small hydro. The government will received bids on April 27 and awarded projects on July 24. Solar and wind projects paired with batteries secured offtake agreements for the first time. Solar was by far the most awarded technology, with 450MW, or 71% of total capacity.
awarded. ",144.10,144.10,,,120.00,,Biomass,Group of technologies,0.00,39.00,39.00,100%,33%,2023,2023,27/04/2023,2/11/2027,144.1
RenMDI - Renewable auction,Completed,Argentina,Latin America,Biomass_And_Waste,Standalone,Auction,Pay_As_Bid,Power_Purchase_Agreement,15.00,0.00,USD,Indexed,"On January 31, Argentina published the resolution for its next renewable auction, after a four-year hiatus. The process awarded a total of 634MW and focused on small renewable projects with up to 20MW capacity. CAMMESA, the power market administrator, allocated a maximum capacity per region, as the country faces transmission bottlenecks. The auction targeted solar with and without storage, wind with storage, biomass, and small hydro. The government will received bids on April 27 and awarded projects on July 24. Solar and wind projects paired with batteries secured offtake agreements for the first time. Solar was by far the most awarded technology, with 450MW, or 71% of total capacity.
awarded. ",158.80,158.80,,,120.00,,Energy from waste,Group of technologies,0.00,13.20,13.20,100%,11%,2023,2023,27/04/2023,2/11/2027,158.8
RenMDI - Renewable auction,Completed,Argentina,Latin America,Clean_Fuels,Standalone,Auction,Pay_As_Bid,Power_Purchase_Agreement,15.00,0.00,USD,Indexed,"On January 31, Argentina published the resolution for its next renewable auction, after a four-year hiatus. The process awarded a total of 634MW and focused on small renewable projects with up to 20MW capacity. CAMMESA, the power market administrator, allocated a maximum capacity per region, as the country faces transmission bottlenecks. The auction targeted solar with and without storage, wind with storage, biomass, and small hydro. The government will received bids on April 27 and awarded projects on July 24. Solar and wind projects paired with batteries secured offtake agreements for the first time. Solar was by far the most awarded technology, with 450MW, or 71% of total capacity.
awarded. ",186.50,186.50,,,120.00,,Biogas,Group of technologies,0.00,29.86,29.86,100%,25%,2023,2023,27/04/2023,2/11/2027,186.5
RenMDI - Renewable auction,Completed,Argentina,Latin America,Co_Located,Co-located,Auction,Pay_As_Bid,Power_Purchase_Agreement,15.00,0.00,USD,Indexed,"On January 31, Argentina published the resolution for its next renewable auction, after a four-year hiatus. The process awarded a total of 634MW and focused on small renewable projects with up to 20MW capacity. CAMMESA, the power market administrator, allocated a maximum capacity per region, as the country faces transmission bottlenecks. The auction targeted solar with and without storage, wind with storage, biomass, and small hydro. The government will received bids on April 27 and awarded projects on July 24. Solar and wind projects paired with batteries secured offtake agreements for the first time. Solar was by far the most awarded technology, with 450MW, or 71% of total capacity.
awarded. ",82.10,82.10,,,500.00,,Solar and storage,Group of technologies,0.00,51.50,51.50,100%,10%,2023,2023,27/04/2023,12/31/2026,82.1
RenMDI - Renewable auction,Completed,Argentina,Latin America,Co_Located,Co-located,Auction,Pay_As_Bid,Power_Purchase_Agreement,15.00,0.00,USD,Indexed,"On January 31, Argentina published the resolution for its next renewable auction, after a four-year hiatus. The process awarded a total of 634MW and focused on small renewable projects with up to 20MW capacity. CAMMESA, the power market administrator, allocated a maximum capacity per region, as the country faces transmission bottlenecks. The auction targeted solar with and without storage, wind with storage, biomass, and small hydro. The government will received bids on April 27 and awarded projects on July 24. Solar and wind projects paired with batteries secured offtake agreements for the first time. Solar was by far the most awarded technology, with 450MW, or 71% of total capacity.
awarded. ",115.00,115.00,,,500.00,,Wind and storage,Group of technologies,0.00,10.00,10.00,100%,2%,2023,2023,27/04/2023,12/31/2026,115
RenMDI - Renewable auction,Completed,Argentina,Latin America,Hydro,Standalone,Auction,Pay_As_Bid,Power_Purchase_Agreement,15.00,0.00,USD,Indexed,"On January 31, Argentina published the resolution for its next renewable auction, after a four-year hiatus. The process awarded a total of 634MW and focused on small renewable projects with up to 20MW capacity. CAMMESA, the power market administrator, allocated a maximum capacity per region, as the country faces transmission bottlenecks. The auction targeted solar with and without storage, wind with storage, biomass, and small hydro. The government will received bids on April 27 and awarded projects on July 24. Solar and wind projects paired with batteries secured offtake agreements for the first time. Solar was by far the most awarded technology, with 450MW, or 71% of total capacity.
awarded. ",110.70,110.70,,,120.00,,Run of river,Group of technologies,0.00,37.51,37.51,100%,31%,2023,2023,27/04/2023,2/11/2027,110.7
RenMDI - Renewable auction,Completed,Argentina,Latin America,Solar,Standalone,Auction,Pay_As_Bid,Power_Purchase_Agreement,15.00,0.00,USD,Indexed,"On January 31, Argentina published the resolution for its next renewable auction, after a four-year hiatus. The process awarded a total of 634MW and focused on small renewable projects with up to 20MW capacity. CAMMESA, the power market administrator, allocated a maximum capacity per region, as the country faces transmission bottlenecks. The auction targeted solar with and without storage, wind with storage, biomass, and small hydro. The government will received bids on April 27 and awarded projects on July 24. Solar and wind projects paired with batteries secured offtake agreements for the first time. Solar was by far the most awarded technology, with 450MW, or 71% of total capacity.
awarded. ",70.70,70.70,,,500.00,,PV,Group of technologies,0.00,450.00,450.00,100%,90%,2023,2023,27/04/2023,12/31/2026,70.7
Bolivia Solar Auction - May 2024,Delayed,Bolivia,Latin America,Solar,Standalone,Project_Tender,Unknown,Unknown,,,0,Unknown,Bolivia lauched tender for 20 MW Viru Viru Solar Project,,,,,20.00,,PV,Technology specific,,,,,,2024,2024,,,
1st Alternative Energy Auction (Biomass A-3),Completed,Brazil,Latin America,Biomass_And_Waste,Standalone,Auction,Unknown,Unknown,20.00,0.00,BRL,Indexed,,138.86,71.30,,,,,Biomass,Unknown,0.00,97.00,97.00,100%,#N/A,2007,,,1/31/2010,71.30166881
3rd energy auction (A-5),Completed,Brazil,Latin America,Biomass_And_Waste,Standalone,Auction,Unknown,Unknown,15.00,0.00,BRL,Indexed,,137.06,70.38,,,,,Biomass,Unknown,0.00,61.00,61.00,100%,#N/A,2007,,,1/1/2011,70.37740693
1st Alternative Energy Auction (Small hydro A-3),Completed,Brazil,Latin America,Hydro,Standalone,Auction,Unknown,Unknown,20.00,0.00,BRL,Indexed,,134.99,73.51,,,,,Run of river,Unknown,0.00,541.00,541.00,100%,#N/A,2008,,,1/31/2010,73.50795034
1st Capacity Auction (Biomass - 2009 delivery date),Completed,Brazil,Latin America,Biomass_And_Waste,Standalone,Auction,Unknown,Unknown,15.00,0.00,BRL,Indexed,,60.86,33.14,,0.00,1086.00,,Biomass,Unknown,4415040.00,31.49,31.49,100%,3%,2008,,,,33.1409279
1st Capacity Auction (Biomass - 2010 delivery date),Completed,Brazil,Latin America,Biomass_And_Waste,Standalone,Auction,Unknown,Unknown,15.00,0.00,BRL,Indexed,,58.84,29.48,,0.00,1086.00,,Biomass,Unknown,64473600.00,31.49,31.49,100%,3%,2009,,,,29.48191202
2nd Alternative energy auction (Biomass A-3),Completed,Brazil,Latin America,Biomass_And_Waste,Standalone,Auction,Unknown,Unknown,20.00,0.00,BRL,Indexed,,137.92,78.34,,,,,Biomass,Unknown,0.00,90.00,90.00,100%,#N/A,2010,,,1/31/2013,78.34138029
2nd alternative energy auction (Small Hydro A-3),Completed,Brazil,Latin America,Hydro,Standalone,Auction,Unknown,Unknown,20.00,0.00,BRL,Indexed,,146.47,83.20,,,,,Run of river,Unknown,0.00,107.00,107.00,100%,#N/A,2010,,,1/31/2013,83.19795513
2nd capacity auction (Wind A-3),Completed,Brazil,Latin America,Wind,Standalone,Auction,Unknown,Unknown,30.00,0.00,BRL,Indexed,,148.39,84.29,,,,,Onshore wind,Unknown,132015960.00,1805.70,1805.70,100%,#N/A,2010,,,9/30/2009,84.28855439
3rd capacity auction (Biomass A-3),Completed,Brazil,Latin America,Biomass_And_Waste,Standalone,Auction,Unknown,Unknown,15.00,0.00,BRL,Indexed,,134.47,76.38,,,,,Biomass,Unknown,0.00,648.00,648.00,100%,#N/A,2010,,,,76.38170974
3rd capacity auction (Small hydro A-3),Completed,Brazil,Latin America,Hydro,,Auction,Unknown,Unknown,30.00,0.00,BRL,Indexed,,130.73,74.26,,,,,Run of river,Unknown,0.00,30.00,30.00,100%,#N/A,2010,,,,74.25731326
3rd capacity auction (Wind A-3),Completed,Brazil,Latin America,Wind,,Auction,Unknown,Unknown,20.00,0.00,BRL,Indexed,,122.69,69.69,,,,,Onshore wind,Unknown,0.00,528.00,528.00,100%,#N/A,2010,,,,69.69042886
2nd alternative energy auction (Wind A-3),Completed,Brazil,Latin America,Wind,,Auction,Unknown,Unknown,20.00,0.00,BRL,Indexed,,134.46,80.31,,,,,Onshore wind,Unknown,0.00,1518.00,1518.00,100%,#N/A,2011,,,1/31/2013,80.3081885
4th Capacity Auction (Biomass A-3),Completed,Brazil,Latin America,Biomass_And_Waste,,Auction,Unknown,Unknown,20.00,0.00,BRL,Indexed,,99.36,59.34,,,,,Biomass,Unknown,0.00,327.00,327.00,100%,#N/A,2011,,,7/1/2014,59.34420355
4th Capacity Auction (Wind A-3),Completed,Brazil,Latin America,Wind,,Auction,Unknown,Unknown,20.00,0.00,BRL,Indexed,,99.58,59.48,,,,,Onshore wind,Unknown,0.00,861.00,861.00,100%,#N/A,2011,,,7/1/2014,59.47560174
12th Energy Auction (Biomass A-3),Completed,Brazil,Latin America,Biomass_And_Waste,,Auction,Unknown,Unknown,20.00,0.00,BRL,Indexed,,102.27,61.08,,,,,Biomass,Unknown,0.00,198.00,198.00,100%,#N/A,2011,,,3/1/2014,61.08224333
12th Energy Auction (Wind A-3),Completed,Brazil,Latin America,Wind,,Auction,Unknown,Unknown,20.00,0.00,BRL,Indexed,,99.38,59.36,,,,,Onshore wind,Unknown,0.00,1068.00,1068.00,100%,#N/A,2011,,,3/1/2014,59.35614884
13th Energy Auction (Wind A-5),Completed,Brazil,Latin America,Wind,,Auction,Unknown,Unknown,20.00,0.00,BRL,Indexed,,105.50,63.01,,,,,Onshore wind,Unknown,415000.00,976.50,976.50,100%,#N/A,2011,,,1/1/2016,63.01140775
13th Energy Auction (Biomass A-5),Completed,Brazil,Latin America,Biomass_And_Waste,,Auction,Unknown,Unknown,20.00,0.00,BRL,Indexed,,99.20,50.74,,,,,Biomass,Unknown,448200.00,100.00,100.00,100%,#N/A,2012,,,1/1/2016,50.74168798
5th Capacity auction (Wind A-3),Completed,Brazil,Latin America,Wind,,Auction,Unknown,Unknown,20.00,0.00,BRL,Indexed,,110.51,51.15,,,,,Onshore wind,Unknown,118428660.00,1505.20,1505.20,100%,#N/A,2013,,,,51.15493219
15th Energy Auction (A-5),Completed,Brazil,Latin America,Wind,,Auction,Unknown,Unknown,20.00,0.00,BRL,Indexed,,87.98,40.73,,,,,Onshore wind,Unknown,0.00,281.90,281.90,100%,#N/A,2013,,,1/1/2017,40.72582512
17th Energy Auction (A-3),Completed,Brazil,Latin America,Wind,,Auction,Unknown,Unknown,20.00,0.00,BRL,Indexed,,124.45,57.61,,,,,Onshore wind,Unknown,0.00,867.60,867.60,100%,#N/A,2013,,,,57.60773967
18th Energy Auction (Biomass A-5),Completed,Brazil,Latin America,Biomass_And_Waste,,Auction,Unknown,Unknown,25.00,0.00,BRL,Indexed,,133.99,62.02,,,,,Biomass,Unknown,29000.00,162.00,162.00,100%,#N/A,2013,,,,62.02379299
18th Energy Auction (Small hydro A-5),Completed,Brazil,Latin America,Hydro,,Auction,Unknown,Unknown,30.00,0.00,BRL,Indexed,,137.30,63.56,,,,,Run of river,Unknown,573000.00,308.00,308.00,100%,#N/A,2013,,,,63.55598759
18th Energy Auction (Wind A-5),Completed,Brazil,Latin America,Wind,,Auction,Unknown,Unknown,20.00,0.00,BRL,Indexed,,119.08,55.12,,,,,Onshore wind,Unknown,448200.00,2338.00,2338.00,100%,#N/A,2013,,,,55.1219738
Pernambuco state solar auction,Completed,Brazil,Latin America,Solar,,Auction,Unknown,Unknown,20.00,0.00,BRL,Indexed,,228.63,97.12,,,,,PV,Unknown,415000.00,122.82,122.82,100%,#N/A,2014,,,,97.11991844
6th Capacity auction (Solar A-3),Completed,Brazil,Latin America,Solar,,Auction,Unknown,Unknown,20.00,0.00,BRL,Indexed,,215.12,91.38,,,,,PV,Unknown,0.00,1073.00,1073.00,100%,#N/A,2014,,,10/1/2017,91.38099486
6th Capacity auction (Wind A-3),Completed,Brazil,Latin America,Wind,,Auction,Unknown,Unknown,20.00,0.00,BRL,Indexed,,142.34,60.46,,,,,Onshore wind,Unknown,0.00,769.00,769.00,100%,#N/A,2014,,,10/1/2017,60.46472112
19th Energy Auction (A-3),Completed,Brazil,Latin America,Wind,,Auction,Unknown,Unknown,20.00,0.00,BRL,Indexed,,130.10,55.27,,,,,Onshore wind,Unknown,0.00,551.00,551.00,100%,#N/A,2014,,,1/1/2017,55.26528185
20th Energy Auction (Biomass A-5),Completed,Brazil,Latin America,Biomass_And_Waste,,Auction,Unknown,Unknown,25.00,0.00,BRL,Indexed,,202.35,85.96,,,,,Biomass,Unknown,0.00,611.00,611.00,100%,#N/A,2014,,,1/1/2019,85.95641646
20th Energy Auction (Small Hydro A-5),Completed,Brazil,Latin America,Hydro,,Auction,Unknown,Unknown,30.00,0.00,BRL,Indexed,,161.97,68.80,,,,,Run of river,Unknown,0.00,44.00,44.00,100%,#N/A,2014,,,1/1/2019,68.80336434
3rd Alternative energy auction (Biomass A-3),Completed,Brazil,Latin America,Biomass_And_Waste,,Auction,Unknown,Unknown,20.00,0.00,BRL,Indexed,,210.33,63.01,,,,,Biomass,Unknown,0.00,389.00,389.00,100%,#N/A,2015,,,1/1/2016,63.00512237
3rd Alternative energy auction (Wind A-3),Completed,Brazil,Latin America,Wind,,Auction,Unknown,Unknown,20.00,0.00,BRL,Indexed,,177.47,53.16,,,,,Onshore wind,Unknown,0.00,90.00,90.00,100%,#N/A,2015,,,1/1/2016,53.16178893
7th Capacity auction (Solar A-3),Completed,Brazil,Latin America,Solar,,Auction,Unknown,Unknown,20.00,0.00,BRL,Indexed,,301.64,90.36,,,,,PV,Unknown,0.00,1044.00,1044.00,100%,#N/A,2015,,,8/1/2017,90.35736752
8th Capacity auction (Solar A-3),Completed,Brazil,Latin America,Solar,,Auction,Unknown,Unknown,20.00,0.00,BRL,Indexed,,297.37,89.08,,,,,PV,Unknown,0.00,1116.00,1116.00,100%,#N/A,2015,,,11/1/2018,89.07827337
20th Energy Auction (Wind A-5),Completed,Brazil,Latin America,Wind,,Auction,Unknown,Unknown,20.00,0.00,BRL,Indexed,,136.05,40.75,,,,,Onshore wind,Unknown,0.00,926.00,926.00,100%,#N/A,2015,,,1/1/2019,40.75427613
22nd energy auction (Biomass A-3),Completed,Brazil,Latin America,Biomass_And_Waste,,Auction,Unknown,Unknown,20.00,0.00,BRL,Indexed,,211.40,63.33,,,,,Biomass,Unknown,0.00,36.50,36.50,100%,#N/A,2015,,,1/1/2018,63.32564479
22nd energy auction (Small hydro A-3),Completed,Brazil,Latin America,Hydro,,Auction,Unknown,Unknown,30.00,0.00,BRL,Indexed,,204.50,61.26,,,,,Run of river,Unknown,0.00,66.20,66.20,100%,#N/A,2015,,,1/1/2018,61.2587245
22nd energy auction (Wind A-3),Completed,Brazil,Latin America,Wind,,Auction,Unknown,Unknown,20.00,0.00,BRL,Indexed,,181.10,54.25,,,,,Onshore wind,Unknown,0.00,539.00,539.00,100%,#N/A,2015,,,1/1/2018,54.24916874
8th Capacity auction (Wind A-3),Completed,Brazil,Latin America,Wind,,Auction,Unknown,Unknown,20.00,0.00,BRL,Indexed,,203.30,58.41,,,,,Onshore wind,Unknown,0.00,548.00,548.00,100%,#N/A,2016,,,11/1/2018,58.41114782
23rd Energy Auction (Biomass A-5),Completed,Brazil,Latin America,Biomass_And_Waste,,Auction,Unknown,Unknown,20.00,0.00,BRL,Indexed,,195.00,56.03,,,,,Biomass,Unknown,0.00,76.00,76.00,100%,#N/A,2016,,,1/1/2021,56.02643298
23rd Energy Auction (Small Hydro A-5),Completed,Brazil,Latin America,Hydro,,Auction,Unknown,Unknown,30.00,0.00,BRL,Indexed,,195.00,56.03,,,,,Run of river,Unknown,0.00,282.30,282.30,100%,#N/A,2016,,,1/1/2021,56.02643298
10th Reserve Auction (Small Hydro),Completed,Brazil,Latin America,Hydro,,Auction,Unknown,Unknown,30.00,0.00,BRL,Indexed,,227.02,71.11,,,,,Run of river,Unknown,0.00,165.13,165.13,100%,#N/A,2017,,,3/1/2020,71.10596047
Brazil 25th Energy Auction (A-4) Biomass,Completed,Brazil,Latin America,Biomass_And_Waste,,Auction,Pay_As_Bid,Unknown,20.00,0.00,BRL,Indexed,,234.92,73.58,,,,,Biomass,Unknown,0.00,25.00,25.00,100%,#N/A,2017,,,1/1/2021,73.58035519
Brazil 25th Energy Auction (A-4) Small Hydro,Completed,Brazil,Latin America,Hydro,,Auction,Pay_As_Bid,Unknown,30.00,0.00,BRL,Indexed,,180.53,56.54,,,,,Run of river,Unknown,0.00,11.51,11.51,100%,#N/A,2017,,,1/1/2021,56.54461741
Brazil 25th Energy Auction (A-4) Solar,Completed,Brazil,Latin America,Solar,,Auction,Pay_As_Bid,Unknown,20.00,0.00,BRL,Indexed,,145.68,45.63,,,,,PV,Unknown,0.00,790.60,790.60,100%,#N/A,2017,,,1/1/2021,45.62909136
Brazil 25th Energy Auction (A-4) Onshore Wind,Completed,Brazil,Latin America,Wind,,Auction,Pay_As_Bid,Unknown,20.00,0.00,BRL,Indexed,,108.00,33.83,,,,,Onshore wind,Unknown,0.00,64.00,64.00,100%,#N/A,2017,,,1/1/2021,33.82716823
Brazil 26th Energy Auction (A-6) Biomass,Completed,Brazil,Latin America,Biomass_And_Waste,,Auction,Pay_As_Bid,Unknown,25.00,0.00,BRL,Indexed,,216.04,67.67,,,,,Biomass,Unknown,0.00,177.00,177.00,100%,#N/A,2017,,,1/1/2023,67.66686504
Brazil 26th Energy Auction (A-6) Small Hydro,Completed,Brazil,Latin America,Hydro,,Auction,Pay_As_Bid,Unknown,30.00,0.00,BRL,Indexed,,218.91,68.57,,,,,Run of river,Unknown,0.00,139.00,139.00,100%,#N/A,2017,,,1/1/2023,68.56579071
Brazil 26th Energy Auction (A-6) Wind,Completed,Brazil,Latin America,Wind,,Auction,Pay_As_Bid,Unknown,20.00,0.00,BRL,Indexed,,98.58,26.96,,,,,Onshore wind,Unknown,0.00,1400.00,1400.00,100%,#N/A,2018,,,1/1/2022,26.95799606
Brazil 27th Energy Auction (A-4) Biomass,Completed,Brazil,Latin America,Biomass_And_Waste,,Auction,Pay_As_Bid,Unknown,20.00,0.00,BRL,Indexed,,198.94,54.40,,,,,Biomass,Unknown,0.00,61.80,61.80,100%,#N/A,2018,,,1/1/2022,54.40275651
Brazil 27th Energy Auction (A-4) Small Hydro,Completed,Brazil,Latin America,Hydro,,Auction,Pay_As_Bid,Unknown,30.00,0.00,BRL,Indexed,,197.89,54.12,,,,,Run of river,Unknown,0.00,41.66,41.66,100%,#N/A,2018,,,1/1/2022,54.11562021
Brazil 27th Energy Auction (A-4) Solar,Completed,Brazil,Latin America,Solar,,Auction,Pay_As_Bid,Unknown,20.00,0.00,BRL,Indexed,,118.04,32.28,,,,,PV,Unknown,0.00,1032.55,1032.55,100%,#N/A,2018,,,1/1/2022,32.27883433
Brazil 27th Energy Auction (A-4) Wind,Completed,Brazil,Latin America,Wind,,Auction,Pay_As_Bid,Unknown,20.00,0.00,BRL,Indexed,,67.60,18.49,,,,,Onshore wind,Unknown,0.00,114.40,114.40,100%,#N/A,2018,,,1/1/2024,18.48610807
Brazil 28th Energy Auction (A-6) Biomass,Completed,Brazil,Latin America,Biomass_And_Waste,,Auction,Pay_As_Bid,Unknown,25.00,0.00,BRL,Indexed,,177.08,48.42,,,,,Biomass,Unknown,0.00,28.50,28.50,100%,#N/A,2018,,,1/1/2024,48.42485233
Brazil 28th Energy Auction (A-6) Small hydro,Completed,Brazil,Latin America,Hydro,,Auction,Pay_As_Bid,Unknown,30.00,0.00,BRL,Indexed,,195.03,53.33,,,,,Run of river,Unknown,0.00,108.00,108.00,100%,#N/A,2018,,,1/1/2024,53.33351564
Brazil 28th Energy Auction (A-6) Wind,Completed,Brazil,Latin America,Wind,,Auction,Pay_As_Bid,Power_Purchase_Agreement,20.00,0.00,BRL,Indexed,,90.45,22.92,,,,,Onshore wind,Technology neutral,0.00,1250.00,1250.00,100%,#N/A,2019,,,1/1/2023,22.91962295
Brazil 29th Energy Auction (A-4) Biomass,Completed,Brazil,Latin America,Biomass_And_Waste,,Auction,Pay_As_Bid,Power_Purchase_Agreement,30.00,0.00,BRL,Indexed,,311.00,78.81,,,,,Biomass,Technology neutral,0.00,21.40,21.40,100%,#N/A,2019,,,1/1/2023,78.80600041
Brazil 29th Energy Auction (A-4) Small Hydro,Completed,Brazil,Latin America,Hydro,,Auction,Pay_As_Bid,Power_Purchase_Agreement,30.00,0.00,BRL,Indexed,,198.90,50.40,,,,,Run of river,Technology neutral,0.00,81.30,81.30,100%,#N/A,2019,,,1/1/2025,50.39935131
Brazil 29th Energy Auction (A-4) Solar,Completed,Brazil,Latin America,Solar,,Auction,Pay_As_Bid,Power_Purchase_Agreement,30.00,0.00,BRL,Indexed,,66.42,16.83,,,,,PV,Technology neutral,0.00,203.70,203.70,100%,#N/A,2019,,,1/1/2023,16.83052909
Brazil 29th Energy Auction (A-4) Wind,Completed,Brazil,Latin America,Wind,,Auction,Pay_As_Bid,Power_Purchase_Agreement,30.00,0.00,BRL,Indexed,,79.97,20.26,,,,,Onshore wind,Technology neutral,0.00,95.20,95.20,100%,#N/A,2019,,,1/1/2023,20.26403811
Brazil 30th Energy Auction (A-6) Biomass,Completed,Brazil,Latin America,Biomass_And_Waste,,Auction,Pay_As_Bid,Power_Purchase_Agreement,25.00,0.00,BRL,Indexed,,188.20,47.69,,,,,Biomass,Technology neutral,0.00,230.00,230.00,100%,#N/A,2019,,,1/1/2025,47.68903304
Brazil 30th Energy Auction (A-6) Small hydro,Completed,Brazil,Latin America,Hydro,,Auction,Pay_As_Bid,Power_Purchase_Agreement,30.00,0.00,BRL,Indexed,,205.80,52.15,,,,,Run of river,Technology neutral,0.00,445.00,445.00,100%,#N/A,2019,,,1/1/2025,52.14879384
Brazil 30th Energy Auction (A-6) Solar,Completed,Brazil,Latin America,Solar,,Auction,Pay_As_Bid,Power_Purchase_Agreement,20.00,0.00,BRL,Indexed,,84.40,21.39,,,,,PV,Technology neutral,0.00,530.00,530.00,100%,#N/A,2019,,,1/1/2024,21.38658017
Brazil 30th Energy Auction (A-6) Wind,Completed,Brazil,Latin America,Wind,,Auction,Pay_As_Bid,Power_Purchase_Agreement,20.00,0.00,BRL,Indexed,,98.90,25.06,,,,,Onshore wind,Technology neutral,0.00,1040.00,1040.00,100%,#N/A,2019,,,1/1/2025,25.06081492
Brazil 33rd Energy Auction (A-3) Biomass,Completed,Brazil,Latin America,Biomass_And_Waste,,Auction,Pay_As_Bid,Power_Purchase_Agreement,25.00,0.00,BRL,Indexed,,175.76,32.57,,,,,Biomass,Technology neutral,0.00,58.30,58.30,100%,#N/A,2021,,,,32.57046495
Brazil 33rd Energy Auction (A-3) Small hydro,Completed,Brazil,Latin America,Hydro,,Auction,Pay_As_Bid,Power_Purchase_Agreement,30.00,0.00,BRL,Indexed,,219.26,40.63,,,,,Run of river,Technology neutral,0.00,35.30,35.30,100%,#N/A,2021,,,,40.63154384
Brazil 33rd Energy Auction (A-3) Solar,Completed,Brazil,Latin America,Solar,,Auction,Pay_As_Bid,Power_Purchase_Agreement,20.00,0.00,BRL,Indexed,,124.30,23.03,,,,,PV,Technology neutral,0.00,195.78,195.78,100%,#N/A,2021,,,1/1/2025,23.03430128
Brazil 33rd Energy Auction (A-3) Wind,Completed,Brazil,Latin America,Wind,,Auction,Pay_As_Bid,Power_Purchase_Agreement,20.00,0.00,BRL,Indexed,,145.71,27.00,,,,,Onshore wind,Technology neutral,0.00,251.70,251.70,100%,#N/A,2021,,,1/1/2024,27.00183459
Brazil 34th Energy Auction (A-4) Biomass,Completed,Brazil,Latin America,Biomass_And_Waste,,Auction,Pay_As_Bid,Power_Purchase_Agreement,25.00,0.00,BRL,Indexed,,196.07,36.33,,,,,Biomass,Technology neutral,0.00,80.80,80.80,100%,#N/A,2021,,,,36.33415488
Brazil 34th Energy Auction (A-4) Small hydro,Completed,Brazil,Latin America,Hydro,,Auction,Pay_As_Bid,Power_Purchase_Agreement,30.00,0.00,BRL,Indexed,,207.26,38.41,,,,,Run of river,Technology neutral,0.00,77.00,77.00,100%,#N/A,2021,,,,38.40779794
Brazil 34th Energy Auction (A-4) Solar,Completed,Brazil,Latin America,Solar,,Auction,Pay_As_Bid,Power_Purchase_Agreement,20.00,0.00,BRL,Indexed,,136.75,25.34,,,,,PV,Technology neutral,0.00,113.88,113.88,100%,#N/A,2021,,,1/1/2026,25.34108167
Brazil 34th Energy Auction (A-4) Wind,Completed,Brazil,Latin America,Wind,,Auction,Pay_As_Bid,Power_Purchase_Agreement,20.00,0.00,BRL,Indexed,,150.67,27.92,,,,,Onshore wind,Technology neutral,0.00,167.80,167.80,100%,#N/A,2021,,,1/1/2025,27.92187191
Brazil 35th Energy Auction (A-4) Biomass,Completed,Brazil,Latin America,Biomass_And_Waste,,Auction,Pay_As_Bid,Power_Purchase_Agreement,20.00,0.00,BRL,Indexed,,288.50,53.46,,,,,Biomass,Technology neutral,0.00,321.20,321.20,100%,#N/A,2021,,,,53.46255768
Brazil 35th Energy Auction (A-4) Solar,Completed,Brazil,Latin America,Solar,,Auction,Pay_As_Bid,Power_Purchase_Agreement,15.00,0.00,BRL,Indexed,,167.06,30.96,,,,,PV,Technology neutral,0.00,281.21,281.21,100%,#N/A,2021,,,1/1/2023,30.95912625
Brazil 35th Energy Auction (A-4) Wind,Completed,Brazil,Latin America,Wind,,Auction,Pay_As_Bid,Power_Purchase_Agreement,15.00,0.00,BRL,Indexed,,158.25,29.33,,,,,Onshore wind,Technology neutral,0.00,161.30,161.30,100%,#N/A,2021,,,1/1/2026,29.32571799
Brazil 36th Energy Auction (A-4) Biomass,Completed,Brazil,Latin America,Biomass_And_Waste,,Auction,Pay_As_Bid,Power_Purchase_Agreement,20.00,0.00,BRL,Indexed,,315.00,60.98,,,,,Biomass,Technology neutral,,409.00,409.00,100%,#N/A,2022,,,1/1/2026,60.98387315
Brazil 36th Energy Auction (A-4) Small hydro,Completed,Brazil,Latin America,Hydro,,Auction,Pay_As_Bid,Power_Purchase_Agreement,20.00,0.00,BRL,Indexed,,281.70,54.54,,,,,Run of river,Technology neutral,,190.00,190.00,100%,#N/A,2022,,,1/1/2026,54.53700656
Brazil 36th Energy Auction (A-4) Solar,Completed,Brazil,Latin America,Solar,,Auction,Pay_As_Bid,Power_Purchase_Agreement,15.00,0.00,BRL,Indexed,,178.20,34.50,,,,,PV,Technology neutral,,166.00,166.00,100%,#N/A,2022,,,1/1/2026,34.49944824
Brazil 36th Energy Auction (A-4) Wind,Completed,Brazil,Latin America,Wind,,Auction,Pay_As_Bid,Power_Purchase_Agreement,15.00,0.00,BRL,Indexed,,179.30,34.71,,,,,Onshore wind,Technology neutral,,183.00,183.00,100%,#N/A,2022,,,1/1/2026,34.7124078
Brazil 37th Energy Auction (A-5) Biomass,Completed,Brazil,Latin America,Biomass_And_Waste,,Auction,Pay_As_Bid,Power_Purchase_Agreement,20.00,0.00,BRL,Indexed,,244.70,47.37,,,,,Biomass,Technology neutral,,67.00,67.00,100%,#N/A,2022,,,1/1/2027,47.37382146
Brazil 37th Energy Auction (A-5) Small hydro,Completed,Brazil,Latin America,Hydro,,Auction,Pay_As_Bid,Power_Purchase_Agreement,20.00,0.00,BRL,Indexed,,278.10,53.84,,,,,Run of river,Technology neutral,,175.00,175.00,100%,#N/A,2022,,,1/1/2027,53.84004801
Brazil 37th Energy Auction (A-5) Solar,Completed,Brazil,Latin America,Solar,,Auction,Pay_As_Bid,Power_Purchase_Agreement,15.00,0.00,BRL,Indexed,,171.40,33.18,,,,,PV,Technology neutral,,200.00,200.00,100%,#N/A,2022,,,1/1/2027,33.18297098
Brazil 37th Energy Auction (A-5) Wind,Completed,Brazil,Latin America,Wind,,Auction,Pay_As_Bid,Power_Purchase_Agreement,15.00,0.00,BRL,Indexed,,176.30,34.13,,,,,Onshore wind,Technology neutral,,115.00,115.00,100%,#N/A,2022,,,1/1/2027,34.13160901
2006/01 Chile Technology Neutral Auction,Completed,Chile,Latin America,Renewables_Other,,Auction,Pay_As_Bid,Unknown,15.00,0.00,USD,Indexed,Awarded price is indexed to the US CPI with periodic adjustments,52.58,52.58,,,,,Unknown technology,Technology neutral,10883500.00,,0.00,#N/A,#N/A,2007,,,,52.57581086
2006/01-2 Chile Technology Neutral Auction,Completed,Chile,Latin America,Renewables_Other,,Auction,Pay_As_Bid,Unknown,15.00,0.00,USD,Indexed,Awarded price is indexed to the US CPI with periodic adjustments,54.55,54.55,,,,,Unknown technology,Technology neutral,1130000.00,,0.00,#N/A,#N/A,2007,,,,54.54769027
2006/02 Chile Technology Neutral Auction,Completed,Chile,Latin America,Renewables_Other,,Auction,Pay_As_Bid,Unknown,15.00,0.00,USD,Indexed,Awarded price is indexed to the US CPI with periodic adjustments,59.76,59.76,,,,,Unknown technology,Technology neutral,5700000.00,,0.00,#N/A,#N/A,2008,,,,59.76315789
2008/01 Chile Technology Neutral Auction,Completed,Chile,Latin America,Renewables_Other,,Auction,Pay_As_Bid,Unknown,15.00,0.00,USD,Indexed,Awarded price is indexed to the US CPI with periodic adjustments,104.16,104.16,,,,,Unknown technology,Technology neutral,7110000.00,,0.00,#N/A,#N/A,2009,,,,104.1577778
2006/02-2 Chile Technology Neutral Auction,Completed,Chile,Latin America,Renewables_Other,,Auction,Pay_As_Bid,Unknown,15.00,0.00,USD,Indexed,Awarded price is indexed to the US CPI with periodic adjustments,65.76,65.76,,,,,Unknown technology,Technology neutral,1800000.00,,0.00,#N/A,#N/A,2009,,,,65.7625
2008/01-2 Chile Technology Neutral Auction,Completed,Chile,Latin America,Renewables_Other,,Auction,Pay_As_Bid,Unknown,15.00,0.00,USD,Indexed,Awarded price is indexed to the US CPI with periodic adjustments,99.49,99.49,,,,,Unknown technology,Technology neutral,850000.00,,0.00,#N/A,#N/A,2011,,,,99.48720588
2010/01 Chile Technology Neutral Auction,Completed,Chile,Latin America,Renewables_Other,,Auction,Pay_As_Bid,Unknown,15.00,0.00,USD,Indexed,Awarded price is indexed to the US CPI with periodic adjustments,90.30,90.30,,,,,Unknown technology,Technology neutral,2000000.00,,0.00,#N/A,#N/A,2012,,,,90.303375
2012/01 Chile Technology Neutral Auction,Completed,Chile,Latin America,Renewables_Other,,Auction,Pay_As_Bid,Unknown,15.00,0.00,USD,Indexed,Awarded price is indexed to the US CPI with periodic adjustments,129.45,129.45,,,,,Unknown technology,Technology neutral,108400.00,,0.00,#N/A,#N/A,2012,,,,129.45
2013/01 Chile Technology Neutral Auction,Completed,Chile,Latin America,Renewables_Other,,Auction,Pay_As_Bid,Unknown,15.00,0.00,USD,Indexed,Awarded price is indexed to the US CPI with periodic adjustments,128.93,128.93,,,,,Unknown technology,Technology neutral,3545490.00,281.00,281.00,100%,#N/A,2013,,,,128.9291538
2012/03-2 Chile Technology Neutral Auction,Completed,Chile,Latin America,Renewables_Other,,Auction,Pay_As_Bid,Unknown,15.00,0.00,USD,Indexed,Awarded price is indexed to the US CPI with periodic adjustments,138.90,138.90,,,,,Unknown technology,Technology neutral,225000.00,,0.00,#N/A,#N/A,2013,,,,138.899
2013/03-2 Chile Technology Neutral Auction,Completed,Chile,Latin America,Renewables_Other,,Auction,Pay_As_Bid,Unknown,15.00,0.00,USD,Indexed,Awarded price is indexed to the US CPI with periodic adjustments,108.15,108.15,,,,,Unknown technology,Technology neutral,10867600.00,1465.00,1465.00,100%,#N/A,2014,,,,108.1503719
2015/02 Chile Technology Neutral Auction,Completed,Chile,Latin America,Renewables_Other,,Auction,Pay_As_Bid,Power_Purchase_Agreement,20.00,0.00,USD,Indexed,Awarded price is indexed to the US CPI with periodic adjustments,79.34,79.34,,,,,Unknown technology,Technology neutral,1200000.00,653.00,653.00,100%,#N/A,2015,,,,79.335945
2015/01 Chile Technology Neutral Auction,Completed,Chile,Latin America,Renewables_Other,,Auction,Pay_As_Bid,Power_Purchase_Agreement,20.00,0.00,USD,Indexed,Awarded price is indexed to the US CPI with periodic adjustments,47.60,47.60,,,,,Unknown technology,Technology neutral,12430000.00,3162.00,3162.00,100%,#N/A,2016,,,12/31/2021,47.6
2017/01 Chile Technology Neutral Auction,Completed,Chile,Latin America,Renewables_Other,,Auction,Pay_As_Bid,Power_Purchase_Agreement,20.00,0.00,USD,Indexed,Awarded price is indexed to the US CPI with periodic adjustments,32.50,32.50,,,,,Unknown technology,Technology neutral,2200000.00,900.00,900.00,100%,#N/A,2017,,,12/31/2024,32.5
2021/01 Power Auction,Completed,Chile,Latin America,Renewables_Other,,Auction,Pay_As_Bid,Power_Purchase_Agreement,15.00,0.00,USD,Indexed,Awarded price is indexed to the US CPI with periodic adjustments,23.80,23.80,,,,,Unknown technology,Unknown,2300000.00,590.00,590.00,100%,#N/A,2021,,,1/1/2026,23.8
Chile 2022/01 power auction,Completed,Chile,Latin America,Renewables_Other,,Auction,Pay_As_Bid,Power_Purchase_Agreement,15.00,0.00,USD,Indexed,Awarded price is indexed to the US CPI with periodic adjustments,37.40,37.40,,0.00,0.00,5250000,Unknown technology,Unknown,777000.00,,0.00,#N/A,#N/A,2022,2021,,1/1/2027,37.4
Chile 2023/01 power auction,Completed,Chile,Latin America,Renewables_Other,,Auction,Pay_As_Bid,Power_Purchase_Agreement,20.00,0.00,USD,Indexed,Awarded price is indexed to the US CPI with periodic adjustments,56.70,56.70,,0.00,0.00,1500000,Unknown technology,Technology neutral,1500000.00,0.00,,#N/A,#N/A,2024,2022,7/14/2023,1/1/2027,56.7
Chile 2023/02 power auction,Completed,Chile,Latin America,Renewables_Other,,Auction,Pay_As_Bid,Power_Purchase_Agreement,20.00,0.00,USD,Indexed,Awarded price is indexed to the US CPI with periodic adjustments,56.70,56.70,,0.00,0.00,2100000,Unknown technology,Technology neutral,2100000.00,0.00,,#N/A,#N/A,2024,2022,,1/1/2028,56.7
Chile 2024 power auction,Delayed,Chile,Latin America,Renewables_Other,,Auction,Pay_As_Bid,Power_Purchase_Agreement,15.00,0.00,USD,Indexed,Awarded price is indexed to the US CPI with periodic adjustments,,,,0.00,0.00,2000000,Unknown technology,Technology neutral,,,,,,2024,2022,,1/1/2029,
Chile 2025/01 power auction,Announced,Chile,Latin America,Renewables_Other,,Auction,Pay_As_Bid,Power_Purchase_Agreement,15.00,0.00,USD,Indexed,Awarded price is indexed to the US CPI with periodic adjustments,,,,0.00,0.00,800000,Unknown technology,Technology neutral,,,,,,2025,2022,,1/1/2030,
Chile 2026/01 power auction,Announced,Chile,Latin America,Renewables_Other,,Auction,Pay_As_Bid,Power_Purchase_Agreement,15.00,0.00,USD,Indexed,Awarded price is indexed to the US CPI with periodic adjustments,,,,0.00,0.00,1400000,Unknown technology,Technology neutral,,,,,,2026,2022,,1/1/2031,
Chile 2025/02 power auction,Announced,Chile,Latin America,Renewables_Other,,Auction,Pay_As_Bid,Power_Purchase_Agreement,15.00,0.00,USD,Indexed,Awarded price is indexed to the US CPI with periodic adjustments,,,,0.00,0.00,1600000,Unknown technology,Technology neutral,,,,,,2025,2024,,1/1/2027,
Chile 2026/02 power auction,Announced,Chile,Latin America,Renewables_Other,,Auction,Pay_As_Bid,Power_Purchase_Agreement,15.00,0.00,USD,Indexed,Awarded price is indexed to the US CPI with periodic adjustments,,,,0.00,0.00,1200000,Unknown technology,Technology neutral,,,,,,2026,2024,,1/1/2029,
Chile 2026/03 power auction,Announced,Chile,Latin America,Renewables_Other,,Auction,Pay_As_Bid,Power_Purchase_Agreement,15.00,0.00,USD,Indexed,Awarded price is indexed to the US CPI with periodic adjustments,,,,,,900000,Unknown technology,Technology neutral,,,,,,2026,2024,,1/1/2030,
Chile 2026/04 power auction,Announced,Chile,Latin America,Renewables_Other,,Auction,Pay_As_Bid,Power_Purchase_Agreement,15.00,0.00,USD,Indexed,Awarded price is indexed to the US CPI with periodic adjustments,,,,,,3000000,Unknown technology,Technology neutral,,,,,,2026,2024,,1/1/2031,
Chile 2027/01 power auction,Announced,Chile,Latin America,Renewables_Other,,Auction,Pay_As_Bid,Power_Purchase_Agreement,15.00,0.00,USD,Indexed,Awarded price is indexed to the US CPI with periodic adjustments,,,,0.00,0.00,1800000,Unknown technology,Technology neutral,,,,,,2027,2024,,1/1/2032,
Chile 2027/02 power auction,Announced,Chile,Latin America,Renewables_Other,,Auction,Pay_As_Bid,Power_Purchase_Agreement,15.00,0.00,USD,Indexed,Awarded price is indexed to the US CPI with periodic adjustments,,,,,,6900000,Unknown technology,Technology neutral,,,,,,2027,2024,,1/1/2033,
Chile 2028 power auction,Announced,Chile,Latin America,Renewables_Other,,Auction,Pay_As_Bid,Power_Purchase_Agreement,15.00,0.00,USD,Indexed,Awarded price is indexed to the US CPI with periodic adjustments,,,,,,6000000,Unknown technology,Technology neutral,,,,,,2028,2024,,1/1/2034,
Colombia's 1st renewable auction,Completed,Colombia,Latin America,Renewables_Other,,Auction,Pay_As_Bid,Unknown,15.00,0.00,COP,Unknown,Auction was unsuccesful ,,,,0.00,1183.00,,Unknown technology,Unknown,,0.00,0.00,,,2019,,,12/31/2022,
Colombia’s Second Renewable Power Auction (Solar),Completed,Colombia,Latin America,Solar,,Auction,Pay_As_Bid,Unknown,15.00,0.00,COP,Unknown,,97571.02,29.72,,0.00,,,PV,Unknown,646595.75,289.00,289.00,100%,#N/A,2019,,,1/1/2022,29.72062263
Colombia’s Second Renewable Power Auction (Wind),Completed,Colombia,Latin America,Wind,,Auction,Pay_As_Bid,Unknown,15.00,0.00,COP,Unknown,,95247.45,29.01,,,,,Onshore wind,Unknown,3071285.92,1077.00,1077.00,100%,#N/A,2019,,,1/1/2022,29.01285145
Colombia's Third Renewable Power Auction ,Completed,Colombia,Latin America,Solar,,Auction,Pay_As_Bid,Unknown,15.00,0.00,COP,Unknown,"Colombia held its third renewable auction on October 26, 2021. Both project developers and offtakers bid. Nearly 800 megawatts (MW) of solar were awarded",155810.00,41.54,,0.00,0.00,2000000,PV,Unknown,1700000.00,796.00,796.00,100%,#N/A,2021,2021,8/17/2021,1/1/2023,41.54235422
Costa Rica 1st Renewable Power Tender - Small Hydro,Completed,Costa Rica,Latin America,Hydro,,Project_Tender,Unknown,Unknown,20.00,0.00,USD,Fixed,,116.90,116.90,,0.00,5.00,,Run of river,Unknown,0.00,5.00,5.00,100%,100%,2012,,,,116.9
Costa Rica 1st Renewable Power Tender - Wind,Completed,Costa Rica,Latin America,Wind,,Project_Tender,Unknown,Unknown,20.00,0.00,USD,Fixed,,83.72,83.72,,0.00,135.00,,Onshore wind,Unknown,0.00,101.00,101.00,100%,75%,2019,,,,83.72
Costa Rica Solar Tender,Completed,Costa Rica,Latin America,Solar,,Project_Tender,Unknown,Unknown,20.00,0.00,USD,Fixed,It was the first round of a total of 370MW that the government has announced,56.26,56.26,,,86.00,,PV,Technology specific,,86.00,86.00,100%,100%,2024,2024,,12/31/2027,56.26
Ecuador Conolophus Solar and Storage Tender,Completed,Ecuador,Latin America,Co_Located,Co-located,Project_Tender,Unknown,Unknown,20.00,0.00,USD,Fixed,,,,,,,,Solar and storage,Unknown,40.90,14.80,14.80,100%,#N/A,2020,,,,
Ecuador Solar PV Renewable Energy Tender,Completed,Ecuador,Latin America,Solar,,Project_Tender,Unknown,Unknown,20.00,0.00,USD,Unknown,,,,,0.00,200.00,,PV,Unknown,0.00,200.00,200.00,100%,100%,2020,,,,
Ecuador Onshore Wind Renewable Energy Tender,Completed,Ecuador,Latin America,Wind,,Project_Tender,Unknown,Unknown,25.00,0.00,USD,Unknown,,,,,0.00,110.00,,Onshore wind,Unknown,0.00,110.00,110.00,100%,100%,2020,,,,
Ecuador Renewables Tender - Biomass,Completed,Ecuador,Latin America,Biomass_And_Waste,,Project_Tender,Unknown,Unknown,20.00,0.00,USD,Fixed,"Ecuador tendered 500MW of renewable assets, including wind, solar, small hydro and biomass. The government announced the results on April 11.",,,,0.00,30.00,,Biomass,Group of technologies,,30.00,,#N/A,100%,2023,2020,,,
Ecuador Renewables Tender - Small hydro,Completed,Ecuador,Latin America,Hydro,,Project_Tender,Unknown,Unknown,30.00,0.00,USD,Fixed,"Ecuador tendered 500MW of renewable assets, including wind, solar, small hydro and biomass. The government announced the results on April 11.",,,,0.00,150.00,,Run of river,Group of technologies,,150.00,,#N/A,100%,2023,2020,,,
Ecuador Renewables Tender - PV,Completed,Ecuador,Latin America,Solar,,Project_Tender,Unknown,Unknown,25.00,0.00,USD,Fixed,"Ecuador tendered 500MW of renewable assets, including wind, solar, small hydro and biomass. The government announced the results on April 11.",,,,0.00,120.00,,PV,Group of technologies,,120.00,,#N/A,100%,2023,2020,,,
Ecuador Renewables Tender - Onshore wind,Completed,Ecuador,Latin America,Wind,,Project_Tender,Unknown,Unknown,25.00,0.00,USD,Fixed,"Ecuador tendered 500MW of renewable assets, including wind, solar, small hydro and biomass. The government announced the results on April 11.",,,,0.00,200.00,,Onshore wind,Group of technologies,,200.00,,#N/A,100%,2023,2020,,,
El Salvador Biogas Auction,Completed,El Salvador,Latin America,Clean_Fuels,,Project_Tender,Unknown,Unknown,15.00,0.00,USD,Indexed,,17.71,17.71,,,,,Biogas,Unknown,0.00,3.10,3.10,100%,#N/A,2014,,,,17.71
100MW Renewable Energy Tender,Completed,El Salvador,Latin America,Solar,,Project_Tender,Unknown,Unknown,20.00,0.00,USD,Indexed,,109.68,109.68,,0.00,100.00,,PV,Unknown,0.00,134.00,134.00,100%,134%,2017,,,,109.68
100MW Solar Energy Tender,Completed,El Salvador,Latin America,Solar,,Project_Tender,Unknown,Unknown,20.00,0.00,USD,Indexed,,51.47,51.47,,0.00,100.00,,PV,Unknown,0.00,119.90,119.90,100%,120%,2017,,,,51.47
70MW Wind Energy Tender,Completed,El Salvador,Latin America,Wind,,Project_Tender,Unknown,Unknown,20.00,0.00,USD,Indexed,,98.78,98.78,,0.00,70.00,,Onshore wind,Unknown,0.00,50.00,50.00,100%,71%,2017,,,,98.78
El Salvador Solar PV Auction,Completed,El Salvador,Latin America,Solar,,Project_Tender,Unknown,Unknown,15.00,0.00,USD,Indexed,,8.77,8.77,,,,,PV,Unknown,0.00,7.00,7.00,100%,#N/A,2019,,,,8.77
2nd Renewable energy auction (PEG-2),Completed,Guatemala,Latin America,Renewables_Other,,Auction,Pay_As_Bid,Unknown,15.00,0.00,USD,Indexed ,,73.41,73.41,,0.00,600.00,,Unknown technology,Unknown,0.00,393.00,393.00,100%,66%,2014,,,,73.41462934
3rd Renewable energy auction (PEG-3),Completed,Guatemala,Latin America,Renewables_Other,,Auction,Pay_As_Bid,Unknown,15.00,0.00,USD,Indexed,,109.38,109.38,,0.00,250.00,,Unknown technology,Unknown,0.00,250.00,250.00,100%,100%,2016,,,,109.38
Guatemala 110MW Solar PV tender,Cancelled,Guatemala,Latin America,Solar,,Project_Tender,Unknown,Unknown,15.00,0.00,USD,Indexed,"In May 2019, Guatemala launched a 110MW solar tender, aiming for the installation of five solar plants in the cities of Jutiapa, El Progreso, Zacapa and Santa Rosa. However, state-owned utility Instituto Nacional de Electrificación (INDE) cancelled the tender in August, citing a lack of feasibility studies and inconsistencies in the two bidders’ proposals (Total Eren and Scatec Solar). No information has been released on whether the country will introduce a new solar procurement process.",,,,0.00,110.00,,PV,Unknown,,,,,,2019,2019,,,
4th Renewable energy auction (PEG-4),Completed,Guatemala,Latin America,Renewables_Other,,Auction,Pay_As_Bid,Unknown,15.00,0.00,USD,Fixed,"In this round, 235MW were auctioned, and 191MW were of renewable energy",79.10,79.10,,0.00,,,Unknown technology,Technology neutral,,191.00,191.00,100%,#N/A,2023,2022,,1/5/2026,79.1
Honduras 2010 Renewable Energy Tender,Completed,Honduras,Latin America,Renewables_Other,,Project_Tender,Unknown,Unknown,,,USD,Unknown,"On September 24th, 2009, the public utility (ENEE) announced an international tender for 250MW of renewable energy-based generation by independent power producers. The wining hydropower, wind, biomass, and geothermal power projects were announced in April 2010 by the Ministry of Environment and Natural Resources (SERNA) with a total installed capacity of nearly 700 MW, much more than the original target in the tendering.",,,,0.00,250.00,,Unknown technology,Technology neutral,,700.00,700.00,100%,280%,2010,2009,,,
Jamaica Mixed Renewables Auction,Completed,Jamaica,Latin America,Renewables_Other,,Auction,Unknown,Unknown,15.00,0.00,USD,Indexed,,,,,0.00,76.00,,Unknown technology,Unknown,0.00,152.00,152.00,100%,200%,2016,2013,,,
Jamaica Renewable Energy Tender,Completed,Jamaica,Latin America,Renewables_Other,,Project_Tender,Pay_As_Clear,Power_Purchase_Agreement,20.00,0.00,USD,Indexed,"Awarded bids are indexed annually to the US CPI. In their bids, applicants proposed the percentage of their bid price that would be indexed to the CPI.",61.58,61.58,,5.00,100.00,,Unknown technology,Technology neutral,,99.83,,0%,100%,2024,2023,9/18/2023,11/25/2026,61.57664
1st auction - power (Solar),Completed,Mexico,Latin America,Solar,Standalone,Auction,Pay_As_Bid,Unknown,15.00,0.00,USD,Indexed ,"15 years for energy, 20 years for renewable energy certificates",45.01,45.01,,,,,PV,Unknown,4019000.00,1730.92,1730.92,100%,#N/A,2016,,,3/1/2018,45.01
1st auction - power (Wind),Completed,Mexico,Latin America,Wind,Standalone,Auction,Pay_As_Bid,Unknown,15.00,0.00,USD,Indexed ,"15 years for energy, 20 years for renewable energy certificates",55.32,55.32,,,,,Onshore wind,Unknown,1385000.00,369.00,369.00,100%,#N/A,2016,,,12/31/2018,55.32
2nd auction - power (Geothermal),Completed,Mexico,Latin America,Renewables_Other,Standalone,Auction,Pay_As_Bid,Unknown,15.00,0.00,USD,Indexed,"15 years for energy, 20 years for renewable energy certificates",37.31,37.31,,,,,Geothermal,Unknown,198760.00,25.00,25.00,100%,#N/A,2016,,,12/31/2019,37.31
2nd auction - power (Wind),Completed,Mexico,Latin America,Wind,Standalone,Auction,Pay_As_Bid,Unknown,15.00,0.00,USD,Indexed,"15 years for energy, 20 years for renewable energy certificates",35.85,35.85,,,,,Onshore wind,Unknown,3874000.00,1075.50,1075.50,100%,#N/A,2016,,,12/31/2019,35.85
2nd auction - power (Solar),Completed,Mexico,Latin America,Solar,Standalone,Auction,Pay_As_Bid,Unknown,15.00,0.00,USD,Indexed,"15 years for energy, 20 years for CELs",31.90,31.90,,,,,PV,Unknown,4837000.00,2254.89,2254.89,100%,#N/A,2017,,,1/1/2019,31.9
3rd auction - power (Solar),Completed,Mexico,Latin America,Solar,Standalone,Auction,Pay_As_Bid,Unknown,15.00,0.00,USD,Indexed,"15 years for energy, 20 years for CELs",20.80,20.80,,,,,PV,Unknown,3040000.00,1686.00,1686.00,100%,#N/A,2017,,,1/1/2020,20.8
3rd auction - power (Wind),Completed,Mexico,Latin America,Wind,Standalone,Auction,Pay_As_Bid,Unknown,15.00,0.00,USD,Indexed,"15 years for energy, 20 years for CELs",18.60,18.60,,,,,Onshore wind,Unknown,2453000.00,691.80,691.80,100%,#N/A,2019,,,12/31/2020,18.6
Mexico's 4th Power Auction,Cancelled,Mexico,Latin America,Renewables_Other,Standalone,Auction,Pay_As_Bid,Unknown,15.00,0.00,MXN,Unknown,,,,,0.00,0.00,,Unknown technology,Unknown,0.00,,0.00,,,2020,,,12/31/2021,
Plan de Fortalecimiento y Expansión del Sistema Eléctrico Nacional 2025 - 2030,Announced,Mexico,Latin America,Solar,Standalone,Project_Tender,Unknown,Unknown,,0.00,USD,Unknown,CFE aims to tender 2 PV projects in Puerto Penasco: 280MW and 300MW,,,,580.00,280.00,,PV,Technology specific,,,,,,2025,2025,,12/31/2027,
Panama renewable energy tender 2024,Cancelled,Panama,Latin America,Renewables_Other,,Project_Tender,Pay_As_Bid,Contract_For_Difference_One_Way,20.00,0.00,USD,Indexed,"In February, Panama announced its first renewable auction in a decade, which will also be the first in the Central American region to include storage. The National Secretariat of Energy (SNE) plans to award 500MW of new renewable plants with 20-year PPAs with electricity distribution companies. The process is expected to take place in the first quarter of 2024. The tender was cancelled in July 2024 after the new government determined that the tender, launched by the previous administration, did not comply with the minimum standards to guarantee transparency for investors and low prices for consumers. ",,,,,550.00,,Unknown technology,Group of technologies,,,,,,2024,2024,6/27/2024,9/1/2026,
Panama 1st Wind Auction ,Completed,Panama,Latin America,Wind,,Auction,Pay_As_Bid,Unknown,15.00,0.00,USD,Fixed,,90.58,90.58,,,,,Onshore wind,Unknown,165600.00,158.40,158.40,100%,#N/A,2014,,,,90.58
Panama 2nd Wind Auction,Completed,Panama,Latin America,Wind,,Auction,Pay_As_Bid,Unknown,15.00,0.00,USD,Fixed,,96.69,96.69,,,,,Onshore wind,Unknown,1182000.00,125.00,125.00,100%,#N/A,2015,,,,96.69
Panama 1st Solar Auction,Completed,Panama,Latin America,Solar,,Auction,Pay_As_Bid,Unknown,20.00,0.00,USD,Fixed,,87.25,87.25,,,,,PV,Unknown,660000.00,173.00,173.00,100%,#N/A,2018,,,,87.25
1st renewable energy auction (First Round - Biomass),Completed,Peru,Latin America,Biomass_And_Waste,,Auction,Pay_As_Bid,Unknown,20.00,0.00,USD,Indexed,,81.00,81.00,,0.00,880.00,,Biomass,Unknown,143295.00,80.00,80.00,100%,9%,2010,,,,81
1st renewable energy auction (First Round - Small Hydro),Completed,Peru,Latin America,Hydro,,Auction,Pay_As_Bid,Unknown,20.00,0.00,USD,Indexed,,59.93,59.93,,0.00,880.00,,Run of river,Unknown,999339.00,80.00,80.00,100%,9%,2010,,,,59.93
1st renewable energy auction (First Round - Solar PV),Completed,Peru,Latin America,Solar,,Auction,Pay_As_Bid,Unknown,20.00,0.00,USD,Indexed,,221.38,221.38,,0.00,880.00,,PV,Unknown,172940.00,80.00,80.00,100%,9%,2010,,,,221.38
1st renewable energy auction (First Round - Onshore Wind),Completed,Peru,Latin America,Wind,,Auction,Pay_As_Bid,Unknown,20.00,0.00,USD,Indexed,,79.17,79.17,,0.00,880.00,,Onshore wind,Unknown,571000.00,80.00,80.00,100%,9%,2010,,,,79.17
1st renewable energy auction (Second Round - Small Hydro),Completed,Peru,Latin America,Hydro,,Auction,Pay_As_Bid,Unknown,20.00,0.00,USD,Indexed,,32.35,32.35,,0.00,880.00,,Run of river,Unknown,92000.00,80.00,80.00,100%,9%,2010,,,,32.35
1st renewable energy auction (Second Round - Biomass),Completed,Peru,Latin America,Biomass_And_Waste,,Auction,Pay_As_Bid,Unknown,20.00,0.00,USD,Indexed,,12.00,12.00,,0.00,880.00,,Biomass,Unknown,11700.00,80.00,80.00,100%,9%,2011,,,,12
2nd renewable energy auction (First Round - Biomass),Completed,Peru,Latin America,Biomass_And_Waste,,Auction,Pay_As_Bid,Unknown,20.00,0.00,USD,Indexed,,99.99,99.99,,,,,Biomass,Unknown,14020.00,2.00,2.00,100%,#N/A,2011,,,,99.99
2nd renewable energy auction (First Round - Solar PV),Completed,Peru,Latin America,Solar,,Auction,Pay_As_Bid,Unknown,20.00,0.00,USD,Indexed,,119.90,119.90,,,,,PV,Unknown,43000.00,16.00,16.00,100%,#N/A,2011,,,,119.9
2nd renewable energy auction (First Round - Onshore Wind),Completed,Peru,Latin America,Wind,,Auction,Pay_As_Bid,Unknown,20.00,0.00,USD,Indexed,,69.00,69.00,,,,,Onshore wind,Unknown,415760.00,90.00,90.00,100%,#N/A,2011,,,,69
4th renewable energy auction (Second Round - Onshore Wind),Completed,Peru,Latin America,Wind,,Auction,Pay_As_Bid,Unknown,20.00,0.00,USD,Indexed,,37.25,37.25,,,,,Onshore wind,Unknown,165600.00,36.00,36.00,100%,#N/A,2012,,,,37.25
2nd renewable energy auction (First Round - Small Hydro),Completed,Peru,Latin America,Hydro,,Auction,Pay_As_Bid,Unknown,20.00,0.00,USD,Indexed,,47.85,47.85,,,,,Run of river,Unknown,679930.00,101.98,101.98,100%,#N/A,2013,,,,47.85
3rd renewable energy auction (First Round - Small Hydro),Completed,Peru,Latin America,Hydro,,Auction,Pay_As_Bid,Unknown,20.00,0.00,USD,Indexed,,56.55,56.55,,,,,Run of river,Unknown,1278060.00,240.15,240.15,100%,#N/A,2016,,,,56.55
4th renewable energy auction (First Round - Biomass),Completed,Peru,Latin America,Biomass_And_Waste,,Auction,Pay_As_Bid,Unknown,20.00,0.00,USD,Indexed,,77.00,77.00,,,,,Biomass,Unknown,29000.00,4.00,4.00,100%,#N/A,2016,,,,77
4th renewable energy auction (First Round - Small Hydro),Completed,Peru,Latin America,Hydro,,Auction,Pay_As_Bid,Unknown,20.00,0.00,USD,Indexed,,46.53,46.53,,,,,Run of river,Unknown,448200.00,79.80,79.80,100%,#N/A,2016,,,,46.53
4th renewable energy auction (Second Round - Solar PV),Completed,Peru,Latin America,Renewables_Other,,Auction,Pay_As_Bid,Unknown,20.00,0.00,USD,Indexed,,48.50,48.50,,,,,Unknown technology,Unknown,108400.00,40.00,40.00,100%,#N/A,2016,,,,48.5
4th renewable energy auction (First Round - Solar PV),Completed,Peru,Latin America,Solar,,Auction,Pay_As_Bid,Unknown,20.00,0.00,USD,Indexed,,47.90,47.90,,,,,PV,Unknown,415000.00,144.00,144.00,100%,#N/A,2016,,,,47.9
4th renewable energy auction (First Round - Onshore Wind),Completed,Peru,Latin America,Wind,,Auction,Pay_As_Bid,Unknown,20.00,0.00,USD,Indexed,,37.80,37.80,,,,,Onshore wind,Unknown,573000.00,126.00,126.00,100%,#N/A,2016,,,,37.8
Peru Solar and storage Microgrid Tender,Completed,Peru,Latin America,Co_Located,Co-located,Project_Tender,Pay_As_Bid,Unknown,20.00,0.00,USD,Unknown,"In December 2021, EDF was awarded to build the solar-plus-storage project in the isolated region of Iquito",,,,,100.00,100,Solar and storage,Unknown,100.00,100.00,100.00,100%,100%,2021,2021,,12/31/2024,
Uruguay Solar Energy Tender,Completed,Uruguay,Latin America,Solar,,Project_Tender,Unknown,Unknown,20.00,0.00,USD,Indexed,20-30 year contracts available,,,,,,,PV,Unknown,0.00,199.00,199.00,100%,#N/A,2018,,,,
2003 Onshore Wind concession,Completed,Mainland China,Mainland China,Wind,,Auction,Pay_As_Bid,Unknown,15.00,0.00,CNY,Indexed,,469.00,56.66,,,,,Onshore wind,Unknown,0.00,200.00,200.00,100%,#N/A,2004,,,,56.66441137
2004 Onshore Wind concession,Completed,Mainland China,Mainland China,Wind,,Auction,Pay_As_Bid,Unknown,15.00,0.00,CNY,Indexed,,480.00,58.59,,,,,Onshore wind,Unknown,0.00,650.00,650.00,100%,#N/A,2005,,,,58.59017394
2005 Onshore Wind concession,Completed,Mainland China,Mainland China,Wind,,Auction,Pay_As_Bid,Unknown,15.00,0.00,CNY,Indexed,,527.00,66.09,,,,,Onshore wind,Unknown,0.00,450.00,450.00,100%,#N/A,2006,,,,66.09227837
2006 Onshore Wind concession,Completed,Mainland China,Mainland China,Wind,,Auction,Pay_As_Bid,Unknown,15.00,0.00,CNY,Indexed,,448.00,58.90,,,,,Onshore wind,Unknown,0.00,1000.00,1000.00,100%,#N/A,2007,,,,58.8962217
2007 Onshore Wind concession,Completed,Mainland China,Mainland China,Wind,,Auction,Pay_As_Bid,Unknown,15.00,0.00,CNY,Indexed,,515.00,74.10,,,,,Onshore wind,Unknown,0.00,950.00,950.00,100%,#N/A,2008,,,,74.09965324
Jiuqyan 3.8GW Megabase Auction,Completed,Mainland China,Mainland China,Wind,,Auction,Pay_As_Bid,Unknown,15.00,0.00,CNY,Indexed,,540.00,79.80,,,,,Onshore wind,Unknown,0.00,3800.00,3800.00,100%,#N/A,2010,,,,79.80256255
China Solar Auctions 1.1,Completed,Mainland China,Mainland China,Solar,,Auction,Pay_As_Bid,Unknown,20.00,0.00,CNY,Fixed,,745.00,112.07,,0.00,950.00,,PV,Unknown,0.00,950.00,950.00,100%,100%,2016,,,9/30/2017,112.06715
China Solar Auctions 1.2,Completed,Mainland China,Mainland China,Solar,,Auction,Pay_As_Bid,Unknown,20.00,0.00,CNY,Fixed,,740.00,111.32,,0.00,500.00,,PV,Unknown,0.00,500.00,500.00,100%,100%,2016,,,9/30/2017,111.3150215
China Solar Auctions 1.3,Completed,Mainland China,Mainland China,Solar,,Auction,Pay_As_Bid,Unknown,20.00,0.00,CNY,Fixed,,575.00,86.49,,0.00,900.00,,PV,Unknown,0.00,900.00,900.00,100%,100%,2016,,,9/30/2017,86.49478023
China Solar Auctions 1.4,Completed,Mainland China,Mainland China,Solar,,Auction,Pay_As_Bid,Unknown,20.00,0.00,CNY,Fixed,,830.00,124.85,,0.00,450.00,,PV,Unknown,0.00,450.00,450.00,100%,100%,2016,,,9/30/2017,124.8533349
China Solar Auctions 1.5,Completed,Mainland China,Mainland China,Solar,,Auction,Pay_As_Bid,Unknown,20.00,0.00,CNY,Fixed,,830.00,124.85,,0.00,450.00,,PV,Unknown,0.00,450.00,450.00,100%,100%,2016,,,9/30/2017,124.8533349
China Solar Auctions 1.6,Completed,Mainland China,Mainland China,Solar,,Auction,Pay_As_Bid,Unknown,20.00,0.00,CNY,Fixed,,760.00,114.32,,0.00,1000.00,,PV,Unknown,0.00,1000.00,1000.00,100%,100%,2016,,,9/30/2017,114.3235356
China Solar Auctions 1.7,Completed,Mainland China,Mainland China,Solar,,Auction,Pay_As_Bid,Unknown,20.00,0.00,CNY,Fixed,,520.00,78.22,,0.00,500.00,,PV,Unknown,0.00,500.00,500.00,100%,100%,2016,,,12/31/2017,78.22136647
China Solar Auctions 2.1,Completed,Mainland China,Mainland China,Solar,,Auction,Pay_As_Bid,Unknown,20.00,0.00,CNY,Fixed,,965.00,145.16,,0.00,1150.00,,PV,Unknown,0.00,1150.00,1150.00,100%,100%,2016,,,,145.1608051
China Solar Auctions 2.2,Completed,Mainland China,Mainland China,Solar,,Auction,Pay_As_Bid,Unknown,20.00,0.00,CNY,Fixed,,945.00,142.15,,0.00,600.00,,PV,Unknown,0.00,600.00,600.00,100%,100%,2016,,,,142.152291
China Solar Auctions 2.3,Completed,Mainland China,Mainland China,Solar,,Auction,Pay_As_Bid,Unknown,20.00,0.00,CNY,Fixed,,970.00,145.91,,0.00,210.00,,PV,Unknown,0.00,210.00,210.00,100%,100%,2016,,,,145.9129336
China Solar Auctions 2.4,Completed,Mainland China,Mainland China,Solar,,Auction,Pay_As_Bid,Unknown,20.00,0.00,CNY,Fixed,,940.00,141.40,,0.00,330.00,,PV,Unknown,0.00,330.00,330.00,100%,100%,2016,,,,141.4001625
China Solar Auctions 2.5,Completed,Mainland China,Mainland China,Solar,,Auction,Pay_As_Bid,Unknown,20.00,0.00,CNY,Fixed,,780.00,117.33,,0.00,70.00,,PV,Unknown,0.00,70.00,70.00,100%,100%,2016,,,,117.3320497
China Solar Auctions 2.6,Completed,Mainland China,Mainland China,Solar,,Auction,Pay_As_Bid,Unknown,20.00,0.00,CNY,Fixed,,755.00,113.57,,0.00,100.00,,PV,Unknown,0.00,100.00,100.00,100%,100%,2016,,,,113.5714071
China Solar Auctions 2.7,Completed,Mainland China,Mainland China,Solar,,Auction,Pay_As_Bid,Unknown,20.00,0.00,CNY,Fixed,,805.00,121.09,,0.00,80.00,,PV,Unknown,0.00,80.00,80.00,100%,100%,2016,,,,121.0926923
China Solar Auctions 2.8,Completed,Mainland China,Mainland China,Solar,,Auction,Pay_As_Bid,Unknown,20.00,0.00,CNY,Fixed,,910.00,136.89,,0.00,655.00,,PV,Unknown,0.00,655.00,655.00,100%,100%,2016,,,,136.8873913
China Solar Auctions 2.9,Completed,Mainland China,Mainland China,Solar,,Auction,Pay_As_Bid,Unknown,20.00,0.00,CNY,Fixed,,910.00,136.89,,0.00,2505.00,,PV,Unknown,0.00,2505.00,2505.00,100%,100%,2016,,,,136.8873913
2010 Offshore wind concession,Completed,Mainland China,Mainland China,Wind,,Auction,Pay_As_Bid,Unknown,15.00,0.00,CNY,Indexed,,684.00,102.89,,,,,Offshore wind,Unknown,0.00,1000.00,1000.00,100%,#N/A,2016,,,,102.891182
China Solar Auctions 2.10,Completed,Mainland China,Mainland China,Solar,,Auction,Pay_As_Bid,Unknown,20.00,0.00,CNY,Fixed,,810.00,122.34,,0.00,500.00,,PV,Unknown,0.00,500.00,500.00,100%,100%,2018,,,,122.3361677
2018 Haixing China Top-runner,Completed,Mainland China,Mainland China,Solar,,Auction,Pay_As_Bid,Unknown,20.00,0.00,CNY,Fixed,,460.00,69.47,,0.00,500.00,,PV,Unknown,0.00,500.00,500.00,100%,100%,2018,,,12/31/2018,69.47486067
2018 Baicheng China Top-runner,Completed,Mainland China,Mainland China,Solar,,Auction,Pay_As_Bid,Unknown,20.00,0.00,CNY,Fixed,,428.00,64.64,,0.00,500.00,,PV,Unknown,0.00,500.00,500.00,100%,100%,2018,,,12/31/2018,64.64182689
2018 Baoying China Top-runner,Completed,Mainland China,Mainland China,Solar,,Auction,Pay_As_Bid,Unknown,20.00,0.00,CNY,Fixed,,475.00,71.74,,0.00,500.00,,PV,Unknown,0.00,500.00,500.00,100%,100%,2018,,,12/31/2018,71.74034526
2018 Dalate China Top-runner,Completed,Mainland China,Mainland China,Solar,,Auction,Pay_As_Bid,Unknown,20.00,0.00,CNY,Fixed,,353.00,53.31,,0.00,500.00,,PV,Unknown,0.00,500.00,500.00,100%,100%,2018,,,12/31/2018,53.31440395
2018 Shouyang China Top-runner,Completed,Mainland China,Mainland China,Solar,,Auction,Pay_As_Bid,Unknown,20.00,0.00,CNY,Fixed,,462.00,69.78,,0.00,500.00,,PV,Unknown,0.00,500.00,500.00,100%,100%,2018,,,12/31/2018,69.77692528
2018 Sihong China Top-runner,Completed,Mainland China,Mainland China,Solar,,Auction,Pay_As_Bid,Unknown,20.00,0.00,CNY,Fixed,,510.00,77.03,,0.00,500.00,,PV,Unknown,0.00,500.00,500.00,100%,100%,2018,,,12/31/2018,77.02647596
2018 Weinan China Top-runner,Completed,Mainland China,Mainland China,Solar,,Auction,Pay_As_Bid,Unknown,20.00,0.00,CNY,Fixed,,510.00,77.03,,0.00,500.00,,PV,Unknown,0.00,500.00,500.00,100%,100%,2018,,,12/31/2018,77.02647596
2018 Qinghai Delingha Top-runner,Completed,Mainland China,Mainland China,Solar,,Project_Tender,Unknown,Unknown,20.00,0.00,CNY,Fixed,,340.00,51.35,,0.00,500.00,,PV,Unknown,0.00,500.00,500.00,100%,100%,2018,,,12/31/2018,51.35098398
2018 Qinghai Ge'ermu Top-runner,Completed,Mainland China,Mainland China,Solar,,Project_Tender,Unknown,Unknown,20.00,0.00,CNY,Fixed,,325.00,49.09,,0.00,500.00,,PV,Unknown,0.00,500.00,500.00,100%,100%,2018,,,12/31/2018,49.08549939
2018 Shanxi Datong Top-runner,Completed,Mainland China,Mainland China,Solar,,Project_Tender,Unknown,Unknown,20.00,0.00,CNY,Fixed,,410.00,61.92,,0.00,500.00,,PV,Unknown,0.00,500.00,500.00,100%,100%,2018,,,12/31/2018,61.92324538
2019 Dalate China Top-runner,Completed,Mainland China,Mainland China,Solar,,Auction,Pay_As_Bid,Unknown,20.00,0.00,CNY,Fixed,,274.00,39.65,,0.00,500.00,,PV,Unknown,0.00,500.00,500.00,100%,100%,2019,,,6/30/2020,39.64923451
China Inner Mongolia (Shanghai Temple) High Voltage Transmission Line Solar Batch,Completed,Mainland China,Mainland China,Solar,,Auction,Pay_As_Bid,Unknown,20.00,0.00,CNY,Fixed,,300.00,43.41,,0.00,200.00,,PV,Unknown,0.00,200.00,200.00,100%,100%,2019,,,12/30/2021,43.41157063
China Inner Mongolia (Shanghai Temple) High Voltage Transmission Line Wind Batch,Completed,Mainland China,Mainland China,Wind,,Auction,Pay_As_Bid,Unknown,20.00,0.00,CNY,Fixed,,284.00,41.10,,0.00,600.00,,Onshore wind,Unknown,0.00,600.00,600.00,100%,100%,2019,,,12/30/2021,41.09628686
2020 China National Solar Auction,Completed,Mainland China,Mainland China,Solar,,Auction,Pay_As_Bid,Unknown,20.00,0.00,CNY,Fixed,,394.17,57.04,,0.00,,,PV,Unknown,0.00,25967.00,33509.11,129%,#N/A,2019,,,12/31/2020,57.03889677
2019 Sihong China Top-runner,Completed,Mainland China,Mainland China,Solar,,Auction,Pay_As_Bid,Unknown,20.00,0.00,CNY,Fixed,,400.00,57.88,,0.00,500.00,,PV,Unknown,0.00,500.00,500.00,100%,100%,2019,,,6/30/2020,57.88209417
Chongqing 2019 Onshore Wind Auction,Completed,Mainland China,Mainland China,Wind,,Auction,Pay_As_Bid,Unknown,20.00,0.00,CNY,Fixed,,497.54,72.00,,,,,Onshore wind,Unknown,0.00,346.10,346.10,100%,#N/A,2019,,,,71.99664284
China Offshore Wind Dalian 2019,Completed,Mainland China,Mainland China,Wind,,Auction,Pay_As_Bid,Unknown,25.00,0.00,CNY,Fixed,,,,,0.00,1300.00,,Offshore wind,Unknown,0.00,1300.00,1300.00,100%,100%,2019,,,,
China Offshore Wind Ningbo 2019,Completed,Mainland China,Mainland China,Wind,,Auction,Pay_As_Bid,Unknown,25.00,0.00,CNY,Fixed,,760.00,109.98,,0.00,500.00,,Offshore wind,Unknown,0.00,500.00,800.00,160%,100%,2019,,,,109.9759789
Ningxia 2018 Onshore Wind Auction,Completed,Mainland China,Mainland China,Wind,,Auction,Pay_As_Bid,Unknown,20.00,0.00,CNY,Fixed,,451.50,65.33,,,,,Onshore wind,Unknown,0.00,1900.00,1900.00,100%,#N/A,2019,,,12/31/2021,65.3344138
China Qinghai (Hainanzhou) High Voltage Transmission Line Solar Batch,Completed,Mainland China,Mainland China,Solar,,Auction,Pay_As_Bid,Unknown,20.00,0.00,CNY,Fixed,,333.33,48.23,,0.00,3000.00,,PV,Unknown,0.00,3000.00,3000.00,100%,100%,2019,,,12/31/2020,48.23459613
China Qinghai (Hainanzhou) High Voltage Transmission Line Wind Batch,Completed,Mainland China,Mainland China,Wind,,Auction,Pay_As_Bid,Unknown,20.00,0.00,CNY,Fixed,,390.25,56.47,,0.00,2000.00,,Onshore wind,Unknown,0.00,2000.00,2000.00,100%,100%,2019,,,9/30/2020,56.47121813
China Offshore Wind Shandong 2019,Completed,Mainland China,Mainland China,Wind,,Auction,Pay_As_Bid,Unknown,25.00,0.00,CNY,Fixed,,790.00,114.32,,0.00,1200.00,,Offshore wind,Unknown,0.00,1200.00,1200.00,100%,100%,2019,,,,114.317136
China Offshore Wind Shanghai 2019,Completed,Mainland China,Mainland China,Wind,,Auction,Pay_As_Bid,Unknown,25.00,0.00,CNY,Fixed,,738.80,106.91,,0.00,200.00,,Offshore wind,Unknown,0.00,200.00,200.00,100%,100%,2019,,,,106.9082279
Sichuan Ganzizhou Solar Base Tender,Completed,Mainland China,Mainland China,Solar,,Project_Tender,Unknown,Unknown,20.00,0.00,CNY,Fixed,,253.27,36.65,,0.00,200.00,,PV,Unknown,0.00,200.00,200.00,100%,100%,2019,,,12/31/2022,36.64877145
2019 Baicheng China Top-runner,Completed,Mainland China,Mainland China,Solar,,Auction,Pay_As_Bid,Unknown,20.00,0.00,CNY,Fixed,,380.00,54.99,,0.00,500.00,,PV,Unknown,0.00,500.00,500.00,100%,100%,2019,,,6/30/2020,54.98798947
China Offshore Wind Wenzhou 2019,Completed,Mainland China,Mainland China,Wind,,Auction,Pay_As_Bid,Unknown,25.00,0.00,CNY,Fixed,,776.32,112.34,,0.00,1150.00,,Offshore wind,Unknown,0.00,950.00,950.00,100%,83%,2019,,,,112.3375684
China Offshore wind Fujian 2020,Completed,Mainland China,Mainland China,Wind,,Auction,Pay_As_Bid,Unknown,20.00,0.00,CNY,Fixed,,,,,0.00,1400.00,,Offshore wind,Unknown,0.00,1400.00,1400.00,100%,100%,2020,,,,
2020 Inner Mongolia Wulanchabu Wind Plus Storage,Completed,Mainland China,Mainland China,Wind,,Project_Tender,Pay_As_Bid,Fixed_Feed_In_Tariff,15.00,0.00,CNY,Fixed,"The local government annouced the tennder for the demo base project for integration of power, grid, load, and storage. It inlcudes 2800MW wind.",,,,2800.00,2800.00,,Onshore wind,Unknown,,2800.00,2800.00,100%,100%,2020,2020,10/9/2020,,
2020 Shanghai Donghai Bridge Phase II,Completed,Mainland China,Mainland China,Wind,,Project_Tender,Unknown,Fixed_Feed_In_Tariff,15.00,0.00,CNY,Unknown,Shanghai's second offshore wind auction.,,,,40.00,40.00,,Offshore wind,Unknown,,40.00,40.00,100%,100%,2020,2020,8/31/2020,,
Chongqing 2020 Onshore Wind Auction,Completed,Mainland China,Mainland China,Wind,,Auction,Pay_As_Bid,Unknown,20.00,0.00,CNY,Fixed,,465.10,67.43,,0.00,645.95,,Onshore wind,Unknown,0.00,645.95,645.95,100%,100%,2020,,,,67.42534068
Guangxi 2020 Onshore Wind Auction,Completed,Mainland China,Mainland China,Wind,,Auction,Pay_As_Bid,Unknown,20.00,0.00,CNY,Fixed,,420.70,60.99,,,,,Onshore wind,Unknown,0.00,1540.40,6531.10,424%,#N/A,2020,,,,60.98869237
Hubei 2020 Onshore Wind Auction,Completed,Mainland China,Mainland China,Wind,,Auction,Pay_As_Bid,Unknown,20.00,0.00,CNY,Fixed,,416.10,60.32,,0.00,500.00,,Onshore wind,Unknown,0.00,500.50,608.50,122%,100%,2020,,,12/31/2022,60.32183242
Inner Mongolia Bayannaoer UHV Auction,Completed,Mainland China,Mainland China,Wind,,Auction,Pay_As_Bid,Unknown,20.00,0.00,CNY,Fixed,,,,,0.00,1600.00,,Onshore wind,Unknown,0.00,1600.00,1600.00,100%,100%,2020,,,12/31/2021,
Liaoning Chaoyang Onshore Wind Auction,Completed,Mainland China,Mainland China,Wind,,Auction,Pay_As_Bid,Unknown,20.00,0.00,CNY,Fixed,,374.90,54.35,,0.00,600.00,,Onshore wind,Unknown,0.00,600.00,600.00,100%,100%,2020,,,12/31/2022,54.34908669
Liaoning Tieling Onshore Wind Auction,Completed,Mainland China,Mainland China,Wind,,Auction,Pay_As_Bid,Unknown,20.00,0.00,CNY,Fixed,,374.90,54.35,,0.00,1000.00,,Onshore wind,Unknown,0.00,1000.50,1000.50,100%,100%,2020,,,12/31/2022,54.34908669
2019 China National Solar Auction,Completed,Mainland China,Mainland China,Solar,,Project_Tender,Unknown,Unknown,20.00,0.00,CNY,Fixed,,446.36,64.71,,,,,PV,Unknown,0.00,22786.00,24558.98,108%,#N/A,2020,,,12/31/2019,64.70861119
China Baotou Renewable Energy Demonstration Zone,Completed,Mainland China,Mainland China,Wind,,Auction,Pay_As_Bid,Unknown,20.00,0.00,CNY,Fixed,,,,,0.00,1600.00,,Onshore wind,Unknown,0.00,1600.00,1600.00,100%,100%,2020,,,,
China Offshore Wind Shanghai 2020,Completed,Mainland China,Mainland China,Wind,,Auction,Pay_As_Bid,Unknown,20.00,0.00,CNY,Fixed,,,,,0.00,40.00,,Offshore wind,Unknown,0.00,40.00,40.00,100%,100%,2020,,,,
Yunnan 2020 Onshore Wind Auction,Completed,Mainland China,Mainland China,Wind,,Auction,Pay_As_Bid,Unknown,20.00,0.00,CNY,Fixed,,,,,,7900.00,,Onshore wind,Unknown,0.00,7900.00,7900.00,100%,100%,2020,,,12/31/2021,
2021 China Anhui Auction,Completed,Mainland China,Mainland China,Wind,,Auction,Pay_As_Bid,Unknown,20.00,0.00,CNY,Fixed,,384.40,59.60,,0.00,1166.00,,Onshore wind,Unknown,0.00,1166.00,1166.00,100%,100%,2021,,,,59.59874725
2021 China Xinjiang Auction Round 1,Completed,Mainland China,Mainland China,Wind,,Auction,Pay_As_Bid,Unknown,20.00,0.00,CNY,Fixed,,262.00,40.62,,0.00,200.00,,Onshore wind,Unknown,0.00,200.00,200.00,100%,100%,2021,,,,40.62141462
2021 China Xinjiang Auction Round 2,Completed,Mainland China,Mainland China,Wind,,Auction,Pay_As_Bid,Unknown,20.00,0.00,CNY,Fixed,,262.00,40.62,,0.00,2650.00,,Onshore wind,Unknown,0.00,2650.00,2650.00,100%,100%,2021,,,,40.62141462
2021 China Chongqing Auction,Completed,Mainland China,Mainland China,Wind,,Auction,Pay_As_Bid,Unknown,20.00,0.00,CNY,Fixed,,396.40,61.46,,0.00,472.40,,Onshore wind,Unknown,0.00,472.40,472.40,100%,100%,2021,,,,61.45927005
2021 China Gansu Dingxi Auction,Completed,Mainland China,Mainland China,Wind,,Auction,Pay_As_Bid,Unknown,20.00,0.00,CNY,Fixed,,307.80,47.72,,0.00,300.00,,Onshore wind,Unknown,0.00,300.00,300.00,100%,100%,2021,,,,47.72241
2021 China Gansu Wuwei Auction,Completed,Mainland China,Mainland China,Wind,,Auction,Pay_As_Bid,Unknown,20.00,0.00,CNY,Fixed,,307.80,47.72,,0.00,600.00,,Onshore wind,Unknown,0.00,600.00,600.00,100%,100%,2021,,,,47.72241
2021 China Gansu Zhangye Auction,Completed,Mainland China,Mainland China,Wind,,Auction,Pay_As_Bid,Unknown,20.00,0.00,CNY,Fixed,,307.80,47.72,,0.00,1000.00,,Onshore wind,Unknown,0.00,1000.00,1000.00,100%,100%,2021,,,,47.72241
2021 China Hebei Auction,Completed,Mainland China,Mainland China,Wind,,Auction,Pay_As_Bid,Unknown,20.00,0.00,CNY,Fixed,,372.00,57.68,,0.00,5000.00,,Onshore wind,Unknown,0.00,5000.00,5000.00,100%,100%,2021,,,12/31/2023,57.67620701
2021 China Liaoning Yingkou Auction,Completed,Mainland China,Mainland China,Wind,,Auction,Pay_As_Bid,Unknown,20.00,0.00,CNY,Fixed,,374.90,58.13,,0.00,1514.00,,Onshore wind,Unknown,0.00,1514.00,1514.00,100%,100%,2021,,,,58.12583336
2021 China Shaanxi Auction,Completed,Mainland China,Mainland China,Wind,,Auction,Pay_As_Bid,Unknown,20.00,0.00,CNY,Fixed,,334.50,51.86,,0.00,880.00,,Onshore wind,Unknown,0.00,880.00,880.00,100%,100%,2021,,,,51.86207324
2021 China Shaanxi Weinan Auction,Completed,Mainland China,Mainland China,Wind,,Auction,Pay_As_Bid,Unknown,20.00,0.00,CNY,Fixed,,334.50,51.86,,0.00,500.00,,Onshore wind,Unknown,0.00,500.00,500.00,100%,100%,2021,,,,51.86207324
2021 China Shan-Wu UHV Phase I Auction,Completed,Mainland China,Mainland China,Wind,,Auction,Pay_As_Bid,Unknown,20.00,0.00,CNY,Fixed,,354.50,54.96,,0.00,2000.00,,Onshore wind,Unknown,0.00,2000.00,4000.00,200%,100%,2021,,,,54.96294459
2021 China Shanxi Auction,Completed,Mainland China,Mainland China,Wind,,Auction,Pay_As_Bid,Unknown,20.00,0.00,CNY,Fixed,,332.00,51.47,,0.00,1490.00,,Onshore wind,Unknown,0.00,1490.00,1490.00,100%,100%,2021,,,,51.47446432
2021 Guangxi Onshore Wind Auction,Completed,Mainland China,Mainland China,Wind,,Auction,Pay_As_Bid,Fixed_Feed_In_Tariff,20.00,0.00,CNY,Fixed,"received 15.11GW: https://www.163.com/dy/article/GFU5J75C0514C30V.html
5.61GW won the auction: http://www.chinawindnews.com/20282.html",420.70,65.23,,,,,Onshore wind,Unknown,,5610.00,15110.00,269%,#N/A,2021,2021,,,65.22682874
2021 Guangxi Onshore Wind Tender,Completed,Mainland China,Mainland China,Wind,,Project_Tender,Unknown,Unknown,20.00,0.00,CNY,Fixed,,262.00,40.62,,0.00,100.00,,Onshore wind,Unknown,0.00,100.00,100.00,100%,100%,2021,,,,40.62141462
China Offshore wind Jiangsu 2021,Completed,Mainland China,Mainland China,Wind,,Auction,Pay_As_Bid,Unknown,20.00,0.00,CNY,Fixed,,,,,0.00,2650.00,,Offshore wind,Unknown,0.00,2650.00,2650.00,100%,100%,2021,,,,
2021 Inner Mongolia Chifeng Onshore Wind Action,Completed,Mainland China,Mainland China,Wind,,Auction,Pay_As_Bid,Unknown,20.00,0.00,CNY,Fixed,,303.50,47.06,,0.00,1500.00,,Onshore wind,Unknown,0.00,1500.00,1500.00,100%,100%,2021,,,,47.05572266
Tianjin 2019 Onshore Wind Auction,Completed,Mainland China,Mainland China,Wind,,Auction,Pay_As_Bid,Unknown,20.00,0.00,CNY,Fixed,,469.49,72.79,,,,,Onshore wind,Unknown,0.00,390.00,390.00,100%,#N/A,2021,,,12/31/2021,72.79140438
2021 China Xinjiang Aletai Auction,Completed,Mainland China,Mainland China,Wind,,Auction,Pay_As_Bid,Fixed_Feed_In_Tariff,20.00,0.00,CNY,Fixed,,262.00,40.62,,0.00,250.00,,Onshore wind,Unknown,,250.00,250.00,100%,100%,2021,2021,,12/31/2022,40.62141462
Xinjiang Hami 2020 Onshore Wind Auction,Completed,Mainland China,Mainland China,Wind,,Auction,Pay_As_Bid,Unknown,20.00,0.00,CNY,Fixed,,390.00,60.47,,,,,Onshore wind,Unknown,0.00,49.50,49.50,100%,#N/A,2021,,,12/31/2021,60.46699122
2021 China Xinjiang Jianshe Bingtuan Auction,Completed,Mainland China,Mainland China,Wind,,Auction,Pay_As_Bid,Unknown,20.00,0.00,CNY,Fixed,,262.00,40.62,,0.00,400.00,,Onshore wind,Unknown,0.00,400.00,400.00,100%,100%,2021,,,,40.62141462
2022 China Anhui Integrated Energy Solar Pilot Batch 1,Completed,Mainland China,Mainland China,Solar,,Auction,Pay_As_Bid,Unknown,25.00,0.00,CNY,Fixed,,384.40,57.05,,0.00,510.00,,PV,Unknown,0.00,510.00,510.00,100%,100%,2022,2022,,6/30/2023,57.04872293
2022 China Anhui Integrated Energy Solar Pilot Batch 2 (2023-2024),Completed,Mainland China,Mainland China,Solar,,Auction,Pay_As_Bid,Unknown,25.00,0.00,CNY,Fixed,,384.40,57.05,,0.00,1690.00,,PV,Unknown,0.00,1690.00,1690.00,100%,100%,2022,2022,,,57.04872293
2022 China Anhui Integrated Energy Solar Pilot Batch 3 (after 2024),Completed,Mainland China,Mainland China,Solar,,Auction,Pay_As_Bid,Unknown,25.00,0.00,CNY,Fixed,,384.40,57.05,,0.00,1360.00,,PV,Unknown,0.00,1360.00,1360.00,100%,100%,2022,,,,57.04872293
2022 China Anhui Batch 1 Solar Auction,Completed,Mainland China,Mainland China,Solar,,Auction,Pay_As_Bid,Unknown,25.00,0.00,CNY,Fixed,,384.40,57.05,,0.00,3000.00,,PV,Unknown,0.00,3000.00,3000.00,100%,100%,2022,2022,,12/31/2024,57.04872293
2022 China Fujian Solar Auction,Completed,Mainland China,Mainland China,Solar,,Auction,Pay_As_Bid,Unknown,25.00,0.00,CNY,Fixed,,393.20,58.35,,0.00,1772.00,,PV,Unknown,0.00,1772.00,1772.00,100%,100%,2022,2022,,,58.35472908
2022 China Gansu Dingxi Batch 2 Solar Auction,Completed,Mainland China,Mainland China,Solar,,Auction,Pay_As_Bid,Unknown,25.00,0.00,CNY,Fixed,,307.80,45.68,,0.00,400.00,,PV,Unknown,0.00,400.00,400.00,100%,100%,2022,2022,,12/31/2023,45.68053309
2022 China Gansu Jiayuguan Solar Auction,Completed,Mainland China,Mainland China,Solar,,Auction,Pay_As_Bid,Unknown,25.00,0.00,CNY,Fixed,,307.80,45.68,,0.00,1000.00,,PV,Unknown,0.00,1000.00,1000.00,100%,100%,2022,2022,,,45.68053309
2022 China Gansu Jiuquan Batch 2 Solar Auction,Completed,Mainland China,Mainland China,Solar,,Auction,Pay_As_Bid,Unknown,25.00,0.00,CNY,Fixed,,307.80,45.68,,0.00,2000.00,,PV,Unknown,0.00,2000.00,2000.00,100%,100%,2022,,,12/31/2024,45.68053309
2022 China Gansu Qingyang Batch 2 Solar Auction,Completed,Mainland China,Mainland China,Solar,,Auction,Pay_As_Bid,Unknown,25.00,0.00,CNY,Fixed,,307.80,45.68,,0.00,400.00,,PV,Unknown,0.00,400.00,400.00,100%,100%,2022,,,12/31/2024,45.68053309
2022 China Gansu Batch 2 Solar Auction,Completed,Mainland China,Mainland China,Solar,,Auction,Pay_As_Bid,Unknown,25.00,0.00,CNY,Fixed,,307.80,45.68,,0.00,3000.00,,PV,Unknown,0.00,3000.00,3000.00,100%,100%,2022,,,,45.68053309
2022 China Gansu Zhangye Batch 2 Solar Auction,Completed,Mainland China,Mainland China,Solar,,Auction,Pay_As_Bid,Unknown,25.00,0.00,CNY,Fixed,,307.80,45.68,,0.00,500.00,,PV,Unknown,0.00,500.00,500.00,100%,100%,2022,2022,,6/30/2022,45.68053309
2022 China Guangdong Hechi Solar Auction,Completed,Mainland China,Mainland China,Solar,,Auction,Pay_As_Bid,Unknown,25.00,0.00,CNY,Fixed,,453.00,67.23,,,6315.00,,PV,Unknown,0.00,6315.00,6315.00,100%,100%,2022,2022,,,67.22963447
2022 China Guizhou Solar Auction,Completed,Mainland China,Mainland China,Solar,,Auction,Pay_As_Bid,Unknown,25.00,0.00,CNY,Fixed,,351.50,52.17,,0.00,8932.00,,PV,Unknown,0.00,8932.00,8932.00,100%,100%,2022,2022,,,52.16604087
2022 China Hebei Solar Base Auction,Completed,Mainland China,Mainland China,Solar,,Auction,Pay_As_Bid,Unknown,25.00,0.00,CNY,Fixed,,364.40,54.08,,0.00,5250.00,,PV,Unknown,0.00,5250.00,5250.00,100%,100%,2022,2022,,,54.08052715
2022 China Henan Integrated Energy Solar Auction,Completed,Mainland China,Mainland China,Solar,,Auction,Pay_As_Bid,Unknown,25.00,0.00,CNY,Fixed,,377.90,56.08,,0.00,580.00,,PV,Unknown,0.00,580.00,580.00,100%,100%,2022,2022,,,56.0840593
2022 China Hubei Batch 1 Solar Auction,Completed,Mainland China,Mainland China,Solar,,Auction,Pay_As_Bid,Unknown,25.00,0.00,CNY,Fixed,,416.10,61.75,,0.00,4693.00,,PV,Unknown,0.00,4693.00,4693.00,100%,100%,2022,2022,,12/31/2023,61.75331325
2022 China Hubei Batch 2 Solar Auction,Completed,Mainland China,Mainland China,Solar,,Auction,Pay_As_Bid,Unknown,25.00,0.00,CNY,Fixed,,416.10,61.75,,0.00,2940.00,,PV,Unknown,0.00,2940.00,2940.00,100%,100%,2022,2022,,,61.75331325
2022 China Inner Mongolia Coal Replacement Solar Auction,Completed,Mainland China,Mainland China,Solar,,Auction,Pay_As_Bid,Unknown,25.00,0.00,CNY,Fixed,,282.90,41.99,,0.00,1110.00,,PV,Unknown,0.00,1110.00,1110.00,100%,100%,2022,2022,,,41.98512934
2022 China Inner Mongolia Integrated Energy Solar Auction,Completed,Mainland China,Mainland China,Solar,,Auction,Pay_As_Bid,Unknown,25.00,0.00,CNY,Fixed,,282.90,41.99,,0.00,1610.00,,PV,Unknown,0.00,1610.00,1610.00,100%,100%,2022,2022,,,41.98512934
2022 China Inner Mongolia Renewable Hydrogen Solar Auction,Completed,Mainland China,Mainland China,Solar,,Auction,Pay_As_Bid,Unknown,25.00,0.00,CNY,Fixed,,282.90,41.99,,0.00,435.00,,PV,Unknown,0.00,435.00,435.00,100%,100%,2022,,,,41.98512934
2022 China Inner Mongolia Hulun Buir Distributed Solar Auction,Completed,Mainland China,Mainland China,Solar,,Auction,Pay_As_Bid,Unknown,25.00,0.00,CNY,Fixed,,282.90,41.99,,0.00,71.00,,PV,Unknown,0.00,71.00,71.00,100%,100%,2022,2022,,,41.98512934
2022 China Inner Mongolila Alxa Distributed Solar Auction,Completed,Mainland China,Mainland China,Solar,,Auction,Pay_As_Bid,Unknown,25.00,0.00,CNY,Fixed,,282.90,41.99,,0.00,40.00,,PV,Unknown,0.00,40.00,40.00,100%,100%,2022,2022,,,41.98512934
2022 China Inner Mongolila Erdos Distributed Solar Auction,Completed,Mainland China,Mainland China,Solar,,Auction,Pay_As_Bid,Unknown,25.00,0.00,CNY,Fixed,,282.90,41.99,,0.00,80.00,,PV,Unknown,0.00,80.00,80.00,100%,100%,2022,2022,,,41.98512934
2022 China Jiangsu Batch 5 Solar Auction,Completed,Mainland China,Mainland China,Solar,,Auction,Pay_As_Bid,Unknown,25.00,0.00,CNY,Fixed,,391.00,58.03,,0.00,4941.80,,PV,Unknown,0.00,4941.80,4941.80,100%,100%,2022,2022,,,58.02822754
2022 China Jiangsu Batch 1 Solar Auction,Completed,Mainland China,Mainland China,Solar,,Auction,Pay_As_Bid,Unknown,25.00,0.00,CNY,Fixed,,391.00,58.03,,0.00,1622.00,,PV,Unknown,0.00,1622.00,1622.00,100%,100%,2022,2022,,12/31/2024,58.02822754
2022 China Jiangxi Bulk Development Distributed PV Auction,Completed,Mainland China,Mainland China,Solar,,Auction,Pay_As_Bid,Unknown,25.00,0.00,CNY,Fixed,,414.30,61.49,,0.00,371.00,,PV,Unknown,0.00,371.00,371.00,100%,100%,2022,2022,,,61.48617563
2022 China Jiangxi Distributed PV Auction,Completed,Mainland China,Mainland China,Solar,,Auction,Pay_As_Bid,Unknown,25.00,0.00,CNY,Fixed,,414.30,61.49,,0.00,201.00,,PV,Unknown,0.00,201.00,201.00,100%,100%,2022,2022,,,61.48617563
2022 China Jiangxi Solar Auction,Completed,Mainland China,Mainland China,Solar,,Auction,Pay_As_Bid,Unknown,25.00,0.00,CNY,Fixed,,414.30,61.49,,0.00,4570.00,,PV,Unknown,0.00,4570.00,4570.00,100%,100%,2022,2022,,12/31/2023,61.48617563
2022 China Ningxia Solar Auction,Completed,Mainland China,Mainland China,Solar,,Auction,Pay_As_Bid,Unknown,25.00,0.00,CNY,Fixed,,259.50,38.51,,0.00,4040.00,,PV,Unknown,0.00,4040.00,4040.00,100%,100%,2022,2022,,,38.51234027
2022 China Qinghai Clean Heating Solar Auction,Completed,Mainland China,Mainland China,Solar,,Auction,Pay_As_Bid,Unknown,25.00,0.00,CNY,Fixed,,227.70,33.79,,0.00,750.00,,PV,Unknown,0.00,750.00,750.00,100%,100%,2022,2022,,,33.79290898
2022 China Qinghai Marketization Solar Auction,Completed,Mainland China,Mainland China,Solar,,Auction,Pay_As_Bid,Unknown,25.00,0.00,CNY,Fixed,,227.70,33.79,,0.00,1750.00,,PV,Unknown,0.00,1750.00,1750.00,100%,100%,2022,2022,,12/31/2023,33.79290898
2022 China Qinghai Reform Solar Auction,Completed,Mainland China,Mainland China,Solar,,Auction,Pay_As_Bid,Unknown,25.00,0.00,CNY,Fixed,,227.70,33.79,,0.00,400.00,,PV,Unknown,0.00,400.00,400.00,100%,100%,2022,2022,,12/31/2025,33.79290898
2022 China Qinghai Renewable with Storage Solar Auction,Completed,Mainland China,Mainland China,Solar,,Auction,Pay_As_Bid,Unknown,25.00,0.00,CNY,Fixed,,227.70,33.79,,0.00,4170.00,,PV,Unknown,0.00,4170.00,4170.00,100%,100%,2022,2022,,12/31/2025,33.79290898
2022 China Shaanxi Solar Auction,Completed,Mainland China,Mainland China,Solar,,Auction,Pay_As_Bid,Unknown,25.00,0.00,CNY,Fixed,,354.50,52.61,,0.00,5250.00,,PV,Unknown,0.00,5250.00,5250.00,100%,100%,2022,2022,,6/30/2023,52.61127024
2022 China Shandong Offshore Solar Auction 1,Completed,Mainland China,Mainland China,Solar,,Auction,Pay_As_Bid,Unknown,25.00,0.00,CNY,Fixed,,394.90,58.61,,0.00,1900.00,,PV,Unknown,0.00,1900.00,1900.00,100%,100%,2022,,,12/31/2022,58.60702572
2022 Shanghai Hangzhouwan 800MW offshore wind,Completed,Mainland China,Mainland China,Wind,,Project_Tender,Pay_As_Bid,Fixed_Feed_In_Tariff,25.00,0.00,CNY,Fixed,"China  wind projects usually require co-located storage of 10-20% of the wind farm capacity, duration 2-4 hours of duration.",415.50,61.66,,800.00,800.00,800,Offshore wind,Co-location,800.00,800.00,800.00,100%,100%,2022,2022,11/9/2022,9/30/2024,61.66426738
2022 China Shanxi Solar Auction,Completed,Mainland China,Mainland China,Solar,,Auction,Pay_As_Bid,Unknown,25.00,0.00,CNY,Fixed,,332.00,49.27,,0.00,7530.00,,PV,Unknown,0.00,7530.00,7530.00,100%,100%,2022,2022,,,49.27204998
2022 China Tianjin Solar Auction,Completed,Mainland China,Mainland China,Solar,,Auction,Pay_As_Bid,Unknown,25.00,0.00,CNY,Fixed,,365.50,54.24,,0.00,4719.07,,PV,Unknown,0.00,4719.07,4719.07,100%,100%,2022,2022,,12/31/2024,54.24377792
2022 China Xinjiang Solar Auction,Completed,Mainland China,Mainland China,Solar,,Auction,Pay_As_Bid,Unknown,25.00,0.00,CNY,Fixed,,259.50,38.51,,0.00,27140.00,,PV,Unknown,0.00,33630.00,33630.00,100%,124%,2022,,,,38.51234027
2022 China Xinjiang Bazhou Batch 2 Solar Auction September Commissioning,Completed,Mainland China,Mainland China,Solar,,Auction,Pay_As_Bid,Unknown,25.00,0.00,CNY,Fixed,,259.50,38.51,,0.00,300.00,,PV,Unknown,0.00,300.00,300.00,100%,100%,2022,,,9/30/2022,38.51234027
2022 China Xinjiang Bazhou Auction,Completed,Mainland China,Mainland China,Wind,,Auction,Pay_As_Bid,Unknown,20.00,0.00,CNY,Fixed,,262.00,38.88,,0.00,300.00,,Onshore wind,Unknown,0.00,300.00,300.00,100%,100%,2022,2022,3/2/2022,9/30/2022,38.88336475
2022 China Xinjiang Changji Batch 2 Solar Auction,Completed,Mainland China,Mainland China,Solar,,Auction,Pay_As_Bid,Unknown,25.00,0.00,CNY,Fixed,,259.50,38.51,,0.00,150.00,,PV,Unknown,0.00,150.00,150.00,100%,100%,2022,,,12/31/2022,38.51234027
2022 China Xinjiang Hami Batch 2 Solar Auction,Completed,Mainland China,Mainland China,Solar,,Auction,Pay_As_Bid,Unknown,25.00,0.00,CNY,Fixed,,259.50,38.51,,0.00,50.00,,PV,Unknown,0.00,50.00,50.00,100%,100%,2022,,,12/31/2022,38.51234027
2022 China Xinjiang Hotan Batch 2 Solar Auction,Completed,Mainland China,Mainland China,Solar,,Auction,Pay_As_Bid,Unknown,25.00,0.00,CNY,Fixed,,259.50,38.51,,0.00,400.00,,PV,Unknown,0.00,400.00,400.00,100%,100%,2022,,,11/30/2022,38.51234027
2022 China Xinjiang Karamay Batch 2 Solar Auction,Completed,Mainland China,Mainland China,Solar,,Auction,Pay_As_Bid,Unknown,25.00,0.00,CNY,Fixed,,259.50,38.51,,0.00,200.00,,PV,Unknown,0.00,200.00,200.00,100%,100%,2022,,,12/31/2022,38.51234027
2022 China Xinjiang Kashgar Batch 2 Solar Auction,Completed,Mainland China,Mainland China,Solar,,Auction,Pay_As_Bid,Unknown,25.00,0.00,CNY,Fixed,,259.50,38.51,,0.00,450.00,,PV,Unknown,0.00,450.00,450.00,100%,100%,2022,,,6/30/2022,38.51234027
2022 China Xinjiang Kezhou Batch 2 Solar Auction,Completed,Mainland China,Mainland China,Solar,,Auction,Pay_As_Bid,Unknown,25.00,0.00,CNY,Fixed,,259.50,38.51,,0.00,250.00,,PV,Unknown,0.00,250.00,250.00,100%,100%,2022,,,5/31/2022,38.51234027
2022 China Xinjiang PCC Solar Auction,Completed,Mainland China,Mainland China,Solar,,Auction,Pay_As_Bid,Unknown,25.00,0.00,CNY,Fixed,,259.50,38.51,,0.00,500.00,,PV,Unknown,0.00,500.00,500.00,100%,100%,2022,2022,,,38.51234027
2022 China Xinjiang Ulumuqi batch1 Auction,Completed,Mainland China,Mainland China,Wind,,Auction,Pay_As_Bid,Fixed_Feed_In_Tariff,20.00,0.00,CNY,Fixed,,262.00,38.88,,0.00,200.00,,Onshore wind,Unknown,,200.00,200.00,100%,100%,2022,2022,,,38.88336475
2022 China Xinjiang Yili Auction Batch 1,Completed,Mainland China,Mainland China,Wind,,Auction,Pay_As_Bid,Fixed_Feed_In_Tariff,20.00,0.00,CNY,Fixed,,262.00,38.88,,0.00,130.00,,Onshore wind,Unknown,,130.00,130.00,100%,100%,2022,2022,,12/30/2022,38.88336475
2022 China Yunnan Qujing Solar Auction,Completed,Mainland China,Mainland China,Solar,,Auction,Pay_As_Bid,Unknown,25.00,0.00,CNY,Fixed,,335.80,49.84,,0.00,4829.00,,PV,Unknown,0.00,4829.00,4829.00,100%,100%,2022,2022,,6/30/2023,49.83600718
2022 China Jiangsu Batch 2 Solar Auction,Completed,Mainland China,Mainland China,Solar,,Auction,Pay_As_Bid,Unknown,25.00,0.00,CNY,Fixed,,391.00,58.03,,0.00,1380.00,,PV,Unknown,0.00,1380.00,1380.00,100%,100%,2022,2022,,12/31/2024,58.02822754
2022 China Shandong Offshore Solar Auction 2,Completed,Mainland China,Mainland China,Solar,,Auction,Pay_As_Bid,Unknown,25.00,0.00,CNY,Fixed,,394.90,58.61,,0.00,3850.00,,PV,Unknown,0.00,3850.00,3850.00,100%,100%,2022,,,12/31/2023,58.60702572
2022 China Xinjiang Aksu Batch 2 Solar Auction,Completed,Mainland China,Mainland China,Solar,,Auction,Pay_As_Bid,Unknown,25.00,0.00,CNY,Fixed,,259.50,38.51,,0.00,600.00,,PV,Unknown,0.00,600.00,600.00,100%,100%,2022,,,6/30/2022,38.51234027
2022 China Xinjiang Bozhou Batch 2 Solar Auction December Commissioning,Completed,Mainland China,Mainland China,Solar,,Auction,Pay_As_Bid,Unknown,25.00,0.00,CNY,Fixed,,259.50,38.51,,0.00,150.00,,PV,Unknown,0.00,150.00,150.00,100%,100%,2022,,,12/31/2022,38.51234027
2022 China Xinjiang Bozhou Auction,Completed,Mainland China,Mainland China,Wind,,Auction,Pay_As_Bid,Unknown,20.00,0.00,CNY,Fixed,,262.00,38.88,,0.00,100.00,,Onshore wind,Unknown,0.00,100.00,100.00,100%,100%,2022,2022,2/28/2022,12/31/2022,38.88336475
2022 China Xinjiang Ulumuqi batch2 Auction,Completed,Mainland China,Mainland China,Wind,,Auction,Pay_As_Bid,Unknown,20.00,0.00,CNY,Fixed,,262.00,38.88,,0.00,400.00,,Onshore wind,Unknown,0.00,400.00,400.00,100%,100%,2022,,3/21/2022,,38.88336475
2022 China Xinjiang Yili Batch 2 Solar Auction,Completed,Mainland China,Mainland China,Solar,,Auction,Pay_As_Bid,Unknown,25.00,0.00,CNY,Fixed,,259.50,38.51,,0.00,170.00,,PV,Unknown,0.00,170.00,170.00,100%,100%,2022,,,12/30/2022,38.51234027
2022 China Jiangsu Batch 3 Solar Auction,Completed,Mainland China,Mainland China,Solar,,Auction,Pay_As_Bid,Unknown,25.00,0.00,CNY,Fixed,,391.00,58.03,,0.00,820.00,,PV,Unknown,0.00,820.00,820.00,100%,100%,2022,2022,,12/31/2022,58.02822754
2022 China Shandong Offshore Solar Auction 3,Completed,Mainland China,Mainland China,Solar,,Auction,Pay_As_Bid,Unknown,25.00,0.00,CNY,Fixed,,394.90,58.61,,0.00,3300.00,,PV,Unknown,0.00,3300.00,3300.00,100%,100%,2022,,,12/31/2024,58.60702572
2022 China Jiangsu Batch 4 Solar Auction,Completed,Mainland China,Mainland China,Solar,,Auction,Pay_As_Bid,Unknown,25.00,0.00,CNY,Fixed,,391.00,58.03,,0.00,2427.17,,PV,Unknown,0.00,2427.17,2427.17,100%,100%,2022,2022,,,58.02822754
2022 China Shandong Offshore Solar Auction 4,Completed,Mainland China,Mainland China,Solar,,Auction,Pay_As_Bid,Unknown,25.00,0.00,CNY,Fixed,,394.90,58.61,,0.00,2200.00,,PV,Unknown,0.00,2200.00,2200.00,100%,100%,2022,,,12/31/2025,58.60702572
2022 China Anhui Auction,Completed,Mainland China,Mainland China,Wind,,Auction,Pay_As_Bid,Unknown,20.00,0.00,CNY,Fixed,,384.40,57.05,,0.00,2000.00,,Onshore wind,Unknown,,2000.00,2000.00,100%,100%,2022,2022,6/20/2022,,57.04872293
2022 China Inner Mongolia Baotou Auction,Completed,Mainland China,Mainland China,Wind,,Auction,Pay_As_Bid,Unknown,20.00,0.00,CNY,Fixed,,282.90,41.99,,0.00,285.00,,Onshore wind,Unknown,0.00,285.00,285.00,100%,100%,2022,2022,4/7/2022,12/31/2022,41.98512934
2022 China Shanghai Offshore Auction,Completed,Mainland China,Mainland China,Wind,,Project_Tender,Pay_As_Bid,Unknown,20.00,0.00,CNY,Fixed,,302.00,44.82,,0.00,300.00,,Offshore wind,Unknown,0.00,300.00,300.00,100%,100%,2022,,4/6/2022,12/31/2023,44.81975631
2022 Gansu Dingxi Onshore Auction,Completed,Mainland China,Mainland China,Wind,,Project_Tender,Pay_As_Bid,Fixed_Feed_In_Tariff,20.00,0.00,CNY,Fixed,"storage included. source search in Wechat, title: ??????100MW????????????5%?11??????",307.80,45.68,,,100.00,,Onshore wind,Unknown,,100.00,100.00,100%,100%,2022,2022,7/5/2022,11/30/2022,45.68053309
2022 Gansu Zhangye Onshore batch 2 Auction,Completed,Mainland China,Mainland China,Wind,,Project_Tender,Pay_As_Bid,Fixed_Feed_In_Tariff,20.00,0.00,CNY,Fixed,,307.80,45.68,,,1600.00,,Onshore wind,Unknown,,1500.00,1500.00,100%,94%,2022,2022,9/9/2022,12/30/2023,45.68053309
2022 Guangxi Hechi Onshore Auction ,Completed,Mainland China,Mainland China,Wind,,Auction,Pay_As_Bid,Fixed_Feed_In_Tariff,20.00,0.00,CNY,Fixed,,420.70,62.44,,,,,Onshore wind,Unknown,,4890.00,4890.00,100%,#N/A,2022,2021,12/31/2021,,62.43599828
China Offshore Wind Fujian Auction 2022,Completed,Mainland China,Mainland China,Wind,,Auction,Pay_As_Bid,Fixed_Feed_In_Tariff,20.00,0.00,CNY,Fixed,,198.50,29.46,,0.00,1000.00,,Offshore wind,Unknown,0.00,1000.00,1000.00,100%,100%,2022,2022,7/13/2022,,29.45934314
China Offshore Wind Guangxi Auction 2022,Completed,Mainland China,Mainland China,Wind,,Project_Tender,Pay_As_Bid,Fixed_Feed_In_Tariff,20.00,0.00,CNY,Fixed,,420.70,62.44,,0.00,2700.00,,Offshore wind,Unknown,0.00,2700.00,2700.00,100%,100%,2022,2022,,12/31/2025,62.43599828
China Offshore Wind Liaoning Dalian Auction 2022,Completed,Mainland China,Mainland China,Wind,,Project_Tender,Pay_As_Bid,Fixed_Feed_In_Tariff,20.00,0.00,CNY,Fixed,,374.90,55.64,,0.00,250.00,,Offshore wind,Unknown,0.00,250.00,250.00,100%,100%,2022,2022,7/5/2022,,55.63882994
2022 China Xinjiang Changji Auction,Completed,Mainland China,Mainland China,Wind,,Auction,Pay_As_Bid,Fixed_Feed_In_Tariff,20.00,0.00,CNY,Fixed,,262.00,38.88,,0.00,250.00,,Onshore wind,Unknown,,250.00,250.00,100%,100%,2022,2022,,12/31/2022,38.88336475
2022 China Xinjiang Hami Auction,Completed,Mainland China,Mainland China,Wind,,Auction,Pay_As_Bid,Unknown,20.00,0.00,CNY,Fixed,,262.00,38.88,,0.00,300.00,,Onshore wind,Unknown,0.00,300.00,300.00,100%,100%,2022,2022,4/8/2022,12/31/2022,38.88336475
2022 China Xinjiang Tulufan Auction,Completed,Mainland China,Mainland China,Wind,,Auction,Pay_As_Bid,Fixed_Feed_In_Tariff,20.00,0.00,CNY,Fixed,,262.00,38.88,,0.00,300.00,,Onshore wind,Unknown,,300.00,300.00,100%,100%,2022,2022,,12/31/2022,38.88336475
2023 Fujian offshore wind auction round 1,Completed,Mainland China,Mainland China,Wind,,Project_Tender,Pay_As_Bid,Fixed_Feed_In_Tariff,25.00,0.00,CNY,Fixed,"China  wind projects usually require co-located storage of 10-20% of the wind farm capacity, duration 2-4 hours of duration.",393.20,55.49,,2000.00,2000.00,2000,Offshore wind,Co-location,2000.00,2000.00,2000.00,100%,100%,2023,2023,6/13/2023,,55.48734883
2023 China Fujian Solar,Completed,Mainland China,Mainland China,Solar,,Auction,Pay_As_Bid,Unknown,25.00,0.00,CNY,Fixed,,393.20,55.49,,0.00,5330.00,,PV,Technology specific,0.00,5330.00,5330.00,100%,100%,2023,2023,,12/31/2025,55.48734883
2023 China Gansu Jiayuguan Solar,Completed,Mainland China,Mainland China,Solar,,Auction,Pay_As_Bid,Unknown,25.00,0.00,CNY,Fixed,,307.80,43.44,,0.00,300.00,,PV,Technology specific,0.00,300.00,300.00,100%,100%,2023,2023,,12/31/2024,43.43592566
2023 Guangdong 7GW offshore wind in provincial water,Completed,Mainland China,Mainland China,Wind,,Project_Tender,Pay_As_Bid,Fixed_Feed_In_Tariff,25.00,0.00,CNY,Fixed,"China  wind projects usually require co-located storage of 10-20% of the wind farm capacity, duration 2-4 hours of duration.",453.00,63.93,,7000.00,7000.00,7000,Offshore wind,Co-location,7000.00,7000.00,7000.00,100%,100%,2023,2023,6/1/2023,,63.92616739
2023 Guangdong 16GW offshore wind in national water,Completed,Mainland China,Mainland China,Wind,,Project_Tender,Pay_As_Bid,Fixed_Feed_In_Tariff,25.00,0.00,CNY,Fixed,"China  wind projects usually require co-located storage of 10-20% of the wind farm capacity, duration 2-4 hours of duration.",453.00,63.93,,8000.00,16000.00,8000,Offshore wind,Co-location,16000.00,8000.00,16000.00,200%,50%,2023,2023,6/1/2023,,63.92616739
2023 Guangxi wind and solar auction,Completed,Mainland China,Mainland China,Wind,,Auction,Pay_As_Bid,Fixed_Feed_In_Tariff,20.00,0.00,CNY,Fixed,"China  wind projects usually require co-located storage of 10-20% of the wind farm capacity, duration 2-4 hours of duration.",420.70,59.37,,,12000.00,,Onshore wind,Co-location,12000.00,12037.00,38000.00,316%,100%,2023,2023,5/8/2023,,59.36807643
2023 China Guangxi Renewable Development Batch 1 Solar Auction ,Completed,Mainland China,Mainland China,Solar,,Auction,Pay_As_Bid,Unknown,25.00,0.00,CNY,Fixed,,420.70,59.37,,0.00,12160.60,,PV,Group of technologies,0.00,12160.60,12160.60,100%,100%,2023,2023,,,59.36807643
2023 China Guangxi Integrated Energy,Completed,Mainland China,Mainland China,Solar,,Auction,Pay_As_Bid,Unknown,25.00,0.00,CNY,Fixed,,420.70,59.37,,0.00,2007.00,,PV,Group of technologies,0.00,2007.00,2007.00,100%,100%,2023,2023,,,59.36807643
2023 Guizhou Bijie Integrated Energy Solar,Completed,Mainland China,Mainland China,Solar,,Auction,Pay_As_Bid,Unknown,25.00,0.00,CNY,Fixed,,351.50,49.60,,0.00,4640.00,,PV,Group of technologies,0.00,4640.00,4640.00,100%,100%,2023,2023,,,49.60275461
2023 China Hebei Basic-need Solar,Completed,Mainland China,Mainland China,Solar,,Auction,Pay_As_Bid,Fixed_Feed_In_Tariff,25.00,0.00,CNY,Fixed,,364.40,51.42,,0.00,3186.00,,PV,Group of technologies,0.00,3186.00,3186.00,100%,100%,2023,2023,,,51.42316865
2023 China Hebei Reserve Solar,Completed,Mainland China,Mainland China,Solar,,Auction,Pay_As_Bid,Unknown,25.00,0.00,CNY,Fixed,,364.40,51.42,,0.00,7370.90,,PV,Group of technologies,0.00,7370.90,7370.90,100%,100%,2023,2023,,,51.42316865
2023 China Hebei Gournd-Mounted Distributed Solar,Completed,Mainland China,Mainland China,Solar,,Auction,Pay_As_Bid,Unknown,25.00,0.00,CNY,Fixed,,364.40,51.42,,0.00,1430.80,,PV,Technology specific,0.00,1430.80,1430.80,100%,100%,2023,2023,,12/31/2023,51.42316865
2023 Hubei wind and solar auction,Completed,Mainland China,Mainland China,Wind,,Auction,Pay_As_Bid,Fixed_Feed_In_Tariff,20.00,0.00,CNY,Fixed,"China  wind projects usually require co-located storage of 10-20% of the wind farm capacity, duration 2-4 hours of duration.",416.10,58.72,,2000.00,,2000,Onshore wind,Group of technologies,,3719.00,4938.51,133%,#N/A,2023,2023,10/22/2023,,58.71893654
2023 China Hubei Renewable,Completed,Mainland China,Mainland China,Solar,,Auction,Pay_As_Bid,Unknown,25.00,0.00,CNY,Fixed,,416.00,58.70,,0.00,2659.50,,PV,Group of technologies,0.00,,,,,2023,2023,,,58.7048248
2023 China Hunan Lixian Renewable Development Solar,Completed,Mainland China,Mainland China,Solar,,Auction,Pay_As_Bid,Unknown,25.00,0.00,CNY,Fixed,,450.00,63.50,,0.00,230.00,,PV,Group of technologies,0.00,230.00,230.00,100%,100%,2023,2023,,7/31/2028,63.50281529
2023 China Hunan Leiyang Solar,Completed,Mainland China,Mainland China,Solar,,Auction,Pay_As_Bid,Unknown,25.00,0.00,CNY,Fixed,,450.00,63.50,,0.00,870.00,,PV,Technology specific,0.00,870.00,870.00,100%,100%,2023,2023,,12/31/2023,63.50281529
2023 China Hunan Wind and Solar,Completed,Mainland China,Mainland China,Solar,,Auction,Pay_As_Bid,Unknown,25.00,0.00,CNY,Fixed,,450.00,63.50,,0.00,4240.00,,PV,Group of technologies,0.00,4240.00,4240.00,100%,100%,2023,2023,,12/31/2024,63.50281529
2023 China Inner Mongolia Dalate Distributed Solar,Completed,Mainland China,Mainland China,Solar,,Auction,Pay_As_Bid,Unknown,25.00,0.00,CNY,Fixed,,282.90,39.92,,0.00,41.00,,PV,Group of technologies,0.00,41.00,41.00,100%,100%,2023,2023,,,39.92210321
2023 China Inner Mongolia Green Power in Industry Zones Solar ,Completed,Mainland China,Mainland China,Solar,,Auction,Pay_As_Bid,Unknown,25.00,0.00,CNY,Fixed,,282.90,39.92,,0.00,893.00,,PV,Group of technologies,0.00,893.00,893.00,100%,100%,2023,2023,,,39.92210321
2023 China Inner Mongolia Ulanqab Distributed Solar,Completed,Mainland China,Mainland China,Solar,,Auction,Pay_As_Bid,Unknown,25.00,0.00,CNY,Fixed,,303.50,42.83,,0.00,38.00,,PV,Technology specific,0.00,38.00,38.00,100%,100%,2023,2023,,12/31/2024,42.82912098
2023 China Inner Mongolia Baotou Distributed Solar,Completed,Mainland China,Mainland China,Solar,,Auction,Pay_As_Bid,Unknown,25.00,0.00,CNY,Fixed,,303.50,42.83,,0.00,68.00,,PV,Group of technologies,0.00,68.00,68.00,100%,100%,2023,2023,,12/31/2024,42.82912098
2023 China Jiangsu Offshore Solar Base,Completed,Mainland China,Mainland China,Solar,,Auction,Pay_As_Bid,Unknown,25.00,0.00,CNY,Fixed,,391.00,55.18,,0.00,12650.00,,PV,Technology specific,0.00,12650.00,12650.00,100%,100%,2023,2023,,12/31/2027,55.17689062
2023 Jilin Baicheng 300MW wind,Completed,Mainland China,Mainland China,Wind,,Project_Tender,Pay_As_Bid,Fixed_Feed_In_Tariff,20.00,0.00,CNY,Fixed,"China  wind projects usually require co-located storage of 10-20% of the wind farm capacity, duration 2-4 hours of duration.",373.10,52.65,,300.00,300.00,300,Onshore wind,Co-location,300.00,300.00,300.00,100%,100%,2023,2023,11/13/2023,,52.65088975
2023 Jilin Baicheng 200MW wind,Completed,Mainland China,Mainland China,Wind,,Project_Tender,Pay_As_Bid,Fixed_Feed_In_Tariff,20.00,0.00,CNY,Fixed,"China  wind projects usually require co-located storage of 10-20% of the wind farm capacity, duration 2-4 hours of duration.",373.10,52.65,,200.00,200.00,200,Onshore wind,Co-location,200.00,200.00,200.00,100%,100%,2023,2023,8/31/2023,,52.65088975
2023 Shaanxi wind and solar 10GW auction,Completed,Mainland China,Mainland China,Wind,,Auction,Pay_As_Bid,Fixed_Feed_In_Tariff,20.00,0.00,CNY,Fixed,"China  wind projects usually require co-located storage of 10-20% of the wind farm capacity, duration 2-4 hours of duration.",354.50,50.03,,,10000.00,,Onshore wind,Group of technologies,10000.00,6040.00,9060.00,150%,60%,2023,2023,5/15/2023,12/31/2025,50.02610671
2023 China Shaanxi Wind and Solar,Completed,Mainland China,Mainland China,Solar,,Auction,Pay_As_Bid,Unknown,25.00,0.00,CNY,Fixed,,354.50,50.03,,0.00,3970.00,,PV,Group of technologies,0.00,3970.00,3970.00,100%,100%,2023,2023,,,50.02610671
2023 China Shandong North Renewable Base Solar,Completed,Mainland China,Mainland China,Solar,,Auction,Pay_As_Bid,Fixed_Feed_In_Tariff,25.00,0.00,CNY,Fixed,,394.90,55.73,,0.00,16050.00,,PV,Group of technologies,0.00,16050.00,16050.00,100%,100%,2023,2023,,12/31/2027,55.72724835
2023 China Shanghai Renewable Development Solar,Completed,Mainland China,Mainland China,Solar,,Auction,Pay_As_Bid,Unknown,25.00,0.00,CNY,Fixed,,415.50,58.63,,0.00,263.42,,PV,Group of technologies,0.00,263.42,263.42,100%,100%,2023,2023,,6/30/2024,58.63426612
2023 Shanxi wind and solar 15GW auction,Completed,Mainland China,Mainland China,Wind,,Auction,Pay_As_Bid,Fixed_Feed_In_Tariff,20.00,0.00,CNY,Fixed,"China  wind projects usually require co-located storage of 10-20% of the wind farm capacity, duration 2-4 hours of duration.",332.00,46.85,,,15920.00,,Onshore wind,Group of technologies,15920.00,7700.00,,0%,48%,2023,2023,10/21/2023,9/30/2025,46.85096595
2023 China Shanxi Coal and Renewable,Completed,Mainland China,Mainland China,Solar,,Auction,Pay_As_Bid,Unknown,25.00,0.00,CNY,Fixed,,332.00,46.85,,0.00,1215.00,,PV,Group of technologies,0.00,1215.00,1215.00,100%,100%,2023,2023,,,46.85096595
2023 China Shanxi Distributed Solar,Completed,Mainland China,Mainland China,Solar,,Auction,Pay_As_Bid,Unknown,25.00,0.00,CNY,Fixed,,332.00,46.85,,0.00,422.30,,PV,Technology specific,0.00,422.30,422.30,100%,100%,2023,2023,,,46.85096595
2023 China Shanxi Wind and Solar,Completed,Mainland China,Mainland China,Solar,,Auction,Pay_As_Bid,Unknown,25.00,0.00,CNY,Fixed,,332.00,46.85,,0.00,8000.00,,PV,Group of technologies,0.00,,,,,2023,2023,,12/31/2025,46.85096595
2023 China Shanxi Annual Wind and Solar,Completed,Mainland China,Mainland China,Solar,,Auction,Pay_As_Bid,Unknown,25.00,0.00,CNY,Fixed,,332.00,46.85,,0.00,7170.00,,PV,Group of technologies,,7170.00,7170.00,100%,100%,2023,2023,,,46.85096595
2023 China Tianjin Wind and Solar,Completed,Mainland China,Mainland China,Solar,,Auction,Pay_As_Bid,Unknown,25.00,0.00,CNY,Fixed,,365.50,51.58,,0.00,856.00,,PV,Group of technologies,0.00,856.00,856.00,100%,100%,2023,2023,,,51.57839775
2023 China Tibet Renewable Development Solar,Completed,Mainland China,Mainland China,Solar,,Auction,Pay_As_Bid,Hybrid,25.00,0.00,CNY,Fixed,,,,,0.00,4545.00,,PV,Group of technologies,0.00,4545.00,4545.00,100%,100%,2023,2023,,,
2023 Tongliao Kezuozhongqi distributed wind and solar,Completed,Mainland China,Mainland China,Wind,,Auction,Pay_As_Bid,Fixed_Feed_In_Tariff,20.00,0.00,CNY,Fixed,"China  wind projects usually require co-located storage of 10-20% of the wind farm capacity, duration 2-4 hours of duration.",293.20,41.38,,28.00,28.00,28,Onshore wind,Technology specific,28.00,28.00,28.00,100%,100%,2023,2023,11/7/2023,,41.3756121
2023 China Yunnan Renewable Development Batch 1 Solar,Completed,Mainland China,Mainland China,Solar,,Auction,Pay_As_Bid,Unknown,25.00,0.00,CNY,Fixed,,351.50,49.60,,0.00,15791.70,,PV,Group of technologies,0.00,15791.70,15791.70,100%,100%,2023,2023,,,49.60275461
2023 China Yunnan Xinping Solar,Completed,Mainland China,Mainland China,Solar,,Auction,Pay_As_Bid,Unknown,25.00,0.00,CNY,Fixed,,335.80,47.39,,0.00,170.00,,PV,Technology specific,0.00,170.00,170.00,100%,100%,2023,2023,,,47.38721194
2023 China Guangxi Renewable Development Batch 2 Solar Auction ,Completed,Mainland China,Mainland China,Solar,,Auction,Pay_As_Bid,Hybrid,25.00,0.00,CNY,Fixed,,420.70,59.37,,0.00,3256.60,,PV,Co-location,0.00,3256.60,3256.60,100%,100%,2023,2023,,7/31/2025,59.36807643
2022 China Hubei Renewable Development Batch 4 Solar,Completed,Mainland China,Mainland China,Solar,,Auction,Pay_As_Bid,Unknown,25.00,0.00,CNY,Fixed,,416.10,58.72,,0.00,939.00,,PV,Group of technologies,0.00,939.00,939.00,100%,100%,2023,2023,,12/31/2024,58.71893654
2023 China Anhui  Wind and Solar,Delayed,Mainland China,Mainland China,Renewables_Other,,Auction,Pay_As_Bid,Unknown,25.00,0.00,CNY,Fixed,,384.40,53.39,,0.00,2500.00,,Solar and wind,Group of technologies,,0.00,0.00,,,2024,2024,,6/30/2025,53.38740591
2023 Anhui wind and solar auction,Completed,Mainland China,Mainland China,Wind,,Auction,Pay_As_Bid,Fixed_Feed_In_Tariff,20.00,0.00,CNY,Fixed,"China  wind projects usually require co-located storage of 10-20% of the wind farm capacity, duration 2-4 hours of duration.",384.40,53.39,,1500.00,1500.00,1500,Onshore wind,Co-location,1500.00,1495.00,1495.00,100%,100%,2024,2024,1/11/2024,6/30/2026,53.38740591
2023 China Jiangxi Rooftop Solar,Completed,Mainland China,Mainland China,Solar,,Auction,Pay_As_Bid,Unknown,25.00,0.00,CNY,Fixed,,414.30,57.54,,0.00,31.66,,PV,Technology specific,,31.66,31.66,100%,100%,2024,2023,,12/31/2024,57.54006833
2023 China Sichuan Aba Solar,Delayed,Mainland China,Mainland China,Solar,,Auction,Pay_As_Bid,Unknown,25.00,0.00,CNY,Fixed,,401.20,55.72,,0.00,3100.00,,PV,Technology specific,,0.00,0.00,,,2024,2023,,,55.72067443
2024 China Sichuan Ganzi Solar,Completed,Mainland China,Mainland China,Solar,,Auction,Pay_As_Bid,Unknown,25.00,0.00,CNY,Fixed,,401.20,55.72,,0.00,5850.00,,PV,Technology specific,,5850.00,5850.00,100%,100%,2024,2023,,,55.72067443
2023 China Yunnan Dali Solar,Completed,Mainland China,Mainland China,Solar,,Auction,Pay_As_Bid,Unknown,25.00,0.00,CNY,Fixed,,335.80,46.64,,0.00,2612.00,,PV,Technology specific,,0.00,0.00,,,2024,2023,,,46.6375934
2024 China Yunnan Lincang Solar,Delayed,Mainland China,Mainland China,Solar,,Auction,Pay_As_Bid,Unknown,25.00,0.00,CNY,Fixed,,335.80,46.64,,0.00,404.76,,PV,Technology specific,,,,,,2024,2024,2/27/2024,,46.6375934
2024 China Yunnan Yanshan Small-Scale Solar,Delayed,Mainland China,Mainland China,Solar,,Auction,Pay_As_Bid,Unknown,25.00,0.00,CNY,Fixed,,335.80,46.64,,0.00,60.00,,PV,Technology specific,,,,,,2024,2024,3/26/2024,,46.6375934
2024 China Hunan Hengyang Hengnan Shiji Solar,Completed,Mainland China,Mainland China,Solar,,Auction,Pay_As_Bid,Unknown,25.00,0.00,CNY,Fixed,,450.00,62.50,,0.00,90.00,,PV,Group of technologies,,90.00,90.00,100%,100%,2024,2024,,,62.49826394
2024 China Tibet Shannan/Lhasa/Ali Wind and Solar,Delayed,Mainland China,Mainland China,Renewables_Other,,Auction,Pay_As_Bid,Unknown,25.00,0.00,CNY,Fixed,,,,,0.00,460.00,,Solar and wind,Group of technologies,,,,,,2024,2024,4/17/2024,,
2024 China Yunnan Shaotong Solar,Completed,Mainland China,Mainland China,Solar,,Auction,Pay_As_Bid,Unknown,25.00,0.00,CNY,Fixed,,335.80,46.64,,0.00,1055.00,,PV,Technology specific,,840.00,840.00,100%,80%,2024,2024,,,46.6375934
"2024 China Tibet Shannan Wind, Solar and Storage",Completed,Mainland China,Mainland China,Co_Located,,Project_Tender,Pay_As_Bid,Hybrid,25.00,0.00,CNY,Fixed,,341.00,47.36,,520.00,520.00,,Solar and wind and storage,Group of technologies,,520.00,,0%,100%,2024,2024,4/17/2024,10/31/2025,47.35979556
"2024 China Tibet Lhasa Wind, Solar and Storage",Completed,Mainland China,Mainland China,Co_Located,,Auction,Pay_As_Bid,Unknown,25.00,0.00,CNY,Fixed,,341.00,47.36,,300.00,300.00,,Solar and wind and storage,Group of technologies,,300.00,,0%,100%,2024,2024,4/23/2024,,47.35979556
"2024 China Tibet Naqu Wind, Solar and Storage",Completed,Mainland China,Mainland China,Co_Located,,Project_Tender,Pay_As_Bid,Unknown,25.00,0.00,CNY,Fixed,,341.00,47.36,,100.00,100.00,,Solar and wind and storage,Group of technologies,,100.00,,0%,100%,2024,2024,5/9/2024,,47.35979556
"2024 China Tibet Rikaze Wind, Solar and Storage",Completed,Mainland China,Mainland China,Co_Located,,Project_Tender,Pay_As_Bid,Hybrid,25.00,0.00,CNY,Fixed,,341.00,47.36,,200.00,200.00,,Solar and wind and storage,Group of technologies,,200.00,,0%,100%,2024,2024,,10/31/2025,47.35979556
"2024 China Tibet Ali Wind, Solar and Storage",Completed,Mainland China,Mainland China,Co_Located,,Project_Tender,Pay_As_Bid,Hybrid,25.00,0.00,CNY,Fixed,,341.00,47.36,,100.00,100.00,,Solar and wind and storage,Group of technologies,,100.00,,0%,100%,2024,2024,,10/31/2025,47.35979556
2024 China Jilin Jiaohe Wind,Completed,Mainland China,Mainland China,Wind,,Project_Tender,Pay_As_Bid,Unknown,25.00,0.00,CNY,Fixed,,373.10,51.82,,135.00,135.00,,Onshore wind,Technology specific,,135.00,,0%,100%,2024,2024,,,51.81800506
2024 China Guangxi Wind and Solar,Completed,Mainland China,Mainland China,Co_Located,,Auction,Pay_As_Bid,Unknown,25.00,0.00,CNY,Fixed,,420.70,58.43,,22000.00,22000.00,,Solar and wind and storage,Group of technologies,,22015.00,34050.00,155%,100%,2024,2024,,6/30/2027,58.42893253
2024 China Yunnan Dali City Wind and Solar,Completed,Mainland China,Mainland China,Renewables_Other,,Project_Tender,Pay_As_Bid,Unknown,25.00,0.00,CNY,Fixed,,335.80,46.64,,119.65,119.65,,Solar and wind,Group of technologies,,119.65,,0%,100%,2024,2024,,,46.6375934
2024 China Ningxia Wind,Delayed,Mainland China,Mainland China,Co_Located,Co-located,Auction,Pay_As_Bid,Hybrid,25.00,0.00,CNY,Fixed,,259.50,36.04,,,3800.00,,Wind and storage,Co-location,,,,,,2024,2024,,,36.04066554
2024 China Gansu Qingyang Wind,Completed,Mainland China,Mainland China,Co_Located,Co-located,Project_Tender,Pay_As_Bid,Hybrid,25.00,0.00,CNY,Fixed,,307.80,42.75,,1900.00,1900.00,,Wind and storage,Co-location,,1900.00,,0%,100%,2024,2024,5/7/2024,8/30/2025,42.74881253
2024 China Gansu Tianshui Wind,Completed,Mainland China,Mainland China,Co_Located,,Project_Tender,Pay_As_Bid,Hybrid,25.00,0.00,CNY,Fixed,,307.80,42.75,,2500.00,2500.00,,Solar and wind and storage,Group of technologies,,2500.00,,0%,100%,2024,2024,,8/30/2025,42.74881253
2024 China Gansu Longnan Wind,Completed,Mainland China,Mainland China,Co_Located,Co-located,Project_Tender,Pay_As_Bid,Hybrid,25.00,0.00,CNY,Fixed,,307.80,42.75,,500.00,500.00,,Wind and storage,Co-location,,500.00,,0%,100%,2024,2024,,9/30/2025,42.74881253
2024 China Gansu Pingliang Lingtai county Wind,Completed,Mainland China,Mainland China,Co_Located,Co-located,Project_Tender,Pay_As_Bid,Hybrid,25.00,0.00,CNY,Fixed,,307.80,42.75,,100.00,100.00,,Wind and storage,Co-location,,100.00,,0%,100%,2024,2024,,12/31/2024,42.74881253
2024 China Yunan Chuxiong onshore wind,Completed,Mainland China,Mainland China,Co_Located,,Project_Tender,Pay_As_Bid,Unknown,25.00,0.00,CNY,Fixed,,,,,697.50,697.50,,Solar and wind and storage,Group of technologies,,697.50,,0%,100%,2025,2025,1/24/2025,,
2024 China Liaoning offshore wind,Completed,Mainland China,Mainland China,Co_Located,,Project_Tender,Pay_As_Bid,Unknown,25.00,0.00,CNY,Fixed,,,,,7000.00,7000.00,,Wind and storage,Co-location,,7000.00,,0%,100%,2025,2025,1/16/2025,,
2024 China Shanxi Wind and Solar (Wind),Completed,Mainland China,Mainland China,Co_Located,,Auction,Pay_As_Bid,Unknown,25.00,0.00,CNY,Fixed,,,,,,12700.00,,Solar and wind and storage,Group of technologies,,7075.00,,0%,56%,2025,2025,9/30/2025,12/31/2026,
2024 China Fujian offshore wind ,Completed,Mainland China,Mainland China,Co_Located,,Project_Tender,Pay_As_Bid,Unknown,25.00,0.00,CNY,Fixed,,,,,2400.00,2400.00,,Wind and storage,Co-location,,2400.00,,0%,100%,2024,2024,12/20/2024,,
2024 China Jiangsu offshore wind ,Completed,Mainland China,Mainland China,Co_Located,,Project_Tender,Pay_As_Bid,Unknown,25.00,0.00,CNY,Fixed,,,,,7650.00,7650.00,,Wind and storage,Co-location,,7650.00,,0%,100%,2024,2024,12/19/2024,,
2024 China Hubei onshore wind,Completed,Mainland China,Mainland China,Co_Located,,Auction,Pay_As_Bid,Unknown,25.00,0.00,CNY,Fixed,,,,,,,,Solar and wind and storage,Group of technologies,,875.00,1500.00,171%,#N/A,2024,2024,12/3/2024,,
2024 China guangxi onshore wind,Completed,Mainland China,Mainland China,Co_Located,,Auction,Pay_As_Bid,Unknown,25.00,0.00,CNY,Fixed,,,,,2620.00,2620.00,,Wind and storage,Co-location,,2620.00,,0%,100%,2024,2024,12/8/2024,,
2024 China Guangxi Beihai onshore wind,Completed,Mainland China,Mainland China,Co_Located,,Auction,Pay_As_Bid,Unknown,25.00,0.00,CNY,Fixed,,,,,324.00,324.00,,Wind and storage,Co-location,,324.00,,0%,100%,2024,2024,12/5/2024,,
2024 China Shaanxi Wind and Solar (Wind),Completed,Mainland China,Mainland China,Co_Located,,Auction,Pay_As_Bid,Unknown,25.00,0.00,CNY,Fixed,,,,,7705.00,7705.00,,Solar and wind and storage,Group of technologies,,7705.00,,0%,100%,2024,2024,9/1/2024,,
2024 China inner mongolia distributed onshore wind,Completed,Mainland China,Mainland China,Wind,,Project_Tender,Pay_As_Bid,Unknown,25.00,0.00,CNY,Fixed,,,,,1245.00,1245.00,,Onshore wind,Technology specific,,1245.00,,0%,100%,2024,2024,6/1/2024,,
2024 China Anhui onshore wind and solar (wind),Completed,Mainland China,Mainland China,Co_Located,,Auction,Pay_As_Bid,Unknown,25.00,0.00,CNY,Fixed,,,,,,6500.00,,Solar and wind and storage,Group of technologies,,3000.00,,0%,46%,2024,2024,12/1/2024,,
2024 Chia Guizhou Wind and Solar (Solar),Completed,Mainland China,Mainland China,Co_Located,,Project_Tender,Pay_As_Bid,Hybrid,25.00,0.00,CNY,Fixed,,351.50,48.82,,5618.00,5618.00,,Solar and wind and storage,Group of technologies,,5618.00,,0%,100%,2024,2024,,,48.81808839
2024 China Gansu Baiyin Wind and Solar (Solar),Completed,Mainland China,Mainland China,Co_Located,,Project_Tender,Pay_As_Bid,Hybrid,25.00,0.00,CNY,Fixed,,307.80,42.75,,150.00,150.00,,Solar and wind and storage,Group of technologies,,150.00,,0%,100%,2024,2024,,,42.74881253
2024 China Gansu Linxia Solar,Delayed,Mainland China,Mainland China,Co_Located,,Project_Tender,Pay_As_Bid,Hybrid,25.00,0.00,CNY,Fixed,,307.80,42.75,,1000.00,1000.00,,Solar and storage,Technology specific,,,,,,2024,2024,,12/31/2025,42.74881253
2023 China Hubei Renewable Batch 2 (Solar),Completed,Mainland China,Mainland China,Co_Located,,Project_Tender,Pay_As_Bid,Hybrid,25.00,0.00,CNY,Fixed,,416.10,57.79,,390.00,390.00,,Solar and wind and storage,Technology specific,,390.00,,0%,100%,2024,2023,,,57.79006139
2024 China Yunnan Dali City Wind and Solar (Solar),Completed,Mainland China,Mainland China,Co_Located,,Project_Tender,Pay_As_Bid,Hybrid,25.00,0.00,CNY,Fixed,,335.80,46.64,,1170.00,1170.00,,Solar and wind and storage,Technology specific,,1170.00,,0%,100%,2024,2024,,,46.6375934
2024 China Hebei Wind and Solar (Solar),Completed,Mainland China,Mainland China,Co_Located,,Project_Tender,Pay_As_Bid,Hybrid,25.00,0.00,CNY,Fixed,,364.40,50.61,,10392.98,10392.98,,Solar and wind and storage,Technology specific,,10392.98,,0%,100%,2024,2024,,12/31/2026,50.60970529
2024 China Guangxi Wind and Solar (Solar),Completed,Mainland China,Mainland China,Co_Located,,Project_Tender,Pay_As_Bid,Hybrid,25.00,0.00,CNY,Fixed,,420.70,58.43,,3000.00,3000.00,,Solar and wind and storage,Technology specific,,3000.00,,0%,100%,2024,2024,,,58.42893253
2024 China Gansu Gannan Wind and Solar (Solar),Completed,Mainland China,Mainland China,Co_Located,,Project_Tender,Pay_As_Bid,Hybrid,25.00,0.00,CNY,Fixed,,307.80,42.75,,400.00,400.00,,Solar and wind and storage,Technology specific,,400.00,,0%,100%,2024,2024,,9/30/2025,42.74881253
2024 China Gansu Tianshui/Qingyang/Pingliang/Huating/Kongtong Wind and Solar (Solar),Completed,Mainland China,Mainland China,Co_Located,,Project_Tender,Pay_As_Bid,Hybrid,25.00,0.00,CNY,Fixed,,307.80,42.75,,230.00,230.00,,Solar and wind and storage,Technology specific,,230.00,,0%,100%,2024,2024,,,42.74881253
2024 China Inner Mongolia Alashan Transmission to Wuhai Wind and Solar,Completed,Mainland China,Mainland China,Co_Located,,Project_Tender,Pay_As_Bid,Hybrid,25.00,0.00,CNY,Fixed,,282.90,39.29,,2000.00,2000.00,,Solar and wind and storage,Technology specific,,2000.00,,0%,100%,2024,2024,,,39.29057526
2024 China Shanxi Wind and Solar (Solar),Delayed,Mainland China,Mainland China,Solar,,Project_Tender,Pay_As_Bid,Hybrid,25.00,0.00,CNY,Fixed,,332.00,46.11,,6350.00,6350.00,,PV,Technology specific,,,,,,2024,2024,,12/31/2026,46.10983028
2024 Chia Guizhou Wind and Solar Batch 2 (Solar),Completed,Mainland China,Mainland China,Solar,,Project_Tender,Pay_As_Bid,Hybrid,25.00,0.00,CNY,Fixed,,351.50,48.82,,600.00,600.00,,PV,Technology specific,,600.00,,0%,100%,2024,2024,,,48.81808839
2024 China Yunnan Wind and Solar Batch 2 (Solar),Completed,Mainland China,Mainland China,Solar,,Project_Tender,Pay_As_Bid,Hybrid,25.00,0.00,CNY,Fixed,,335.80,46.64,,6924.90,6924.90,,PV,Technology specific,,6924.90,,0%,100%,2024,2024,,,46.6375934
2024 China Shaanxi Wind and Solar (Solar),Completed,Mainland China,Mainland China,Solar,,Project_Tender,Pay_As_Bid,Hybrid,25.00,0.00,CNY,Fixed,,354.50,49.23,,2920.00,2920.00,,PV,Technology specific,,2920.00,,0%,100%,2024,2024,,,49.23474348
2024 China Gansu Jiayuguan Solar,Completed,Mainland China,Mainland China,Solar,,Project_Tender,Pay_As_Bid,Hybrid,25.00,0.00,CNY,Fixed,,307.80,42.75,,100.00,100.00,,PV,Technology specific,,100.00,,0%,100%,2024,2024,,,42.74881253
2024 China Shanghai Offshore Solar Auction,Completed,Mainland China,Mainland China,Solar,,Project_Tender,Pay_As_Bid,Fixed_Feed_In_Tariff,25.00,0.00,CNY,Fixed,,415.50,57.71,,1000.00,1000.00,,PV,Technology specific,,1000.00,,0%,100%,2024,2025,,6/30/2026,57.70673037
2024 Anhui Solar Auction,Completed,Mainland China,Mainland China,Solar,,Project_Tender,Pay_As_Bid,Hybrid,25.00,0.00,CNY,Fixed,,384.40,53.39,,3075.00,3075.00,,PV,Technology specific,,3075.00,,0%,100%,2024,2024,,,53.38740591
2024 China Guizhou Wind and Solar (Solar) Batch 2,Completed,Mainland China,Mainland China,Solar,,Project_Tender,Pay_As_Bid,Hybrid,25.00,0.00,CNY,Fixed,,351.50,48.82,,600.00,600.00,,PV,Technology specific,,600.00,,0%,100%,2024,2024,,,48.81808839
2024 China Guizhou Wind and Solar (Solar) Batch 3,Completed,Mainland China,Mainland China,Solar,,Project_Tender,Pay_As_Bid,Hybrid,25.00,0.00,CNY,Fixed,,351.50,48.82,,4940.00,4940.00,,PV,Technology specific,,4940.00,,0%,100%,2024,2024,,,48.81808839
2025 China Tibet Naqu 100MW Solar,Completed,Mainland China,Mainland China,Co_Located,Co-located,Project_Tender,Pay_As_Bid,Hybrid,25.00,0.00,CNY,Fixed,,341.00,46.86,,100.00,100.00,,Solar and storage,Co-location,,100.00,,0%,100%,2025,2025,,10/31/2025,46.86318972
2025 China Tibet Seni 1.45GW Renewable Power,Completed,Mainland China,Mainland China,Renewables_Other,,Project_Tender,Pay_As_Bid,Hybrid,25.00,0.00,CNY,Fixed,,341.00,46.86,,1450.00,1450.00,,Solar and wind,Group of technologies,,1450.00,,0%,100%,2025,2025,,9/30/2027,46.86318972
2025 China Ningxia Guyuan Solar,Completed,Mainland China,Mainland China,Solar,,Project_Tender,Pay_As_Bid,Hybrid,25.00,0.00,CNY,Fixed,,259.50,35.66,,200.00,200.00,,PV,Technology specific,,200.00,,0%,100%,2025,2025,,12/31/2027,35.66274995
2025 China Ningxia Zhongwei Solar,Completed,Mainland China,Mainland China,Solar,,Project_Tender,Pay_As_Bid,Hybrid,25.00,0.00,CNY,Fixed,,259.50,35.66,,3500.00,3500.00,,PV,Technology specific,,3500.00,,0%,100%,2025,2025,,12/31/2027,35.66274995
2025 China Ningxia Wuzhong Solar,Completed,Mainland China,Mainland China,Solar,,Project_Tender,Pay_As_Bid,Hybrid,25.00,0.00,CNY,Fixed,,259.50,35.66,,6000.00,6000.00,,PV,Technology specific,,6000.00,,0%,100%,2025,2025,,12/31/2027,35.66274995
2025 China Ningxia Ningchuan Solar,Completed,Mainland China,Mainland China,Solar,,Project_Tender,Pay_As_Bid,Hybrid,25.00,0.00,CNY,Fixed,,259.50,35.66,,3400.00,3400.00,,PV,Technology specific,,3400.00,,0%,100%,2025,2025,,12/31/2027,35.66274995
Algeria 150MW Solar Tender,Completed,Algeria,Middle East & North Africa,Solar,Standalone,Project_Tender,Unknown,Unknown,15.00,0.00,DZD,Unknown,,8280.00,70.99,,0.00,150.00,,PV,Unknown,0.00,50.00,50.00,100%,33%,2018,,,,70.98966277
Algeria 150MW Solar Tender Round 2,Completed,Algeria,Middle East & North Africa,Solar,Standalone,Project_Tender,Unknown,Unknown,15.00,0.00,DZD,Unknown,No progress on this and seems to be cancelled,,,,0.00,150.00,,PV,Unknown,0.00,50.00,,#N/A,33%,2019,,,,
Algeria 150MW Solar Tender Round 3,Completed,Algeria,Middle East & North Africa,Solar,Standalone,Project_Tender,Unknown,Unknown,15.00,0.00,DZD,Unknown,No progress on this and seems to be cancelled,,,,0.00,150.00,,PV,Unknown,0.00,50.00,,#N/A,33%,2020,,,,
Algeria 1000MW Solar Tender Round 4,Completed,Algeria,Middle East & North Africa,Solar,Standalone,Project_Tender,Unknown,Unknown,25.00,0.00,DZD,Unknown,"Call for tender launched in 2021 and bidders submitted by April 30 2022. Many delays on the bid submission, so unclear when bids will actually be collected https://renewablesnow.com/news/algeria-extends-again-deadline-for-1-gw-solar-tender-788713/; Awarded and finalized in 2024 https://www.pv-magazine.com/2024/03/25/algeria-reveals-winners-in-3-gw-of-pv-tenders/",,,,0.00,1000.00,,PV,Technology specific,0.00,1000.00,1000.00,100%,100%,2024,2021,4/30/2022,,
Algeria 2000MW Solar Tender Round 5,Completed,Algeria,Middle East & North Africa,Solar,Standalone,Project_Tender,Unknown,Unknown,25.00,0.00,DZD,Unknown,"Call for 2 GW tender happened in February 2023. The 2 GW procurement exercise will deliver 15 solar projects, with capacities ranging from 80 MW to 220 MW. https://www.pv-magazine.com/2024/03/25/algeria-reveals-winners-in-3-gw-of-pv-tenders/",,,,0.00,2000.00,,PV,Technology specific,0.00,2000.00,2000.00,100%,100%,2024,2023,,,
Bahrain Solar Tender,Completed,Bahrain,Middle East & North Africa,Solar,Standalone,Project_Tender,Unknown,Unknown,20.00,,BHD,Unknown,,14.67,38.88,,0.00,100.00,,PV,Unknown,0.00,100.00,100.00,100%,100%,2020,,,12/31/2019,38.8813784
Bahrain Solar Tender,Announced,Bahrain,Middle East & North Africa,Solar,Standalone,Project_Tender,Unknown,Unknown,,,BHD,Unknown,,,,,90.00,100.00,,PV,Technology specific,,,,,,2025,2024,,,
University of Bahrain Solar Tender,Announced,Bahrain,Middle East & North Africa,Solar,Standalone,Project_Tender,Unknown,Unknown,,,BHD,Unknown,,,,,0.00,44.00,,PV,Technology specific,,,,,,2025,2024,,,
Egypt 100MW Solar Thermal BOO Tender,Completed,Egypt,Middle East & North Africa,Solar,,Project_Tender,Unknown,Unknown,15.00,0.00,USD,Indexed,Forthcoming request for proposals to build a 100MW solar thermal plant in the West of Nile area.,,,,0.00,100.00,,Solar thermal,Unknown,,100.00,100.00,100%,100%,2015,2018,,,
Egypt 20MW Solar + Storage NREA Tender,Completed,Egypt,Middle East & North Africa,Co_Located,Co-located,Project_Tender,Unknown,Unknown,15.00,0.00,USD,Indexed,"On 7 August 2019, it was announced that Egypt's New and Renewable Energy Authority (NREA) will launch a tender in September for a 20MW solar-plus-storage facility to be built in Hurghada. A technical and economic feasibility study has been completed. The project will be funded by a $85 million facilitated loan from Japan International Cooperation Agency (JICA)",,,,20.00,20.00,,Solar and storage,Unknown,,20.00,20.00,100%,100%,2016,2019,,,
Egypt Auctions for BOO Contracts - Aswan,Completed,Egypt,Middle East & North Africa,Solar,,Project_Tender,Unknown,Unknown,15.00,0.00,EGP,Unknown,,,,,0.00,200.00,,PV,Unknown,,0.00,0.00,,,2017,,,,
Egypt 600MW PV Tender,Completed,Egypt,Middle East & North Africa,Solar,,Auction,Unknown,Unknown,25.00,0.00,USD,Indexed,"The EETC issued in December 2017 a tender for 600MW of solar capacity, with a pre-qualification deadline of January 14, 2018. This scheme will replace the feed-in tariff program. 18 pre-qualification applications received in 1H 2018. Bidders were notified of a new ceiling price in September 2018. On 29 April 2019, it was announced that the EETC had signed an agreement with the International Finance Corporation (IFC) for the development of the 600MW solar project in the West Nile province. ",,,,0.00,600.00,,PV,Unknown,,600.00,600.00,100%,100%,2017,2017,,,
Egypt Auctions for BOO Contracts - Kom Ombo,Completed,Egypt,Middle East & North Africa,Solar,,Project_Tender,Unknown,Unknown,15.00,0.00,EGP,Unknown,,,,,0.00,200.00,,PV,Unknown,,200.00,200.00,100%,100%,2018,,,,
Egypt Auctions for BOO Contracts - West Nile,Completed,Egypt,Middle East & North Africa,Wind,,Project_Tender,Unknown,Unknown,15.00,0.00,EGP,Unknown,,,,,0.00,250.00,,Onshore wind,Unknown,,252.00,252.00,100%,101%,2018,,,,
Egypt 200MW PV BOO Tender,Completed,Egypt,Middle East & North Africa,Solar,,Project_Tender,Unknown,Unknown,15.00,0.00,USD,Fixed,,31.06,31.06,,0.00,200.00,,PV,Unknown,0.00,200.00,200.00,100%,100%,2018,,,,31.06
Egypt 250MW Wind BOO Tender,Completed,Egypt,Middle East & North Africa,Wind,,Project_Tender,Unknown,Unknown,15.00,0.00,EGP,Unknown,,,,,0.00,250.00,,Onshore wind,Unknown,0.00,250.00,250.00,100%,100%,2021,,,,
Iraq Solar PV Tender Round 1,Cancelled,Iraq,Middle East & North Africa,Solar,,Project_Tender,Unknown,Unknown,20.00,0.00,USD,Fixed,"The Ministry of Electricity in Iraq has launched a first-round tender for 755MW of PV capacity. The projects across the five provinces of Babel, Wasit, Karbala, Al-Muthanna and Diwaniyah are expected to be completed by the end of 2020. Update as of July 2024 (Kate Power): no evidence the tender was ever concluded. ",,,,0.00,755.00,,PV,Unknown,,,,,,,2019,,,
Israel Ashalim PV1 Tender,Completed,Israel,Middle East & North Africa,Solar,,Project_Tender,Unknown,Unknown,,0.00,ILS,Unknown,"In June 2012, the inter-ministerial committee chose Ashalim Sun PV as the winner of the tender for a photo-voltaic power station",,,,,30.00,,PV,Unknown,,30.00,30.00,100%,100%,2012,,,,
Israel Ashalim Plot B Tender,Completed,Israel,Middle East & North Africa,Solar,,Project_Tender,Unknown,Unknown,,0.00,ILS,Unknown,,,,,,121.00,,Solar thermal,Unknown,,121.00,121.00,100%,100%,2015,,,,
Israel 300MW Solar Tender,Cancelled,Israel,Middle East & North Africa,Solar,,Project_Tender,Unknown,Unknown,15.00,0.00,NIS,Fixed,"The Ministry of Finance said that a tender for the construction of a 300MW complex in the Negev desert has lured 27 bids as part of the pre-qualification round. No updates to date, so marking as cancelled",,,,300.00,300.00,,PV,Unknown,,0.00,,,,2016,,,,
Israel Ashalim Plot A Tender,Completed,Israel,Middle East & North Africa,Solar,,Project_Tender,Unknown,Unknown,25.00,0.00,ILS,Unknown,,760.00,211.23,,,121.00,,Solar thermal,Unknown,,121.00,121.00,100%,100%,2017,,,,211.2284603
Israel Ashalim PV2 Tender,Completed,Israel,Middle East & North Africa,Solar,,Project_Tender,Unknown,Unknown,,0.00,ILS,Unknown,,86.80,24.36,,,40.00,,PV,Unknown,,40.00,40.00,100%,100%,2019,,,,24.3573914
Israel Distribution Tender Phase 3,Completed,Israel,Middle East & North Africa,Renewables_Other,,Project_Tender,Unknown,Unknown,23.00,0.00,ILS,Fixed,,199.00,57.86,,,,,Unknown technology,Unknown,0.00,168.00,168.00,100%,#N/A,2020,,,7/1/2023,57.85724669
Israel Distribution Tender Phase 4,Completed,Israel,Middle East & North Africa,Renewables_Other,,Project_Tender,Unknown,Unknown,23.00,0.00,ILS,Fixed,,174.50,50.73,,,,,Unknown technology,Unknown,0.00,608.90,608.90,100%,#N/A,2020,,,7/1/2023,50.73411833
Jordan Direct proposals PV Round 1,Completed,Jordan,Middle East & North Africa,Solar,,Project_Tender,Unknown,Unknown,20.00,0.00,USD,Indexed,"The 20-year PPAs were signed for USD0.12/kWh for wind and USD0.169/kWh for solar PV (barring the 52.5 MW Ma’an project, which was awarded at USD 0.148/kWh).",158.50,158.50,,,,,PV,Unknown,0.00,200.00,200.00,100%,#N/A,2025,2024,1/20/2025,12/31/2016,158.5
Jordan Direct proposals Wind Round 1,Completed,Jordan,Middle East & North Africa,Wind,,Project_Tender,Unknown,Unknown,20.00,0.00,USD,Indexed,"The 20-year PPAs were signed for USD0.12/kWh for wind and USD0.169/kWh for solar PV (barring the 52.5 MW Ma’an project, which was awarded at USD 0.148/kWh).",120.00,120.00,,,,,Onshore wind,Unknown,0.00,117.00,117.00,100%,#N/A,2013,2012,,12/31/2016,120
Jordan Direct proposals Round 2,Completed,Jordan,Middle East & North Africa,Renewables_Other,,Project_Tender,Unknown,Unknown,20.00,0.00,JOD,Indexed,,49.74,70.16,,,,,Unknown technology,Unknown,0.00,200.00,200.00,100%,#N/A,2014,2013,,,70.15863188
Jordan Direct Proposal PV Round 3,Completed,Jordan,Middle East & North Africa,Solar,,Auction,Unknown,Unknown,15.00,0.00,USD,Fixed,"On September 10, 2018, final bidders for the third round of Jordan's Direct Proposal Scheme (DPS) were announced. Final bidders were announced to build three 50MW PV plants in Ma'an Development Zone. Wind developers competing for 50MW of onshore wind had until November 1 to submit their bids.",,,,0.00,200.00,,PV,Unknown,,200.00,200.00,100%,100%,2017,2016,,,
Jordan Direct Proposal Wind Round 3,Completed,Jordan,Middle East & North Africa,Wind,,Auction,Unknown,Unknown,15.00,0.00,USD,Fixed,"On September 10, 2018, final bidders for the third round of Jordan's Direct Proposal Scheme (DPS) were announced. Final bidders were announced to build three 50MW PV plants in Ma'an Development Zone. Wind developers competing for 50MW of onshore wind had until November 1 to submit their bids.",,,,0.00,100.00,,Onshore wind,Unknown,,100.00,100.00,100%,100%,2017,2016,,,
Jordan Solar Tender Round 3,Completed,Jordan,Middle East & North Africa,Solar,,Project_Tender,Unknown,Unknown,20.00,0.00,USD,Fixed,,28.09,28.09,,0.00,200.00,,PV,Unknown,0.00,150.00,150.00,100%,75%,2018,,,,28.09
Jordan Wind Tender Round 3,Completed,Jordan,Middle East & North Africa,Wind,,Project_Tender,Unknown,Unknown,20.00,0.00,USD,Fixed,,,,,0.00,100.00,,Onshore wind,Unknown,,50.00,50.00,100%,50%,2019,,,,
Kuwait Al Dibdibah Solar Tender - Phase 1,Delayed,Kuwait,Middle East & North Africa,Solar,,Project_Tender,Unknown,Unknown,25.00,0.00,KWD,Unknown,Contract duration 25-50 years.,,,,0.00,1500.00,,PV,Unknown,,,,,,2021,,,12/31/2020,
Kuwait Combined Al Shagaya - Al Dibdibah Solar PV Tender,Delayed,Kuwait,Middle East & North Africa,Solar,,Project_Tender,Unknown,Power_Purchase_Agreement,30.00,0.00,KWD,Fixed,The Kuwait Authority for Partnership Projects (KAPP) made the announcement to launch a tender for the next 2GW phase of the Shagaya wind-and-solar complex. The tender was considerably delayed and the total capacity was reduced from 2GW to 1.1GW. ,,,,0.00,1100.00,,PV,Technology specific,,,,,,2024,2019,1/4/2024,,
Kuwait Al Dibdibah Solar Tender - Phase 2,Cancelled,Kuwait,Middle East & North Africa,Solar,,Project_Tender,Unknown,Unknown,25.00,0.00,KWD,Fixed,"A tender for the Al Dibdibah project was opened on September 18, after 17 bidders were prequalified. Contract duration 25-50 years. Tender was cancelled and then combined with the Al Shagaya project tender and a new tender for both projects, with a capacity of 1.1GW was launched in January 2024.",,,,0.00,1500.00,,PV,Unknown,,,,,,,2017,9/18/2018,,
Lebanon Wind Tender Round 1,Completed,Lebanon,Middle East & North Africa,Wind,,Project_Tender,Unknown,Power_Purchase_Agreement,20.00,0.00,USD,Unknown,,96.00,96.00,,0.00,226.00,,Onshore wind,Technology specific,0.00,226.00,226.00,100%,100%,2017,,,12/31/2022,96
Lebanon Wind Tender Round 2,Cancelled,Lebanon,Middle East & North Africa,Wind,,Project_Tender,Unknown,Power_Purchase_Agreement,20.00,0.00,USD,Unknown,,,,,200.00,400.00,,Onshore wind,Technology specific,,,0.00,,,2018,2018,,,
Lebanon Solar Tender Round 1,Delayed,Lebanon,Middle East & North Africa,Solar,,Project_Tender,Unknown,Unknown,20.00,0.00,USD,Fixed,"In May 2022, the Lebanese Council of Ministers has finally concluded the licensing phase for a 180 MW solar tender involving 12 projects of equal size, with the approval of 11 licenses this week, for a total of 165 MW of new PV capacity. Conclusion of the tender and tariffs are not yet finalized yet.",,,,0.00,180.00,,PV,Unknown,,,,,,2022,2017,,,
Lebanon Solar + Storage EOI,Announced,Lebanon,Middle East & North Africa,Co_Located,Co-located,Project_Tender,Unknown,Power_Purchase_Agreement,20.00,0.00,USD,Fixed,"The Lebanon Ministry of Energy and Water on behalf of Electricité du Liban (EDL) have announced an expression of interest to develop three PV farms with battery storage adding up to a maximum of 300MW at various locations across Lebanon. In each project, the capacity of a given solar farm is 70-100MW with battery storage of minimum of 70MW capacity. 75 consortia submitted expressions of interested in July 2018. A detailed call for project proposals was expected in December. After delays, it was announced on 8 April 2019 that the European Bank for Reconstruction and Development intended to engage a consultant to provide support to the Lebanese authorities for the successful implementation of the auctions. The selected consultancy will provide technical, financial and legal assistance. The consultant will be selected competitively and it is hoped will start a 30-month contract in June.",,,,210.00,300.00,,Solar and storage,Unknown,,,,,,,2018,,,
Lebanon Solar Tender Round 2,Completed,Lebanon,Middle East & North Africa,Solar,,Project_Tender,Pay_As_Clear,Power_Purchase_Agreement,25.00,0.00,USD,Fixed,11 of the 12 licences were granted for a total of 165MW of capacity. The government negotiated a different price for each region of the country and the lowest price for that region becomes the clearing price for all projects in the region. The price for the Bekaa region was $57/MWh while for all the other regions it was $62.7/MWh.,,,,0.00,180.00,,PV,Technology specific,,165.00,165.00,100%,92%,2022,2017,1/1/2017,12/31/2025,
Lebanon Wind Tender Round 3,Delayed,Lebanon,Middle East & North Africa,Wind,,Project_Tender,Unknown,Power_Purchase_Agreement,20.00,0.00,USD,Fixed,"On September 25, 2019, Lebanese Energy Minister Nada Khoury announced that Lebanon would soon seek bids to install an additional 500MW of wind power.",,,,520.00,520.00,,Onshore wind,Unknown,,,,,,2020,2019,,,
Lebanon 8MW Solar Tender,Delayed,Lebanon,Middle East & North Africa,Solar,,Project_Tender,Pay_As_Bid,Power_Purchase_Agreement,,0.00,LBP,Unknown,The Lebanese Ministry of Energy and Water launched a tender for an 8MW solar PV plant connected to the medium-voltage grid to supply electricity to Electricite du Liban.,,,,8.00,8.00,,PV,Technology specific,,,,,,2024,2024,9/13/2024,,
Morocco Noor-Ouarzazate CSP Tender (Phase II and III),Completed,Morocco,Middle East & North Africa,Solar,,Project_Tender,Pilot_Other,Power_Purchase_Agreement,25.00,0.00,MAD,Fixed,"A consortium led by ACWA Power, and including SENER as the technology provider, achieved financial close of the Independent Power Projects of NOORo II (200MW) and NOORo III (150MW). NOORo II project is a 200MW solar power plant based on concentrated solar power technology (CSP) using parabolic trough with 7.2 hours molten salt storage; NOORo III project is a 150MW solar power plant based on concentrated solar power technology (CSP) using central tower with 8 hours molten salt storage;",1600.00,164.06,,,,,Solar thermal,Unknown,,350.00,350.00,100%,#N/A,2015,,,,164.0604973
Morocco Noor PV I,Completed,Morocco,Middle East & North Africa,Solar,,Project_Tender,Unknown,Power_Purchase_Agreement,20.00,0.00,USD,Fixed,,45.20,45.20,,0.00,170.00,,PV,Unknown,0.00,170.00,170.00,100%,100%,2016,,,12/31/2020,45.2
Morocco ONEE Renewable Power Tender,Completed,Morocco,Middle East & North Africa,Solar,,Project_Tender,Unknown,Unknown,15.00,0.00,USD,Fixed,"The 850 MW tender includes five projects -- the 150 MW Tanger 2 in the northern part of the country, 300 MW at Tiskrad, Laayoune, 200 MW at Jbel Lahdid, Essaouira, 100 MW near Boujdour, and 100 MW at Midelt, some 400 km east of Casablanca. Commissioning of the projects is expected in the 2017-2020",30.00,30.00,,0.00,850.00,,Solar thermal,Unknown,0.00,850.00,850.00,100%,100%,2016,,,12/31/2020,30
Morocco NOOR-Midelt PV Tender,Completed,Morocco,Middle East & North Africa,Solar,,Project_Tender,Unknown,Unknown,25.00,0.00,USD,Fixed,,,,,0.00,210.00,,PV,Unknown,,210.00,210.00,100%,100%,2019,2017,,,
Morocco NOOR-Midelt CSP Tender,Completed,Morocco,Middle East & North Africa,Solar,,Project_Tender,Unknown,Unknown,25.00,0.00,MAD,Fixed,"On May 21 2019, Morocco awarded the Noor Midelt I CSP-PV project to a consortium led by France’s EDF at a new record low price of 68 dirhams/MWh ($71/MWh). Noor Midelt I will consist of 200 MW of parabolic trough CSP capacity.",68.00,7.07,,0.00,190.00,,Solar thermal,Unknown,,200.00,200.00,100%,105%,2019,2017,,,7.070297472
Morocco Noor PV II,Completed,Morocco,Middle East & North Africa,Solar,,Project_Tender,Unknown,Unknown,15.00,0.00,MAD,Fixed,"The tender was launched in January 2020, but results only allocated in 2022. The project sites are located near Sidi Bennour, Kelaa Sraghna, Taroudant, Bejaad, El Hajeb and Ain Beni Mathar. The selected projects will be part of the first phase of the Noor PV II project, under which several PV arrays will be built across eight different locations.",,,,0.00,400.00,,PV,Unknown,,333.00,333.00,100%,83%,2021,2018,,,
Morocco Noor-Atlas Tender,Delayed,Morocco,Middle East & North Africa,Solar,,Project_Tender,Unknown,Unknown,15.00,0.00,MAD,Fixed,,,,,0.00,260.00,,PV,Unknown,,,,,,2022,2016,,,
Morocco Noor-Argana Tender,Cancelled,Morocco,Middle East & North Africa,Renewables_Other,,Project_Tender,Unknown,Unknown,15.00,0.00,MAD,Fixed,The Noor-Agana tender for 200-225MW of PV capacity is expected in 2019.,,,,200.00,225.00,,Unknown technology,Unknown,,,,,,,2016,,,
Morocco Noor Midelt II PV Tender,Completed,Morocco,Middle East & North Africa,Solar,,Project_Tender,Pay_As_Bid,Power_Purchase_Agreement,30.00,0.00,MAD,Fixed,"On July 12, 2019, it was announced that Morocco's Agency for Sustainable Development (MASEN) had launched the tender for the first phase of the Noor Midelt II solar farm, which will have a capacity of 230MW. Interested parties will be able to submit proposals until mid-September. In May 2019, MASEN had selected a consortium comprising France's EDF, Masdar and Green of Africa to build and operate the 800MW Noor Midelt I solar project. In December 2024, it was announced that ACWA Power had the winning bid for building the project and the project included storage. ",324.50,32.64,,400.00,400.00,,PV,Technology specific,,400.00,400.00,100%,100%,2024,2019,7/12/2019,,32.63504068
Morocco Nassim Nord Wind Tender,Announced,Morocco,Middle East & North Africa,Wind,,Project_Tender,Unknown,Unknown,30.00,0.00,USD,Unknown,,,,,400.00,400.00,,Onshore wind,Technology specific,,,,,,2025,2024,6/24/2024,,
Morocco Noor Midelt III PV Tender,Completed,Morocco,Middle East & North Africa,Co_Located,Co-located,Project_Tender,Pay_As_Bid,Power_Purchase_Agreement,30.00,0.00,MAD,Fixed,"The tender was originally launched in August 2023. In September 2024 , it was announced the bid deadline was extended. The project will raise the solar capacity of the Noor Midelt project, which also includes the Noor Midelt I and Noor Midelt II solar plants, to 1.6 GW. It was announced in December 2024 that ACWA Power was awarded the winning bid for Phases 2 and 3.",365.20,36.73,,400.00,400.00,400,Solar and storage,Technology specific,,400.00,400.00,100%,100%,2024,2023,8/1/2023,,36.72824917
Oman IPP Solar Tender,Completed,Oman,Middle East & North Africa,Solar,,Project_Tender,Unknown,Unknown,15.00,0.00,OMR,Unknown,,,,,0.00,500.00,,PV,Unknown,0.00,500.00,500.00,100%,100%,2017,,,,
Oman Manah I Solar Project Tender,Completed,Oman,Middle East & North Africa,Solar,,Project_Tender,Unknown,Unknown,15.00,0.00,USD,Fixed,"On 16 July 2019, it was announced that the Oman Power and Water Procurement Company (OPWP) is has issued a tender for the construction of the Manah Solar 1 and Manah Solar 2 projects which have capacities of 500MW and 600MW respectively",,,,1100.00,1100.00,,PV,Unknown,,,,,,2023,2019,,,
Oman Solar Diesel Storage Tender,Completed,Oman,Middle East & North Africa,Conventional_Power,,Project_Tender,Unknown,Unknown,15.00,0.00,USD,Fixed,"On 14 August 2019, it was announced that Oman's Rural Areas Electricity Company had launched a tender for 11 solar-diesel-storage projects with a combined capacity of 146MW: 48MW of solar and 70MW of diesel. The storage facility is expected to be rated at 28MW/14MWh. ",,,,0.00,146.00,,Fossil fuels hybrid,Unknown,,,,,,2020,2019,,,
Oman Manah II IPP Solar 2022 Project Tender,Completed,Oman,Middle East & North Africa,Solar,,Project_Tender,Unknown,Power_Purchase_Agreement,20.00,0.00,OMR,Unknown," The projet was innaugurated, full comissioning expected during 2025.",,,,0.00,500.00,,PV,Technology specific,,500.00,500.00,100%,100%,2021,2018,,12/31/2025,
Oman Onshore Wind Tender,Announced,Oman,Middle East & North Africa,Wind,,Project_Tender,Unknown,Unknown,20.00,0.00,OMR,Unknown,NPWP announced plans to procure five wind projects with a target capacity of 1171 MW. Oman has announced 12 qualified bidders for the tender,,,,0.00,1171.00,,Onshore wind,Technology specific,,,,,,2025,2018,,12/31/2027,
Oman Ibri III Solar IPP Tender,Announced,Oman,Middle East & North Africa,Solar,,Project_Tender,Unknown,Unknown,20.00,0.00,OMR,Unknown,Oman announces qualified bidders for 500 MW Ibri III Solar Project,,,,500.00,500.00,,PV,Technology specific,,,,,,2025,2024,,,
Oman IPP 2024 Solar Project Tender,Announced,Oman,Middle East & North Africa,Solar,,Project_Tender,Unknown,Unknown,20.00,0.00,OMR,Unknown,Oman's Nama Power and Water Procurement (PWP) has launched a tender to select developers for the 280 MW Al Kamil Wal Wafi Solar IPP Project. Interested bidders will have until Feb 3 to submit their qualifyiing proposals,,,,0.00,280.00,,PV,Technology specific,,,,,,2025,2024,12/3/2024,,
Qatar Solar Tender,Completed,Qatar,Middle East & North Africa,Solar,,Project_Tender,Unknown,Unknown,25.00,0.00,QAR,Fixed,"In October 2018, Qatar General Electricity Water Corp. (Kahraama) pre-qualified 16 bidders for the tender. Only 5 parties submitted bids. On Januray 20, 2020, Total and Marubeni won the tender, and the project was expanded to 800 MW. They were comissioned in 2022",,,,700.00,800.00,,PV,Technology specific,,800.00,800.00,100%,100%,2020,2018,,12/31/2022,
Saudi Arabia NREP PV Tender Round 1,Completed,Saudi Arabia,Middle East & North Africa,Solar,Portfolio of projects,Project_Tender,Unknown,Power_Purchase_Agreement,20.00,0.00,SAR,Fixed,,87.75,23.40,,0.00,300.00,,PV,Technology specific,0.00,400.00,400.00,100%,133%,2017,,,12/31/2021,23.39812815
Saudi Arabia NREP Midyan Tender,Cancelled,Saudi Arabia,Middle East & North Africa,Renewables_Other,Standalone,Project_Tender,Unknown,Power_Purchase_Agreement,25.00,0.00,SAR,Indexed,,,,,0.00,400.00,,Unknown technology,Unknown,,400.00,400.00,100%,100%,2017,,,,
Saudi Arabia NREP Wind Tender Round 1,Completed,Saudi Arabia,Middle East & North Africa,Wind,Standalone,Project_Tender,Unknown,Power_Purchase_Agreement,25.00,0.00,SAR,Unknown,,74.63,19.90,,0.00,400.00,,Onshore wind,Technology specific,0.00,400.00,400.00,100%,100%,2019,,,,19.89814963
Saudi Arabia NREP PV Tender Round 2,Completed,Saudi Arabia,Middle East & North Africa,Solar,Portfolio of projects,Project_Tender,Unknown,Power_Purchase_Agreement,25.00,0.00,SAR,Indexed,,126.85,33.82,,0.00,1470.00,,PV,Unknown,,70.00,70.00,100%,5%,2019,,,,33.82125527
Saudi Arabia NREP PV Tender Round 3,Completed,Saudi Arabia,Middle East & North Africa,Solar,Portfolio of projects,Project_Tender,Unknown,Power_Purchase_Agreement,25.00,0.00,SAR,Indexed,"In April 2020, Saudi annnounced round 3 prequalifiers for 4 projects with a combined capacity of 1.2GW",61.17,16.30,,,1200.00,,PV,Unknown,,1000.00,1000.00,100%,83%,2020,2020,,,16.29870104
Saudi Arabia NREP PV Tender Round 4,Completed,Saudi Arabia,Middle East & North Africa,Solar,Portfolio of projects,Project_Tender,Unknown,Power_Purchase_Agreement,25.00,0.00,SAR,Indexed,"Saudi Power Procurement Company (SPPC) announced the list of selected bidders for the fourth phase of solar projects within the National Renewable Energy Program (NREP), operating under the guidance of the Ministry of Energy.",63.38,16.89,,,1500.00,,PV,Technology specific,,1500.00,3000.00,200%,100%,2023,2022,,,16.89327123
Saudi Arabia NREP Wind Tender Round 4,Completed,Saudi Arabia,Middle East & North Africa,Wind,Portfolio of projects,Project_Tender,Unknown,Power_Purchase_Agreement,25.00,0.00,SAR,Indexed,Fourth round results: https://www.spa.gov.sa/en/w2107624; https://renewablesnow.com/news/saudi-arabia-signs-1100-mw-of-ppas-at-record-low-price-for-wind-858548/,61.01,16.26,,,1800.00,,Onshore wind,Technology specific,,1100.00,,#N/A,61%,2024,2022,,,16.26002718
Saudi Arabia NREP PV Tender Round 5,Completed,Saudi Arabia,Middle East & North Africa,Solar,Portfolio of projects,Project_Tender,Unknown,Power_Purchase_Agreement,25.00,0.00,SAR,Indexed,"Four projects at a total of 3.7GW were awarded. The 2GW Al-Sadawi project was awarded to a Masdar-led consortium, the 1GW and 400MW projects were awarded to an EDF-led consortium, and the 300MW project was awarded to TotalEnergy",55.88,14.89,,,3700.00,,PV,Technology specific,,3700.00,7400.00,200%,100%,2024,2023,11/12/2023,,14.89086693
Saudi Arabia Battery Energy Storage System Tender ,Announced,Saudi Arabia,Middle East & North Africa,Energy_Storage,Portfolio of projects,Project_Tender,Unknown,Unknown,15.00,0.00,SAR,Indexed,"Saudi has launched a tender for bids for the development of four battery energy storage system (BESS) projects, each with 500MW output and 2,000MWh storage capacity.

Storage Services contracts with 15-year terms will be awarded on a build-own-operate (BOO) model.",,,,0.00,2000.00,8000,Battery storage,Unknown,,,,,,2025,2024,11/5/2024,,
Saudi Arabia NREP PV Tender Round 6,Announced,Saudi Arabia,Middle East & North Africa,Solar,Portfolio of projects,Project_Tender,Unknown,Power_Purchase_Agreement,25.00,0.00,SAR,Indexed,"In September 2024, Saudi Arabia released a request for qualification for the 6th round of solar and wind projects under the NREP for a combined 4500 MW. 1400 Mwac Najran Solar PV, 600 Mwac Samtah Solar PV, 600 MW Ad Darb Solar PV, 400 MW As Sufn Solar PV",,,,,3000.00,,PV,Technology specific,,,,,,2025,2024,,,
Saudi Arabia NREP Wind Tender Round 6,Announced,Saudi Arabia,Middle East & North Africa,Wind,Standalone,Project_Tender,Unknown,Power_Purchase_Agreement,25.00,0.00,SAR,Indexed,"1500 Mwac Dawadmi Wind IPP, part of NREP round 6 which has a total capacity of 4500 MW",,,,,1500.00,,Onshore wind,Technology specific,,,,,,2025,2024,,,
Tunisia Medium-Sized Project Tenders Round 1,Completed,Tunisia,Middle East & North Africa,Solar,,Auction,Unknown,Unknown,0.00,0.00,DZD,Unknown,,3306.00,29.80,,,70.00,,PV,Unknown,,70.00,70.00,100%,100%,2017,,,,29.80475452
Tunisia Wind Tender (BOO) Round 1 ,Completed,Tunisia,Middle East & North Africa,Wind,,Project_Tender,Unknown,Unknown,15.00,0.00,USD,Unknown,120MW 20-year contracts awarded in January 2019.,,,,0.00,130.00,,Onshore wind,Unknown,,120.00,120.00,100%,92%,2018,,,,
Tunisia Concession Regime Tender,Cancelled,Tunisia,Middle East & North Africa,Renewables_Other,,Project_Tender,Unknown,Unknown,15.00,0.00,USD,Fixed,"This tender under the concessions regime is for 500MW of PV (50-200MW per project), 200MW of wind (100MW project limit) and 300MW of wind in pre-selected locations (two projects of 200MW and one of 100MW). ",,,,0.00,1000.00,,Unknown technology,Unknown,,,,,,2018,2018,,,
Tunisia Medium-Sized Project Tenders Round 2,Completed,Tunisia,Middle East & North Africa,Solar,,Auction,Unknown,Unknown,,0.00,DZD,Unknown,,2355.50,20.20,,,70.00,,PV,Unknown,,70.00,70.00,100%,100%,2018,,,,20.19518728
Tunisia Medium-Sized Project Tenders Round 2,Completed,Tunisia,Middle East & North Africa,Wind,,Auction,Unknown,Unknown,,0.00,DZD,Unknown,,4300.00,36.87,,,130.00,,Onshore wind,Unknown,,120.00,120.00,100%,92%,2018,,,,36.86661231
Tunisia Medium-Sized Project Tenders Round 3,Completed,Tunisia,Middle East & North Africa,Solar,,Auction,Unknown,Unknown,,0.00,DZD,Unknown,,1650.00,13.82,,,70.00,,PV,Unknown,,70.00,70.00,100%,100%,2019,,,,13.81746377
Tunisia Solar Tender Round 5,Completed,Tunisia,Middle East & North Africa,Solar,,Project_Tender,Unknown,Unknown,15.00,0.00,TND,Unknown,,1276.82,435.75,,0.00,70.00,,PV,Unknown,0.00,60.00,60.00,100%,86%,2019,,,,435.7450003
Tunisia Medium-Sized Project Tenders Round 4,Completed,Tunisia,Middle East & North Africa,Solar,,Auction,Unknown,Unknown,,0.00,DZD,Unknown,,1490.00,11.75,,,70.00,,PV,Unknown,,70.00,70.00,100%,100%,2020,,,,11.75267018
Tunisia Solar Tender Round 1,Completed,Tunisia,Middle East & North Africa,Solar,Co-located,Auction,Unknown,Unknown,,0.00,TND,Unknown,"From Tunisia's target of tendering 1700 MW of renewables, which include 800 MW of solar, 500 MW have been awarded across four projects to be developed by France’s Qair International, Norway’s Scatec ASA and France’s Voltalia",988.00,317.49,,0.00,800.00,,PV,Technology specific,,500.00,500.00,100%,63%,2024,2022,6/15/2023,,317.4909219
Tunisia Solar Tender Round 2,Announced,Tunisia,Middle East & North Africa,Solar,Co-located,Auction,Unknown,Unknown,,0.00,TND,Unknown,"Bidders choose the location of the PV project. Two projects with a maximum size of 100MWp will be chosen, with a deadline of April 30, 2025 to submit bids.",,,,,200.00,,PV,Technology specific,,,,,,2025,2024,1/17/2025,,
Tunisia Wind Tender Round 1,Announced,Tunisia,Middle East & North Africa,Wind,Co-located,Project_Tender,Unknown,Unknown,,0.00,DZD,Unknown,600MW of wind power. 8 projects with 75MW per project. Government expects two bids of 75 MW each by late March,,,,,600.00,,Onshore wind,Technology specific,,,,,,2025,2022,,,
Turkey YEKA RES-1 Wind Auction,Completed,Turkey,Middle East & North Africa,Wind,Portfolio of projects,Auction,Pay_As_Bid,Unknown,15.00,0.00,USD,Fixed,,34.80,34.80,,0.00,1000.00,,Onshore wind,Unknown,0.00,1000.00,1000.00,100%,100%,2017,,,,34.8
Turkey Yeka GES-3 Solar Tender,Completed,Turkey,Middle East & North Africa,Solar,Portfolio of projects,Auction,Pay_As_Bid,Unknown,15.00,0.00,TRY,Fixed,,215.00,58.96,,0.00,1000.00,,PV,Unknown,1700000.00,1000.00,9440.00,944%,100%,2017,,,,58.95741355
Turkey YEKA RES-2 Onshore Wind Auction ,Completed,Turkey,Middle East & North Africa,Wind,Portfolio of projects,Auction,Pay_As_Bid,Unknown,15.00,0.00,USD,Fixed,,39.40,39.40,,0.00,1000.00,,Onshore wind,Unknown,0.00,1000.00,1000.00,100%,100%,2017,,,,39.4
Turkey YEKA GES-1  Karapinar Solar Tender,Completed,Turkey,Middle East & North Africa,Solar,Portfolio of projects,Auction,Pay_As_Bid,Unknown,15.00,0.00,USD,Fixed,,69.90,69.90,,0.00,1000.00,,PV,Unknown,0.00,1000.00,1000.00,100%,100%,2017,2016,,12/31/2018,69.9
Turkey Pre-License Onshore Wind Auction Round 1,Completed,Turkey,Middle East & North Africa,Wind,Portfolio of projects,Auction,Pay_As_Bid,Unknown,15.00,0.00,USD,Unknown,,11.50,11.50,,0.00,710.00,,Onshore wind,Unknown,0.00,710.00,710.00,100%,100%,2017,,,,11.5
Turkey YEKA GES-2 Solar Tender,Cancelled,Turkey,Middle East & North Africa,Solar,Portfolio of projects,Project_Tender,Unknown,Unknown,15.00,0.00,USD,Unknown,"Cancelled January 13, 2019",,,,,1000.00,,PV,Unknown,,,,,,2018,2018,,,
TEIAS Turkey Pre-License Onshore Wind Auction Round 2,Completed,Turkey,Middle East & North Africa,Wind,Portfolio of projects,Auction,Pay_As_Bid,Unknown,15.00,0.00,USD,Unknown,,50.80,50.80,,0.00,2100.00,,Onshore wind,Unknown,0.00,2110.00,2110.00,100%,100%,2019,,,,50.8
Turkey YEKA GES-3 Wind ,Completed,Turkey,Middle East & North Africa,Wind,Portfolio of projects,Project_Tender,Unknown,Unknown,15.00,0.00,TRY,Indexed,Each between 20MW and 80MW.  Contracts adjusted quarterly for inflation and dollar-euro exchange rates,597.00,36.00,,0.00,850.00,,Onshore wind,Unknown,,850.00,850.00,100%,100%,2022,2021,4/27/2022,,35.99638227
Turkey YEKA GES-4 Solar PV,Completed,Turkey,Middle East & North Africa,Solar,Portfolio of projects,Auction,Unknown,Power_Purchase_Agreement,15.00,0.00,TRY,,"Turkey held an auction for 300 MW in solar power within its YEKA GES-4 round of 1 GW in total. The competition for three lots in the Ni?de province of 100 MW each resulted in the lowest price of EUR 23.3 per MWh, bid by Smart Güne? Teknolojileri.",397.00,23.94,,0.00,300.00,,PV,Technology specific,,300.00,300.00,100%,100%,2022,2021,,,23.93729273
Turkey YEKA GES-4 Solar PV,Completed,Turkey,Middle East & North Africa,Solar,Portfolio of projects,Auction,Unknown,Power_Purchase_Agreement,15.00,0.00,TRY,,"Turkey has allocated 700 MW of solar PV projects in the second tranche of its 1 GW Renewable Energy Resources Zone (YEKA) 4 PV tender programme, which was originally launched in July 2021. The Turkish Ministry of Energy and Natural Resources selected two 100 MW projects and 10 projects with installed capacities of 50 MW each. The final prices for the 12 projects ranged from TRY49c/kWh (€2.8c/kWh) to TRY59.7c/kWh (€3.4c/kWh). The selected projects will receive 15-year power purchase guarantees.",520.00,31.35,,0.00,700.00,,PV,Technology specific,,700.00,700.00,100%,100%,2022,2021,,,31.3536328
Turkey YEKA GES-5 Solar PV,Completed,Turkey,Middle East & North Africa,Solar,Portfolio of projects,Auction,Unknown,Power_Purchase_Agreement,20.00,0.00,USD,Fixed,"Under the REZ SPP-2024 – YEKA GES-2024 round, companies will bid for six photovoltaic projects in Turkey at predetermined locations. The winners at the auctions get grid connections for 49 years, a minimum price during the initial, five-year open market sale period and a guaranteed price for another 20 years.",32.50,32.50,,0.00,800.00,,PV,Technology specific,,800.00,19200.00,2400%,100%,2025,2024,11/4/2024,,32.5
Turkey YEKA GES-5 Wind,Completed,Turkey,Middle East & North Africa,Wind,Portfolio of projects,Auction,Unknown,Power_Purchase_Agreement,20.00,0.00,USD,Fixed,"Under the REZ WPP-2024 – YEKA RES-2024 round, companies will bid for five wind farm projects in Turkey at predetermined locations. The winners at the auctions get grid connections for 49 years, a minimum price during the six-year open market sale period and a guaranteed price for another 20 years. Enerjisa Uretim (410 & 340 MW), RT Enerji (200 MW), Efor Holding (160 MW), and ADY Akdeniz (90 MW) were awarded the contracts",35.00,35.00,,0.00,1200.00,,Onshore wind,Technology specific,,1200.00,21700.00,1808%,100%,2025,2024,11/4/2024,,35
UAE DEWA 900MW Solar Tender,Completed,United Arab Emirates,Middle East & North Africa,Solar,Standalone,Project_Tender,Unknown,Unknown,15.00,0.00,UAH,Unknown,,16.90,0.77,,0.00,900.00,,PV,Unknown,0.00,900.00,900.00,100%,100%,2015,,,,0.770777938
200MW Solar PV Tender,Completed,United Arab Emirates,Middle East & North Africa,Solar,Standalone,Project_Tender,Unknown,Unknown,15.00,0.00,USD,Unknown,,58.50,58.50,,,,,PV,Unknown,0.00,200.00,200.00,100%,#N/A,2016,,,,58.5
800MW Solar PV tender,Completed,United Arab Emirates,Middle East & North Africa,Solar,Standalone,Project_Tender,Unknown,Unknown,15.00,0.00,USD,Unknown,,29.90,29.90,,0.00,800.00,,PV,Unknown,0.00,800.00,800.00,100%,100%,2016,,,12/31/2020,29.9
1200MW Solar PV Tender,Completed,United Arab Emirates,Middle East & North Africa,Solar,Standalone,Project_Tender,Unknown,Unknown,15.00,0.00,USD,Unknown,,29.40,29.40,,0.00,1200.00,,PV,Unknown,0.00,1200.00,1200.00,100%,100%,2017,,,,29.4
UAE - Dubai Tenders Phase 4,Completed,United Arab Emirates,Middle East & North Africa,Solar,Standalone,Project_Tender,Unknown,Unknown,15.00,0.00,USD,Unknown,,73.00,73.00,,0.00,200.00,,Solar thermal,Unknown,0.00,700.00,700.00,100%,350%,2017,,,4/27/2019,73
Al Dharfa Solar Park PV Project,Completed,United Arab Emirates,Middle East & North Africa,Solar,Standalone,Project_Tender,Unknown,Unknown,,0.00,AED,Unknown,https://www.ewec.ae/sites/default/files/press_release/200724-EWEC_solar-energy-infographic.jpg,88.80,24.18,,0.00,2000.00,,PV,Unknown,,2000.00,2000.00,100%,100%,2020,,,,24.17642254
UAE Waste-to-energy Tender - Al Dhafra,Completed,United Arab Emirates,Middle East & North Africa,Biomass_And_Waste,Standalone,Project_Tender,Unknown,Power_Purchase_Agreement,,0.00,AED,Unknown,,,,,,,,Energy from waste,Technology specific,,80.00,,#N/A,#N/A,2021,2020,1/4/2021,,
UAE DEWA Solar Thermal Tender,Completed,United Arab Emirates,Middle East & North Africa,Solar,Standalone,Project_Tender,Unknown,Unknown,15.00,0.00,USD,Unknown,CSP project tender,,,,0.00,300.00,,Solar thermal,Unknown,,300.00,300.00,100%,100%,2021,,,,
Mohammed Bin Rashid Al Maktoum Solar Park Phase 6,Completed,United Arab Emirates,Middle East & North Africa,Solar,Standalone,Project_Tender,Unknown,Unknown,,0.00,AED,Unknown,"Phase 6 of Mohammed bin Rashid Al Maktoum Solar Park has a capacity of 1,800MW, which would take the total park capacity to around 5GW. The lowest bid was submitted by Masdar of $16.2154/MWh",59.56,16.22,,,1800.00,,PV,Unknown,,1800.00,1800.00,100%,100%,2022,,,,16.21606905
Abu Dhabi PV tender,Completed,United Arab Emirates,Middle East & North Africa,Solar,Standalone,Project_Tender,Unknown,Power_Purchase_Agreement,15.00,0.00,AED,Unknown,"The Emirates Water and Electricity Company (EWEC) launched a 2GW solar PV tender. Successful candidates will be in charge of financing, building, operating and maintaining the 2GW solar complex and related infrastructure under a long-term power purchase agreement (PPA) with EWEC. 

EWEC received 48 expressions of interest from potential bidders for the plant earlier this year. In November 2019, it was reported that 24 of the 48 had qualified to bid for the project after submitting Statements of Qualification.  EWEC's team will proceed to evaluate the bids and announce the awarded bid by Q1 2020",49.70,13.53,,0.00,2000.00,,PV,Unknown,,2000.00,2000.00,100%,100%,2019,2019,7/5/2019,4/1/2022,13.53117343
Al-Ajban Solar PV tender,Completed,United Arab Emirates,Middle East & North Africa,Solar,Standalone,Project_Tender,Unknown,Power_Purchase_Agreement,,0.00,AED,Unknown,"EWEC has selected an international consortium comprising France’s EDF Renewables, South Korea’s KOWEPO, and Masdar to develop the 1.5 GW Al Ajban solar project in the United Arab Emirates.",51.92,14.14,,0.00,1500.00,,PV,Technology specific,,1500.00,1500.00,100%,100%,2024,2023,,9/1/2026,14.13662601
Abu Dhabi Storage tender,Announced,United Arab Emirates,Middle East & North Africa,Energy_Storage,Standalone,Project_Tender,Unknown,Power_Purchase_Agreement,,0.00,0,Unknown,"Emirates Water and Electricity Company (EWEC), has issued a Request for Proposals (RFP) to qualified developers and developer consortiums that expressed interest in developing an independent greenfield 400 MW Battery Energy Storage System (BESS) power project providing up to 800 MWh of storage capacity in Abu Dhabi, UAE.",,,,0.00,400.00,800,Battery storage,Technology specific,,,,,,2025,2024,,,
Al-Khazna Solar PV tender,Announced,United Arab Emirates,Middle East & North Africa,Solar,Standalone,Project_Tender,Unknown,Power_Purchase_Agreement,,0.00,0,Unknown,"Abu Dhabi's Emirates Water and Electricity Co. (EWEC ) has launched a tender for the construction of a 1.5 GW solar power plant in the Khazna area, where several data centers are operated, in September 2023. In November 2024, it announced it had received three proposals- France’s Engie, a consortium of France’s EDF Renewables and South Korea’s Korean Western Power, and a consortium of China’s Jinko Power and Japan’s Jera.",,,,0.00,1500.00,,PV,Technology specific,,,,,,2025,2023,,,
Zarraf Solar PV tender,Announced,United Arab Emirates,Middle East & North Africa,Solar,Standalone,Project_Tender,Unknown,Power_Purchase_Agreement,,0.00,0,Unknown,"Emirates Water and Electricity Company (EWEC),Abu Dhabi’s utility, has released a tender for a new 1.5 GW solar power project in the Al Dhafra region. The project, named the Zarraf Solar PV project, is part of the UAE’s overall renewables strategy to further develop clean energy generation within the country. ",,,,0.00,1500.00,,PV,Technology specific,,,,,,2025,2024,,,
Mohammed Bin Rashid Al Maktoum Solar Park Phase 7,Announced,United Arab Emirates,Middle East & North Africa,Co_Located,Co-located,Project_Tender,Unknown,Power_Purchase_Agreement,,0.00,0,Unknown,"Phase 7 of the giant Mmohammed bin Rashid Al Maktoum Solar Park, launched by Dubai Electricity and Water Authority, which would take the total capacity of the park to 7GW. This is the first tender that also includes storage, asking for 1.6-2GW with 1GW battery with 6 hours of storage (6GWh)",,,,1600.00,2000.00,6000,Solar and storage,Technology specific,,,,,,2025,2025,,,
Afghanistan Hybrid Solar Tender,Completed,Afghanistan,Rest of World,Solar,Co-located,Project_Tender,Pilot_Other,Power_Purchase_Agreement,20.00,0.00,AFN,Fixed,Hybrid solar,,,,0.00,5.00,,PV,Co-location,,5.00,5.00,100%,100%,2018,,,,
Afghanistan 40MW Solar ,Completed,Afghanistan,Rest of World,Co_Located,Co-located,Project_Tender,Pilot_Other,Power_Purchase_Agreement,20.00,0.00,AFN,Unknown,"Afghanistan’s Ministry of Energy and Water is calling for expressions of interest for a 2GW grid-connected solar PV tender. The minimum bid capacity is 50MW, and each project may comprise several locations within a province. The land for each project will be allocated by the government.",,,,0.00,40.00,,Solar and storage,Co-location,,40.00,40.00,100%,100%,2019,2018,,12/31/2024,
Armenia Solar PV Tender,Completed,Armenia,Rest of World,Solar,Standalone,Project_Tender,Unknown,Unknown,15.00,0.00,USD,Fixed,,46.00,46.00,,,,,PV,Unknown,0.00,55.00,55.00,100%,#N/A,2016,,,12/31/2020,46
Armenia Solar PV Tender,Completed,Armenia,Rest of World,Solar,Standalone,Project_Tender,Unknown,Unknown,15.00,0.00,USD,Fixed,,,,,0.00,55.00,,PV,Unknown,0.00,55.00,55.00,100%,100%,2017,,,,
Armenia Solar PV Tender,Completed,Armenia,Rest of World,Solar,Standalone,Project_Tender,Pay_As_Bid,Unknown,,,USD,Unknown,,29.00,29.00,,0.00,200.00,,PV,Unknown,,200.00,200.00,100%,100%,2021,,,,29
Azerbaijan Solar PV Auction - Round 1,Delayed,Azerbaijan,Rest of World,Solar,Standalone,Auction,Unknown,Unknown,,,0,Unknown,"Supported by EBRD, Azerbaijan has launched a RFQ and RFP for an auction for a 100MW solar PV plant in Gobustan. ",,,,,100.00,,PV,Technology specific,,,,,,2024,2022,4/23/2024,10/9/2026,
EGCB 100MW Solar PV,Completed,Bangladesh,Rest of World,Solar,Standalone,Project_Tender,Unknown,Unknown,15.00,0.00,USD,Unknown,,,,,0.00,100.00,,PV,Unknown,0.00,100.00,100.00,100%,100%,2019,,,,
Bangladesh 353MW Solar PV Tender,Announced,Bangladesh,Rest of World,Solar,Standalone,Project_Tender,Unknown,Unknown,,,USD,Unknown,,,,,0.00,353.00,,PV,Technology specific,,,,,,2025,2024,2/3/2025,,
Bangladesh 500MW Solar PV Tender,Announced,Bangladesh,Rest of World,Solar,Standalone,Project_Tender,Unknown,Unknown,20.00,0.00,USD,Unknown,,,,,0.00,500.00,,PV,Technology specific,,,,,,2025,2025,3/10/2025,,
Bangladesh 1780MW Solar PV Tender,Announced,Bangladesh,Rest of World,Solar,Standalone,Project_Tender,Unknown,Unknown,20.00,,USD,Unknown,,,,,0.00,1780.00,,PV,Technology specific,,,,,,2025,2025,3/31/2025,,
Bangladesh 2600MW Solar PV Tender,Announced,Bangladesh,Rest of World,Solar,Standalone,Project_Tender,Unknown,Power_Purchase_Agreement,20.00,0.00,USD,Unknown,,,,,0.00,2600.00,,PV,Technology specific,,,,,,2025,2025,3/19/2025,,
Bosnia Wind Tender Pokle?ani wind farm,Completed,Bosnia and Herzegovina,Rest of World,Wind,Standalone,Project_Tender,Unknown,Unknown,,,EUR,Unknown,"Bosnia's Energy Ministry has invited bids for a 50-year concession for the Grebak wind farm, which will comprise 15 wind turbines installed near the south-western town of Nevesinje. The project is the second wind development in Nevesinje and one of a number of new wind farm projects in the pipeline in Bosnia. Bosnia has one 50MW wind farm in operation but the government has set a target of reaching 330MW of installed wind capacity by 2020.",,,,0.00,50.00,,Onshore wind,Unknown,,132.00,132.00,100%,264%,2020,2018,,,
Bosnia Wind Auction 2026,Announced,Bosnia and Herzegovina,Rest of World,Wind,Standalone,Auction,Unknown,Fixed_Feed_In_Premium,12.00,0.00,0,Unknown,,,,,,50.00,,Onshore wind,Technology specific,,,,,,2026,2024,,,
Bosnia Wind Auction 2027,Announced,Bosnia and Herzegovina,Rest of World,Wind,Standalone,Auction,Unknown,Fixed_Feed_In_Premium,12.00,0.00,0,Unknown,,,,,,50.00,,Onshore wind,Technology specific,,,,,,2027,2024,,,
Bosnia Wind Auction 2028,Announced,Bosnia and Herzegovina,Rest of World,Wind,Standalone,Auction,Unknown,Fixed_Feed_In_Premium,12.00,0.00,0,Unknown,,,,,,100.00,,Onshore wind,Technology specific,,,,,,2028,2024,,,
Bosnia Wind Auction 2029,Announced,Bosnia and Herzegovina,Rest of World,Wind,Standalone,Auction,Unknown,Fixed_Feed_In_Premium,12.00,0.00,0,Unknown,,,,,,100.00,,Onshore wind,Technology specific,,,,,,2029,2024,,,
Bosnia Wind Auction 2030,Announced,Bosnia and Herzegovina,Rest of World,Wind,Standalone,Auction,Unknown,Fixed_Feed_In_Premium,12.00,0.00,0,Unknown,,,,,,150.00,,Onshore wind,Technology specific,,,,,,2030,2024,,,
Fiji - Energy Fiji Limited Solar Tend,Delayed,Fiji,Rest of World,Solar,,Project_Tender,Unknown,Power_Purchase_Agreement,,,0,Unknown,,,,,0.00,31.93,,PV,Technology specific,,,,,,2024,2024,8/31/2024,,
Georgia 50MW Solar PV Auction,Cancelled,Georgia,Rest of World,Solar,,Auction,Unknown,Unknown,,,USD,Unknown,The  European Bank for Reconstruction and Development (EBRD) has issued a tender for consultants to advise the Georgian Energy Development Fund (GEDF) in selecting a site for a PV project with a generation capacity of up to 50MW of solar PV.,,,,0.00,50.00,,PV,Unknown,,,,,,,2019,,,
Kazakhstan 2018 Small-Scale Wind Auction 1,Completed,Kazakhstan,Rest of World,Wind,Standalone,Auction,Pay_As_Bid,Unknown,15.00,0.00,KZT,Indexed,"In Kazakhstani wind auctions, small-scale is <10MW and large-scale is >10MW. Wind projects have 36 months to come online",19142.63,55.51,,,20.00,,Onshore wind,Technology specific,0.00,20.90,,0%,105%,2018,,,,55.51163316
Kazakhstan 2018 Small-Scale Wind Auction 2,Completed,Kazakhstan,Rest of World,Wind,Standalone,Auction,Pay_As_Bid,Unknown,15.00,0.00,KZT,Indexed,"In Kazakhstani wind auctions, small-scale is <10MW and large-scale is >10MW. Wind projects have 36 months to come online",21633.33,62.73,,,10.00,,Onshore wind,Technology specific,,15.00,,0%,150%,2018,,,,62.73440823
Kazakhstan 2018 Small-Scale Wind Auction 3,Completed,Kazakhstan,Rest of World,Wind,Standalone,Auction,Pay_As_Bid,Unknown,15.00,0.00,KZT,Indexed,"In Kazakhstani wind auctions, small-scale is <10MW and large-scale is >10MW. Wind projects have 36 months to come online",22656.69,65.70,,,10.00,,Onshore wind,Technology specific,,14.95,,0%,150%,2018,,,,65.70203272
Kazakhstan 2018 Large-Scale Wind Auction 1,Completed,Kazakhstan,Rest of World,Wind,Standalone,Auction,Pay_As_Bid,Unknown,15.00,0.00,KZT,Indexed,"In Kazakhstani wind auctions, small-scale is <10MW and large-scale is >10MW. Wind projects have 36 months to come online",17490.00,50.72,,,50.00,,Onshore wind,Technology specific,,50.00,,0%,100%,2018,,,,50.71917411
Kazakhstan 2018 Large-Scale Wind Auction 2,Completed,Kazakhstan,Rest of World,Wind,Standalone,Auction,Pay_As_Bid,Unknown,15.00,0.00,KZT,Indexed,"In Kazakhstani wind auctions, small-scale is <10MW and large-scale is >10MW. Wind projects have 36 months to come online",18952.00,54.96,,,250.00,,Onshore wind,Technology specific,,250.00,,0%,100%,2018,,,,54.95882148
Kazakhstan 2018 Large-Scale Wind Auction 3,Completed,Kazakhstan,Rest of World,Wind,Standalone,Auction,Pay_As_Bid,Unknown,15.00,0.00,KZT,Indexed,"In Kazakhstani wind auctions, small-scale is <10MW and large-scale is >10MW. Wind projects have 36 months to come online",22020.00,63.86,,,100.00,,Onshore wind,Technology specific,,150.00,,0%,150%,2018,,,,63.85570119
Kazakhstan 2019 Small-Scale Wind Auction,Completed,Kazakhstan,Rest of World,Wind,Standalone,Auction,Pay_As_Bid,Unknown,15.00,0.00,KZT,Indexed,"In Kazakhstani wind auctions, small-scale is <10MW and large-scale is >10MW. Wind projects have 36 months to come online",21585.44,56.35,,,20.00,,Onshore wind,Technology specific,,21.99,,0%,110%,2019,,,,56.35297458
Kazakhstan 2019 Large-Scale Wind Auction,Completed,Kazakhstan,Rest of World,Wind,Standalone,Auction,Pay_As_Bid,Unknown,15.00,0.00,KZT,Indexed,"In Kazakhstani wind auctions, small-scale is <10MW and large-scale is >10MW. Wind projects have 36 months to come online",19296.90,50.38,,,80.00,,Onshore wind,Technology specific,,87.00,,0%,109%,2019,,,,50.37828047
Kazakhstan 2020 Small-Scale Wind Auction,Completed,Kazakhstan,Rest of World,Wind,Standalone,Auction,Pay_As_Bid,Unknown,15.00,0.00,KZT,Indexed,"In Kazakhstani wind auctions, small-scale is <10MW and large-scale is >10MW. Wind projects have 36 months to come online",21235.69,51.25,,,15.00,,Onshore wind,Technology specific,,14.95,,0%,100%,2020,,,,51.24688841
Kazakhstan 2020 Large-Scale Wind Auction,Completed,Kazakhstan,Rest of World,Wind,Standalone,Auction,Pay_As_Bid,Unknown,15.00,0.00,KZT,Indexed,"In Kazakhstani wind auctions, small-scale is <10MW and large-scale is >10MW. Wind projects have 36 months to come online",15900.00,38.37,,,50.00,,Onshore wind,Technology specific,,50.00,,0%,100%,2020,,,,38.37057773
Kazakhstan 2021 Large-Scale Wind Auction,Completed,Kazakhstan,Rest of World,Wind,Standalone,Auction,Pay_As_Bid,Unknown,20.00,0.00,KZT,Indexed,"In Kazakhstani wind auctions, small-scale is <10MW and large-scale is >10MW. Wind projects have 36 months to come online",14080.00,33.01,,,50.00,,Onshore wind,Technology specific,,50.00,,0%,100%,2021,,,,33.01289566
Kazakhstan 2022 Large-Scale Wind Auction 1,Completed,Kazakhstan,Rest of World,Wind,Standalone,Auction,Pay_As_Bid,Unknown,20.00,0.00,KZT,Indexed,"In Kazakhstani wind auctions, small-scale is <10MW and large-scale is >10MW. Wind projects have 36 months to come online",15200.00,32.98,,,50.00,,Onshore wind,Technology specific,,50.00,,0%,100%,2022,,,,32.98324798
Kazakhstan 2022 Large-Scale Wind Auction 2,Completed,Kazakhstan,Rest of World,Wind,Standalone,Auction,Pay_As_Bid,Unknown,20.00,0.00,KZT,Indexed,"In Kazakhstani wind auctions, small-scale is <10MW and large-scale is >10MW. Wind projects have 36 months to come online",14510.00,31.49,,,50.00,,Onshore wind,Technology specific,,50.00,,0%,100%,2022,,,,31.48598212
Kazakhstan 2022 Large-Scale Wind Auction 3,Completed,Kazakhstan,Rest of World,Wind,Standalone,Auction,Pay_As_Bid,Unknown,20.00,0.00,KZT,Indexed,"In Kazakhstani wind auctions, small-scale is <10MW and large-scale is >10MW. Wind projects have 36 months to come online",12990.00,28.19,,,50.00,,Onshore wind,Technology specific,,50.00,,0%,100%,2022,,,,28.18765732
Kazakhstan 2022 Large-Scale Wind Auction 4,Completed,Kazakhstan,Rest of World,Wind,Standalone,Auction,Pay_As_Bid,Unknown,20.00,0.00,KZT,Indexed,"In Kazakhstani wind auctions, small-scale is <10MW and large-scale is >10MW. Wind projects have 36 months to come online",13330.00,28.93,,,50.00,,Onshore wind,Technology specific,,50.00,,0%,100%,2022,,,,28.9254405
Kazakhstan 2022 Large-Scale Wind Auction 5,Completed,Kazakhstan,Rest of World,Wind,Standalone,Auction,Pay_As_Bid,Unknown,20.00,0.00,KZT,Indexed,"In Kazakhstani wind auctions, small-scale is <10MW and large-scale is >10MW. Wind projects have 36 months to come online",15066.00,32.69,,,50.00,,Onshore wind,Technology specific,,50.00,,0%,100%,2022,,,,32.69247461
Kazakhstan 2022 Large-Scale Wind Auction 6,Completed,Kazakhstan,Rest of World,Wind,Standalone,Auction,Pay_As_Bid,Unknown,20.00,0.00,KZT,Indexed,"In Kazakhstani wind auctions, small-scale is <10MW and large-scale is >10MW. Wind projects have 36 months to come online",12970.00,28.14,,,50.00,,Onshore wind,Technology specific,,50.00,,0%,100%,2022,,,,28.14425831
Kazakhstan 2022 Large-Scale Wind Auction 7,Completed,Kazakhstan,Rest of World,Wind,Standalone,Auction,Pay_As_Bid,Unknown,20.00,0.00,KZT,Indexed,"In Kazakhstani wind auctions, small-scale is <10MW and large-scale is >10MW. Wind projects have 36 months to come online",12390.00,26.89,,,100.00,,Onshore wind,Technology specific,,100.00,,0%,100%,2022,,,,26.88568701
Kazakhstan 2023 Large-Scale Wind Auction 1,Completed,Kazakhstan,Rest of World,Wind,Standalone,Auction,Pay_As_Bid,Unknown,20.00,0.00,KZT,Indexed,"In Kazakhstani wind auctions, small-scale is <10MW and large-scale is >10MW. Wind projects have 36 months to come online",10500.00,23.00,,,100.00,,Onshore wind,Technology specific,,100.00,,0%,100%,2023,,,,22.99958382
Kazakhstan 2023 Large-Scale Wind Auction 2,Completed,Kazakhstan,Rest of World,Wind,Standalone,Auction,Pay_As_Bid,Unknown,20.00,0.00,KZT,Indexed,"In Kazakhstani wind auctions, small-scale is <10MW and large-scale is >10MW. Wind projects have 36 months to come online",13490.00,29.55,,,100.00,,Onshore wind,Technology specific,,100.00,,0%,100%,2023,,,,29.54898911
Kazakhstan 2023 Large-Scale Wind Auction 3,Completed,Kazakhstan,Rest of World,Wind,Standalone,Auction,Pay_As_Bid,Unknown,20.00,0.00,KZT,Indexed,"In Kazakhstani wind auctions, small-scale is <10MW and large-scale is >10MW. Wind projects have 36 months to come online",12330.00,27.01,,,50.00,,Onshore wind,Technology specific,,50.00,,0%,100%,2023,,,,27.00808271
Kazakhstan 2023 Large-Scale Wind Auction 4,Completed,Kazakhstan,Rest of World,Wind,Standalone,Auction,Pay_As_Bid,Unknown,20.00,0.00,KZT,Indexed,"In Kazakhstani wind auctions, small-scale is <10MW and large-scale is >10MW. Wind projects have 36 months to come online",11880.00,26.02,,,50.00,,Onshore wind,Technology specific,,50.00,,0%,100%,2023,,,,26.02238626
Kazakhstan 2023 Large-Scale Wind Auction 5,Completed,Kazakhstan,Rest of World,Wind,Standalone,Auction,Pay_As_Bid,Unknown,20.00,0.00,KZT,Indexed,"In Kazakhstani wind auctions, small-scale is <10MW and large-scale is >10MW. Wind projects have 36 months to come online",11780.00,25.80,,,50.00,,Onshore wind,Technology specific,,50.00,,0%,100%,2023,,,,25.80334261
Kazakhstan 2023 Large-Scale Wind Auction 6,Completed,Kazakhstan,Rest of World,Wind,Standalone,Auction,Pay_As_Bid,Unknown,20.00,0.00,KZT,Indexed,"In Kazakhstani wind auctions, small-scale is <10MW and large-scale is >10MW. Wind projects have 36 months to come online",10490.00,22.98,,,50.00,,Onshore wind,Technology specific,,50.00,,0%,100%,2023,,,,22.97767945
Kazakhstan 2023 Large-Scale Wind Auction 7,Completed,Kazakhstan,Rest of World,Wind,Standalone,Auction,Pay_As_Bid,Unknown,20.00,0.00,KZT,Indexed,"In Kazakhstani wind auctions, small-scale is <10MW and large-scale is >10MW. Wind projects have 36 months to come online",10380.00,22.74,,,100.00,,Onshore wind,Technology specific,,10.00,,0%,10%,2023,,,,22.73673143
Kazakhstan 2024 Large-Scale Wind Auction 1,Completed,Kazakhstan,Rest of World,Wind,Standalone,Auction,Pay_As_Bid,Unknown,20.00,0.00,KZT,Indexed,"In Kazakhstani wind auctions, small-scale is <10MW and large-scale is >10MW. Wind projects have 36 months to come online",6900.00,14.68,,,100.00,,Onshore wind,Technology specific,,100.00,,0%,100%,2024,,6/13/2024,6/13/2027,14.67897715
Kazakhstan 2024 Large-Scale Wind Auction 2,Completed,Kazakhstan,Rest of World,Wind,Standalone,Auction,Pay_As_Bid,Unknown,20.00,0.00,KZT,Indexed,"In Kazakhstani wind auctions, small-scale is <10MW and large-scale is >10MW. Wind projects have 36 months to come online",9010.00,19.17,,,200.00,,Onshore wind,Technology specific,,200.00,,0%,100%,2024,,6/14/2024,6/14/2027,19.16776582
Kazakhstan 2024 Large-Scale Wind Auction 3,Completed,Kazakhstan,Rest of World,Wind,Standalone,Auction,Pay_As_Bid,Unknown,20.00,0.00,KZT,Indexed,"In Kazakhstani wind auctions, small-scale is <10MW and large-scale is >10MW. Wind projects have 36 months to come online",10233.00,21.77,,,100.00,,Onshore wind,Technology specific,,100.00,,0%,100%,2024,,6/17/2024,6/17/2027,21.76956133
Kazakhstan 2024 Large-Scale Wind Auction 4,Completed,Kazakhstan,Rest of World,Wind,Standalone,Auction,Pay_As_Bid,Unknown,20.00,0.00,KZT,Indexed,"In Kazakhstani wind auctions, small-scale is <10MW and large-scale is >10MW. Wind projects have 36 months to come online",,,,,100.00,,Onshore wind,Technology specific,,100.00,,0%,100%,2024,,11/15/2024,11/15/2027,
Kazakhstan 2024 Large-Scale Wind Auction 5,Completed,Kazakhstan,Rest of World,Wind,Standalone,Auction,Pay_As_Bid,Unknown,20.00,0.00,KZT,Indexed,"In Kazakhstani wind auctions, small-scale is <10MW and large-scale is >10MW. Wind projects have 36 months to come online",,,,,100.00,,Onshore wind,Technology specific,,100.00,,0%,100%,2024,,11/18/2024,11/18/2027,
Kazakhstan 2024 Large-Scale Wind Auction 6,Completed,Kazakhstan,Rest of World,Wind,Standalone,Auction,Pay_As_Bid,Unknown,20.00,0.00,KZT,Indexed,"In Kazakhstani wind auctions, small-scale is <10MW and large-scale is >10MW. Wind projects have 36 months to come online",,,,,100.00,,Onshore wind,Technology specific,,100.00,,0%,100%,2024,,11/19/2024,11/19/2027,
Kazakhstan 2025 Large-Scale Wind Auctions with Storage,Completed,Kazakhstan,Rest of World,Co_Located,Co-located,Auction,Pay_As_Bid,Unknown,20.00,0.00,KZT,Indexed,"In Kazakhstani wind auctions, small-scale is <10MW and large-scale is >10MW. Wind projects have 36 months to come online",18720.00,36.59,,,1000.00,,Wind and storage,Technology specific,,1000.00,4000.00,400%,100%,2025,,4/15/2025,4/14/2028,36.58751099
Kazakhstan 2025 Large-Scale Wind Auctions,Announced,Kazakhstan,Rest of World,Wind,Standalone,Auction,Pay_As_Bid,Unknown,20.00,0.00,KZT,Indexed,"In Kazakhstani wind auctions, small-scale is <10MW and large-scale is >10MW. Wind projects have 36 months to come online",,,,,50.00,,Onshore wind,Technology specific,,,,,,2025,,5/26/2025,5/25/2028,
Kazakhstan 2025 Large-Scale Wind Auctions,Announced,Kazakhstan,Rest of World,Wind,Standalone,Auction,Pay_As_Bid,Unknown,20.00,0.00,KZT,Indexed,"In Kazakhstani wind auctions, small-scale is <10MW and large-scale is >10MW. Wind projects have 36 months to come online",,,,,100.00,,Onshore wind,Technology specific,,,,,,2025,,5/27/2025,5/26/2028,
Kazakhstan 2025 Large-Scale Wind Auctions,Announced,Kazakhstan,Rest of World,Wind,Standalone,Auction,Pay_As_Bid,Unknown,20.00,0.00,KZT,Indexed,"In Kazakhstani wind auctions, small-scale is <10MW and large-scale is >10MW. Wind projects have 36 months to come online",,,,,50.00,,Onshore wind,Technology specific,,,,,,2025,,5/28/2025,5/27/2028,
Kazakhstan 2026 Large-Scale Wind Auctions,Announced,Kazakhstan,Rest of World,Wind,Standalone,Auction,Pay_As_Bid,Unknown,20.00,0.00,KZT,Indexed,"In Kazakhstani wind auctions, small-scale is <10MW and large-scale is >10MW. Wind projects have 36 months to come online",,,,,200.00,,Onshore wind,Technology specific,,,,,,2026,,,,
Kazakhstan 2026 Large-Scale Wind Auctions,Announced,Kazakhstan,Rest of World,Wind,Standalone,Auction,Pay_As_Bid,Unknown,20.00,0.00,KZT,Indexed,"In Kazakhstani wind auctions, small-scale is <10MW and large-scale is >10MW. Wind projects have 36 months to come online",,,,,100.00,,Onshore wind,Technology specific,,,,,,2026,,,,
Kazakhstan 2026 Large-Scale Wind Auctions,Announced,Kazakhstan,Rest of World,Wind,Standalone,Auction,Pay_As_Bid,Unknown,20.00,0.00,KZT,Indexed,"In Kazakhstani wind auctions, small-scale is <10MW and large-scale is >10MW. Wind projects have 36 months to come online",,,,,200.00,,Onshore wind,Technology specific,,,,,,2026,,,,
Kazakhstan 2026 Large-Scale Wind Auctions,Announced,Kazakhstan,Rest of World,Wind,Standalone,Auction,Pay_As_Bid,Unknown,20.00,0.00,KZT,Indexed,"In Kazakhstani wind auctions, small-scale is <10MW and large-scale is >10MW. Wind projects have 36 months to come online",,,,,100.00,,Onshore wind,Technology specific,,,,,,2026,,,,
Kazakhstan 2026 Large-Scale Wind Auctions,Announced,Kazakhstan,Rest of World,Wind,Standalone,Auction,Pay_As_Bid,Unknown,20.00,0.00,KZT,Indexed,"In Kazakhstani wind auctions, small-scale is <10MW and large-scale is >10MW. Wind projects have 36 months to come online",,,,,150.00,,Onshore wind,Technology specific,,,,,,2026,,,,
Kazakhstan 2026 Large-Scale Wind Auctions,Announced,Kazakhstan,Rest of World,Wind,Standalone,Auction,Pay_As_Bid,Unknown,20.00,0.00,KZT,Indexed,"In Kazakhstani wind auctions, small-scale is <10MW and large-scale is >10MW. Wind projects have 36 months to come online",,,,,150.00,,Onshore wind,Technology specific,,,,,,2026,,,,
Kazakhstan 2026 Large-Scale Wind Auctions,Announced,Kazakhstan,Rest of World,Wind,Standalone,Auction,Pay_As_Bid,Unknown,20.00,0.00,KZT,Indexed,"In Kazakhstani wind auctions, small-scale is <10MW and large-scale is >10MW. Wind projects have 36 months to come online",,,,,100.00,,Onshore wind,Technology specific,,,,,,2026,,,,
Kazakhstan 2027 Large-Scale Wind Auctions,Announced,Kazakhstan,Rest of World,Wind,Standalone,Auction,Pay_As_Bid,Unknown,20.00,0.00,KZT,Indexed,"In Kazakhstani wind auctions, small-scale is <10MW and large-scale is >10MW. Wind projects have 36 months to come online",,,,,100.00,,Onshore wind,Technology specific,,,,,,2027,,,,
Kazakhstan 2027 Large-Scale Wind Auctions,Announced,Kazakhstan,Rest of World,Wind,Standalone,Auction,Pay_As_Bid,Unknown,20.00,0.00,KZT,Indexed,"In Kazakhstani wind auctions, small-scale is <10MW and large-scale is >10MW. Wind projects have 36 months to come online",,,,,100.00,,Onshore wind,Technology specific,,,,,,2027,,,,
Kazakhstan 2027 Large-Scale Wind Auctions,Announced,Kazakhstan,Rest of World,Wind,Standalone,Auction,Pay_As_Bid,Unknown,20.00,0.00,KZT,Indexed,"In Kazakhstani wind auctions, small-scale is <10MW and large-scale is >10MW. Wind projects have 36 months to come online",,,,,100.00,,Onshore wind,Technology specific,,,,,,2027,,,,
Kazakhstan 2027 Large-Scale Wind Auctions,Announced,Kazakhstan,Rest of World,Wind,Standalone,Auction,Pay_As_Bid,Unknown,20.00,0.00,KZT,Indexed,"In Kazakhstani wind auctions, small-scale is <10MW and large-scale is >10MW. Wind projects have 36 months to come online",,,,,200.00,,Onshore wind,Technology specific,,,,,,2027,,,,
Kazakhstan 2027 Large-Scale Wind Auctions,Announced,Kazakhstan,Rest of World,Wind,Standalone,Auction,Pay_As_Bid,Unknown,20.00,0.00,KZT,Indexed,"In Kazakhstani wind auctions, small-scale is <10MW and large-scale is >10MW. Wind projects have 36 months to come online",,,,,150.00,,Onshore wind,Technology specific,,,,,,2027,,,,
Kazakhstan 2027 Large-Scale Wind Auctions,Announced,Kazakhstan,Rest of World,Wind,Standalone,Auction,Pay_As_Bid,Unknown,20.00,0.00,KZT,Indexed,"In Kazakhstani wind auctions, small-scale is <10MW and large-scale is >10MW. Wind projects have 36 months to come online",,,,,150.00,,Onshore wind,Technology specific,,,,,,2027,,,,
Kazakhstan 2027 Large-Scale Wind Auctions,Announced,Kazakhstan,Rest of World,Wind,Standalone,Auction,Pay_As_Bid,Unknown,20.00,0.00,KZT,Indexed,"In Kazakhstani wind auctions, small-scale is <10MW and large-scale is >10MW. Wind projects have 36 months to come online",,,,,200.00,,Onshore wind,Technology specific,,,,,,2027,,,,
Kazakhstan Biomass Auction Autumn Round,Completed,Kazakhstan,Rest of World,Biomass_And_Waste,,Auction,Pay_As_Bid,Unknown,15.00,0.00,KZT,Fixed,,,,,0.00,10.00,,Biomass,Technology specific,,,0.00,,,2018,,,,
Kazakhstan Biomass Auction Spring Round,Completed,Kazakhstan,Rest of World,Biomass_And_Waste,,Auction,Pay_As_Bid,Unknown,15.00,0.00,KZT,Fixed,,,,,0.00,5.00,,Biomass,Technology specific,,,0.00,,,2018,,,,
Kazakhstan Hydroelectric Auction Autumn Round,Completed,Kazakhstan,Rest of World,Hydro,,Auction,Pay_As_Bid,Unknown,15.00,0.00,KZT,Fixed,,,,,0.00,55.00,,Run of river,Technology specific,,,0.00,,,2018,,,,
Kazakhstan Hydroelectric Auction Spring Round,Completed,Kazakhstan,Rest of World,Hydro,,Auction,Pay_As_Bid,Unknown,15.00,0.00,KZT,Fixed,,,,,0.00,20.00,,Run of river,Technology specific,,,0.00,,,2018,,,,
Kazakhstan Solar Auction Autumn Round,Completed,Kazakhstan,Rest of World,Solar,,Auction,Pay_As_Bid,Unknown,15.00,0.00,KZT,Fixed,,,,,0.00,60.00,,PV,Technology specific,,,0.00,,,2018,,,,
Kazakhstan Solar Auction Spring Round,Completed,Kazakhstan,Rest of World,Solar,,Auction,Pay_As_Bid,Unknown,15.00,0.00,KZT,Fixed,,,,,0.00,100.00,,PV,Technology specific,,,0.00,,,2018,,,,
Mongolia Mixed Renewables,Completed,Mongolia,Rest of World,Renewables_Other,,Auction,Unknown,Unknown,10.00,0.00,USD,Fixed,,,,,0.00,4.00,,Unknown technology,Unknown,0.00,125.00,,#N/A,3125%,,,,,
Nepal Grid-tied Solar Tender,Completed,Nepal,Rest of World,Solar,,Auction,Pay_As_Bid,Power_Purchase_Agreement,25.00,0.00,NPR,Unknown,Projects less than 10MW must be commissioned within 18 months. Projects above 10MW must be commissioned within 24 months.,5430.00,40.57,,0.00,800.00,,PV,Technology specific,,960.00,3492.50,364%,120%,2024,2024,6/20/2024,10/18/2026,40.56592074
Pakistan Sindh Solar PV Pilot Auction,Announced,Pakistan,Rest of World,Solar,,Auction,Pay_As_Bid,Unknown,25.00,0.00,PKR,Unknown,,5216.10,,,,,,PV,Unknown,,,,,,,2019,,,
Pakistan Solar Auction,Announced,Pakistan,Rest of World,Solar,,Auction,Unknown,Unknown,15.00,0.00,PKR,Indexed,Pakistan plans to hold its first auction to build 1.2GW of renewable energy capacity. Bids will be called for setting up 600MW of solar projects in Punjab province and an equal amount of wind capacity in Sindh province.,,,,0.00,600.00,,PV,Unknown,,,,,,,2018,,,
Pakistan - Tender for 50 MW Solar Plant,Announced,Pakistan,Rest of World,Solar,,Project_Tender,Unknown,Unknown,15.00,0.00,PKR,Unknown,,,,,0.00,50.00,,PV,Unknown,,,,,,,2018,,,
Pakistan Wind Auction ,Cancelled,Pakistan,Rest of World,Wind,,Auction,Unknown,Unknown,15.00,0.00,PKR,Indexed,Pakistan plans to hold its first auction to build 1.2GW of renewable energy capacity. Bids will be called for setting up 600MW of solar projects in Punjab province and an equal amount of wind capacity in Sindh province.,,,,0.00,600.00,,Onshore wind,Unknown,,,,,,,2018,,,
Pakistan Solar+Wind project,Completed,Pakistan,Rest of World,Co_Located,Co-located,Project_Tender,Unknown,Unknown,,0.00,PKR,,"Canada's JCM Power has said that it will build a 240 MW (AC) hybrid wind-solar project in Dhabeji, near Karachi, Pakistan. The company secured the project through a procurement exercise held by utility K-Electric. It submitted a bid of PKR 8.9189 ($0.031)/kWh. The tender was held with the supervision of the National Electric Power Regulatory Authority (NEPRA).",89.00,0.32,,0.00,240.00,,Solar and wind,Technology specific,,240.00,240.00,100%,100%,2024,,,,0.318727611
Round 1 Solar - Commissioning Year 2014,Completed,Russia,Rest of World,Solar,,Auction,Pay_As_Bid,Unknown,15.00,0.00,RUB,Fixed,,,,,0.00,120.00,,PV,Unknown,0.00,35.20,35.20,100%,29%,2013,,,12/31/2014,
Round 1 Solar - Commissioning Year 2015,Completed,Russia,Rest of World,Solar,,Auction,Pay_As_Bid,Unknown,15.00,0.00,RUB,Fixed,,,,,0.00,140.00,,PV,Unknown,0.00,115.00,115.00,100%,82%,2013,,,12/31/2015,
Round 1 Solar - Commissioning Year 2016,Completed,Russia,Rest of World,Solar,,Auction,Pay_As_Bid,Unknown,15.00,0.00,RUB,Fixed,,,,,0.00,200.00,,PV,Unknown,0.00,149.00,149.00,100%,75%,2013,,,12/31/2016,
Round 1 Solar - Commissioning Year 2017,Completed,Russia,Rest of World,Solar,,Auction,Pay_As_Bid,Unknown,15.00,0.00,RUB,Fixed,,,,,0.00,250.00,,PV,Unknown,0.00,100.00,100.00,100%,40%,2013,,,12/31/2017,
Round 1 Wind - Commissioning Year 2017,Completed,Russia,Rest of World,Wind,,Auction,Pay_As_Bid,Unknown,15.00,0.00,RUB,Fixed,,,,,0.00,500.00,,Onshore wind,Unknown,0.00,90.00,90.00,100%,18%,2013,,,12/31/2017,
Round 1 Wind - Commissioning Year 2016,Completed,Russia,Rest of World,Wind,,Auction,Pay_As_Bid,Unknown,15.00,0.00,RUB,Fixed,,,,,0.00,250.00,,Onshore wind,Unknown,0.00,15.00,15.00,100%,6%,2014,,,12/31/2016,
Round 2 Small Hydro - Commissioning Year 2018,Completed,Russia,Rest of World,Hydro,,Auction,Pay_As_Bid,Unknown,15.00,0.00,RUB,Fixed,,,,,0.00,270.00,,Run of river,Unknown,0.00,285.00,285.00,100%,106%,2014,,,12/31/2018,
Round 2 Solar - Commissioning Year 2015,Completed,Russia,Rest of World,Solar,,Auction,Pay_As_Bid,Unknown,15.00,0.00,RUB,Fixed,,,,,0.00,140.00,,PV,Unknown,0.00,25.00,25.00,100%,18%,2014,,,12/31/2015,
Round 2 Solar - Commissioning Year 2016,Completed,Russia,Rest of World,Solar,,Auction,Pay_As_Bid,Unknown,15.00,0.00,RUB,Fixed,,,,,0.00,200.00,,PV,Unknown,0.00,40.00,40.00,100%,20%,2014,,,1/1/2016,
Round 2 Solar - Commissioning Year 2017,Completed,Russia,Rest of World,Solar,,Auction,Pay_As_Bid,Unknown,15.00,0.00,RUB,Fixed,,,,,0.00,250.00,,PV,Unknown,0.00,155.00,155.00,100%,62%,2014,,,12/31/2017,
Round 2 Solar - Commissioning Year 2018,Completed,Russia,Rest of World,Solar,,Auction,Pay_As_Bid,Unknown,15.00,0.00,RUB,Fixed,,,,,0.00,124.00,,PV,Unknown,0.00,20.64,20.64,100%,17%,2014,,,12/31/2017,
Round 2 Wind - Commissioning Year 2015,Completed,Russia,Rest of World,Wind,,Auction,Pay_As_Bid,Unknown,15.00,0.00,RUB,Fixed,,,,,0.00,250.00,,Onshore wind,Unknown,0.00,51.00,51.00,100%,20%,2015,,,12/31/2015,
Round 3 Small Hydro - Commissioning Year 2019,Completed,Russia,Rest of World,Hydro,,Auction,Pay_As_Bid,Unknown,15.00,0.00,RUB,Fixed,,,,,0.00,159.00,,Run of river,Unknown,0.00,49.80,49.80,100%,31%,2015,,,12/31/2019,
Round 3 Solar - Commissioning Year 2016,Completed,Russia,Rest of World,Solar,,Auction,Pay_As_Bid,Unknown,15.00,0.00,RUB,Fixed,,,,,0.00,11.00,,PV,Unknown,0.00,10.00,10.00,100%,91%,2015,,,12/31/2016,
Round 3 Solar - Commissioning Year 2019,Completed,Russia,Rest of World,Solar,,Auction,Pay_As_Bid,Unknown,15.00,0.00,RUB,Fixed,,,,,0.00,270.00,,PV,Unknown,0.00,270.00,270.00,100%,100%,2015,,,12/31/2019,
Round 3 Wind - Commissioning Year 2016,Completed,Russia,Rest of World,Wind,,Auction,Pay_As_Bid,Unknown,15.00,0.00,RUB,Fixed,,,,,0.00,35.00,,Onshore wind,Unknown,0.00,35.00,35.00,100%,100%,2016,,,12/31/2016,
Round 4 Wind - Commissioning Year 2019,Completed,Russia,Rest of World,Wind,,Auction,Pay_As_Bid,Unknown,15.00,0.00,RUB,Fixed,,,,,0.00,500.00,,Onshore wind,Unknown,0.00,200.00,200.00,100%,40%,2016,,,12/31/2019,
Round 4 Wind - Commissioning Year 2020,Completed,Russia,Rest of World,Wind,,Auction,Pay_As_Bid,Unknown,15.00,0.00,RUB,Fixed,,,,,0.00,500.00,,Onshore wind,Unknown,0.00,260.00,260.00,100%,52%,2016,,,12/31/2020,
Round 4 Wind - Commissioning Year 2018,Completed,Russia,Rest of World,Wind,,Auction,Pay_As_Bid,Unknown,15.00,0.00,RUB,Fixed,,,,,0.00,400.00,,Onshore wind,Unknown,0.00,150.00,150.00,100%,38%,2017,,,12/31/2018,
Round 5 Small Hydro - Commissioning Year 2021,Completed,Russia,Rest of World,Hydro,,Auction,Pay_As_Bid,Unknown,15.00,0.00,RUB,Fixed,,,,,0.00,35.60,,Run of river,Unknown,0.00,24.90,24.90,100%,70%,2017,,,12/31/2021,
Round 5 Small Hydro - Commissioning Year 2022,Completed,Russia,Rest of World,Hydro,,Auction,Pay_As_Bid,Unknown,15.00,0.00,RUB,Fixed,,,,,0.00,138.96,,Run of river,Unknown,0.00,24.90,24.90,100%,18%,2017,,,12/31/2022,
Round 5 Solar - Commissioning Year 2020,Completed,Russia,Rest of World,Solar,,Auction,Pay_As_Bid,Unknown,15.00,0.00,RUB,Fixed,,,,,0.00,270.00,,PV,Unknown,0.00,295.00,295.00,100%,109%,2017,,,12/31/2020,
Round 5 Solar - Commissioning Year 2021,Completed,Russia,Rest of World,Solar,,Auction,Pay_As_Bid,Unknown,15.00,0.00,RUB,Fixed,,,,,0.00,162.60,,PV,Unknown,0.00,100.00,100.00,100%,62%,2017,,,12/31/2021,
Round 5 Solar - Commissioning Year 2022,Completed,Russia,Rest of World,Solar,,Auction,Pay_As_Bid,Unknown,15.00,0.00,RUB,Fixed,,,,,0.00,162.60,,PV,Unknown,0.00,125.00,125.00,100%,77%,2017,,,12/31/2022,
Round 5 Wind - Commissioning Year 2019,Completed,Russia,Rest of World,Wind,,Auction,Pay_As_Bid,Unknown,15.00,0.00,RUB,Fixed,,,,,0.00,300.00,,Onshore wind,Unknown,0.00,200.00,200.00,100%,67%,2017,,,12/31/2019,
Round 5 Wind - Commissioning Year 2020,Completed,Russia,Rest of World,Wind,,Auction,Pay_As_Bid,Unknown,15.00,0.00,RUB,Fixed,,,,,0.00,350.00,,Onshore wind,Unknown,0.00,380.09,380.09,100%,109%,2017,,,12/31/2020,
Round 5 Wind - Commissioning Year 2021,Completed,Russia,Rest of World,Wind,,Auction,Pay_As_Bid,Unknown,15.00,0.00,RUB,Fixed,,,,,0.00,500.00,,Onshore wind,Unknown,0.00,490.97,490.97,100%,98%,2017,,,12/31/2021,
Round 5 Wind - Commissioning Year 2022,Completed,Russia,Rest of World,Wind,,Auction,Pay_As_Bid,Unknown,15.00,0.00,RUB,Fixed,,,,,0.00,500.00,,Onshore wind,Unknown,0.00,530.00,530.00,100%,106%,2017,,,12/31/2022,
Round 5 Wind - Commissioning Year 2018,Completed,Russia,Rest of World,Wind,,Auction,Pay_As_Bid,Unknown,15.00,0.00,RUB,Fixed,,,,,0.00,250.00,,Onshore wind,Unknown,0.00,50.00,50.00,100%,20%,2018,,,12/31/2018,
Round 6 Small Hydro - Commissioning Year 2020,Completed,Russia,Rest of World,Hydro,,Auction,Pay_As_Bid,Unknown,15.00,0.00,RUB,Fixed,,,,,0.00,16.00,,Run of river,Unknown,0.00,16.00,16.00,100%,100%,2018,,,12/31/2020,
Round 6 Small Hydro - Commissioning Year 2023,Completed,Russia,Rest of World,Hydro,,Auction,Pay_As_Bid,Unknown,15.00,0.00,RUB,Fixed,,,,,0.00,23.73,,Run of river,Unknown,0.00,23.73,23.73,100%,100%,2018,,,12/31/2023,
Round 6 Solar - Commissioning Year 2019,Completed,Russia,Rest of World,Solar,,Auction,Pay_As_Bid,Unknown,15.00,0.00,RUB,Fixed,,,,,0.00,38.50,,PV,Unknown,0.00,38.50,38.50,100%,100%,2018,,,12/31/2019,
Round 6 Solar - Commissioning Year 2022,Completed,Russia,Rest of World,Solar,,Auction,Pay_As_Bid,Unknown,15.00,0.00,RUB,Fixed,,,,,0.00,32.00,,PV,Unknown,0.00,32.00,32.00,100%,100%,2018,,,12/31/2022,
Round 6 Wind - Commissioning Year 2019,Completed,Russia,Rest of World,Wind,,Auction,Pay_As_Bid,Unknown,15.00,0.00,RUB,Fixed,,,,,0.00,108.80,,Onshore wind,Unknown,0.00,108.80,108.80,100%,100%,2018,,,12/31/2019,
Round 6 Wind - Commissioning Year 2021,Completed,Russia,Rest of World,Wind,,Auction,Pay_As_Bid,Unknown,15.00,0.00,RUB,Fixed,,,,,0.00,246.80,,Onshore wind,Unknown,0.00,246.80,246.80,100%,100%,2018,,,12/31/2021,
Round 6 Wind - Commissioning Year 2023,Completed,Russia,Rest of World,Wind,,Auction,Pay_As_Bid,Unknown,15.00,0.00,RUB,Fixed,,,,,0.00,497.70,,Onshore wind,Unknown,0.00,497.70,497.70,100%,100%,2018,,,12/31/2023,
Round 6 Solar - Commissioning Year 2021,Completed,Russia,Rest of World,Solar,,Auction,Pay_As_Bid,Unknown,15.00,0.00,RUB,Fixed,,,,,0.00,78.00,,PV,Unknown,0.00,78.00,78.00,100%,100%,2019,,,12/31/2021,
Round 7 Solar - Commissioning Year 2022,Completed,Russia,Rest of World,Solar,,Auction,Pay_As_Bid,Unknown,15.00,0.00,RUB,Fixed,,,,,0.00,5.60,,PV,Unknown,0.00,5.60,5.60,100%,100%,2019,,,12/31/2022,
Round 7 Wind - Commissioning Year 2024,Completed,Russia,Rest of World,Wind,,Auction,Pay_As_Bid,Unknown,15.00,0.00,RUB,Fixed,,,,,0.00,71.25,,Onshore wind,Unknown,0.00,71.25,71.25,100%,100%,2019,,,12/31/2024,
Round 7 Small Hydro - Commissioning Year 2022,Completed,Russia,Rest of World,Hydro,,Auction,Pay_As_Bid,Unknown,15.00,0.00,RUB,Fixed,,,,,0.00,8.10,,Run of river,Unknown,0.00,8.10,8.10,100%,100%,2020,,,12/31/2022,
Round 8 Small Hydro - Commissioning Year 2028,Completed,Russia,Rest of World,Hydro,,Auction,Pay_As_Bid,Unknown,15.00,0.00,RUB,Fixed,,,,,0.00,96.00,,Run of river,Unknown,0.00,96.00,96.00,100%,100%,2021,,,12/31/2028,
Round 8 Solar - Commissioning Year 2024,Completed,Russia,Rest of World,Solar,,Auction,Pay_As_Bid,Unknown,15.00,0.00,RUB,Fixed,,,,,0.00,775.00,,PV,Unknown,0.00,775.00,775.00,100%,100%,2021,,,12/31/2024,
Round 8 Wind - Commissioning Year 2027,Completed,Russia,Rest of World,Wind,,Auction,Pay_As_Bid,Unknown,15.00,0.00,RUB,Fixed,,,,,0.00,1851.00,,Onshore wind,Unknown,0.00,1851.00,1851.00,100%,100%,2021,,,12/31/2027,
Seychelles Floating-Solar PV Tender,Completed,Seychelles,Rest of World,Solar,,Project_Tender,Unknown,Power_Purchase_Agreement,25.00,0.00,USD,Unknown,"The Seychelles Minister of Environment, Energy and Climate Change announced the launch of a tender for  the right to develop, finance, own and operate a 4MW salt-water floating solar PV tender. The project would be grid-connected and located in le Rocher Lagoon, Mahé.  The African Legal Support Facility (ALSF) will provide support and technical guidance for this project. In June 2019, it was announced that a request for proposals was issued to a group of pre-qualified bidders. Bidders are required to submit their full technical and financial proposals in September 2019 with an expected tender award in November 2019. Construction would start soon after, with commissioning slated for sometime in 2020.",95.00,95.00,,0.00,4.00,,PV,Unknown,,4.00,,#N/A,100%,2020,2018,,,95
Uzbekistan IFC-Supported Solar Tender 1,Completed,Uzbekistan,Rest of World,Solar,,Project_Tender,Pay_As_Bid,Power_Purchase_Agreement,15.00,0.00,USD,Unknown,,27.00,27.00,,0.00,100.00,,PV,Technology specific,0.00,100.00,100.00,100%,100%,2014,,,,27
Uzbekistan IFC-Supported Solar Tender 2,Completed,Uzbekistan,Rest of World,Solar,,Project_Tender,Pay_As_Bid,Power_Purchase_Agreement,25.00,0.00,USD,Unknown,"In October 2019, the Uzebk government and the International Finance Corporation announced plans to launch a PPP tender for two solar projects with generation capacities of up to 200MW each in the Samarkand and Kizzakh regions. Masdar won both projects.",18.07,18.07,,0.00,400.00,,PV,Technology specific,,400.00,,0%,100%,2020,2019,2/24/2020,,18.07
Uzbekistan IFC-Supported Solar Tender 3,Completed,Uzbekistan,Rest of World,Solar,,Project_Tender,Pay_As_Bid,Power_Purchase_Agreement,15.00,0.00,USD,Unknown,"In October 2019, the Uzebk government and the International Finance Corporation announced plans to launch a PPP tender for two solar projects with generation capacities of up to 200MW each, to be followed by a second 500MW round. The weighted average price of the winning projects was $35.48/MWh",35.48,35.48,,0.00,500.00,,PV,Technology specific,,500.00,,0%,100%,2022,2019,7/14/2022,,35.48
Uzbekistan 2021 100MW Wind Tender ,Completed,Uzbekistan,Rest of World,Wind,Standalone,Project_Tender,Unknown,Unknown,15.00,0.00,USD,Unknown,ACWA Power won the contract to build a 100 MW wind power plant in the Karaozak district of Uzbekistan. ,2.57,2.57,,,100.00,,Onshore wind,Technology specific,,100.00,100.00,100%,100%,2021,2020,1/31/2021,,2.57
Uzbekistan 2023 200MW Wind Tender,Completed,Uzbekistan,Rest of World,Co_Located,Co-located,Project_Tender,Unknown,Unknown,15.00,0.00,USD,Unknown,ACWA Power won the contract to build a 200 MW wind power plant in the Karaozak and Beruniy districts of Uzbekistan. The project will be financed by the European Bank for Reconstruction and Development.,4.09,4.09,,,200.00,,Wind and storage,Technology specific,,200.00,400.00,200%,100%,2023,2022,11/22/2023,,4.09
Korea PV Auction Round 12 (1H 2017),Completed,South Korea,South Korea,Solar,,Auction,Unknown,Unknown,20.00,0.00,KRW,Fixed,First fixed price capacity auction,181595.00,160.63,,,,,PV,Unknown,0.00,250.46,490.00,196%,#N/A,2017,,,31/12/2019,160.6324635
Korea PV Auction Round 13 (2H 2017),Completed,South Korea,South Korea,Solar,,Auction,Unknown,Unknown,20.00,0.00,KRW,Fixed,Mainland average price,184595.00,163.29,,,,,PV,Unknown,0.00,251.20,752.00,299%,#N/A,2017,,,31/12/2019,163.2861566
Korea PV Auction Round 14 (1H 2018),Completed,South Korea,South Korea,Solar,,Auction,Unknown,Unknown,20.00,0.00,KRW,Fixed,Mainland average price,179965.00,163.52,,,,,PV,Unknown,0.00,250.65,1078.00,430%,#N/A,2018,,,31/12/2020,163.516841
Korea PV Auction Round 15 (2H 2018),Completed,South Korea,South Korea,Solar,,Auction,Unknown,Unknown,20.00,0.00,KRW,Fixed,Mainland average price,173982.00,158.08,,,,,PV,Unknown,0.00,351.44,351.44,100%,#N/A,2018,,,31/12/2020,158.0806658
Korea PV Auction Round 16 (1H 2019),Completed,South Korea,South Korea,Solar,,Auction,Unknown,Unknown,20.00,0.00,KRW,Fixed,Mainland average price,167333.00,143.50,,,,,PV,Unknown,0.00,350.55,350.55,100%,#N/A,2019,,,31/12/2021,143.4955236
Korea PV Auction Round 17 (2H 2019),Completed,South Korea,South Korea,Solar,,Auction,Unknown,Unknown,20.00,0.00,KRW,Fixed,Mainland average price,167333.00,143.50,,,,,PV,Unknown,0.00,501.36,501.36,100%,#N/A,2019,,,31/12/2021,143.4955236
Korea PV Auction Round 18 (1H 2020),Completed,South Korea,South Korea,Solar,,Auction,Unknown,Unknown,20.00,0.00,KRW,Fixed,Mainland average price,144000.00,122.03,,,,,PV,Unknown,0.00,1206.64,1206.64,100%,#N/A,2020,,,31/12/2022,122.0297617
Korea PV Auction Round 19 (2H 2020),Completed,South Korea,South Korea,Solar,,Auction,Unknown,Unknown,20.00,0.00,KRW,Fixed,Mainland average price,144000.00,122.03,,,,,PV,Unknown,0.00,1415.07,1415.07,100%,#N/A,2020,,,31/12/2022,122.0297617
Korea PV Auction Round 20 (1H 2021),Completed,South Korea,South Korea,Solar,,Auction,Unknown,Unknown,20.00,0.00,KRW,Fixed,Mainland average price,143039.00,124.97,,,,,PV,Unknown,0.00,2053.27,2053.27,100%,#N/A,2021,,,31/12/2023,124.9674562
South Korea Wind Auction Round 1 (2022),Completed,South Korea,South Korea,Wind,,Auction,Unknown,Unknown,20.00,0.00,KRW,Fixed,"Average price undisclosed, attached price is ceiling price. Onshore and offshore compete in same auction.",169500.00,131.16,,,,,Offshore wind,Unknown,0.00,0.00,99.00,#N/A,#N/A,2022,,,31/12/2024,131.16251
South Korea Wind Auction Round 1 (2022),Completed,South Korea,South Korea,Wind,,Auction,Unknown,Unknown,20.00,0.00,KRW,Fixed,"Average price undisclosed, attached price is ceiling price",169500.00,131.16,,,,,Onshore wind,Unknown,0.00,374.40,613.00,164%,#N/A,2022,,,31/12/2024,131.16251
Korea PV Auction Round 20 (1H 2022),Completed,South Korea,South Korea,Solar,,Auction,Unknown,Unknown,20.00,0.00,KRW,Fixed,Split by project size: 1) Sub-100KW: 238MW (18% of total) 2) Sub-500KW: 287MW (21% of total) 3) Sub-3MW: 491MW (36% of total) 4) Above-3MW: 338MW (25% of total,155211.00,120.11,,,,,PV,Unknown,0.00,1355.00,1381.00,102%,#N/A,2022,,,31/12/2024,120.1053943
Korea PV Auction Round 20 (1H 2023),Completed,South Korea,South Korea,Solar,,Auction,Unknown,Unknown,20.00,0.00,KRW,Fixed,Average contract price,151618.00,116.10,,1000.00,1000.00,,PV,Unknown,,298.00,272.00,91%,30%,2023,2023,,31/12/2025,116.0978598
Korea PV Auction Round 20 (2H 2023),Completed,South Korea,South Korea,Solar,,Auction,Unknown,Unknown,20.00,0.00,KRW,Fixed,Average contract price,150947.00,115.58,,1000.00,1000.00,,PV,Unknown,,65.70,59.60,91%,7%,2023,,,,115.5840576
Korea PV Auction Round 20 (2H 2024),Completed,South Korea,South Korea,Solar,,Auction,Unknown,Unknown,20.00,0.00,KRW,Fixed,Average contract price,155269.00,113.78,,1000.00,1000.00,,PV,Unknown,,80.00,71.69,90%,8%,2024,,,,113.7835263
South Korea Onshore Wind Auction Round 2 (2023),Completed,South Korea,South Korea,Wind,,Auction,Unknown,Unknown,20.00,0.00,KRW,Fixed,Undisclosed,,,,400.00,400.00,,Onshore wind,Unknown,,379.40,151.80,40%,95%,2023,,,,
South Korea Offshore Wind Auction Round 2 (2023),Completed,South Korea,South Korea,Wind,,Auction,Unknown,Unknown,20.00,0.00,KRW,Fixed,Undisclosed,,,,1500.00,1500.00,,Offshore wind,Unknown,,2067.00,1431.00,69%,138%,2023,,,,
South Korea Onshore Wind Auction Round 3 (2024),Completed,South Korea,South Korea,Wind,,Auction,Unknown,Unknown,20.00,0.00,KRW,Fixed,Mainland ceiling price,165143.00,121.02,,300.00,300.00,,Onshore wind,Unknown,,199.40,199.40,100%,66%,2024,,,,121.0193463
South Korea Offshore Wind Auction Round 3 (2024),Completed,South Korea,South Korea,Wind,,Auction,Unknown,Unknown,20.00,0.00,KRW,Fixed,Mainland ceiling price,176565.00,129.39,,1500.00,1500.00,,Offshore wind,Unknown,,2413.85,1886.00,78%,161%,2024,,,,129.3895647
Cambodia Solar Park Tender Phase 1,Completed,Cambodia,Southeast Asia,Solar,,Project_Tender,Unknown,Unknown,15.00,0.00,USD,Unknown,,38.77,38.77,,0.00,60.00,,PV,Unknown,0.00,60.00,60.00,100%,100%,2019,,,,38.77
Cambodia National Solar Park Program Phase II,Completed,Cambodia,Southeast Asia,Solar,,Project_Tender,Unknown,Unknown,15.00,0.00,KHR,Unknown,"On June 27, 2017, the Asian Development Bank announced the support for the new National Solar Park Program in Cambodia. The 100MW program will be implemented in two phases of 40MW and 60MW respectively. On December 1, 2020, Electricite du Cambodge issued the tender for the 40MW solar park project.",,,,0.00,40.00,,PV,Unknown,0.00,40.00,40.00,100%,100%,2021,,,,
Indonesia PLN IP Hijaunesia 1,Completed,Indonesia,Southeast Asia,Solar,Standalone,Project_Tender,Pay_As_Bid,Power_Purchase_Agreement,30.00,0.00,USD,Fixed,Capacity in MWac,37.10,37.10,,,150.00,,PV,Technology specific,,150.00,150.00,100%,100%,2020,2020,,,37.1
Indonesia PLN IP Hijaunesia 2 - Solar,Completed,Indonesia,Southeast Asia,Solar,Standalone,Project_Tender,Pay_As_Bid,Power_Purchase_Agreement,30.00,0.00,IDR,Fixed,"This auction is technically completed as the application window has closed and at least one winner has been announced. However, there was never an official statement stating that the auction is complete.",,,,,1000.00,,PV,Technology specific,,100.00,,0%,10%,2023,2023,3/9/2023,,
Indonesia PLN IP Hijaunesia 2 - Wind,Completed,Indonesia,Southeast Asia,Wind,Standalone,Project_Tender,Pay_As_Bid,Power_Purchase_Agreement,30.00,0.00,IDR,Fixed,"This auction is technically completed as the application window has closed and at least one winner has been announced. However, there was never an official statement stating that the auction is complete.",,,,,60.00,,Onshore wind,Technology specific,,,,,,2023,2023,3/9/2023,,
Indonesia PLN NP Karangkates Floating PV,Completed,Indonesia,Southeast Asia,Solar,Standalone,Project_Tender,Pay_As_Bid,Power_Purchase_Agreement,30.00,0.00,USD,Fixed,Capacity in MWac,,,,,100.00,,PV,Technology specific,,100.00,100.00,100%,100%,2023,2023,1/16/2023,,
Indonesia PLN NP Project X Nusantara - Solar,Delayed,Indonesia,Southeast Asia,Solar,Standalone,Project_Tender,Pay_As_Bid,Power_Purchase_Agreement,30.00,0.00,IDR,Fixed,,,,,,725.60,,PV,Technology specific,,,,,,2024,2024,9/24/2024,,
Indonesia PLN NP Project X Nusantara - Hydro,Delayed,Indonesia,Southeast Asia,Hydro,Standalone,Project_Tender,Pay_As_Bid,Power_Purchase_Agreement,30.00,0.00,IDR,Fixed,,,,,,500.00,,Dam,Technology specific,,,,,,2024,2024,9/24/2024,,
Indonesia ESDM Solar 2013,Completed,Indonesia,Southeast Asia,Solar,Standalone,Project_Tender,Pay_As_Bid,Power_Purchase_Agreement,30.00,0.00,USD,Fixed,"15MW awarded, then auction canceled due to a lawsuit",,,,,142.00,,PV,Technology specific,,15.00,15.00,100%,11%,2013,2013,10/30/2013,6/30/2014,
Indonesia PLN Solar Sumatra 2017,Cancelled,Indonesia,Southeast Asia,Solar,Standalone,Project_Tender,Pay_As_Bid,Power_Purchase_Agreement,30.00,0.00,USD,Fixed,Canceled as PLN's grid is not ready to absorb intermittent power,,,,,167.58,,PV,Technology specific,,0.00,0.00,,,2017,2017,5/31/2017,,
Indonesia PLN Solar Bali 2019,Completed,Indonesia,Southeast Asia,Solar,Standalone,Project_Tender,Pay_As_Bid,Power_Purchase_Agreement,20.00,0.00,USD,Fixed,,57.60,57.60,,,50.00,,PV,Technology specific,,50.00,50.00,100%,100%,2019,2019,7/1/2019,,57.6
Indonesia PLN NP Wind Tanah Laut,Completed,Indonesia,Southeast Asia,Co_Located,Co-located,Project_Tender,Pay_As_Bid,Power_Purchase_Agreement,30.00,0.00,USD,Fixed,,55.00,55.00,,,70.00,10,Wind and storage,Co-location,,70.00,70.00,100%,100%,2022,2022,,12/31/2025,55
Indonesia PLN NR Solar Tembesi,Completed,Indonesia,Southeast Asia,Solar,Standalone,Project_Tender,Pay_As_Bid,Power_Purchase_Agreement,25.00,0.00,USD,Fixed,,,,,,46.00,,PV,Technology specific,,46.00,46.00,100%,100%,2022,2022,9/16/2022,3/31/2025,
Indonesia PLN NR Solar Duriangkang,Completed,Indonesia,Southeast Asia,Solar,Standalone,Project_Tender,Pay_As_Bid,Power_Purchase_Agreement,25.00,0.00,USD,Fixed,,,,,,120.00,,PV,Technology specific,,120.00,120.00,100%,100%,2022,2022,9/16/2022,,
Indonesia PLN NR Solar Cirata,Completed,Indonesia,Southeast Asia,Solar,Standalone,Project_Tender,Pay_As_Bid,Power_Purchase_Agreement,25.00,0.00,USD,Fixed,Capacity in MWac,58.00,58.00,,,145.00,,PV,Technology specific,,145.00,145.00,100%,100%,2019,2019,7/1/2019,12/31/2021,58
Indonesia ESDM Geothermal 2015,Completed,Indonesia,Southeast Asia,Renewables_Other,Standalone,Project_Tender,Pay_As_Bid,Power_Purchase_Agreement,30.00,0.00,USD,Fixed,,115.00,115.00,,,315.00,,Geothermal,Technology specific,,220.00,385.00,175%,70%,2015,2015,7/1/2015,12/31/2022,115
Indonesia ESDM Geothermal 2016,Completed,Indonesia,Southeast Asia,Renewables_Other,Standalone,Project_Tender,Pay_As_Bid,Power_Purchase_Agreement,30.00,0.00,USD,Fixed,,127.50,127.50,,,520.00,,Geothermal,Technology specific,,260.00,280.00,108%,50%,2016,2016,4/25/2016,12/31/2024,127.5
Indonesia ESDM Geothermal 2019,Completed,Indonesia,Southeast Asia,Renewables_Other,Standalone,Project_Tender,Pay_As_Bid,Power_Purchase_Agreement,30.00,0.00,USD,Fixed,No bids received,,,,,95.00,,Geothermal,Technology specific,,0.00,0.00,,,2019,2019,10/21/2019,,
Indonesia ESDM Geothermal 2022,Completed,Indonesia,Southeast Asia,Renewables_Other,Standalone,Project_Tender,Pay_As_Bid,Power_Purchase_Agreement,30.00,0.00,USD,Fixed,,,,,,75.00,,Geothermal,Technology specific,,55.00,55.00,100%,73%,2022,2022,12/20/2022,,
Indonesia ESDM Geothermal 2023,Completed,Indonesia,Southeast Asia,Renewables_Other,Standalone,Project_Tender,Pay_As_Bid,Power_Purchase_Agreement,30.00,0.00,USD,Fixed,No bids received,,,,,20.00,,Geothermal,Technology specific,,0.00,0.00,,,2023,2023,1/30/2023,,
Indonesia ESDM Geothermal 2024,Completed,Indonesia,Southeast Asia,Renewables_Other,Standalone,Project_Tender,Pay_As_Bid,Power_Purchase_Agreement,30.00,0.00,USD,Fixed,,,,,,180.00,,Geothermal,Technology specific,,180.00,220.00,122%,100%,2024,2024,2/28/2024,,
Malaysia Large Scale Solar Photovoltaic Round 1,Completed,Malaysia,Southeast Asia,Solar,Standalone,Project_Tender,Pay_As_Bid,Power_Purchase_Agreement,21.00,0.00,MYR,Fixed,Capacity in MWac,425.16,102.61,,,300.00,,PV,Technology specific,,450.90,1292.80,287%,150%,2016,2016,5/26/2016,12/31/2018,102.6089055
Malaysia Large Scale Solar Photovoltaic Round 2,Completed,Malaysia,Southeast Asia,Solar,Standalone,Project_Tender,Pay_As_Bid,Power_Purchase_Agreement,21.00,0.00,MYR,Fixed,Capacity in MWac,,,,,460.00,,PV,Technology specific,,562.20,1632.20,290%,122%,2017,2017,2/20/2017,12/31/2020,
Malaysia Large Scale Solar Photovoltaic Round 3,Completed,Malaysia,Southeast Asia,Solar,Standalone,Project_Tender,Pay_As_Bid,Power_Purchase_Agreement,21.00,0.00,MYR,Fixed,Capacity in MWac,,,,,500.00,,PV,Technology specific,,491.00,6731.00,1371%,98%,2019,2019,2/14/2019,12/31/2021,
Malaysia Large Scale Solar Photovoltaic Round 4,Completed,Malaysia,Southeast Asia,Solar,Standalone,Project_Tender,Pay_As_Bid,Power_Purchase_Agreement,21.00,0.00,MYR,Fixed,Capacity in MWac,,,,,1000.00,,PV,Technology specific,,823.00,5374.40,653%,82%,2020,2020,5/31/2020,12/31/2023,
Malaysia Large Scale Solar Photovoltaic Round 5,Completed,Malaysia,Southeast Asia,Solar,Standalone,Project_Tender,Pay_As_Bid,Power_Purchase_Agreement,21.00,0.00,MYR,Fixed,"Capacity in Mwac. This auction is complete, but the winners and amount of allocated capacity were not publicized. From news reports and exchange filings, we know at least 1,489MWac was awarded.",,,,,2000.00,,PV,Technology specific,,,,,,2024,2024,4/1/2024,12/31/2027,
Malaysia Large Scale Solar Photovoltaic Round 5+,Announced,Malaysia,Southeast Asia,Solar,Standalone,Project_Tender,Pay_As_Bid,Power_Purchase_Agreement,21.00,0.00,MYR,Fixed,Capacity in MWac,,,,,2000.00,,PV,Technology specific,,,,,,2025,2025,1/20/2025,12/31/2027,
Malaysia Large Scale Solar Photovoltaic Round 6,Announced,Malaysia,Southeast Asia,Solar,Standalone,Project_Tender,Pay_As_Bid,Power_Purchase_Agreement,21.00,0.00,MYR,Fixed,,,,,,,,PV,Technology specific,,,,,,2025,2025,,,
Malaysia Battery Energy Storage System Round 1,Announced,Malaysia,Southeast Asia,Energy_Storage,Standalone,Project_Tender,Pay_As_Bid,Power_Purchase_Agreement,15.00,0.00,MYR,Fixed,,,,,,400.00,1600,Battery storage,Technology specific,,,,,,2025,2024,,12/31/2026,
Malaysia Large Scale Solar Sabah Round 1,Completed,Malaysia,Southeast Asia,Solar,Standalone,Auction,Pay_As_Bid,Power_Purchase_Agreement,25.00,0.00,MYR,Fixed,Capacity in MWac,,,,,100.00,,PV,Technology specific,,199.00,199.00,100%,199%,2024,2024,5/27/2024,12/31/2026,
Malaysia SEDA FiT 2018 Biogas,Completed,Malaysia,Southeast Asia,Clean_Fuels,Standalone,Auction,Pay_As_Bid,Fixed_Feed_In_Tariff,21.00,0.00,MYR,Fixed,,,,,,30.00,,Biogas,Technology specific,,,,,,2018,2018,11/19/2018,12/31/2021,
Malaysia SEDA FiT 2019 Small Hydro,Completed,Malaysia,Southeast Asia,Hydro,Standalone,Auction,Pay_As_Bid,Fixed_Feed_In_Tariff,21.00,0.00,MYR,Fixed,,251.80,60.79,,,160.00,,Run of river,Technology specific,,176.80,243.70,138%,111%,2019,2019,9/2/2019,12/31/2024,60.79042032
Malaysia SEDA FiT 2019 Biogas,Completed,Malaysia,Southeast Asia,Clean_Fuels,Standalone,Auction,Pay_As_Bid,Fixed_Feed_In_Tariff,21.00,0.00,MYR,Fixed,,256.50,61.93,,,30.00,,Biogas,Technology specific,,31.20,47.60,153%,104%,2019,2019,7/15/2019,12/31/2022,61.92511045
Malaysia SEDA FiT 2020 Small Hydro,Completed,Malaysia,Southeast Asia,Hydro,Standalone,Auction,Pay_As_Bid,Fixed_Feed_In_Tariff,21.00,0.00,MYR,Fixed,,262.40,62.47,,,116.00,,Run of river,Technology specific,,248.00,313.00,126%,214%,2020,2020,6/9/2020,,62.46577951
Malaysia SEDA FiT 2020 Biogas,Completed,Malaysia,Southeast Asia,Clean_Fuels,Standalone,Auction,Pay_As_Bid,Fixed_Feed_In_Tariff,21.00,0.00,MYR,Fixed,,253.00,60.23,,,30.00,,Biogas,Technology specific,,28.20,29.30,104%,94%,2020,2020,3/18/2020,,60.22805723
Malaysia SEDA FiT 2021 Small Hydro,Completed,Malaysia,Southeast Asia,Hydro,Standalone,Auction,Pay_As_Bid,Fixed_Feed_In_Tariff,21.00,0.00,MYR,Fixed,,242.20,58.42,,,126.00,,Run of river,Technology specific,,115.35,115.35,100%,92%,2021,2021,6/1/2021,,58.4219794
Malaysia SEDA FiT 2021 Biogas,Completed,Malaysia,Southeast Asia,Clean_Fuels,Standalone,Auction,Pay_As_Bid,Fixed_Feed_In_Tariff,21.00,0.00,MYR,Fixed,,246.80,59.53,,,31.80,,Biogas,Technology specific,,29.80,29.80,100%,94%,2021,2021,6/8/2021,,59.53156282
Malaysia SEDA FiT 2021 Biomass,Completed,Malaysia,Southeast Asia,Biomass_And_Waste,Standalone,Auction,Pay_As_Bid,Fixed_Feed_In_Tariff,21.00,0.00,MYR,Fixed,,276.10,66.60,,,30.00,,Biomass,Technology specific,,29.50,29.50,100%,98%,2021,2021,6/22/2021,,66.59912681
Malaysia SEDA FiT 2022 Small Hydro,Completed,Malaysia,Southeast Asia,Hydro,Standalone,Auction,Pay_As_Bid,Fixed_Feed_In_Tariff,21.00,0.00,MYR,Fixed,,235.10,53.43,,,127.00,,Run of river,Technology specific,,69.60,69.60,100%,55%,2022,2022,8/2/2022,12/31/2027,53.42817535
Malaysia SEDA FiT 2022 Biogas,Completed,Malaysia,Southeast Asia,Clean_Fuels,Standalone,Auction,Pay_As_Bid,Fixed_Feed_In_Tariff,21.00,0.00,MYR,Fixed,,247.70,56.29,,,30.00,,Biogas,Technology specific,,28.90,28.90,100%,96%,2022,2022,8/9/2022,12/31/2025,56.29161648
Malaysia SEDA FiT 2022 Biomass,Completed,Malaysia,Southeast Asia,Biomass_And_Waste,Standalone,Auction,Pay_As_Bid,Fixed_Feed_In_Tariff,21.00,0.00,MYR,Fixed,,274.10,62.29,,,30.00,,Biomass,Technology specific,,12.90,12.90,100%,43%,2022,2022,8/9/2022,12/31/2025,62.29120742
Malaysia SEDA FiT 2023 Small Hydro,Completed,Malaysia,Southeast Asia,Hydro,Standalone,Auction,Pay_As_Bid,Fixed_Feed_In_Tariff,21.00,0.00,MYR,Fixed,,,,,,100.00,,Run of river,Technology specific,,0.00,29.30,#N/A,0%,2023,2023,7/5/2023,,
Malaysia SEDA FiT 2023 Biogas,Completed,Malaysia,Southeast Asia,Clean_Fuels,Standalone,Auction,Pay_As_Bid,Fixed_Feed_In_Tariff,21.00,0.00,MYR,Fixed,,269.30,58.98,,,40.00,,Biogas,Technology specific,,29.50,38.50,131%,74%,2023,2023,7/5/2023,,58.98199658
Malaysia SEDA FiT 2023 Biomass,Completed,Malaysia,Southeast Asia,Biomass_And_Waste,Standalone,Auction,Pay_As_Bid,Fixed_Feed_In_Tariff,21.00,0.00,MYR,Fixed,,280.00,61.33,,,40.00,,Biomass,Technology specific,,7.00,17.00,243%,18%,2023,2023,7/5/2023,,61.32550703
Malaysia SEDA FiT 2024 Small Hydro,Completed,Malaysia,Southeast Asia,Hydro,Standalone,Auction,Pay_As_Bid,Fixed_Feed_In_Tariff,21.00,0.00,MYR,Fixed,,,,,,100.00,,Run of river,Technology specific,,,125.40,#N/A,0%,2025,2025,1/15/2025,,
Malaysia SEDA FiT 2024 Biogas,Completed,Malaysia,Southeast Asia,Clean_Fuels,Standalone,Auction,Pay_As_Bid,Fixed_Feed_In_Tariff,21.00,0.00,MYR,Fixed,,,,,,50.00,,Biogas,Technology specific,,,35.70,#N/A,0%,2025,2025,1/15/2025,,
Malaysia SEDA FiT 2024 Biomass,Completed,Malaysia,Southeast Asia,Biomass_And_Waste,Standalone,Auction,Pay_As_Bid,Fixed_Feed_In_Tariff,21.00,0.00,MYR,Fixed,,,,,,40.00,,Biomass,Technology specific,,,144.70,#N/A,0%,2025,2025,1/15/2025,,
Myanmar Solar Auction 1,Completed,Myanmar,Southeast Asia,Solar,,Project_Tender,Unknown,Unknown,15.00,0.00,USD,Fixed,,,,,0.00,1060.00,,PV,Unknown,0.00,530.00,530.00,100%,50%,2016,,,,
Myanmar Solar Auction 2,Announced,Myanmar,Southeast Asia,Solar,,Project_Tender,Unknown,Unknown,15.00,0.00,USD,Fixed,"On May 24, 2021, the Ministry of Electricity and Energy issued a tender to build PV plants on 12 sites across Myanmar. Each plant would be between 20-40MW, to be developed on a build-own-operate basis for 20 years.",,,,320.00,320.00,,PV,Unknown,,,,,,,2021,5/24/2021,,
Philippines Green Energy Auction Round 1,Completed,Philippines,Southeast Asia,Renewables_Other,,Auction,Pay_As_Bid,Power_Purchase_Agreement,20.00,0.00,PHP,Unknown,,,,,,2000.00,,Unknown technology,Group of technologies,,1967.00,0.00,0%,98%,2022,2021,6/20/2022,12/25/2025,
Philippines Green Energy Auction Round 2,Completed,Philippines,Southeast Asia,Renewables_Other,,Auction,Pay_As_Bid,Power_Purchase_Agreement,20.00,0.00,PHP,Unknown,,,,,,11600.00,,Unknown technology,Group of technologies,,3441.00,,0%,30%,2023,2023,6/22/2023,12/31/2026,
Philippines Green Energy Auction Round 3,Delayed,Philippines,Southeast Asia,Renewables_Other,,Auction,Pay_As_Bid,Power_Purchase_Agreement,20.00,0.00,PHP,Unknown,,,,,,4199.00,,Unknown technology,Group of technologies,,,,,,2024,2024,,12/31/2030,
Philippines Green Energy Auction Round 4,Announced,Philippines,Southeast Asia,Renewables_Other,,Auction,Pay_As_Bid,Power_Purchase_Agreement,20.00,0.00,PHP,Unknown,,,,,,9378.00,,Unknown technology,Group of technologies,,,,,,2025,2025,,,
Green Energy Auction 1,Completed,Philippines,Southeast Asia,Hydro,Standalone,Auction,Pay_As_Bid,Power_Purchase_Agreement,20.00,0.00,PHP,Fixed,,,,,,120.00,,Dam,Technology specific,,99.15,99.15,100%,83%,2022,2022,,,
Green Energy Auction 1,Completed,Philippines,Southeast Asia,Biomass_And_Waste,Standalone,Auction,Pay_As_Bid,Power_Purchase_Agreement,20.00,0.00,PHP,Fixed,,,,,,230.00,,Biomass,Technology specific,,3.40,3.40,100%,1%,2022,2022,,,
Green Energy Auction 1,Completed,Philippines,Southeast Asia,Solar,Standalone,Auction,Pay_As_Bid,Power_Purchase_Agreement,20.00,0.00,PHP,Fixed,,,,,,1260.00,,PV,Technology specific,,1490.00,1490.00,100%,118%,2022,2022,,,
Green Energy Auction 1,Completed,Philippines,Southeast Asia,Wind,Standalone,Auction,Pay_As_Bid,Power_Purchase_Agreement,20.00,0.00,PHP,Fixed,,,,,,380.00,,Onshore wind,Technology specific,,374.00,374.00,100%,98%,2022,2022,,,
Green Energy Auction 2,Completed,Philippines,Southeast Asia,Solar,Standalone,Auction,Pay_As_Bid,Power_Purchase_Agreement,20.00,0.00,PHP,Fixed,,,,,,7250.00,,PV,Technology specific,,1977.39,1977.39,100%,27%,2023,2023,,,
Green Energy Auction 2,Completed,Philippines,Southeast Asia,Wind,Standalone,Auction,Pay_As_Bid,Power_Purchase_Agreement,20.00,0.00,PHP,Fixed,,,,,,3720.00,,Onshore wind,Technology specific,,1512.00,1512.00,100%,41%,2023,2023,,,
Green Energy Auction 2,Completed,Philippines,Southeast Asia,Biomass_And_Waste,Standalone,Auction,Pay_As_Bid,Power_Purchase_Agreement,20.00,0.00,PHP,Fixed,,,,,,175.00,,Biomass,Technology specific,,0.00,0.00,,,2023,2023,,,
Green Energy Auction 2,Completed,Philippines,Southeast Asia,Biomass_And_Waste,Standalone,Auction,Pay_As_Bid,Power_Purchase_Agreement,20.00,0.00,PHP,Fixed,,,,,,30.00,,Energy from waste,Technology specific,,0.00,0.00,,,2023,2023,,,
Green Energy Auction 3,Completed,Philippines,Southeast Asia,Energy_Storage,Standalone,Auction,Pay_As_Bid,Power_Purchase_Agreement,20.00,0.00,PHP,Fixed,,,,,,4250.00,,Pumped hydro,Technology specific,,,6950.00,#N/A,0%,2025,2025,,,
Green Energy Auction 3,Completed,Philippines,Southeast Asia,Hydro,Standalone,Auction,Pay_As_Bid,Power_Purchase_Agreement,20.00,0.00,PHP,Fixed,,,,,,300.00,,Dam,Technology specific,,,550.00,#N/A,0%,2025,2025,,,
Green Energy Auction 3,Completed,Philippines,Southeast Asia,Renewables_Other,Standalone,Auction,Pay_As_Bid,Power_Purchase_Agreement,20.00,0.00,PHP,Fixed,,,,,,100.00,,Geothermal,Technology specific,,,30.87,#N/A,0%,2025,2025,,,
Green Energy Auction 4,Announced,Philippines,Southeast Asia,Solar,Standalone,Auction,Pay_As_Bid,Power_Purchase_Agreement,20.00,0.00,PHP,Indexed,,,,,,6982.00,,PV,Technology specific,,,,,,2025,2025,,,
Green Energy Auction 4,Announced,Philippines,Southeast Asia,Wind,Standalone,Auction,Pay_As_Bid,Power_Purchase_Agreement,20.00,0.00,PHP,Indexed,,,,,,2390.00,,Onshore wind,Technology specific,,,,,,2025,2025,,,
Green Energy Auction 4,Announced,Philippines,Southeast Asia,Co_Located,Co-located,Auction,Pay_As_Bid,Power_Purchase_Agreement,20.00,0.00,PHP,Indexed,,,,,,1100.00,,Solar and storage,Technology specific,,,,,,2025,2025,,,
Green Energy Auction 4,Announced,Philippines,Southeast Asia,Energy_Storage,Co-located,Auction,Pay_As_Bid,Power_Purchase_Agreement,20.00,0.00,PHP,Indexed,,,,,,220.00,,Battery storage,Technology specific,,,,,,2025,2025,,,
Green Energy Auction 5,Announced,Philippines,Southeast Asia,Wind,Standalone,Auction,Pay_As_Bid,Power_Purchase_Agreement,20.00,0.00,PHP,Unknown,,,,,,,,Offshore wind,Technology specific,,,,,,2025,2025,,,
Singapore SolarNova Phase 2,Completed,Singapore,Southeast Asia,Solar,,Project_Tender,Pay_As_Bid,Unknown,15.00,0.00,SGD,Unknown,,,,,0.00,40.00,,PV,Unknown,0.00,40.00,40.00,100%,100%,2015,,,,
Singapore SolarNova Phase 4,Completed,Singapore,Southeast Asia,Solar,,Project_Tender,Pay_As_Bid,Unknown,15.00,0.00,SGD,Unknown,,,,,0.00,70.00,,PV,Unknown,0.00,70.00,70.00,100%,100%,2016,,,,
Singapore SolarNova Phase 1,Completed,Singapore,Southeast Asia,Solar,,Project_Tender,Pay_As_Bid,Unknown,15.00,0.00,SGD,Unknown,,,,,0.00,76.00,,PV,Unknown,0.00,76.00,76.00,100%,100%,2017,,,,
Singapore SolarNova Phase 3,Completed,Singapore,Southeast Asia,Solar,,Project_Tender,Pay_As_Bid,Unknown,15.00,0.00,SGD,Unknown,,,,,0.00,50.00,,PV,Unknown,0.00,50.00,50.00,100%,100%,2018,,,6/30/2020,
Singapore SolarNova Phase 5,Completed,Singapore,Southeast Asia,Solar,,Project_Tender,Pay_As_Bid,Unknown,15.00,0.00,SGD,Unknown,,,,,0.00,60.00,,PV,Unknown,0.00,60.00,60.00,100%,100%,2019,,,,
Singapore SolarNova Phase 6,Completed,Singapore,Southeast Asia,Solar,,Project_Tender,Pay_As_Bid,Unknown,15.00,0.00,SGD,Unknown,"The Housing Development Board announced the sixth tender under the SolarNova program, for a total capacity of 70MWp.",,,,0.00,70.00,,PV,Unknown,0.00,70.00,70.00,100%,100%,2021,,,3/31/2025,
Singapore SolarNova Phase 7,Completed,Singapore,Southeast Asia,Solar,,Project_Tender,Pay_As_Bid,Unknown,15.00,0.00,SGD,Unknown,,42.00,30.46,,0.00,75.00,,PV,Unknown,,75.00,75.00,100%,100%,2022,2022,,9/30/2025,30.46127067
Singapore SolarNova Phase 8,Completed,Singapore,Southeast Asia,Solar,,Project_Tender,Pay_As_Bid,Unknown,15.00,0.00,SGD,Unknown,"EDP Renewables (Euronext: EDPR), a global leader in renewable energy development, has been awarded Phase 8 of the SolarNova program. The auction was jointly led by Singapore’s Housing and Development Board and Singapore’s Economic Development Board. The company commits to deliver a minimum tender capacity of 130 MWp with the potential to achieve to 200MWp of solar capacity with this project. It is expected to install more than 320,000 solar panels across 1,075 Singapore public housing buildings and 101 government-owned buildings, which include 55 public schools. ",42.00,31.43,,130.00,200.00,,PV,Unknown,,,,,,2024,2023,6/5/2023,12/31/2026,31.42536476
Sri Lanka Valachchenai BOO Solar Tender ,Completed,Sri Lanka,Southeast Asia,Solar,,Project_Tender,Unknown,Unknown,15.00,0.00,LKR,Fixed,,124.90,0.85,,0.00,10.00,,PV,Unknown,0.00,10.00,10.00,100%,100%,2016,,,,0.854893908
Ceylon Electricity Board Wind Tender,Completed,Sri Lanka,Southeast Asia,Wind,,Project_Tender,Unknown,Unknown,15.00,0.00,LKR,Fixed,,,,,0.00,100.00,,Onshore wind,Unknown,,100.00,100.00,100%,100%,2018,,,12/31/2020,
Sri Lanka Battle for Solar Energy Program Round 1,Announced,Sri Lanka,Southeast Asia,Solar,,Project_Tender,Unknown,Unknown,20.00,0.00,LKR,Unknown,,,,,0.00,90.00,,PV,Unknown,,,,,,,2018,,,
Sri Lanka Battle for Solar Energy Program Phase III,Announced,Sri Lanka,Southeast Asia,Solar,,Project_Tender,Unknown,Unknown,15.00,0.00,LKR,Unknown,"The Ceylon Electricity Board (CEB), Sri Lanka’s largest electricity provider, has issued a tender for 150 MW of solar power. The company hopes to build 20 solar projects ranging in size from 3 MW to 10 MW. The facilities will be built in different locations and each of them will be connected each to different grid substations. The ceiling price for the tender is LKR 15.60 ($0.086)/kWh. The utility said that 80% of the proposed tariff will be re-adjusted based on fluctuations in the US dollar exchange rate. Interested developers will have time until May 21 to submit their proposals. The projects will be part of the third phase of the Soorya Bala Sangramaya (Battle for Solar Energy) program. The country hopes the scheme will help it to add 200 MW of solar by the end of this year and 1 GW by the end of 2025.",,,,0.00,150.00,,PV,Unknown,,,,,,,2020,3/1/2020,,
Polonnaruwa Solar PV Tender,Announced,Sri Lanka,Southeast Asia,Solar,,Project_Tender,Unknown,Unknown,15.00,0.00,LKR,Unknown,"On January 10, 2018 the Ceylon Electricity Board issued a tender for 10MW of solar PV at Polonnaruwa, in the North Central Province of Sri Lanka.",,,,0.00,10.00,,PV,Unknown,,,,,,,2018,,,
Taiwan 2018 Offshore wind Auction,Completed,Taiwan,Southeast Asia,Wind,,Project_Tender,Unknown,Unknown,20.00,0.00,TWD,Fixed,,2386.30,79.06,,0.00,1500.00,,Offshore wind,Unknown,0.00,1664.00,1664.00,100%,111%,2018,,6/26/2018,12/31/2025,79.05844156
Taiwan Offshore Wind Auction Phase III Round 1,Completed,Taiwan,Southeast Asia,Wind,,Auction,Pay_As_Bid,Power_Purchase_Agreement,20.00,0.00,TWD,Fixed,,0.00,,,0.00,3000.00,,Offshore wind,Technology specific,,3000.00,3000.00,100%,100%,2022,2020,12/30/2022,12/31/2026,#N/A
Taiwan Offshore Wind Auction Phase III Round 2,Delayed,Taiwan,Southeast Asia,Wind,,Auction,Pay_As_Bid,Power_Purchase_Agreement,20.00,0.00,TWD,Fixed,,,,,0.00,3000.00,,Offshore wind,Technology specific,,,,,,2024,2023,5/31/2024,12/31/2029,
Thailand Small Scale Producer Hybrid Scheme,Completed,Thailand,Southeast Asia,Renewables_Other,Unknown,Auction,Pay_As_Bid,Power_Purchase_Agreement,20.00,0.00,THB,Fixed,,1220.00,39.30,,0.00,300.00,,Unknown technology,Unknown,,300.00,300.00,100%,100%,2019,,,12/31/2021,39.30412371
Thailand 2023 Renewable Feed-in Tariff,Completed,Thailand,Southeast Asia,Solar,Standalone,Auction,Pay_As_Bid,Fixed_Feed_In_Tariff,20.00,0.00,THB,Fixed,The commissioning date was proposed by the project developers (within 2025-2030),3101.40,89.09,,0.00,2368.00,,PV,Technology specific,,2368.00,2368.00,100%,100%,2023,2022,3/1/2023,12/31/2030,89.09252822
Thailand 2023 Renewable Feed-in Tariff,Completed,Thailand,Southeast Asia,Wind,Standalone,Auction,Pay_As_Bid,Fixed_Feed_In_Tariff,25.00,0.00,THB,Fixed,The commissioning date was proposed by the project developers (within 2025-2030),2167.90,62.28,,0.00,1480.00,,Onshore wind,Technology specific,,1480.00,1480.00,100%,100%,2023,2022,3/1/2023,12/31/2030,62.27629198
Thailand 2023 Renewable Feed-in Tariff,Completed,Thailand,Southeast Asia,Biomass_And_Waste,Standalone,Auction,Pay_As_Bid,Fixed_Feed_In_Tariff,20.00,0.00,THB,Fixed,The commissioning date was proposed by the project developers (within 2025-2030),2072.40,59.53,,0.00,335.00,,Biomass,Technology specific,,335.00,335.00,100%,100%,2023,2022,3/1/2023,12/31/2030,59.53290627
Thailand 2023 Renewable Feed-in Tariff,Completed,Thailand,Southeast Asia,Co_Located,Standalone,Auction,Pay_As_Bid,Fixed_Feed_In_Tariff,25.00,0.00,THB,Fixed,The commissioning date was proposed by the project developers (within 2025-2030),2833.10,81.39,,0.00,1000.00,,Solar and storage,Technology specific,,1000.00,1000.00,100%,100%,2023,2022,3/1/2023,12/31/2030,81.38519434
Thailand 2024 Renewable Feed-in Tariff,Completed,Thailand,Southeast Asia,Solar,Standalone,Auction,Pay_As_Bid,Fixed_Feed_In_Tariff,25.00,0.00,THB,Fixed,"Reserved for projects that failed  to  proceed to PPA signing, yet passed technical due diligence. The commissioning date was proposed by the project developers (within 2025-2030). Delaying PPA signing after the result announcement due to Minister of Energy's mandate.",3101.40,87.95,,0.00,1580.00,,PV,Technology specific,,1580.00,1580.00,100%,100%,2024,2022,11/30/2024,12/31/2030,87.948049
Thailand 2024 Renewable Feed-in Tariff,Completed,Thailand,Southeast Asia,Wind,Standalone,Auction,Pay_As_Bid,Fixed_Feed_In_Tariff,25.00,0.00,THB,Fixed,"Reserved for projects that failed  to  proceed to PPA signing, yet passed technical due diligence. The commissioning date was proposed by the project developers (within 2025-2030). Delaying PPA signing after the result announcement due to Minister of Energy's mandate.",2167.90,61.48,,0.00,565.40,,Onshore wind,Technology specific,,565.40,565.40,100%,100%,2024,2022,11/30/2024,12/31/2030,61.4762931
Benin PV Auction Round 1,Completed,Benin,Sub-Saharan Africa,Solar,Standalone,Auction,Pay_As_Clear,Unknown,15.00,0.00,USD,Unknown,"Bidding process in 2019 (https://mcabenin2.bj/texte/show/production-d-electricite) and all concession agreements and PPAs signed by May 25, 2022 (https://jumelages-partenariats.com/en/actualites.php?n=15887)",,,,0.00,50.00,,PV,Unknown,0.00,50.00,50.00,100%,100%,2019,,,,
Botswana Accelerated Green Energy Initiative Tender,Completed,Botswana,Sub-Saharan Africa,Solar,Standalone,Project_Tender,Unknown,Unknown,,,EUR,Unknown,"On 26 November 2018, BPC issued a public tender inviting proposals from Independent Power Producers (IPP’s) to submit bids for the development, financing, construction, operation and maintenance of 12 solar photovoltaic power projects ranging from a capacity of 1 to 4 MW under the Accelerated Green Energy Initiative. Through this process, the Corporation has awarded the tender to one successful bidder for the development of a 1MW Solar plant in Shakawe and a 3MW Solar Plant in Bobonong.",,,,12.00,48.00,,PV,Unknown,,4.00,4.00,100%,8%,2018,,,,
Botswana Power Corp Solar Tender,Completed,Botswana,Sub-Saharan Africa,Solar,Standalone,Project_Tender,Unknown,Unknown,15.00,0.00,EUR,Unknown,"On August 1, 2019, state-owned Botswana Power Corp issued a Request for Qualifications (RFQ) to gather information for future possible tender for the development of 100MW (2X 50MW) solar plant",,,,100.00,100.00,,PV,Unknown,0.00,50.00,50.00,100%,50%,2019,2019,8/1/2019,,
Botswana 200MW CSP 2022 Tender,Delayed,Botswana,Sub-Saharan Africa,Solar,Standalone,Project_Tender,Unknown,Unknown,30.00,0.00,EUR,Unknown,,,,,,200.00,,Solar thermal,Unknown,,,,,,2022,2022,,,
Botswana 100MW Solar Tender ,Completed,Botswana,Sub-Saharan Africa,Solar,Standalone,Project_Tender,Unknown,Power_Purchase_Agreement,25.00,0.00,0,Unknown,,,,,0.00,100.00,,PV,Technology specific,,100.00,100.00,100%,100%,2023,2023,5/31/2023,12/31/2025,
Burkina Faso PV Tender -  Round 1,Completed,Burkina Faso,Sub-Saharan Africa,Solar,,Project_Tender,Unknown,Unknown,15.00,0.00,EUR,Unknown,"The state-owned electric utility of Burkina Faso, Sonabel, has issued a tender for construction of two PV power plants which will be partly financed by the World Bank under its Electricity Sector Support Project.  Projects include a 20MW solar power plant in Boulkiemdé province and a 10MW facility in the Sanmatenga area. In May 2019, it was announced that the deadline had been extended to 20 May 2019. There has been no update since.",,,,0.00,164.00,,PV,Unknown,0.00,60.00,60.00,100%,37%,2019,2019,,,
Burkina Faso Project Yeleen Tender,Completed,Burkina Faso,Sub-Saharan Africa,Solar,,Project_Tender,Unknown,Unknown,,,XOF,Unknown,,,,,,9.00,,PV,Unknown,,9.00,9.00,100%,100%,2020,2019,,,
Burkina Faso Solar PV+BESS projects,Announced,Burkina Faso,Sub-Saharan Africa,Co_Located,,Project_Tender,Unknown,Unknown,,,0,Unknown,"Two solar & BESS parks to be developed through IPPs in Burkina Faso: 75 MWp solar PV with 75 MWh BESS in Konean, and 45 MWp solar PV with 45 MWh BESS in Kouritenga. ",,,,120.00,120.00,,Solar and storage,Co-location,,,,,,2025,2024,11/4/2024,,
Cape Verde 10MW BOO Wind Tender,Cancelled,Cabo Verde,Sub-Saharan Africa,Wind,,Project_Tender,Unknown,Unknown,,,0,Unknown,The Cape Verdean government announced a tender for the construction of a new 10MW wind farm on the island of Santiago. July 2024 update (kate Power): I couldn’t find evidence that the tender was completed.,,,,0.00,10.00,,Onshore wind,Unknown,,,,,,2020,2019,,,
Cape Verde Solar PV tender (four small islands),Delayed,Cabo Verde,Sub-Saharan Africa,Solar,Standalone,Project_Tender,Unknown,Unknown,,,0,Unknown,"Cape Verde’s Special Projects Management Unit (UGPE) launched a tender to select engineering, procurement, and construction (EPC) companies for a 1.3 MW solar plant on Fogo island, a 1.2 MW installation on Santo Antão island, and another two 0.4 MW systems on the islands of Sao Nicolau and Maio.",,,,,3.30,,PV,Technology specific,,,,,,2023,2023,3/23/2023,6/30/2025,
Cape Verde 10 MW Solar PV,Delayed,Cabo Verde,Sub-Saharan Africa,Solar,,Project_Tender,Unknown,Unknown,,,0,,"Cape Verde’s Ministry of Industry, Commerce and Energy has launched an EPC tender for a 10 MW solar project.",,,,10.00,10.00,,PV,Technology specific,,,,,,2024,2024,,,
Chad PV Auction Round 1,Completed,Chad,Sub-Saharan Africa,Solar,Standalone,Auction,Unknown,Unknown,15.00,0.00,EUR,Fixed,,,,,0.00,60.00,,PV,Unknown,0.00,60.00,60.00,100%,100%,2018,,,,
Ethiopia GTP 2 Metehara Solar Tender,Completed,Ethiopia,Sub-Saharan Africa,Solar,,Project_Tender,Unknown,Unknown,20.00,0.00,USD,Fixed,,,,,,100.00,,PV,Unknown,0.00,100.00,100.00,100%,100%,2017,2016,,1/1/2019,
Ethiopia Scaling Solar Tenders Round 1,Completed,Ethiopia,Sub-Saharan Africa,Solar,,Project_Tender,Unknown,Unknown,15.00,0.00,USD,Indexed,"As the fourth Scaling Solar country, Ethiopia is to procure two 125MW PV plants by tender. PV Tech reported on September 16, 2019 that Saudi Arabian energy developer ACWA Power has won a 250MW duo of World Bank-backed solar projects in eastern Ethiopia.",25.26,25.26,,0.00,250.00,,PV,Unknown,,250.00,250.00,100%,100%,2018,2017,10/5/2017,,25.26
Ethiopia Scaling Solar Tender Round 2,Delayed,Ethiopia,Sub-Saharan Africa,Solar,,Project_Tender,Unknown,Unknown,15.00,0.00,USD,Indexed,"On April 16, 2019, Ethiopia’s Public-Private Partnerships Directorate General (PPP-DG) within the Ministry of Finance, formally initiated its Scaling Solar Round 2 tender by issuing a Request for Pre-Qualification (RFQ) for up to 500 MW of solar photovoltaic energy projects. Following this announcement, the PPP-DG expanded the RFQ from four to six projects with a total capacity of up to 750MW. The Ministry of Energy launched a call for tenders for the installation of six large-scale solar power plants. The plants would have a combined capacity of almost 800 MW and be located in the states of Afar, Somali, Oromia and Tigray. The solar plants are being developed as part of a public-private partnership at an estimated cost of approximately $795 million, which will be partially funded by the government. These projects are being developed in collaboration with the Scaling Solar program of the International Finance Corporation, a member of the World Bank Group. ",,,,0.00,750.00,,PV,Unknown,,,,,,2019,2019,4/16/2019,,
Gambia Solar Tender,Cancelled,Gambia,Sub-Saharan Africa,Solar,,Project_Tender,Unknown,Unknown,,,0,Unknown,"The United Nations Development Programme (UNDP) is seeking proposals for two IPP solar projects with capacities of 7 MW and 3.5MW, with the larger plant to host some storage capacity.  The 7MW project will be built near the town of Farafenni, on the Trans-Gambia Highway in the Gambia's North Bank Division. This facility will be coupled with battery storage. July 2024 Update (Kate Power): tender was lauched in 2019 but no results have been published and it is unclear if the projects were ever built.",,,,0.00,10.50,,PV,Unknown,,,,,,2019,2019,,,
Ghana Mixed Renewables Auction,Cancelled,Ghana,Sub-Saharan Africa,Renewables_Other,,Auction,Unknown,Unknown,,,USD,Fixed,,,,,,20.00,,Unknown technology,Unknown,,,,,,,,,,
Guinea-Bissau Solar PV tender,Completed,Guinea-Bissau,Sub-Saharan Africa,Solar,,Project_Tender,Unknown,Unknown,,,0,Unknown,"The PV plant is expected to be built in Gardete with a construction term of 18 months. This is one of the three plants supported by the West African Development Bank (BOAD), which approved funding of around 38 million euros in Guinea-Bissau for the construction of the Bissau photovoltaic power plant and two 1 MW mini-plants in Canchungo and Gabu. Results were announced in April 2020 and Chinese state-owned company Sinohydro Corporation won the contract.",,,,0.00,20.00,,PV,Technology specific,,20.00,20.00,100%,100%,2019,2019,,,
Cote d'Ivoire PV Auction Round 1 ,Completed,Ivory Coast,Sub-Saharan Africa,Solar,,Auction,Unknown,Unknown,15.00,0.00,SEK,Unknown,,,,,0.00,25.00,,PV,Unknown,0.00,50.00,50.00,100%,200%,2014,,,,
Cote d'Ivoire PV Auction Round 2,Completed,Ivory Coast,Sub-Saharan Africa,Solar,,Auction,Unknown,Unknown,15.00,0.00,SEK,Unknown,,,,,0.00,25.00,,PV,Unknown,0.00,50.00,50.00,100%,200%,2015,,,,
Cote d'Ivoire PV Auction Round 3,Completed,Ivory Coast,Sub-Saharan Africa,Solar,,Auction,Unknown,Unknown,15.00,0.00,SEK,Unknown,,,,,0.00,25.00,,PV,Unknown,0.00,50.00,50.00,100%,200%,2016,,,,
Cote d'Ivoire PV Auction Round 4,Completed,Ivory Coast,Sub-Saharan Africa,Solar,,Auction,Unknown,Unknown,15.00,0.00,SEK,Unknown,,,,,0.00,25.00,,PV,Unknown,0.00,50.00,50.00,100%,200%,2017,,,,
Cote d'Ivoire Scaling Solar Round 1,Delayed,Ivory Coast,Sub-Saharan Africa,Solar,,Project_Tender,Unknown,Unknown,,0.00,0,Unknown,"Nine qualified bidders have been selected and had until August 9, 2024 to submit their proposals. https://www.scalingsolar.org/cote-divoire-launches-rfp/",,,,,60.00,,PV,Technology specific,,,,,,2024,2021,,,
Cote d'Ivoire Floating Solar Auction ,Delayed,Ivory Coast,Sub-Saharan Africa,Solar,,Project_Tender,Unknown,Unknown,,0.00,SEK,Unknown,Announced February 2022 https://www.esi-africa.com/renewable-energy/tender-for-floating-solar-array-in-ivory-coast/,,,,,20.00,,PV,Unknown,,,,,,2022,2022,,,
Kenya  Lake Turkana Wind Tender ,Completed,Kenya,Sub-Saharan Africa,Wind,,Project_Tender,Pay_As_Bid,Power_Purchase_Agreement,20.00,0.00,USD,Unknown,,,,,,310.00,,Onshore wind,Technology specific,,310.00,310.00,100%,100%,2015,2013,,,
Liberia Small Hydro Tender Round 1,Cancelled,Liberia,Sub-Saharan Africa,Hydro,,Project_Tender,Unknown,Unknown,,0.00,0,,2 x 2.5 hydro project,,,,,5.00,,Run of river,Unknown,,,,,,2019,,,,
Liberia Small Hydro Tender Round 2,Delayed,Liberia,Sub-Saharan Africa,Hydro,,Project_Tender,Unknown,Unknown,,0.00,0,,,,,,,9.40,,Run of river,Unknown,,,,,,2021,,,,
Liberia Small Hydro Tender Round 3,Delayed,Liberia,Sub-Saharan Africa,Hydro,,Project_Tender,Unknown,Unknown,,0.00,0,,,,,,,2.13,,Run of river,Unknown,,,,,,2021,,,,
Liberia Small Hydro Tender Round 4,Delayed,Liberia,Sub-Saharan Africa,Hydro,,Project_Tender,Unknown,Unknown,,0.00,0,,,,,,,,,Run of river,Unknown,,,,,,2022,,,,
Madagascar PV Scaling Solar Tenders Round 2,Completed,Madagascar,Sub-Saharan Africa,Solar,,Project_Tender,Unknown,Unknown,15.00,0.00,USD,Fixed,,,,,0.00,25.00,,PV,Unknown,,,0.00,,,2020,,,,
Madagascar PV Scaling Solar Tenders Round 1,Cancelled,Madagascar,Sub-Saharan Africa,Solar,,Project_Tender,Unknown,Unknown,15.00,0.00,USD,Fixed,,,,,0.00,25.00,,PV,Unknown,,,,,,2018,2017,10/10/2017,,
Malawi Salima Solar Farm - Phase 1,Completed,Malawi,Sub-Saharan Africa,Solar,,Project_Tender,Unknown,Unknown,15.00,0.00,USD,Fixed,"In 2019, Utility Egenco was seeking developers for a large-scale solar power plant in Salima, in central Malawi. The plant will be developed in two 10MW phases and connected to the grid at the Nanjoka substation in Salima. Construction began in November 2023. In 2024, it was announced that the project will now reach 50MW, with an additional 10MW coming in Phase 2 and 30MW in Phase 3.",,,,0.00,10.00,,PV,Unknown,,10.00,10.00,100%,100%,2023,2019,,12/31/2025,
Mali Utility-Scale PV Tender,Completed,Mali,Sub-Saharan Africa,Solar,,Project_Tender,Unknown,Unknown,,0.00,XOF,Unknown,"The Government of Mali has issued three (3) calls for tenders for the development of three photovoltaic solar power plants of 5 MW, 25 MW and 50 MW.",,,,,80.00,,PV,Unknown,,,0.00,,,2015,2015,,,
Mali Mini Solar Plus Storage Tender,Completed,Mali,Sub-Saharan Africa,Co_Located,Co-located,Project_Tender,Unknown,Unknown,15.00,0.00,USD,Fixed,"On 19 August 2019, L’Agence Malienne pour le Développement de l’Energie Domestique et l’Electrification Rurale (Amader) – the rural electrification agency of Mali – launched a tender for the construction of two PV power plants with a combined capacity of 1.3 MW, as well as a 1.5 MW/2 MWh storage system. Interested developers will have until Oct. 15 to submit their offers. The Islamic Development Bank (IsDB) is financing the project, which will be developed under Reverse Linkage, a program that brings institutions in Muslim countries together to work on projects that address infrastructure challenges. ",,,,0.00,2.60,,Solar and storage,Unknown,,,0.00,,,2019,2019,,,
Namibia 3X10 Solar Procurement Program,Cancelled,Namibia,Sub-Saharan Africa,Solar,,Auction,Unknown,Unknown,,0.00,NAD,Unknown,Bid occurred but was overturned due to legal issues in 2016. https://reader.elsevier.com/reader/sd/pii/S0957178722000571?token=3979340531E2A0A246580870A02BE84DA1C9B84FCB1BF4DD8DD981C185CA02AE0B9B5282EA37EFE7860320D8162CAB9A&originRegion=us-east-1&originCreation=20221229173412,,,,,30.00,,PV,Unknown,,,,,,2016,2013,,,
Namibia REFiT Programme Tenders,Completed,Namibia,Sub-Saharan Africa,Solar,,Auction,Unknown,Unknown,15.00,0.00,NAD,Unknown,IPPs can acquire licenses from the ECB to compete in the tender for 70MW worth of solar plants. The program limits the production capacity to 5MW per plant. ,,,,0.00,70.00,,PV,Unknown,,,0.00,,,2017,2017,,,
Namibia Omburu 20MW Solar Tender,Completed,Namibia,Sub-Saharan Africa,Solar,,Auction,Unknown,Unknown,25.00,0.00,NAD,Unknown,https://reader.elsevier.com/reader/sd/pii/S0957178722000571?token=3979340531E2A0A246580870A02BE84DA1C9B84FCB1BF4DD8DD981C185CA02AE0B9B5282EA37EFE7860320D8162CAB9A&originRegion=us-east-1&originCreation=20221229173412,,,,0.00,20.00,,PV,Unknown,,20.00,20.00,100%,100%,2019,2019,,,
Namibia Hardap Solar Tender,Completed,Namibia,Sub-Saharan Africa,Solar,,Project_Tender,Unknown,Unknown,25.00,0.00,USD,Unknown,,70.70,70.70,,0.00,37.00,,PV,Unknown,0.00,37.00,37.00,100%,100%,2020,,,,70.7
Namibia NamPower Khan Solar Tender,Completed,Namibia,Sub-Saharan Africa,Solar,,Project_Tender,Unknown,Unknown,15.00,0.00,NAD,Indexed,"On 2 August 2019, it was announced that NamPower, a Namibian utility, had announced plans for two 20MW projects. The Khan IPP closed February 28th, 2020 and was on a BOO basis at a 3% per annum. https://www.nampower.com.na/public/docs/awards/Executive%20Summary%20-%20Notice%20of%20Award%20G-OIB-NPWR-05-2019.pdf",80.21,4.87,,20.00,20.00,,PV,Unknown,,20.00,20.00,100%,100%,2020,2019,,,4.873290439
Namibia 50MW Luderitz Wind Tender,Completed,Namibia,Sub-Saharan Africa,Wind,,Project_Tender,Unknown,Unknown,,0.00,EUR,Unknown,Bid happened in July 2022 but no information on winner. https://www.nampower.com.na/Bid.aspx?id=181316; https://www.nampower.com.na/public/docs/projects/luderitz/Luderitz%20Wind%20Project%20Fact%20Sheet_18May21_v3.pdf,,,,0.00,40.00,,Onshore wind,Unknown,,50.00,,#N/A,125%,2022,,,,
Niger Scaling Solar Round 1,Completed,Niger,Sub-Saharan Africa,Solar,,Project_Tender,Unknown,Unknown,25.00,0.00,XOF,Unknown,,,,,,50.00,,PV,Unknown,,50.00,50.00,100%,100%,2021,,,,
Nigeria Mixed Renewables Auction,Completed,Nigeria,Sub-Saharan Africa,Renewables_Other,,Auction,Unknown,Unknown,15.00,0.00,USD,Fixed,,,,,,,,Unknown technology,Unknown,,1125.00,1125.00,100%,#N/A,2016,,,,
Senegal Scaling Solar PV Tender Round 1,Completed,Senegal,Sub-Saharan Africa,Solar,,Project_Tender,Unknown,Unknown,,0.00,USD,Indexed,,,,,,,,PV,Unknown,,60.00,60.00,100%,#N/A,2019,2018,,,
South Africa REIPPP Round 1 (Solar PV),Completed,South Africa,Sub-Saharan Africa,Solar,,Auction,Pay_As_Bid,Power_Purchase_Agreement,20.00,0.00,ZAR,Indexed,,2758.00,379.66,,0.00,1450.00,,PV,Unknown,29000.00,632.00,632.00,100%,44%,2011,,,,379.6649367
South Africa REIPPP Round 1 (Solar Thermal),Completed,South Africa,Sub-Saharan Africa,Solar,,Auction,Pay_As_Bid,Power_Purchase_Agreement,20.00,0.00,ZAR,Indexed,,2686.00,369.75,,0.00,200.00,,Solar thermal,Unknown,573000.00,150.00,150.00,100%,75%,2011,,,,369.7534518
South Africa REIPPP Round 2 (Small Hydro),Completed,South Africa,Sub-Saharan Africa,Hydro,,Auction,Pay_As_Bid,Power_Purchase_Agreement,20.00,0.00,ZAR,Indexed,,1030.00,125.46,,0.00,75.00,,Run of river,Unknown,0.00,14.30,14.30,100%,19%,2012,,,,125.4598163
South Africa REIPPP Round 2 (Solar PV),Completed,South Africa,Sub-Saharan Africa,Solar,,Auction,Pay_As_Bid,Power_Purchase_Agreement,20.00,0.00,ZAR,Indexed,,1645.00,200.37,,0.00,450.00,,PV,Unknown,0.00,417.00,417.00,100%,93%,2012,,,,200.3702892
South Africa REIPPP Round 2 (Solar Thermal),Completed,South Africa,Sub-Saharan Africa,Solar,,Auction,Pay_As_Bid,Power_Purchase_Agreement,20.00,0.00,ZAR,Indexed,,2512.00,305.98,,0.00,50.00,,Solar thermal,Unknown,0.00,50.00,50.00,100%,100%,2012,,,,305.975785
South Africa REIPPP Round 1 (Onshore Wind),Completed,South Africa,Sub-Saharan Africa,Wind,,Auction,Pay_As_Bid,Power_Purchase_Agreement,20.00,0.00,ZAR,Indexed,,1143.00,139.22,,0.00,1850.00,,Onshore wind,Unknown,1278060.00,634.00,634.00,100%,34%,2012,,,,139.2238544
South Africa REIPPP Round 2 (Onshore Wind),Completed,South Africa,Sub-Saharan Africa,Wind,,Auction,Pay_As_Bid,Power_Purchase_Agreement,20.00,0.00,ZAR,Indexed,,897.00,92.95,,0.00,650.00,,Onshore wind,Unknown,0.00,563.00,563.00,100%,87%,2013,,,,92.94951505
South Africa REIPPP Round 3 (Biomass),Completed,South Africa,Sub-Saharan Africa,Biomass_And_Waste,,Auction,Pay_As_Bid,Power_Purchase_Agreement,20.00,0.00,ZAR,Indexed,,1400.00,145.07,,0.00,60.00,,Biomass,Unknown,0.00,18.00,18.00,100%,30%,2013,,,,145.0717069
South Africa REIPPP Round 3 (Landfill Gas),Completed,South Africa,Sub-Saharan Africa,Clean_Fuels,,Auction,Pay_As_Bid,Power_Purchase_Agreement,20.00,0.00,ZAR,Indexed,,940.00,97.41,,0.00,25.00,,Biogas,Unknown,0.00,16.50,16.50,100%,66%,2013,,,,97.4052889
South Africa REIPPP Round 3 (Solar PV),Completed,South Africa,Sub-Saharan Africa,Solar,,Auction,Pay_As_Bid,Power_Purchase_Agreement,20.00,0.00,ZAR,Indexed,,994.00,103.00,,0.00,401.30,,PV,Unknown,0.00,435.00,435.00,100%,108%,2013,,,,103.0009119
South Africa REIPPP Round 3 (Onshore Wind),Completed,South Africa,Sub-Saharan Africa,Wind,,Auction,Pay_As_Bid,Power_Purchase_Agreement,20.00,0.00,ZAR,Indexed,,737.00,57.67,,0.00,653.60,,Onshore wind,Unknown,0.00,787.00,787.00,100%,120%,2015,,,,57.6691341
South Africa REIPPP Round 3b (Solar Thermal),Completed,South Africa,Sub-Saharan Africa,Solar,,Auction,Pay_As_Bid,Power_Purchase_Agreement,20.00,0.00,ZAR,Indexed,,1639.00,128.25,,0.00,200.00,,Solar thermal,Unknown,0.00,200.00,400.00,200%,100%,2015,,,,128.2492684
South Africa REIPPP Round 4 (Onshore Wind),Completed,South Africa,Sub-Saharan Africa,Wind,,Auction,Pay_As_Bid,Power_Purchase_Agreement,20.00,0.00,ZAR,Indexed,,619.00,48.44,,0.00,590.00,,Onshore wind,Unknown,0.00,676.40,1372.00,203%,115%,2015,,,,48.43581277
South Africa REIPPP Round 4 (Biomass),Completed,South Africa,Sub-Saharan Africa,Biomass_And_Waste,,Auction,Pay_As_Bid,Power_Purchase_Agreement,20.00,0.00,ZAR,Indexed,,1450.00,113.46,,0.00,40.00,,Biomass,Unknown,0.00,25.00,25.00,100%,63%,2015,,,,113.4603045
South Africa REIPPP Round 4 (Small Hydro),Completed,South Africa,Sub-Saharan Africa,Hydro,,Auction,Pay_As_Bid,Power_Purchase_Agreement,20.00,0.00,ZAR,Indexed,,1117.00,87.40,,0.00,60.00,,Run of river,Unknown,0.00,4.70,5.00,106%,8%,2015,,,,87.40355874
South Africa REIPPP Round 4 (Solar PV),Completed,South Africa,Sub-Saharan Africa,Solar,,Auction,Pay_As_Bid,Power_Purchase_Agreement,20.00,0.00,ZAR,Indexed,,786.00,61.50,,0.00,400.00,,PV,Unknown,0.00,415.00,813.00,196%,104%,2015,,,,61.50330991
South Africa RMIPPP Risk Mitigation - Emergency Auction (Battery storage - total across projects),Completed,South Africa,Sub-Saharan Africa,Energy_Storage,,Auction,Pay_As_Bid,Capacity_Payment,20.00,0.00,ZAR,Unknown,"South Africa’s clean energy sector finally has some good news. Several hybrid projects combining battery storage with PV and wind won 20-year PPAs in the risk mitigation auctionin March, followed by a further three solar-plus-storage projects that were added in June. Note that in addition to renewable energy capacity tracked in this database, another 1.6GW of gas capacity and 173MW of diesel/LPG capacity secured contracts to hybridize with the clean power projects. Price listed reflects the capacity-weighted average bid of the renewables + battery technology category. Renewables + LNG cleared a slightly higher price at 1515.97/MWh",,,1312.46,,,,Battery storage,Unknown,,640.00,640.00,100%,#N/A,2021,2020,,,
South Africa RMIPPP Risk Mitigation - Emergency Auction (PV - total across projects),Completed,South Africa,Sub-Saharan Africa,Solar,,Auction,Pay_As_Bid,Capacity_Payment,20.00,0.00,ZAR,Unknown,"South Africa’s clean energy sector finally has some good news. Several hybrid projects combining battery storage with PV and wind won 20-year PPAs in the risk mitigation auctionin March, followed by a further three solar-plus-storage projects that were added in June. Note that in addition to renewable energy capacity tracked in this database, another 1.6GW of gas capacity and 173MW of diesel/LPG capacity secured contracts to hybridize with the clean power projects. Price listed reflects the capacity-weighted average bid of the renewables + battery technology category. Renewables + LNG cleared a slightly higher price at 1515.97/MWh",,,1312.46,,,,PV,Unknown,,1687.00,1687.00,100%,#N/A,2021,2020,,,
South Africa RMIPPP Risk Mitigation - Emergency Auction (Onshore Wind - total across projects),Completed,South Africa,Sub-Saharan Africa,Wind,,Auction,Pay_As_Bid,Capacity_Payment,20.00,0.00,ZAR,Unknown,"South Africa’s clean energy sector finally has some good news. Several hybrid projects combining battery storage with PV and wind won 20-year PPAs in the risk mitigation auctionin March, followed by a further three solar-plus-storage projects that were added in June. Note that in addition to renewable energy capacity tracked in this database, another 1.6GW of gas capacity and 173MW of diesel/LPG capacity secured contracts to hybridize with the clean power projects. Price listed reflects the capacity-weighted average bid of the renewables + battery technology category. Renewables + LNG cleared a slightly higher price at 1515.97/MWh",,,1312.46,,,,Onshore wind,Unknown,,160.00,160.00,100%,#N/A,2021,2020,,,
South Africa REIPPP Round 5 (Solar PV),Completed,South Africa,Sub-Saharan Africa,Solar,,Auction,Pay_As_Bid,Power_Purchase_Agreement,20.00,0.00,ZAR,Indexed,,431.04,29.14,,0.00,1000.00,,PV,Unknown,0.00,975.00,975.00,100%,98%,2021,,,,29.13794986
South Africa REIPPP Round 5 (Onshore Wind),Completed,South Africa,Sub-Saharan Africa,Wind,,Auction,Pay_As_Bid,Power_Purchase_Agreement,20.00,0.00,ZAR,Indexed,,491.60,33.23,,0.00,1600.00,,Onshore wind,Unknown,0.00,1608.00,1608.00,100%,101%,2021,,,,33.2316986
South Africa REIPPP Round 6 (Solar PV),Completed,South Africa,Sub-Saharan Africa,Solar,,Auction,Pay_As_Bid,Power_Purchase_Agreement,20.00,0.00,ZAR,Indexed,"The bid window was released in April 2022, and 56 bid submissions were received on 3rd October 2022. Following the evaluation, the Minister on December 8, 2022, announced that five PV projects were appointed as Preferred Bidders, at a total of 860MW.",490.92,29.99,,0.00,2600.00,,PV,Unknown,,1000.00,5550.00,555%,38%,2022,2021,,,29.98617137
South Africa REIPPP Round 6 (Onshore wind),Completed,South Africa,Sub-Saharan Africa,Wind,,Auction,Pay_As_Bid,Power_Purchase_Agreement,20.00,0.00,ZAR,Indexed,"The bid window was released in April 2022, and 56 bid submissions were received on 3rd October 2022. Following the evaluation, the Minister on December 8, 2022, announced that five PV projects were appointed as Preferred Bidders, at a total of 860MW. According to a press release: 'The Department received Onshore Wind bid responses amounting to 4 116 MW for the Bid Window 6, all of which are located in the Eastern Cape and Western Cape supply areas. Following the confirmation from Eskom during the evaluation that no grid capacity was available to connect any proposed Onshore Wind projects in these supply areas, the Department could unfortunately not award any of the wind projects up to the allocated 3,200 MW under this bid window.'",,,,0.00,2600.00,,Onshore wind,Unknown,,0.00,4116.00,#N/A,0%,2022,2021,,,
South Africa BESIPPPP - Round 1,Completed,South Africa,Sub-Saharan Africa,Energy_Storage,,Auction,Pay_As_Bid,Capacity_Payment,15.00,0.00,ZAR,Unknown,The ANC announced in January 2021 that it would open an auction for 500MW of energy storage in September 2021. EDF and Scatec announced as having the winning four bids from round 1 and an additional fifth bid awarded to AGV Projects in 2024,417.94,22.64,,0.00,513.00,,Battery storage,Technology specific,,513.00,1490.00,290%,100%,2023,2021,3/1/2023,,22.64398331
South Africa BESIPPPP - Round 2,Completed,South Africa,Sub-Saharan Africa,Energy_Storage,,Auction,Pay_As_Bid,Capacity_Payment,15.00,0.00,ZAR,Unknown,"Tender number : DMRE/016/2023/24.Commercial Close date ( 23/06/2025), Financial close date (23/07/2025), Longstop date (23/06/2027)",,,,0.00,615.00,,Battery storage,Technology specific,,615.00,2383.00,387%,100%,2024,2023,8/29/2024,6/23/2027,
South Africa BESIPPPP - Round 3,Announced,South Africa,Sub-Saharan Africa,Energy_Storage,,Auction,Pay_As_Bid,Capacity_Payment,15.00,0.00,ZAR,Unknown,The BESIPPPP programme was launched in March 2023. Preferred bidders have still not been released as of May 2025.,,,,0.00,616.00,2464,Battery storage,Technology specific,,,4067.00,#N/A,0%,2025,2023,4/4/2024,9/30/2027,
South Africa REIPPP Round 7 - PV,Completed,South Africa,Sub-Saharan Africa,Solar,,Auction,Pay_As_Bid,Power_Purchase_Agreement,20.00,0.00,ZAR,Indexed,"Tender number : DMRE/014/2023/24. Commercial Close date ( 23/08/2025), Financial close date (23/09/2025), Longstop date (23/08/2027)",,,,0.00,1800.00,,PV,Technology specific,,1760.00,1692.00,96%,98%,2024,2021,12/15/2023,8/23/2027,
South Africa REIPPP Round 7 - Onshore wind,Completed,South Africa,Sub-Saharan Africa,Wind,,Auction,Pay_As_Bid,Power_Purchase_Agreement,20.00,0.00,ZAR,Indexed,"Tender number : DMRE/014/2023/24. Commercial Close date ( 23/08/2025), Financial close date (23/09/2025), Longstop date (23/08/2027)",,,,0.00,3200.00,,Onshore wind,Technology specific,,932.40,7826.00,839%,29%,2024,2021,12/15/2023,8/23/2027,
Swaziland Solar PV Tender 1,Announced,eSwatini,Sub-Saharan Africa,Solar,,Project_Tender,Unknown,Unknown,,0.00,0,Unknown,The Kingdom of Swaziland and Swaziland Electricity Company (SEC) are seeking 10MW of solar capacity. The location of the site will be the Lavumisa area of the southeast and will be built in two 5MW phases.,,,,0.00,10.00,,PV,Unknown,,,,,,,2018,,,
Swaziland Solar PV Tender 2,Announced,eSwatini,Sub-Saharan Africa,Solar,,Project_Tender,Unknown,Unknown,,0.00,0,Unknown,"The Kingdom of Eswatini, formerly known as Swaziland, is seeking proposals for a 40MW of solar PV capacity as part of the country’s efforts to cut its reliance on imported power.",,,,0.00,40.00,,PV,Unknown,,,,,,,2019,,,
Swaziland Biomass Tender,Announced,eSwatini,Sub-Saharan Africa,Biomass_And_Waste,,Project_Tender,Unknown,Unknown,,0.00,0,Unknown,"On 19 August 2019, the Kingdom of Eswatini (formerly known as Swaziland) announced a Request for the Qualification for development of a 40MW biomass-to-energy plant to be developed via the Second Tranche Procurement program.",,,,0.00,40.00,,Biomass,Unknown,,,,,,,2019,,,
Tanzania Solar Tender,Cancelled,Tanzania,Sub-Saharan Africa,Solar,,Project_Tender,Unknown,Unknown,15.00,0.00,USD,Unknown,,,,,0.00,150.00,,PV,Unknown,0.00,0.00,,,,2018,,,12/31/2020,
Tanzania Wind Tender,Cancelled,Tanzania,Sub-Saharan Africa,Wind,,Project_Tender,Unknown,Unknown,15.00,0.00,USD,Unknown,,,,,0.00,200.00,,Onshore wind,Unknown,0.00,0.00,,,,2019,,,12/31/2020,
Scaling Solar Round 1,Completed,Togo,Sub-Saharan Africa,Solar,,Project_Tender,Unknown,Unknown,0.00,0.00,XOF,Unknown,Scaling solar announced a tender for Togo but no indication it has gone past pre-qualification to date https://www.scalingsolar.org/wp-content/uploads/2019/12/Togo-Scaling-Solar-Avis-de-pr%C3%A9qualification.pdf,,,,60.00,80.00,,PV,Unknown,,,,,,2022,2020,,,
Uganda GET FiT Biomass Round 1,Completed,Uganda,Sub-Saharan Africa,Biomass_And_Waste,,Project_Tender,Pay_As_Bid,Feed_In_Tariff,,0.00,0,Unknown,,,,,,27.90,,Biomass,Unknown,,20.00,20.00,100%,72%,2013,,,,
Uganda GET FiT Hydro Round 1,Completed,Uganda,Sub-Saharan Africa,Hydro,,Project_Tender,Pay_As_Bid,Feed_In_Tariff,,0.00,0,Unknown,,,,,,,,Run of river,Unknown,,75.00,75.00,100%,#N/A,2013,,,,
Uganda GET FiT Solar Round 2,Completed,Uganda,Sub-Saharan Africa,Solar,,Project_Tender,Pay_As_Bid,Feed_In_Tariff,20.00,0.00,USD,Unknown,"The average tariff for solar PV projects over the 20 years of operation is USDc 16.37 per kWh, with GET FiT covering the margin between this and the end-user tariff set by ERA at USDc 11 per kWh.",163.70,163.70,,,10.00,,PV,Unknown,,10.00,10.00,100%,100%,2014,,,,163.7
Uganda GET FiT Hydro Round 3,Completed,Uganda,Sub-Saharan Africa,Hydro,,Project_Tender,Pay_As_Bid,Feed_In_Tariff,20.00,0.00,USD,Unknown,,,,,,,,Run of river,Unknown,,51.20,51.20,100%,#N/A,2015,,,,
Zambia PV Scaling Solar Tenders Round 1,Completed,Zambia,Sub-Saharan Africa,Solar,,Project_Tender,Unknown,Unknown,25.00,0.00,USD,Fixed,Two projects with one at 47.5MW and priced at $60.15/MWh and the second at 28.2MW and priced at $78.4/MWh. Both projects commissioned in 2019. https://documents1.worldbank.org/curated/en/865501602254044494/pdf/Zambia-Scaling-Solar-Energy-Project.pdf,69.28,69.28,,0.00,100.00,,PV,Unknown,0.00,75.70,75.70,100%,76%,2015,2016,,4/1/2019,69.28
Zambia PV Scaling Solar Tenders Round 2,Completed,Zambia,Sub-Saharan Africa,Solar,,Project_Tender,Unknown,Feed_In_Tariff,15.00,0.00,USD,Unknown,"The new Scaling Solar mandate, announced on February 21, 2017, began with an initial procurement round of up to 200MW of utility-scale solar energy. On June 6, this total amount was increased to 300MW. Of the 21 submissions for prequalification, 12 were successful. Has not proceeded past prequalification phase https://www.gsb.uct.ac.za/files/Zambia_Country_Report.pdf (p.19)",,,,0.00,300.00,,PV,Unknown,0.00,34.00,34.00,100%,11%,2016,2017,2/21/2017,,
Zambia GET FiT Round 1 ,Completed,Zambia,Sub-Saharan Africa,Solar,,Project_Tender,Unknown,Feed_In_Tariff,25.00,0.00,USD,Fixed,,44.10,44.10,,0.00,100.00,,PV,Unknown,0.00,120.00,120.00,100%,120%,2018,,,12/31/2021,44.1
Zambia GET FiT Round 1 Hydropower,Delayed,Zambia,Sub-Saharan Africa,Hydro,,Project_Tender,Unknown,Feed_In_Tariff,,0.00,USD,Unknown,"Project was delayed because of covid, but no indication of cancellation",,,,,100.00,,Run of river,Unknown,,,,,,2019,2019,,,
Zambia ZESCO Solar Tender,Cancelled,Zambia,Sub-Saharan Africa,Solar,,Auction,Unknown,Unknown,,0.00,0,Unknown,"ZESCO launched in August 2022 a tender for the development and construction of three 50 MW of PV plants in the Southern, Western, and Luapula provinces of Zambia.",,,,,150.00,,PV,Technology specific,,,,,,2023,2022,,,
Zambia PV Scaling Solar Tenders Round 3,Announced,Zambia,Sub-Saharan Africa,Solar,,Project_Tender,Unknown,Feed_In_Tariff,15.00,0.00,USD,Unknown,"This is the third round of the Zambia PV Scaling Solar Program, and dates are yet to be announced. Still no progress to date",,,,250.00,350.00,,PV,Technology specific,,,,,,,2017,,,
Zambia Presidential Solar Initiative,Completed,Zambia,Sub-Saharan Africa,Solar,Standalone,Project_Tender,Unknown,Unknown,,,USD,Unknown,,,,,,,,PV,Technology specific,,62.00,,0%,0%,2025,,,,
Zambia Micro-generator scheme,Completed,Zambia,Sub-Saharan Africa,Solar,Standalone,Project_Tender,Unknown,Unknown,,0.00,USD,Unknown,,,,,,,,PV,Technology specific,,270.00,,#N/A,#N/A,2025,2024,,,
Zambia PV IPP project,Announced,Zambia,Sub-Saharan Africa,Solar,,Project_Tender,Unknown,Unknown,,0.00,0,Unknown,"Zambian IPP CGM Power Group has announced a call for expressions of interest to develop a 50 MW on-grid solar plant in Chipili, a town in Luapula province, northern Zambia. ",,,,50.00,50.00,,PV,Technology specific,,,,,,2025,2024,,,
Zimbabwe 500MW Solar PV Tender,Completed,Zimbabwe,Sub-Saharan Africa,Solar,,Project_Tender,Unknown,Unknown,,0.00,0,Unknown,"ZETDC announced a tender for 500MW PV for June 2020 https://energies-media.com/zimbabwe-prepare-app-offr-500-mw-cent-solair/ . In April 2024, ZETDC signed a PPA with SkyPower for the 500 MW of solar, divided into a few different projects. https://www.wam.ae/en/article/b2pw0ms-zimbabwe-and-skypower-ink-ppas-during-world-future , https://solarquarter.com/2024/04/23/zimbabwe-finalizes-solar-power-agreement-with-skypower-for-green-giant-project/",,,,500.00,500.00,,PV,Technology specific,,,,,,2024,2020,,,
Zimbabwe Mini-Hydro Tender,Cancelled,Zimbabwe,Sub-Saharan Africa,Hydro,,Project_Tender,Unknown,Unknown,,0.00,USD,Fixed,"On September 10, 2019, it was announced that the Infrastructure Development Bank of Zimbabwe had issued a request for expressions of interest to develop and implement 235MW of solar projects and two mini-hydro projects in Zimbabwe. The deadline to submit proposals is September 30, 2019.",,,,0.00,0.00,,Run of river,Unknown,,,,,,,2019,9/10/2019,,
Zimbabwe Solar PV Tender,Cancelled,Zimbabwe,Sub-Saharan Africa,Solar,,Project_Tender,Unknown,Unknown,,0.00,USD,Fixed,"On September 10, 2019, it was announced that the Infrastructure Development Bank of Zimbabwe had issued a request for expressions of interest to develop and implement 235MW of solar projects and two mini-hydro projects in Zimbabwe. The deadline to submit proposals is September 30, 2019.",,,,235.00,235.00,,PV,Technology specific,,,,,,,2019,9/10/2019,,
Zimbabwe+Zambia Hydropower project,Announced,Zimbabwe,Sub-Saharan Africa,Hydro,,Project_Tender,Unknown,Unknown,,0.00,0,Unknown,"Zambia and Zimbabwe are retendering a US$5 billion project to build a hydropower plant they previously awarded to General Electric and Power Construction of China, and expect to select new bidders by September next year, an official said.

The Zambezi River Authority — a joint venture between the countries that maintains the Kariba Dam complex — expects to receive bids from potential developers by April 2025 and select bidders five months after that, ZRA Chief Executive Officer Munyaradzi Munodawafa said.",,,,2400.00,2400.00,,Run of river,Technology specific,,,,,,2025,2024,,,
New Jersey Offshore Wind RfP - Round 1,Completed,United States of America,US,Wind,Standalone,Auction,Pay_As_Bid,Contract_For_Difference_Two_Way,20.00,0.00,USD,Indexed,,98.10,98.10,,0.00,1100.00,,Offshore wind,Technology specific,,1100.00,1100.00,100%,100%,2017,,,12/31/2024,98.1
New York Offshore Wind RfP - Round 1,Completed,United States of America,US,Wind,Standalone,Auction,Pay_As_Bid,Contract_For_Difference_Two_Way,20.00,0.00,USD,Indexed,,104.73,104.73,,0.00,800.00,,Offshore wind,Technology specific,,1740.00,1740.00,100%,218%,2017,,,12/31/2025,104.725
Connecticut Offshore Wind RfP - Round 1,Completed,United States of America,US,Wind,Standalone,Auction,Pay_As_Bid,Contract_For_Difference_Two_Way,20.00,0.00,USD,Unknown,,,,,0.00,2000.00,,Offshore wind,Technology specific,,804.00,804.00,100%,40%,2018,,,12/31/2025,
Massachusetts Offshore Wind RfP - Round 2,Completed,United States of America,US,Wind,Standalone,Auction,Pay_As_Bid,Power_Purchase_Agreement,20.00,0.00,USD,Fixed,,77.76,77.76,,0.00,800.00,,Offshore wind,Technology specific,,804.00,804.00,100%,101%,2018,,,12/31/2026,77.76
Connecticut Zero Carbon Resources RfP - Offshore Wind Portion,Completed,United States of America,US,Wind,Standalone,Auction,Pay_As_Bid,Power_Purchase_Agreement,20.00,0.00,USD,Unknown,,,,,,,,Offshore wind,Technology specific,,304.00,304.00,100%,#N/A,2019,,,12/31/2024,
Maryland Offshore Wind RfP - Round 1,Completed,United States of America,US,Wind,Standalone,Auction,Pay_As_Bid,Contract_For_Difference_Two_Way,20.00,0.00,USD,Indexed,,169.00,169.00,,0.00,480.00,,Offshore wind,Technology specific,,388.00,388.00,100%,81%,2019,,,12/31/2026,169
Massachusetts Offshore Wind RfP - Round 1,Completed,United States of America,US,Wind,Standalone,Auction,Pay_As_Bid,Power_Purchase_Agreement,20.00,0.00,USD,Indexed,,69.50,69.50,,0.00,800.00,,Offshore wind,Technology specific,,800.00,800.00,100%,100%,2019,,,12/31/2024,69.5
New Jersey Offshore Wind RfP - Round 2,Completed,United States of America,US,Wind,Standalone,Auction,Pay_As_Bid,Contract_For_Difference_Two_Way,20.00,0.00,USD,Indexed,,85.33,85.33,,0.00,2400.00,,Offshore wind,Technology specific,,2658.00,2658.00,100%,111%,2019,,,12/31/2029,85.325
New York Offshore Wind RfP - Round 2,Completed,United States of America,US,Wind,Standalone,Auction,Pay_As_Bid,Contract_For_Difference_Two_Way,25.00,0.00,USD,Fixed,,114.25,114.25,,0.00,2500.00,,Offshore wind,Technology specific,,2490.00,2490.00,100%,100%,2019,,,12/31/2028,114.25
New York LIPA Renewables RfP - Offshore Wind Portion,Completed,United States of America,US,Wind,Standalone,Auction,Pay_As_Bid,Contract_For_Difference_Two_Way,25.00,0.00,USD,Indexed,,123.29,123.29,,0.00,210.00,,Offshore wind,Technology neutral,,132.00,132.00,100%,63%,2021,,,12/31/2023,123.29
Rhode Island Offshore Wind RfP - Round 1,Completed,United States of America,US,Wind,Standalone,Auction,Pay_As_Bid,Power_Purchase_Agreement,20.00,0.00,USD,Fixed,,98.43,98.43,,,,,Offshore wind,Technology specific,,400.00,400.00,100%,#N/A,2021,,,12/31/2024,98.43
Maryland Offshore Wind RfP - Round 2.1,Completed,United States of America,US,Wind,Standalone,Auction,Pay_As_Bid,Contract_For_Difference_Two_Way,20.00,0.00,USD,Indexed,"In accordance with COMAR 20.61.06.01(B)(3), the Commission shall open an Application Period for 180 calendar days after the issuance of this public notice during which other persons may submit applications. Therefore, the Commission hereby provides notice that the Application Period officially commences on December 23, 2020 and, unless extended, will conclude at the close of business on June 21, 2021. Any party interested in submitting a proposed OSW project application is
encouraged to visit the dedicated website hosted by ICF on behalf of the Commission, at: https://www.mdoffshorewindapp.com. Bid price is in 2012$",62.89,62.89,,400.00,400.00,,Offshore wind,Technology specific,,1654.50,1654.50,100%,414%,2021,2020,12/23/2020,,62.89
Massachusets Offshore Wind RfP - Round 3,Completed,United States of America,US,Wind,Standalone,Auction,Pay_As_Bid,Power_Purchase_Agreement,20.00,0.00,USD,Unknown,"On May 7, 2021 the Massachusetts Electric Distribution companies, in coordination with the Massachusetts Department of Energy Resources, issued an RFP for Long-term Contracts for Offshore Wind Energy Projects pursuant to Section 83C of Chapter 169 of the Acts of 2008, as amended by Chapter 188 of the Acts of 2016, An Act to Promote Energy Diversity and Section 21 of Chapter 227 of the Acts of 2018, An Act to Advance Clean Energy. This is Massachusetts’ third offshore wind solicitation and is part of a procurement schedule developed by the Distribution Companies and DOER.",,,,400.00,1600.00,,Offshore wind,Technology specific,,1632.00,1632.00,100%,102%,2021,2021,5/7/2021,,
Rhode Island Offshore Wind RfP - Round 2,Completed,United States of America,US,Wind,Standalone,Auction,Pay_As_Bid,Power_Purchase_Agreement,20.00,0.00,USD,Unknown,,,,,600.00,1000.00,,Offshore wind,Technology specific,,,,,,2023,2020,10/14/2022,,
New Jersey Offshore Wind RfP - Round 3,Completed,United States of America,US,Wind,Standalone,Auction,Pay_As_Bid,Contract_For_Difference_Two_Way,20.00,0.00,USD,Indexed,,119.13,119.13,,1200.00,4000.00,,Offshore wind,Technology specific,,3762.00,,#N/A,94%,2023,2022,3/6/2023,12/31/2033,119.13
New York Offshore Wind RfP - Round 3,Completed,United States of America,US,Wind,Standalone,Auction,Pay_As_Bid,Contract_For_Difference_Two_Way,25.00,0.00,USD,Indexed,"Projects receive a one-time inflation adjustment according to changes in labor, fabrication, steel, fuel and copper indices from the time of bid submission until projects receive their final federal permits.",145.07,145.07,,2000.00,4770.00,,Offshore wind,Technology specific,,4032.00,4032.00,100%,85%,2023,2022,7/27/2022,12/31/2030,145.07
Connecticut Offshore Wind RfP - Round 2,Completed,United States of America,US,Wind,Standalone,Auction,Pay_As_Bid,Power_Purchase_Agreement,20.00,0.00,USD,Unknown,Connecticut did not award any new capacity in this round,,,,,2000.00,,Offshore wind,Technology specific,,0.00,5455.00,#N/A,0%,2024,2023,10/27/2023,,
Rhode Island Offshore Wind RfP - Round 3,Completed,United States of America,US,Wind,Standalone,Auction,Pay_As_Bid,Power_Purchase_Agreement,20.00,0.00,USD,Unknown,"200MW selected, PPAs yet to be signed",,,,300.00,1200.00,,Offshore wind,Technology specific,,200.00,5455.00,2728%,17%,2024,2023,10/13/2023,,
Massachusetts Offshore Wind RfP - Round 4,Completed,United States of America,US,Wind,Standalone,Auction,Pay_As_Bid,Power_Purchase_Agreement,20.00,0.00,USD,Unknown,"2,678MW of capacity selected. PPAs yet to be signed",,,,400.00,3600.00,,Offshore wind,Technology specific,,2678.00,4271.00,159%,74%,2024,2023,8/30/2023,,
New York Offshore Wind RfP - Round 4,Completed,United States of America,US,Wind,Standalone,Auction,Pay_As_Bid,Contract_For_Difference_Two_Way,25.00,0.00,USD,Unknown,,,,,,,,Offshore wind,Technology specific,,,,,,2024,2023,11/30/2023,,
Maryland Offshore Wind RfP - Round 2.2,Cancelled,United States of America,US,Wind,Standalone,Auction,Pay_As_Bid,Contract_For_Difference_Two_Way,20.00,0.00,USD,Unknown,,,,,800.00,800.00,,Offshore wind,Technology specific,,,,,,2024,2020,,,
New Jersey Offshore Wind RfP - Round 4,Cancelled,United States of America,US,Wind,Standalone,Auction,Pay_As_Bid,Contract_For_Difference_Two_Way,20.00,0.00,USD,Indexed,The New Jersey Board of Public Utilities announced it was cancelling the RFP on February 3rd in response to several bidders pulling out and the uncertainty around the future of offshore wind in the US under the new administration.,,,,1200.00,4000.00,,Offshore wind,Technology specific,,,,,,2024,2024,4/30/2024,,
New York Offshore Wind RfP - Round 5,Announced,United States of America,US,Wind,Standalone,Auction,Pay_As_Bid,Contract_For_Difference_Two_Way,25.00,0.00,USD,Indexed,Projects are able to offer a fixed or indexed pricing structure in their proposals. ,,,,,2600.00,,Offshore wind,Technology specific,,,,,,2025,2024,6/17/2024,1/1/2034,
Maryland Offshore Wind RfP - Round 2.3,Cancelled,United States of America,US,Wind,Standalone,Auction,Pay_As_Bid,Contract_For_Difference_Two_Way,20.00,0.00,USD,Unknown,,,,,1200.00,1200.00,,Offshore wind,Technology specific,,,,,,2024,2020,,,
Maryland Offshore Wind RfP Revised Round 2,Completed,United States of America,US,Wind,Standalone,Auction,Pay_As_Bid,Contract_For_Difference_Two_Way,20.00,0.00,USD,Unknown,,,,,1710.00,1710.00,,Offshore wind,Technology specific,,1710.00,1710.00,100%,100%,2025,2024,,,
"New York's Index Storage Credit mechanism for lithium-ion battery storage, Round 1",Announced,United States of America,US,Energy_Storage,Standalone,Auction,Pay_As_Bid,Contract_For_Difference_Two_Way,15.00,0.00,USD,Unknown,Targeting 8+ hour projects,,,,,800.00,,Battery storage,Technology specific,,,,,,2025,,,12/31/2028,
"New York's Index Storage Credit mechanism for non-lithium-ion energy storage, Round 1",Announced,United States of America,US,Energy_Storage,Standalone,Auction,Pay_As_Bid,Contract_For_Difference_Two_Way,25.00,0.00,USD,Unknown,,,,,,200.00,,Other storage,Group of technologies,,,,,,2025,,,12/31/2028,
"New York's Index Storage Credit mechanism for lithium-ion battery storage, Round 2",Announced,United States of America,US,Energy_Storage,Standalone,Auction,Pay_As_Bid,Contract_For_Difference_Two_Way,15.00,0.00,USD,Unknown,Targeting 8+ hour projects,,,,,800.00,,Battery storage,Technology specific,,,,,,2026,,,12/31/2029,
"New York's Index Storage Credit mechanism for non-lithium-ion energy storage, Round 2",Announced,United States of America,US,Energy_Storage,Standalone,Auction,Pay_As_Bid,Contract_For_Difference_Two_Way,25.00,0.00,USD,Unknown,,,,,,200.00,,Other storage,Group of technologies,,,,,,2026,,,12/31/2029,
"New York's Index Storage Credit mechanism for lithium-ion battery storage, Round 3",Announced,United States of America,US,Energy_Storage,Standalone,Auction,Pay_As_Bid,Contract_For_Difference_Two_Way,15.00,0.00,USD,Unknown,Targeting 8+ hour projects,,,,,800.00,,Battery storage,Technology specific,,,,,,2027,,,12/31/2030,
"New York's Index Storage Credit mechanism for non-lithium-ion energy storage, Round 3",Announced,United States of America,US,Energy_Storage,Standalone,Auction,Pay_As_Bid,Contract_For_Difference_Two_Way,25.00,0.00,USD,Unknown,,,,,,200.00,,Other storage,Group of technologies,,,,,,2027,,,12/31/2030,
